symbol,interval,fast,slow,style,is_return,is_cagr,is_sharpe,is_maxdd,is_trades,is_winrate,is_exposure,oos_return,oos_cagr,oos_sharpe,oos_maxdd,oos_trades,oos_winrate,oos_exposure,full_return,full_cagr,full_sharpe,full_maxdd,full_trades,bh_full_return,bh_full_cagr,bh_is_sharpe,bh_oos_sharpe,bh_oos_return,oos_beats_bh_sharpe
SPY,1d,2,3,trend,-47.69,-2.71,-0.168,-74.22,1074,45.53,54.58,51.77,4.21,0.407,-29.54,462,49.35,56.94,-20.87,-0.69,0.002,-74.22,1538,3072.66,10.81,0.556,0.873,311.77,0
SPY,1d,2,4,trend,-33.67,-1.73,-0.088,-69.16,765,43.79,56.43,25.71,2.29,0.259,-32.51,332,49.7,59.69,-16.9,-0.55,0.011,-69.16,1099,3072.66,10.81,0.556,0.873,311.77,0
SPY,1d,2,5,trend,-32.43,-1.65,-0.081,-66.32,641,42.12,57.04,44.39,3.7,0.375,-28.13,269,47.96,61.31,-2.9,-0.09,0.051,-66.32,911,3072.66,10.81,0.556,0.873,311.77,0
SPY,1d,2,7,trend,-41.82,-2.27,-0.133,-66.49,515,40.78,58.42,46.61,3.85,0.394,-32.36,205,49.27,62.41,-14.98,-0.48,0.018,-66.49,722,3072.66,10.81,0.556,0.873,311.77,0
SPY,1d,2,9,trend,-32.81,-1.67,-0.081,-64.36,451,37.03,59.23,61.76,4.87,0.486,-29.16,180,52.78,63.15,8.17,0.23,0.079,-64.36,632,3072.66,10.81,0.556,0.873,311.77,0
SPY,1d,2,12,trend,-8.03,-0.35,0.028,-59.94,374,36.36,60.64,154.59,9.68,0.919,-18.13,138,53.62,65.63,125.6,2.45,0.269,-59.94,513,3072.66,10.81,0.556,0.873,311.77,1
SPY,1d,2,15,trend,22.41,0.86,0.132,-46.9,320,37.19,60.78,134.68,8.8,0.843,-14.47,115,50.43,67.24,177.45,3.08,0.327,-46.9,436,3072.66,10.81,0.556,0.873,311.77,0
SPY,1d,2,20,trend,36.53,1.33,0.174,-43.01,278,36.33,62.25,140.55,9.06,0.89,-18.04,92,47.83,68.23,216.63,3.48,0.367,-43.01,372,3072.66,10.81,0.556,0.873,311.77,1
SPY,1d,2,25,trend,97.84,2.94,0.315,-34.85,231,38.1,63.37,134.96,8.81,0.854,-21.31,81,44.44,69.37,340.37,4.5,0.455,-34.85,315,3072.66,10.81,0.556,0.873,311.77,0
SPY,1d,2,30,trend,63.06,2.1,0.243,-34.44,206,33.98,64.13,128.64,8.52,0.822,-19.44,72,41.67,69.96,254.96,3.83,0.398,-34.44,281,3072.66,10.81,0.556,0.873,311.77,0
SPY,1d,2,40,trend,63.21,2.1,0.244,-43.78,192,32.81,65.28,161.49,9.97,0.954,-16.19,61,42.62,71.02,307.15,4.26,0.437,-43.78,255,3072.66,10.81,0.556,0.873,311.77,1
SPY,1d,2,50,trend,96.9,2.92,0.313,-40.76,162,34.57,66.51,117.95,8.01,0.758,-20.8,59,40.68,73.14,308.2,4.27,0.431,-40.76,224,3072.66,10.81,0.556,0.873,311.77,0
SPY,1d,2,60,trend,138.58,3.76,0.382,-38.14,141,34.75,67.93,121.47,8.18,0.779,-21.34,51,37.25,69.88,461.09,5.26,0.511,-38.14,196,3072.66,10.81,0.556,0.873,311.77,0
SPY,1d,2,75,trend,217.8,5.03,0.484,-39.77,114,39.47,69.41,116.64,7.94,0.76,-21.58,40,47.5,69.01,656.72,6.2,0.585,-39.77,156,3072.66,10.81,0.556,0.873,311.77,0
SPY,1d,2,100,trend,210.28,4.93,0.473,-46.64,99,31.31,69.8,131.42,8.65,0.827,-20.43,27,55.56,65.47,775.53,6.66,0.618,-46.64,128,3072.66,10.81,0.556,0.873,311.77,0
SPY,1d,2,125,trend,226.07,5.15,0.49,-47.06,97,32.99,67.72,142.86,9.17,0.86,-18.44,26,34.62,65.99,872.9,6.99,0.64,-47.06,124,3072.66,10.81,0.556,0.873,311.77,0
SPY,1d,2,150,trend,371.98,6.81,0.615,-30.68,78,29.49,68.7,126.57,8.42,0.781,-24.11,22,36.36,67.48,1209.72,7.94,0.703,-30.68,101,3072.66,10.81,0.556,0.873,311.77,0
SPY,1d,2,200,trend,573.52,8.44,0.739,-22.11,55,38.18,70.08,100.74,7.13,0.669,-22.74,21,38.1,62.92,1677.39,8.92,0.771,-22.74,76,3072.66,10.81,0.556,0.873,311.77,0
SPY,1d,2,250,trend,481.28,7.76,0.666,-25.34,45,35.56,71.67,113.19,7.77,0.699,-22.32,23,34.78,64.18,1480.8,8.54,0.719,-25.34,68,3072.66,10.81,0.556,0.873,311.77,0
SPY,1d,2,300,trend,634.61,8.84,0.735,-22.28,30,43.33,73.23,138.6,8.98,0.769,-19.97,10,40,64.92,2104.88,9.62,0.783,-22.28,40,3072.66,10.81,0.556,0.873,311.77,0
SPY,1d,3,2,dip,299.18,6.05,0.478,-23.43,1075,59.63,45.31,56.46,4.52,0.405,-26.56,463,60.26,42.9,521.34,5.58,0.456,-26.56,1539,3072.66,10.81,0.556,0.873,311.77,0
SPY,1d,3,4,trend,-38.21,-2.02,-0.108,-66.37,869,45.8,55.55,51.12,4.17,0.418,-24.33,382,52.09,58.43,-6.69,-0.21,0.042,-66.37,1252,3072.66,10.81,0.556,0.873,311.77,0
SPY,1d,3,5,trend,-21.95,-1.05,-0.026,-60.21,637,44.43,56.56,44.95,3.74,0.382,-20.79,251,50.6,60.64,12.62,0.35,0.089,-60.21,889,3072.66,10.81,0.556,0.873,311.77,0
SPY,1d,3,7,trend,13.1,0.52,0.104,-46.66,471,43.31,58.12,30.92,2.7,0.294,-27.29,183,46.99,62.01,47.38,1.16,0.157,-46.66,655,3072.66,10.81,0.556,0.873,311.77,0
SPY,1d,3,9,trend,-23.6,-1.14,-0.035,-58.78,389,39.85,59.06,85.27,6.28,0.625,-26.83,145,51.03,63.39,40.59,1.02,0.145,-58.78,534,3072.66,10.81,0.556,0.873,311.77,0
SPY,1d,3,12,trend,-23.84,-1.15,-0.037,-63.24,321,37.07,60.48,96.83,6.92,0.685,-24.78,115,49.57,65.36,44.78,1.11,0.153,-63.24,437,3072.66,10.81,0.556,0.873,311.77,0
SPY,1d,3,15,trend,5.94,0.25,0.079,-52.41,280,39.29,61.03,119.44,8.08,0.789,-16.13,100,50,66.81,124.52,2.43,0.27,-52.41,381,3072.66,10.81,0.556,0.873,311.77,0
SPY,1d,3,20,trend,20.67,0.8,0.127,-45.88,242,38.02,62.3,162.7,10.02,0.965,-15.99,77,53.25,68.07,205.47,3.37,0.356,-45.88,320,3072.66,10.81,0.556,0.873,311.77,1
SPY,1d,3,25,trend,108.87,3.18,0.337,-35.46,192,39.58,63.36,139.37,9.01,0.861,-18.2,68,48.53,69.45,383.32,4.79,0.481,-35.46,263,3072.66,10.81,0.556,0.873,311.77,0
SPY,1d,3,30,trend,106.93,3.14,0.335,-34.11,167,39.52,63.91,133.47,8.74,0.836,-18.38,60,46.67,69.92,365.41,4.67,0.471,-34.11,230,3072.66,10.81,0.556,0.873,311.77,0
SPY,1d,3,40,trend,69.36,2.26,0.255,-45.68,157,36.94,65.28,148.71,9.42,0.892,-14.64,50,40,71.37,306.67,4.25,0.431,-45.68,208,3072.66,10.81,0.556,0.873,311.77,1
SPY,1d,3,50,trend,87.09,2.7,0.293,-42.95,135,35.56,66.41,137.18,8.91,0.836,-19.4,45,48.89,73.14,333.36,4.45,0.446,-42.95,181,3072.66,10.81,0.556,0.873,311.77,0
SPY,1d,3,60,trend,186.13,4.56,0.449,-38.22,122,38.52,67.84,130.89,8.62,0.825,-20.26,40,47.5,67.52,630.79,6.09,0.581,-38.22,165,3072.66,10.81,0.556,0.873,311.77,0
SPY,1d,3,75,trend,191.77,4.65,0.453,-42.18,98,37.76,69.34,138.58,8.98,0.843,-18.84,33,54.55,69.01,675.64,6.27,0.591,-42.18,132,3072.66,10.81,0.556,0.873,311.77,0
SPY,1d,3,100,trend,201.15,4.79,0.462,-51.56,79,30.38,67.1,115.16,7.87,0.749,-20.87,23,47.83,65.47,689.26,6.33,0.59,-51.56,104,3072.66,10.81,0.556,0.873,311.77,0
SPY,1d,3,125,trend,281.67,5.85,0.541,-44.41,80,28.75,68.11,151.62,9.55,0.891,-20.79,21,38.1,65.99,1053.12,7.53,0.677,-44.41,102,3072.66,10.81,0.556,0.873,311.77,1
SPY,1d,3,150,trend,356.12,6.66,0.602,-33.5,68,29.41,68.7,152.43,9.58,0.887,-21.95,18,44.44,67.28,1305.13,8.17,0.722,-33.5,87,3072.66,10.81,0.556,0.873,311.77,1
SPY,1d,3,200,trend,503.83,7.93,0.698,-20.41,46,39.13,69.96,116.09,7.91,0.736,-20.8,18,33.33,62.88,1621.87,8.82,0.762,-20.8,64,3072.66,10.81,0.556,0.873,311.77,0
SPY,1d,3,250,trend,519.51,8.05,0.687,-26.46,34,44.12,71.72,140.32,9.05,0.803,-18.95,15,53.33,64.18,1799.14,9.14,0.763,-26.46,49,3072.66,10.81,0.556,0.873,311.77,0
SPY,1d,3,300,trend,596.03,8.59,0.712,-23.35,21,42.86,73.3,135.6,8.84,0.76,-20.27,8,50,64.77,2002.99,9.47,0.768,-23.35,29,3072.66,10.81,0.556,0.873,311.77,0
SPY,1d,4,2,dip,357.76,6.67,0.514,-31.14,766,64.36,43.44,120.06,8.11,0.637,-23.06,332,64.76,40.03,905.51,7.1,0.549,-31.14,1100,3072.66,10.81,0.556,0.873,311.77,0
SPY,1d,4,3,dip,333.99,6.43,0.507,-23.25,869,61.91,44.31,72.91,5.56,0.461,-36.08,382,64.66,41.25,645.24,6.15,0.492,-36.08,1253,3072.66,10.81,0.556,0.873,311.77,0
SPY,1d,4,5,trend,-21.39,-1.02,-0.026,-57.61,759,48.09,55.64,70.39,5.41,0.525,-19.13,307,53.42,60.36,32.62,0.84,0.13,-57.61,1068,3072.66,10.81,0.556,0.873,311.77,0
SPY,1d,4,7,trend,-13.41,-0.61,0.01,-44.67,476,45.17,57.74,55.78,4.48,0.456,-22.55,184,52.17,61.7,33.62,0.86,0.132,-44.67,661,3072.66,10.81,0.556,0.873,311.77,0
SPY,1d,4,9,trend,-37.3,-1.96,-0.106,-63.41,387,40.31,58.74,61.13,4.83,0.499,-23.75,144,50.69,63.27,0.35,0.01,0.059,-63.41,531,3072.66,10.81,0.556,0.873,311.77,0
SPY,1d,4,12,trend,-19.33,-0.91,-0.019,-55.93,298,40.27,59.82,134.37,8.78,0.845,-17.63,111,47.75,65.04,88.25,1.9,0.222,-55.93,409,3072.66,10.81,0.556,0.873,311.77,0
SPY,1d,4,15,trend,-7.77,-0.34,0.028,-61.07,257,41.25,61.05,184.05,10.87,1.039,-12.91,90,54.44,66.61,153.27,2.8,0.302,-61.07,348,3072.66,10.81,0.556,0.873,311.77,1
SPY,1d,4,20,trend,45.24,1.6,0.197,-44.69,202,39.11,62.31,161.76,9.98,0.947,-15.43,72,52.78,68.19,268.12,3.95,0.404,-44.69,275,3072.66,10.81,0.556,0.873,311.77,1
SPY,1d,4,25,trend,122.22,3.45,0.356,-30.6,169,40.83,63.48,127.76,8.48,0.814,-19.94,58,46.55,69.05,387.57,4.82,0.478,-30.6,228,3072.66,10.81,0.556,0.873,311.77,0
SPY,1d,4,30,trend,95.67,2.89,0.308,-31.67,152,38.82,64.1,158.77,9.85,0.932,-14.98,53,50.94,69.8,390.15,4.83,0.478,-31.67,206,3072.66,10.81,0.556,0.873,311.77,1
SPY,1d,4,40,trend,55.73,1.9,0.223,-39.05,139,33.09,65.43,149.27,9.45,0.883,-19.12,44,38.64,71.49,276.72,4.02,0.408,-39.05,183,3072.66,10.81,0.556,0.873,311.77,1
SPY,1d,4,50,trend,155.47,4.06,0.407,-34.16,112,44.64,66.53,124.87,8.34,0.796,-20.18,41,43.9,72.98,459.85,5.25,0.512,-34.16,153,3072.66,10.81,0.556,0.873,311.77,0
SPY,1d,4,60,trend,207.35,4.88,0.472,-38.38,103,43.69,67.93,87.58,6.42,0.629,-24.01,38,42.11,67.4,536.43,5.65,0.541,-38.38,144,3072.66,10.81,0.556,0.873,311.77,0
SPY,1d,4,75,trend,240.73,5.34,0.508,-38.65,88,39.77,69.29,102.91,7.24,0.712,-22.29,28,46.43,64.37,733.23,6.5,0.608,-38.65,117,3072.66,10.81,0.556,0.873,311.77,0
SPY,1d,4,100,trend,284.59,5.89,0.548,-47.32,73,35.62,67.32,113.03,7.76,0.745,-23.47,21,57.14,65.59,905.42,7.1,0.649,-47.32,96,3072.66,10.81,0.556,0.873,311.77,0
SPY,1d,4,125,trend,317.53,6.26,0.572,-38.57,65,35.38,68.06,137.56,8.93,0.838,-21.82,17,52.94,65.79,1105.54,7.67,0.687,-38.57,83,3072.66,10.81,0.556,0.873,311.77,0
SPY,1d,4,150,trend,303.49,6.1,0.557,-37.79,62,29.03,68.6,160.66,9.93,0.917,-20.39,19,47.37,67.44,1147.61,7.78,0.692,-37.79,82,3072.66,10.81,0.556,0.873,311.77,1
SPY,1d,4,200,trend,418.13,7.23,0.639,-20.68,42,42.86,70.02,127.3,8.45,0.776,-18.7,15,46.67,62.76,1402.32,8.38,0.722,-20.68,57,3072.66,10.81,0.556,0.873,311.77,0
SPY,1d,4,250,trend,571.94,8.42,0.716,-25.39,30,46.67,71.72,107.21,7.47,0.669,-27.65,12,33.33,64.18,1666.37,8.9,0.744,-27.65,42,3072.66,10.81,0.556,0.873,311.77,0
SPY,1d,4,300,trend,631.24,8.82,0.726,-22.45,20,45,73.25,129.31,8.55,0.732,-20.27,8,50,64.77,2009.32,9.48,0.766,-22.45,28,3072.66,10.81,0.556,0.873,311.77,0
SPY,1d,5,2,dip,421.46,7.26,0.552,-26.28,642,66.67,42.83,107.25,7.47,0.597,-22.96,269,68.77,38.38,978.42,7.32,0.564,-26.28,912,3072.66,10.81,0.556,0.873,311.77,0
SPY,1d,5,3,dip,353.62,6.63,0.517,-30.68,638,63.95,43.3,110.95,7.66,0.6,-24.84,251,66.53,39.05,854.65,6.93,0.541,-30.68,890,3072.66,10.81,0.556,0.873,311.77,0
SPY,1d,5,4,dip,287.95,5.93,0.466,-32.63,760,61.58,44.21,67.98,5.26,0.441,-24.28,307,59.61,39.28,552.11,5.73,0.459,-32.63,1069,3072.66,10.81,0.556,0.873,311.77,0
SPY,1d,5,7,trend,-38.79,-2.06,-0.116,-60.67,500,43,57.59,45.27,3.76,0.4,-30.55,200,49,61.23,-11.33,-0.36,0.027,-60.67,701,3072.66,10.81,0.556,0.873,311.77,0
SPY,1d,5,9,trend,-50.52,-2.94,-0.194,-66.28,372,41.94,58.42,91.49,6.63,0.661,-24.64,145,49.66,62.52,-5.53,-0.17,0.043,-66.28,518,3072.66,10.81,0.556,0.873,311.77,0
SPY,1d,5,12,trend,-18.25,-0.85,-0.015,-63.38,282,39.72,59.62,131.75,8.66,0.832,-20.14,107,51.4,64.65,88.65,1.9,0.223,-63.38,389,3072.66,10.81,0.556,0.873,311.77,0
SPY,1d,5,15,trend,17,0.67,0.116,-56.28,238,39.92,60.86,205.89,11.69,1.113,-12.71,84,58.33,66.34,248.62,3.78,0.388,-56.28,323,3072.66,10.81,0.556,0.873,311.77,1
SPY,1d,5,20,trend,40.34,1.45,0.184,-40.55,189,40.74,62.3,167.67,10.22,0.963,-16.9,66,48.48,68.15,265.39,3.92,0.4,-40.55,256,3072.66,10.81,0.556,0.873,311.77,1
SPY,1d,5,25,trend,144.09,3.86,0.39,-28.4,158,41.14,63.39,152.03,9.57,0.903,-18.66,54,48.15,69.01,493,5.43,0.528,-28.4,213,3072.66,10.81,0.556,0.873,311.77,1
SPY,1d,5,30,trend,130.92,3.62,0.368,-26.67,139,39.57,64.13,131.3,8.64,0.821,-18.84,49,48.98,69.72,416.2,5,0.49,-26.67,189,3072.66,10.81,0.556,0.873,311.77,0
SPY,1d,5,40,trend,68.23,2.23,0.25,-32.16,132,36.36,65.38,154.65,9.68,0.902,-16.2,37,54.05,71.37,320.52,4.36,0.433,-32.16,169,3072.66,10.81,0.556,0.873,311.77,1
SPY,1d,5,50,trend,202.26,4.81,0.468,-34.6,100,41,66.37,105.49,7.38,0.706,-19.94,38,50,73.1,505.31,5.49,0.53,-34.6,138,3072.66,10.81,0.556,0.873,311.77,0
SPY,1d,5,60,trend,244.76,5.4,0.513,-35.5,87,39.08,67.72,108.04,7.51,0.726,-22.02,31,54.84,67.13,696.69,6.36,0.598,-35.5,121,3072.66,10.81,0.556,0.873,311.77,0
SPY,1d,5,75,trend,339.45,6.49,0.597,-37.34,79,39.24,69.64,89.82,6.54,0.647,-23.36,28,42.86,64.57,912.53,7.12,0.653,-37.34,108,3072.66,10.81,0.556,0.873,311.77,0
SPY,1d,5,100,trend,266.28,5.67,0.53,-45.2,61,31.15,67.3,127.81,8.48,0.813,-24.26,19,52.63,64.65,914.03,7.12,0.65,-45.2,81,3072.66,10.81,0.556,0.873,311.77,0
SPY,1d,5,125,trend,295.11,6.01,0.551,-41.29,57,36.84,68.3,166.91,10.19,0.945,-20.32,12,58.33,65.83,1162.75,7.82,0.697,-41.29,70,3072.66,10.81,0.556,0.873,311.77,1
SPY,1d,5,150,trend,331.61,6.41,0.579,-35.27,53,26.42,68.75,162.69,10.02,0.913,-20.4,15,46.67,67.4,1252.31,8.04,0.708,-35.27,69,3072.66,10.81,0.556,0.873,311.77,1
SPY,1d,5,200,trend,433.29,7.37,0.648,-22.5,35,34.29,69.91,142.22,9.14,0.828,-19.45,12,58.33,62.56,1547.74,8.68,0.743,-22.5,47,3072.66,10.81,0.556,0.873,311.77,0
SPY,1d,5,250,trend,664.31,9.02,0.759,-19.58,28,53.57,71.57,111.74,7.7,0.688,-26.65,12,33.33,64.14,1975.44,9.43,0.781,-26.65,40,3072.66,10.81,0.556,0.873,311.77,0
SPY,1d,5,300,trend,660.66,9,0.738,-22.2,17,47.06,73.34,107.02,7.46,0.639,-24.36,8,37.5,64.81,1933.36,9.36,0.753,-24.36,25,3072.66,10.81,0.556,0.873,311.77,0
SPY,1d,7,2,dip,602.47,8.63,0.641,-23.75,516,68.02,41.43,120.42,8.13,0.63,-27.94,205,72.2,37.28,1440.95,8.46,0.636,-27.94,723,3072.66,10.81,0.556,0.873,311.77,0
SPY,1d,7,3,dip,281.22,5.85,0.461,-35.17,471,65.82,41.73,152,9.57,0.72,-28.13,183,73.22,37.51,863.38,6.96,0.537,-35.17,656,3072.66,10.81,0.556,0.873,311.77,0
SPY,1d,7,4,dip,393.94,7.02,0.539,-44.14,476,69.54,42.09,111.97,7.71,0.597,-31.17,184,71.74,37.91,952.75,7.24,0.557,-44.14,662,3072.66,10.81,0.556,0.873,311.77,0
SPY,1d,7,5,dip,578.85,8.47,0.626,-44.34,500,65,42.24,122.66,8.23,0.63,-34.19,200,69.5,38.34,1412.02,8.4,0.627,-44.34,702,3072.66,10.81,0.556,0.873,311.77,0
SPY,1d,7,9,trend,-38.32,-2.03,-0.115,-67.44,429,43.59,58.12,100.08,7.1,0.684,-17.61,174,55.75,62.09,22.97,0.62,0.111,-67.44,604,3072.66,10.81,0.556,0.873,311.77,0
SPY,1d,7,12,trend,2.39,0.1,0.067,-56.38,288,43.06,59.48,179.14,10.68,1.02,-17.05,106,54.72,63.98,183.96,3.15,0.332,-56.38,394,3072.66,10.81,0.556,0.873,311.77,1
SPY,1d,7,15,trend,69.93,2.28,0.251,-40.92,218,43.12,60.69,177.63,10.62,0.985,-19.43,83,56.63,66.1,368.71,4.69,0.458,-40.92,301,3072.66,10.81,0.556,0.873,311.77,1
SPY,1d,7,20,trend,125.95,3.52,0.356,-35.88,177,46.33,62.08,176.17,10.56,0.97,-17.05,61,57.38,68.07,519.76,5.57,0.531,-35.88,238,3072.66,10.81,0.556,0.873,311.77,1
SPY,1d,7,25,trend,211.19,4.94,0.476,-26.09,145,46.9,63.1,175.57,10.54,0.98,-15.04,51,52.94,68.93,729.98,6.49,0.612,-26.09,197,3072.66,10.81,0.556,0.873,311.77,1
SPY,1d,7,30,trend,173.54,4.37,0.432,-28.28,126,42.86,64.08,146.32,9.32,0.868,-15.72,45,60,69.45,553.73,5.73,0.551,-28.28,172,3072.66,10.81,0.556,0.873,311.77,0
SPY,1d,7,40,trend,193.37,4.68,0.457,-31.37,101,41.58,65.38,153.71,9.64,0.895,-15.33,34,64.71,70.9,630.62,6.08,0.58,-31.37,135,3072.66,10.81,0.556,0.873,311.77,1
SPY,1d,7,50,trend,257.36,5.56,0.528,-28.71,88,46.59,66.29,129.08,8.54,0.791,-16.39,30,50,73.34,696.57,6.36,0.597,-28.71,118,3072.66,10.81,0.556,0.873,311.77,0
SPY,1d,7,60,trend,288.9,5.94,0.555,-34.3,74,39.19,67.6,117.94,8.01,0.754,-20.48,30,50,74.6,731.05,6.49,0.607,-34.3,105,3072.66,10.81,0.556,0.873,311.77,0
SPY,1d,7,75,trend,420.62,7.26,0.652,-32.87,70,44.29,70,106.58,7.44,0.72,-22.91,22,54.55,64.84,1215.23,7.95,0.714,-32.87,93,3072.66,10.81,0.556,0.873,311.77,0
SPY,1d,7,100,trend,318.94,6.27,0.577,-34.29,52,40.38,67.28,139.85,9.03,0.856,-22.19,15,60,64.49,1101.59,7.66,0.691,-34.29,68,3072.66,10.81,0.556,0.873,311.77,0
SPY,1d,7,125,trend,320.82,6.29,0.569,-38.27,46,36.96,68.43,163.99,10.07,0.921,-21.38,12,58.33,65.99,1219.43,7.96,0.701,-38.27,59,3072.66,10.81,0.556,0.873,311.77,1
SPY,1d,7,150,trend,354.1,6.64,0.598,-35.17,46,32.61,68.63,144.41,9.24,0.842,-24.31,13,61.54,67.32,1202.98,7.92,0.698,-35.17,60,3072.66,10.81,0.556,0.873,311.77,0
SPY,1d,7,200,trend,536.52,8.18,0.71,-19.81,29,51.72,69.96,124.46,8.32,0.766,-19.18,11,63.64,62.56,1712.62,8.99,0.767,-19.81,40,3072.66,10.81,0.556,0.873,311.77,0
SPY,1d,7,250,trend,721.98,9.36,0.78,-21.25,23,65.22,71.77,134.95,8.81,0.778,-20.94,8,50,63.9,2329.41,9.94,0.816,-21.25,31,3072.66,10.81,0.556,0.873,311.77,0
SPY,1d,7,300,trend,614.61,8.71,0.715,-24.62,17,47.06,73.35,119.34,8.07,0.688,-24.76,7,42.86,64.22,1887.49,9.28,0.746,-24.76,24,3072.66,10.81,0.556,0.873,311.77,0
SPY,1d,9,2,dip,561.49,8.35,0.624,-24.34,452,70.13,40.59,104.69,7.34,0.574,-31.23,180,69.44,36.37,1258.77,8.06,0.61,-31.23,633,3072.66,10.81,0.556,0.873,311.77,0
SPY,1d,9,3,dip,527.11,8.11,0.611,-31.65,389,73.26,40.76,86.39,6.35,0.501,-33.01,145,75.17,36.14,1075.93,7.59,0.579,-33.01,535,3072.66,10.81,0.556,0.873,311.77,0
SPY,1d,9,4,dip,665.96,9.03,0.663,-39.95,387,70.8,41.08,114.57,7.84,0.599,-30.68,144,70.14,36.26,1553.43,8.69,0.645,-39.95,532,3072.66,10.81,0.556,0.873,311.77,0
SPY,1d,9,5,dip,888.29,10.22,0.745,-38.98,372,69.89,41.4,80.33,6,0.475,-31.38,145,69.66,37,1683.88,8.93,0.664,-38.98,519,3072.66,10.81,0.556,0.873,311.77,0
SPY,1d,9,7,dip,657.4,8.98,0.661,-33.89,429,66.67,41.68,66.68,5.18,0.43,-25.6,174,63.79,37.44,1164.54,7.83,0.594,-33.89,605,3072.66,10.81,0.556,0.873,311.77,0
SPY,1d,9,12,trend,39.07,1.41,0.178,-43.14,316,47.78,59.3,209.82,11.83,1.087,-15.37,121,61.98,64.06,328.07,4.41,0.432,-43.14,437,3072.66,10.81,0.556,0.873,311.77,1
SPY,1d,9,15,trend,188.82,4.61,0.443,-23.15,218,50.46,60.44,138.47,8.97,0.829,-19.49,80,56.25,65.87,584.29,5.88,0.553,-23.15,298,3072.66,10.81,0.556,0.873,311.77,0
SPY,1d,9,20,trend,180.47,4.48,0.436,-28.05,155,51.61,61.72,118.3,8.02,0.748,-22.4,57,49.12,68.19,508.11,5.51,0.525,-28.05,212,3072.66,10.81,0.556,0.873,311.77,0
SPY,1d,9,25,trend,310.24,6.18,0.578,-28.66,123,49.59,63.1,136.78,8.89,0.837,-18.34,46,56.52,68.7,871.26,6.99,0.652,-28.66,169,3072.66,10.81,0.556,0.873,311.77,0
SPY,1d,9,30,trend,288.86,5.94,0.561,-25.42,112,51.79,63.85,144.82,9.25,0.857,-16.56,41,53.66,69.33,823.83,6.83,0.64,-25.42,153,3072.66,10.81,0.556,0.873,311.77,0
SPY,1d,9,40,trend,276.22,5.79,0.543,-34.63,93,47.31,65.09,153.07,9.61,0.886,-17.61,32,53.13,70.63,834.61,6.86,0.637,-34.63,125,3072.66,10.81,0.556,0.873,311.77,1
SPY,1d,9,50,trend,232.9,5.24,0.497,-30.02,80,50,66.24,140.43,9.06,0.833,-15.78,29,58.62,72.71,678.83,6.29,0.587,-30.02,109,3072.66,10.81,0.556,0.873,311.77,0
SPY,1d,9,60,trend,333.36,6.42,0.59,-33,66,46.97,67.6,121.84,8.19,0.766,-18.95,28,57.14,74.71,843.83,6.89,0.635,-33,95,3072.66,10.81,0.556,0.873,311.77,0
SPY,1d,9,75,trend,517.69,8.04,0.708,-29.28,54,48.15,70.23,112.35,7.73,0.744,-19.78,18,61.11,64.73,1546.51,8.68,0.766,-29.28,73,3072.66,10.81,0.556,0.873,311.77,0
SPY,1d,9,100,trend,375.44,6.84,0.62,-34.16,46,47.83,67.35,166.28,10.17,0.941,-20.63,12,66.67,64.69,1406.93,8.39,0.744,-34.16,59,3072.66,10.81,0.556,0.873,311.77,1
SPY,1d,9,125,trend,384.95,6.93,0.622,-37.49,38,44.74,68.35,141.17,9.09,0.834,-23.22,12,58.33,65.91,1294.28,8.14,0.717,-37.49,51,3072.66,10.81,0.556,0.873,311.77,0
SPY,1d,9,150,trend,370.79,6.8,0.609,-30.67,41,36.59,68.63,124.13,8.3,0.757,-23.62,12,58.33,67.28,1224.86,7.98,0.698,-30.67,53,3072.66,10.81,0.556,0.873,311.77,0
SPY,1d,9,200,trend,684.8,9.14,0.779,-19.03,24,54.17,70.07,133.3,8.73,0.792,-18.95,9,66.67,62.64,2248,9.83,0.824,-19.03,33,3072.66,10.81,0.556,0.873,311.77,0
SPY,1d,9,250,trend,589.68,8.55,0.718,-20.55,21,57.14,71.67,116.35,7.93,0.696,-20.59,7,57.14,63.9,1826.73,9.18,0.756,-20.59,28,3072.66,10.81,0.556,0.873,311.77,0
SPY,1d,9,300,trend,585.33,8.52,0.697,-24.27,17,41.18,73.23,122.98,8.25,0.687,-26.67,7,42.86,64.14,1841.76,9.21,0.734,-26.67,24,3072.66,10.81,0.556,0.873,311.77,0
SPY,1d,12,2,dip,431.06,7.35,0.554,-39.49,373,70.78,39.04,40.85,3.44,0.308,-38.09,139,69.06,33.78,652.52,6.18,0.483,-39.49,513,3072.66,10.81,0.556,0.873,311.77,0
SPY,1d,12,3,dip,583.41,8.5,0.63,-33.99,320,75.31,39.2,87.28,6.4,0.506,-31.79,116,75.86,34.05,1184.56,7.88,0.594,-33.99,437,3072.66,10.81,0.556,0.873,311.77,0
SPY,1d,12,4,dip,561.46,8.35,0.619,-40.07,297,74.75,39.84,53.72,4.34,0.369,-31.06,110,72.73,34.45,919.47,7.14,0.546,-40.07,408,3072.66,10.81,0.556,0.873,311.77,0
SPY,1d,12,5,dip,565.34,8.38,0.622,-37.18,281,72.6,40.05,56.21,4.51,0.378,-31.06,106,70.75,34.84,942.03,7.21,0.55,-37.18,388,3072.66,10.81,0.556,0.873,311.77,0
SPY,1d,12,7,dip,434.59,7.38,0.554,-40.38,288,74.31,40.3,29.85,2.62,0.251,-31.39,105,70.48,35.51,597.49,5.94,0.466,-40.38,394,3072.66,10.81,0.556,0.873,311.77,0
SPY,1d,12,9,dip,285.24,5.89,0.463,-45.34,316,66.77,40.47,18.27,1.67,0.188,-31.98,120,66.67,35.35,344.78,4.53,0.376,-45.34,437,3072.66,10.81,0.556,0.873,311.77,0
SPY,1d,12,15,trend,223.2,5.11,0.49,-33.95,272,53.31,59.95,96.26,6.89,0.655,-25.48,97,52.58,65.51,529.98,5.62,0.536,-33.95,369,3072.66,10.81,0.556,0.873,311.77,0
SPY,1d,12,20,trend,270.92,5.72,0.54,-23.23,157,53.5,61.4,51.86,4.22,0.415,-24.12,54,48.15,68.54,462.06,5.26,0.502,-24.12,211,3072.66,10.81,0.556,0.873,311.77,0
SPY,1d,12,25,trend,236.08,5.28,0.5,-32.36,124,50,62.55,101.22,7.16,0.673,-18.42,44,50,68.66,570.41,5.81,0.548,-32.36,168,3072.66,10.81,0.556,0.873,311.77,0
SPY,1d,12,30,trend,218.9,5.05,0.485,-36.76,99,50.51,63.19,110.53,7.64,0.714,-17.62,38,52.63,69.09,551.52,5.72,0.545,-36.76,137,3072.66,10.81,0.556,0.873,311.77,0
SPY,1d,12,40,trend,203.54,4.83,0.46,-39.61,86,46.51,64.87,123.9,8.29,0.769,-20.72,30,53.33,70.43,562.32,5.78,0.543,-39.61,116,3072.66,10.81,0.556,0.873,311.77,0
SPY,1d,12,50,trend,243.34,5.38,0.505,-30.18,72,50,66.16,123.9,8.29,0.769,-19,27,51.85,72.32,653.64,6.18,0.576,-30.18,99,3072.66,10.81,0.556,0.873,311.77,0
SPY,1d,12,60,trend,365.53,6.75,0.61,-32.08,59,55.93,67.55,133.95,8.76,0.798,-22.98,25,52,74.91,985.32,7.34,0.663,-32.08,84,3072.66,10.81,0.556,0.873,311.77,0
SPY,1d,12,75,trend,553.21,8.29,0.727,-24.4,42,52.38,70.08,110.48,7.63,0.716,-20.31,17,58.82,65,1605.61,8.79,0.769,-24.4,60,3072.66,10.81,0.556,0.873,311.77,0
SPY,1d,12,100,trend,386.03,6.94,0.623,-31.25,42,42.86,67.25,145.99,9.31,0.855,-19.75,14,57.14,64.77,1341.08,8.25,0.726,-31.25,57,3072.66,10.81,0.556,0.873,311.77,0
SPY,1d,12,125,trend,443.55,7.45,0.662,-30.64,34,50,68.25,120.5,8.13,0.744,-23.08,10,70,65.36,1325.02,8.21,0.718,-30.64,45,3072.66,10.81,0.556,0.873,311.77,0
SPY,1d,12,150,trend,497.58,7.89,0.691,-28.91,30,46.67,68.62,109.64,7.59,0.685,-24.47,10,60,67.16,1465.35,8.51,0.732,-28.91,40,3072.66,10.81,0.556,0.873,311.77,0
SPY,1d,12,200,trend,701.16,9.24,0.784,-19.03,21,57.14,69.9,136.96,8.9,0.796,-19.66,8,75,62.45,2334.58,9.95,0.829,-19.66,29,3072.66,10.81,0.556,0.873,311.77,0
SPY,1d,12,250,trend,602.39,8.63,0.72,-19.74,18,55.56,71.58,84.81,6.26,0.558,-25.85,7,42.86,63.7,1601.51,8.78,0.721,-25.85,25,3072.66,10.81,0.556,0.873,311.77,0
SPY,1d,12,300,trend,746.45,9.49,0.765,-19.94,12,66.67,73.1,123.76,8.29,0.691,-26.67,6,50,63.7,2279.86,9.87,0.778,-26.67,18,3072.66,10.81,0.556,0.873,311.77,0
SPY,1d,15,2,dip,325.72,6.34,0.485,-39.94,319,73.35,38.9,53.26,4.31,0.368,-30.8,115,73.91,31.81,571.13,5.82,0.457,-39.94,436,3072.66,10.81,0.556,0.873,311.77,0
SPY,1d,15,3,dip,414.64,7.2,0.542,-47.01,279,75.99,38.63,66.98,5.2,0.426,-30.8,99,75.76,32.25,783.97,6.69,0.514,-47.01,380,3072.66,10.81,0.556,0.873,311.77,0
SPY,1d,15,4,dip,511.14,7.99,0.592,-37.83,256,76.56,38.6,31.59,2.75,0.261,-31.62,89,69.66,32.4,719.9,6.45,0.498,-37.83,347,3072.66,10.81,0.556,0.873,311.77,0
SPY,1d,15,5,dip,392.87,7.01,0.531,-37.94,237,72.57,38.78,23.08,2.07,0.214,-29.26,83,72.29,32.68,513.8,5.54,0.44,-37.94,322,3072.66,10.81,0.556,0.873,311.77,0
SPY,1d,15,7,dip,242.29,5.36,0.43,-40.45,217,71.43,38.93,35.26,3.03,0.282,-28.65,82,79.27,32.84,361.59,4.65,0.386,-40.45,300,3072.66,10.81,0.556,0.873,311.77,0
SPY,1d,15,9,dip,100.55,3,0.275,-48.88,217,62.67,39.17,58.04,4.63,0.393,-28.65,79,74.68,33.07,215.99,3.48,0.308,-48.88,297,3072.66,10.81,0.556,0.873,311.77,0
SPY,1d,15,12,dip,73.01,2.36,0.231,-47.92,272,61.03,39.78,88.31,6.46,0.522,-28.32,96,68.75,33.35,224.66,3.56,0.313,-47.92,369,3072.66,10.81,0.556,0.873,311.77,0
SPY,1d,15,20,trend,173.43,4.36,0.425,-30.37,185,49.19,61.2,72.66,5.55,0.527,-20.09,59,50.85,67.64,371.75,4.72,0.455,-30.37,244,3072.66,10.81,0.556,0.873,311.77,0
SPY,1d,15,25,trend,265.12,5.65,0.53,-33.89,121,51.24,62.57,119.97,8.1,0.749,-16.5,43,55.81,68.5,679.4,6.29,0.586,-33.89,164,3072.66,10.81,0.556,0.873,311.77,0
SPY,1d,15,30,trend,314.5,6.22,0.578,-28.73,103,51.46,62.87,115.7,7.9,0.731,-20.23,38,55.26,69.13,777.67,6.66,0.618,-28.73,141,3072.66,10.81,0.556,0.873,311.77,0
SPY,1d,15,40,trend,174.27,4.38,0.422,-35.76,80,50,64.55,157.4,9.8,0.89,-19.44,28,64.29,70.31,588.02,5.9,0.55,-35.76,108,3072.66,10.81,0.556,0.873,311.77,1
SPY,1d,15,50,trend,180.91,4.48,0.429,-35.98,68,51.47,65.92,143.23,9.18,0.826,-25.08,23,65.22,72.59,571.87,5.82,0.54,-35.98,91,3072.66,10.81,0.556,0.873,311.77,0
SPY,1d,15,60,trend,333.64,6.43,0.58,-28.16,58,48.28,67.66,146.4,9.32,0.831,-27.33,21,57.14,74.95,955.03,7.25,0.65,-28.16,79,3072.66,10.81,0.556,0.873,311.77,0
SPY,1d,15,75,trend,410.97,7.17,0.64,-29.91,42,54.76,69.9,112.68,7.74,0.718,-23.57,15,53.33,64.41,1197.01,7.91,0.697,-29.91,58,3072.66,10.81,0.556,0.873,311.77,0
SPY,1d,15,100,trend,336.47,6.46,0.585,-30.72,36,50,67.13,108.91,7.55,0.689,-25.66,12,66.67,64.88,977.02,7.31,0.647,-30.72,49,3072.66,10.81,0.556,0.873,311.77,0
SPY,1d,15,125,trend,452.78,7.53,0.665,-30.89,32,46.88,68.31,109.08,7.56,0.688,-22.97,10,60,65.08,1328.25,8.22,0.712,-30.89,42,3072.66,10.81,0.556,0.873,311.77,0
SPY,1d,15,150,trend,491.88,7.84,0.686,-31.18,28,46.43,68.87,94.61,6.8,0.609,-29.02,10,50,66.97,1356.32,8.28,0.709,-31.18,38,3072.66,10.81,0.556,0.873,311.77,0
SPY,1d,15,200,trend,649.38,8.93,0.755,-19.03,21,57.14,70.02,121.06,8.16,0.71,-26.67,6,66.67,62.37,1983.81,9.44,0.78,-26.67,27,3072.66,10.81,0.556,0.873,311.77,0
SPY,1d,15,250,trend,608.71,8.67,0.721,-21.3,16,62.5,71.55,80.65,6.02,0.528,-26.67,7,42.86,63.35,1595.38,8.77,0.715,-26.67,23,3072.66,10.81,0.556,0.873,311.77,0
SPY,1d,15,300,trend,711.08,9.29,0.75,-22.07,12,58.33,73.1,118.17,8.02,0.631,-29.11,5,60,63.66,2159.66,9.7,0.751,-29.11,17,3072.66,10.81,0.556,0.873,311.77,0
SPY,1d,20,2,dip,295.97,6.02,0.463,-40.17,278,77.34,37.13,53.71,4.34,0.365,-30.8,92,72.83,30.83,526.38,5.6,0.44,-40.17,373,3072.66,10.81,0.556,0.873,311.77,0
SPY,1d,20,3,dip,366.82,6.76,0.511,-42.15,242,77.27,37.06,43.39,3.63,0.318,-30.8,76,72.37,30.99,590.05,5.9,0.46,-42.15,320,3072.66,10.81,0.556,0.873,311.77,0
SPY,1d,20,4,dip,314.56,6.22,0.478,-39.35,201,76.12,37.33,45.91,3.81,0.332,-28.92,71,73.24,30.83,515.75,5.55,0.439,-39.35,274,3072.66,10.81,0.556,0.873,311.77,0
SPY,1d,20,5,dip,329.14,6.38,0.491,-43.08,188,76.6,37.33,44.37,3.7,0.326,-29.26,65,78.46,30.83,524.96,5.59,0.444,-43.08,255,3072.66,10.81,0.556,0.873,311.77,0
SPY,1d,20,7,dip,169.28,4.3,0.358,-43.33,176,72.16,37.54,39.24,3.33,0.305,-28.32,60,71.67,30.83,274.94,4,0.342,-43.33,237,3072.66,10.81,0.556,0.873,311.77,0
SPY,1d,20,9,dip,123.98,3.48,0.306,-51.92,154,71.43,37.87,77.62,5.84,0.479,-28.32,56,73.21,30.67,296.43,4.18,0.355,-51.92,211,3072.66,10.81,0.556,0.873,311.77,0
SPY,1d,20,12,dip,66.29,2.18,0.22,-50.02,156,71.79,38.16,155.95,9.74,0.743,-28.32,53,79.25,30.24,322.66,4.37,0.368,-50.02,210,3072.66,10.81,0.556,0.873,311.77,0
SPY,1d,20,15,dip,117.83,3.36,0.297,-56.03,184,69.57,38.33,124.19,8.31,0.649,-28.32,59,79.66,31.07,383.07,4.79,0.395,-56.03,244,3072.66,10.81,0.556,0.873,311.77,0
SPY,1d,20,25,trend,302.38,6.09,0.564,-42.12,161,54.04,62.72,185.47,10.93,0.946,-14.82,50,70,69.05,1014.71,7.42,0.671,-42.12,211,3072.66,10.81,0.556,0.873,311.77,1
SPY,1d,20,30,trend,295.57,6.01,0.558,-42.44,104,55.77,63.56,125.45,8.37,0.765,-19.31,35,68.57,68.86,767.75,6.63,0.611,-42.44,139,3072.66,10.81,0.556,0.873,311.77,0
SPY,1d,20,40,trend,113.48,3.27,0.329,-42.89,78,51.28,63.96,158.56,9.85,0.88,-24.45,28,64.29,70.39,441.11,5.14,0.483,-42.89,106,3072.66,10.81,0.556,0.873,311.77,1
SPY,1d,20,50,trend,194.94,4.7,0.443,-35.4,66,45.45,65.5,149,9.44,0.842,-28.03,21,66.67,72.67,623.09,6.05,0.555,-35.4,87,3072.66,10.81,0.556,0.873,311.77,0
SPY,1d,20,60,trend,203.15,4.82,0.453,-42.67,53,49.06,67.57,152.63,9.59,0.833,-22.75,20,60,74.68,659.06,6.2,0.563,-42.67,73,3072.66,10.81,0.556,0.873,311.77,0
SPY,1d,20,75,trend,315.8,6.24,0.564,-35.27,43,53.49,69.53,86.24,6.34,0.579,-26.53,14,42.86,65.24,859.71,6.95,0.614,-35.27,58,3072.66,10.81,0.556,0.873,311.77,0
SPY,1d,20,100,trend,242.67,5.37,0.495,-37.08,36,47.22,67.13,94.6,6.8,0.609,-26.94,10,60,65,688.3,6.32,0.563,-37.08,47,3072.66,10.81,0.556,0.873,311.77,0
SPY,1d,20,125,trend,322.04,6.3,0.566,-39.22,31,45.16,68.33,101.77,7.19,0.628,-27.07,9,55.56,65,967.98,7.29,0.631,-39.22,40,3072.66,10.81,0.556,0.873,311.77,0
SPY,1d,20,150,trend,412.15,7.18,0.632,-31.27,27,55.56,68.89,83.18,6.17,0.54,-33.38,9,55.56,61.07,1115.66,7.7,0.652,-33.38,36,3072.66,10.81,0.556,0.873,311.77,0
SPY,1d,20,200,trend,657.58,8.98,0.753,-19.03,18,72.22,70.1,114.61,7.84,0.657,-32.07,7,71.43,62.17,2020.02,9.49,0.771,-32.07,25,3072.66,10.81,0.556,0.873,311.77,0
SPY,1d,20,250,trend,607.08,8.66,0.717,-20.11,14,57.14,71.5,73.77,5.61,0.473,-33.88,6,50,63.31,1493.2,8.57,0.686,-33.88,20,3072.66,10.81,0.556,0.873,311.77,0
SPY,1d,20,300,trend,747.9,9.5,0.759,-23.65,12,50,73.29,119.28,8.07,0.625,-31.53,5,60,63.51,2272.5,9.86,0.755,-31.53,17,3072.66,10.81,0.556,0.873,311.77,0
SPY,1d,25,2,dip,191.56,4.65,0.378,-47.56,231,76.62,35.87,61.34,4.84,0.4,-30.88,82,71.95,29.61,386.34,4.81,0.391,-47.56,316,3072.66,10.81,0.556,0.873,311.77,0
SPY,1d,25,3,dip,189.39,4.62,0.374,-46.37,192,75.52,35.88,59.54,4.73,0.394,-30.8,69,72.46,29.49,371.66,4.71,0.384,-46.37,264,3072.66,10.81,0.556,0.873,311.77,0
SPY,1d,25,4,dip,179.63,4.46,0.367,-44.84,169,74.56,35.77,71.31,5.47,0.442,-28.92,57,78.95,29.93,387.9,4.82,0.393,-44.84,228,3072.66,10.81,0.556,0.873,311.77,0
SPY,1d,25,5,dip,157.95,4.11,0.345,-47.77,158,76.58,35.85,54.27,4.38,0.37,-28.65,53,77.36,29.93,308.44,4.27,0.357,-47.77,213,3072.66,10.81,0.556,0.873,311.77,0
SPY,1d,25,7,dip,105.51,3.11,0.281,-51.21,145,75.86,36.14,41.23,3.47,0.312,-28.32,50,66,29.96,197.48,3.29,0.295,-51.21,197,3072.66,10.81,0.556,0.873,311.77,0
SPY,1d,25,9,dip,60.07,2.02,0.209,-50.74,123,73.98,36.14,65.8,5.13,0.426,-28.32,45,75.56,30.12,162.9,2.91,0.27,-50.74,169,3072.66,10.81,0.556,0.873,311.77,0
SPY,1d,25,12,dip,90.95,2.78,0.259,-50.42,123,69.11,37.01,95.98,6.88,0.548,-28.32,43,74.42,30.04,273.12,3.99,0.341,-50.42,167,3072.66,10.81,0.556,0.873,311.77,0
SPY,1d,25,15,dip,76.15,2.43,0.237,-46.16,120,71.67,36.96,78.73,5.91,0.486,-28.32,43,76.74,30.12,221.86,3.53,0.312,-46.16,164,3072.66,10.81,0.556,0.873,311.77,0
SPY,1d,25,20,dip,53.93,1.85,0.198,-48.24,160,66.25,36.74,39.14,3.32,0.309,-28.32,50,66,29.45,114.9,2.3,0.23,-48.24,211,3072.66,10.81,0.556,0.873,311.77,0
SPY,1d,25,30,trend,90.12,2.77,0.287,-45.62,130,50,63.22,121.35,8.17,0.746,-23.38,46,52.17,69.88,312.55,4.3,0.414,-45.62,176,3072.66,10.81,0.556,0.873,311.77,0
SPY,1d,25,40,trend,98.98,2.96,0.302,-37.14,81,41.98,63.75,124.58,8.33,0.759,-26.9,28,57.14,70.07,340,4.5,0.429,-37.14,109,3072.66,10.81,0.556,0.873,311.77,0
SPY,1d,25,50,trend,118.85,3.38,0.331,-37.28,65,50.77,65.51,147.63,9.38,0.827,-30.43,20,65,72.47,440.06,5.14,0.473,-37.28,85,3072.66,10.81,0.556,0.873,311.77,0
SPY,1d,25,60,trend,180.03,4.47,0.42,-35.77,51,45.1,67.2,137.1,8.91,0.758,-27.77,18,61.11,74.6,557.51,5.75,0.519,-35.77,69,3072.66,10.81,0.556,0.873,311.77,0
SPY,1d,25,75,trend,269.04,5.7,0.519,-32.03,38,47.37,68.87,91.47,6.63,0.594,-25.13,14,57.14,65.12,795.33,6.73,0.593,-32.03,53,3072.66,10.81,0.556,0.873,311.77,0
SPY,1d,25,100,trend,226.77,5.16,0.474,-38.94,34,47.06,67.03,94.54,6.8,0.594,-26.67,9,66.67,65.04,652.04,6.18,0.544,-38.94,44,3072.66,10.81,0.556,0.873,311.77,0
SPY,1d,25,125,trend,328.05,6.37,0.563,-37.02,27,40.74,68.46,96.11,6.88,0.581,-30.15,9,66.67,64.92,974.36,7.31,0.618,-37.02,36,3072.66,10.81,0.556,0.873,311.77,0
SPY,1d,25,150,trend,428.96,7.33,0.633,-29.57,24,58.33,69.05,89.8,6.54,0.56,-31.78,8,62.5,60.91,1229.48,7.99,0.664,-31.78,32,3072.66,10.81,0.556,0.873,311.77,0
SPY,1d,25,200,trend,710.31,9.29,0.769,-19.03,13,76.92,70.1,102.63,7.23,0.604,-33.91,6,66.67,62.05,2047.58,9.54,0.765,-33.91,19,3072.66,10.81,0.556,0.873,311.77,0
SPY,1d,25,250,trend,654.63,8.96,0.735,-20.15,12,58.33,71.46,86.14,6.33,0.524,-32.37,5,60,63.39,1681.62,8.93,0.709,-32.37,17,3072.66,10.81,0.556,0.873,311.77,0
SPY,1d,25,300,trend,828.19,9.92,0.789,-21.17,10,80,73.29,88.96,6.49,0.517,-34.49,5,60,63.19,2070.56,9.57,0.734,-34.49,15,3072.66,10.81,0.556,0.873,311.77,0
SPY,1d,30,2,dip,264.51,5.65,0.438,-47.52,206,78.16,35.11,66.26,5.15,0.422,-30.8,72,77.78,28.82,528.48,5.61,0.44,-47.52,282,3072.66,10.81,0.556,0.873,311.77,0
SPY,1d,30,3,dip,201.01,4.79,0.384,-48.81,167,79.04,35.33,65.19,5.09,0.419,-28.65,60,78.33,28.86,409.91,4.96,0.399,-48.81,230,3072.66,10.81,0.556,0.873,311.77,0
SPY,1d,30,4,dip,224.33,5.12,0.408,-49.67,152,76.97,35.13,50.64,4.13,0.355,-28.65,53,73.58,28.94,398.66,4.89,0.396,-49.67,206,3072.66,10.81,0.556,0.873,311.77,0
SPY,1d,30,5,dip,179.15,4.46,0.366,-56.96,139,76.26,35.09,69.05,5.33,0.435,-28.65,48,79.17,29.06,383.25,4.79,0.391,-56.96,189,3072.66,10.81,0.556,0.873,311.77,0
SPY,1d,30,7,dip,140.21,3.79,0.324,-50.52,126,74.6,35.13,59.41,4.72,0.398,-28.32,45,73.33,29.34,290.84,4.13,0.349,-50.52,172,3072.66,10.81,0.556,0.873,311.77,0
SPY,1d,30,9,dip,71.84,2.33,0.228,-51.88,112,67.86,35.36,61.26,4.84,0.406,-28.32,40,75,29.45,182.95,3.14,0.284,-51.88,153,3072.66,10.81,0.556,0.873,311.77,0
SPY,1d,30,12,dip,112.83,3.26,0.289,-45.98,99,72.73,36.02,88.03,6.44,0.518,-28.32,37,81.08,29.57,308.99,4.27,0.359,-45.98,137,3072.66,10.81,0.556,0.873,311.77,0
SPY,1d,30,15,dip,61.92,2.07,0.212,-45.48,103,68.93,36.32,83.79,6.2,0.505,-28.32,38,86.84,29.45,200.06,3.32,0.298,-45.48,142,3072.66,10.81,0.556,0.873,311.77,0
SPY,1d,30,20,dip,67.67,2.22,0.223,-45,103,65.05,35.9,78.6,5.9,0.483,-28.32,35,82.86,29.57,200.98,3.33,0.298,-45,139,3072.66,10.81,0.556,0.873,311.77,0
SPY,1d,30,25,dip,237.47,5.3,0.43,-42.37,130,69.23,36.25,78.98,5.92,0.49,-28.32,45,71.11,28.43,504.75,5.49,0.447,-42.37,176,3072.66,10.81,0.556,0.873,311.77,0
SPY,1d,30,40,trend,191.19,4.64,0.428,-33.1,87,54.02,63.69,167.89,10.23,0.892,-27.73,30,60,70.7,670.27,6.25,0.558,-33.1,117,3072.66,10.81,0.556,0.873,311.77,1
SPY,1d,30,50,trend,206.17,4.87,0.444,-32.26,63,49.21,65.6,125.33,8.36,0.74,-31.88,22,59.09,71.69,578.12,5.85,0.525,-32.26,85,3072.66,10.81,0.556,0.873,311.77,0
SPY,1d,30,60,trend,239.35,5.33,0.481,-35.37,52,44.23,66.9,131,8.63,0.736,-32.76,20,50,74.16,677.24,6.28,0.555,-35.37,72,3072.66,10.81,0.556,0.873,311.77,0
SPY,1d,30,75,trend,356.53,6.66,0.596,-34.77,35,54.29,68.57,85.52,6.3,0.558,-28.06,12,58.33,64.57,956.08,7.25,0.631,-34.77,48,3072.66,10.81,0.556,0.873,311.77,0
SPY,1d,30,100,trend,224.92,5.13,0.474,-41.75,33,42.42,66.78,82.29,6.12,0.523,-33.13,8,75,65.04,610.55,6,0.525,-41.75,42,3072.66,10.81,0.556,0.873,311.77,0
SPY,1d,30,125,trend,354.7,6.64,0.582,-33.42,25,48,68.45,89.66,6.53,0.55,-33.34,9,66.67,64.81,971.99,7.3,0.614,-33.42,34,3072.66,10.81,0.556,0.873,311.77,0
SPY,1d,30,150,trend,454.37,7.54,0.645,-26.81,21,61.9,69.27,101.23,7.16,0.596,-31.3,7,85.71,66.18,1283.26,8.11,0.67,-31.3,28,3072.66,10.81,0.556,0.873,311.77,0
SPY,1d,30,200,trend,769.74,9.62,0.788,-19.03,12,83.33,70.05,100.13,7.1,0.595,-35.24,4,75,61.74,2103.64,9.62,0.768,-35.24,16,3072.66,10.81,0.556,0.873,311.77,0
SPY,1d,30,250,trend,692.76,9.19,0.75,-19.03,11,63.64,71.23,105.06,7.36,0.577,-33.72,5,60,63.23,1941.14,9.37,0.731,-33.72,16,3072.66,10.81,0.556,0.873,311.77,0
SPY,1d,30,300,trend,828.61,9.92,0.788,-19.99,8,75,73.13,92.45,6.69,0.522,-33.72,5,60,63.04,2092.94,9.6,0.732,-33.72,13,3072.66,10.81,0.556,0.873,311.77,0
SPY,1d,40,2,dip,270.35,5.72,0.442,-42.75,192,80.21,33.96,46.36,3.84,0.335,-30.9,61,75.41,26.7,465.3,5.28,0.419,-42.75,256,3072.66,10.81,0.556,0.873,311.77,0
SPY,1d,40,3,dip,272.48,5.74,0.444,-44.42,157,80.89,33.95,55.93,4.49,0.38,-28.65,50,74,26.35,499.22,5.46,0.431,-44.42,209,3072.66,10.81,0.556,0.873,311.77,0
SPY,1d,40,4,dip,315.38,6.23,0.475,-46.12,139,81.29,33.78,57.68,4.6,0.389,-28.65,43,79.07,26.19,569.32,5.81,0.454,-46.12,183,3072.66,10.81,0.556,0.873,311.77,0
SPY,1d,40,5,dip,287.77,5.92,0.459,-46.62,132,80.3,33.83,54.97,4.43,0.378,-28.32,36,77.78,26.27,509.77,5.52,0.438,-46.62,169,3072.66,10.81,0.556,0.873,311.77,0
SPY,1d,40,7,dip,128.37,3.57,0.309,-47.25,101,77.23,33.79,56.1,4.5,0.383,-28.32,33,72.73,26.7,261.75,3.89,0.333,-47.25,135,3072.66,10.81,0.556,0.873,311.77,0
SPY,1d,40,9,dip,79.05,2.5,0.241,-45.9,93,73.12,34.03,56.5,4.53,0.387,-28.32,31,74.19,26.94,185.02,3.16,0.287,-45.9,125,3072.66,10.81,0.556,0.873,311.77,0
SPY,1d,40,12,dip,123.64,3.48,0.306,-44.12,86,76.74,34.22,75.98,5.75,0.473,-28.32,30,76.67,27.05,306.03,4.25,0.36,-44.12,117,3072.66,10.81,0.556,0.873,311.77,0
SPY,1d,40,15,dip,151.03,3.99,0.341,-48,80,75,34.5,53.38,4.32,0.375,-28.32,28,67.86,27.13,297.4,4.18,0.357,-48,109,3072.66,10.81,0.556,0.873,311.77,0
SPY,1d,40,20,dip,225.58,5.14,0.419,-44.33,78,76.92,35.08,52.13,4.23,0.373,-28.32,28,71.43,26.98,410.08,4.96,0.411,-44.33,107,3072.66,10.81,0.556,0.873,311.77,0
SPY,1d,40,25,dip,248.04,5.44,0.441,-43.27,81,70.37,35.29,75.15,5.7,0.475,-28.32,28,78.57,27.29,525.03,5.59,0.455,-43.27,110,3072.66,10.81,0.556,0.873,311.77,0
SPY,1d,40,30,dip,138.99,3.77,0.333,-44.55,87,68.97,35.31,52.96,4.29,0.38,-28.32,30,70,27.25,257.91,3.86,0.342,-44.55,118,3072.66,10.81,0.556,0.873,311.77,0
SPY,1d,40,50,trend,255.81,5.54,0.504,-48.31,77,54.55,64.49,111.7,7.7,0.663,-33.05,26,53.85,72.08,647.52,6.16,0.55,-48.31,103,3072.66,10.81,0.556,0.873,311.77,0
SPY,1d,40,60,trend,263.21,5.63,0.5,-38.07,52,53.85,66.36,87.12,6.39,0.558,-31.3,20,55,73.02,573.07,5.83,0.515,-38.07,72,3072.66,10.81,0.556,0.873,311.77,0
SPY,1d,40,75,trend,344.94,6.54,0.578,-40.17,32,53.13,68.03,75.26,5.7,0.492,-29.47,11,63.64,63.9,848.19,6.91,0.59,-40.17,44,3072.66,10.81,0.556,0.873,311.77,0
SPY,1d,40,100,trend,348.43,6.58,0.577,-34.67,26,61.54,67.07,83.99,6.21,0.522,-31.78,8,75,64.57,878.27,7.01,0.592,-34.67,36,3072.66,10.81,0.556,0.873,311.77,0
SPY,1d,40,125,trend,472.8,7.69,0.655,-25.95,22,63.64,68.13,82.62,6.13,0.524,-31.03,7,71.43,64.18,1197.07,7.91,0.655,-31.03,29,3072.66,10.81,0.556,0.873,311.77,0
SPY,1d,40,150,trend,506.89,7.96,0.673,-28.06,19,63.16,69.36,99.23,7.05,0.579,-33.72,7,71.43,65.75,1450.03,8.48,0.691,-33.72,26,3072.66,10.81,0.556,0.873,311.77,0
SPY,1d,40,200,trend,606.83,8.66,0.715,-19.03,13,76.92,69.64,116.54,7.94,0.62,-33.72,4,75,61.42,1899.44,9.3,0.73,-33.72,17,3072.66,10.81,0.556,0.873,311.77,0
SPY,1d,40,250,trend,763.51,9.59,0.774,-19.03,8,87.5,70.94,139.26,9.01,0.679,-33.72,4,75,62.45,2521.15,10.19,0.779,-33.72,12,3072.66,10.81,0.556,0.873,311.77,0
SPY,1d,40,300,trend,832.08,9.94,0.785,-19.76,7,85.71,73.18,128.37,8.51,0.632,-33.72,4,75,62.88,2511.87,10.18,0.764,-33.72,11,3072.66,10.81,0.556,0.873,311.77,0
SPY,1d,50,2,dip,219.14,5.05,0.4,-46.46,162,80.25,32.53,76.13,5.76,0.469,-28.75,58,84.48,24.58,487.22,5.4,0.428,-46.46,224,3072.66,10.81,0.556,0.873,311.77,0
SPY,1d,50,3,dip,241.6,5.35,0.421,-48.64,134,82.09,32.73,64.6,5.05,0.421,-28.75,44,79.55,24.58,473.47,5.32,0.424,-48.64,180,3072.66,10.81,0.556,0.873,311.77,0
SPY,1d,50,4,dip,157.17,4.09,0.342,-52.29,111,79.28,32.61,75.43,5.71,0.463,-28.65,40,77.5,24.7,359.08,4.63,0.38,-52.29,152,3072.66,10.81,0.556,0.873,311.77,0
SPY,1d,50,5,dip,121.13,3.43,0.301,-49.4,99,83.84,32.75,91.81,6.65,0.524,-28.32,37,72.97,24.54,333.52,4.45,0.37,-49.4,137,3072.66,10.81,0.556,0.873,311.77,0
SPY,1d,50,7,dip,89.48,2.75,0.257,-46.27,87,75.86,32.82,73.72,5.61,0.462,-28.32,29,79.31,24.26,236.96,3.67,0.321,-46.27,117,3072.66,10.81,0.556,0.873,311.77,0
SPY,1d,50,9,dip,105.53,3.11,0.281,-45.96,80,76.25,32.88,65.32,5.09,0.427,-28.32,28,75,24.85,248.66,3.78,0.328,-45.96,109,3072.66,10.81,0.556,0.873,311.77,0
SPY,1d,50,12,dip,102.47,3.04,0.277,-46.77,72,72.22,32.9,76.72,5.79,0.477,-28.32,26,76.92,25.17,266.96,3.94,0.34,-46.77,99,3072.66,10.81,0.556,0.873,311.77,0
SPY,1d,50,15,dip,153.09,4.02,0.344,-43.1,68,77.94,33.1,63.39,4.97,0.424,-28.32,22,81.82,24.85,323,4.38,0.371,-43.1,91,3072.66,10.81,0.556,0.873,311.77,0
SPY,1d,50,20,dip,141.8,3.82,0.333,-45.73,66,77.27,33.47,59.01,4.69,0.406,-28.32,20,80,24.73,295.21,4.17,0.359,-45.73,87,3072.66,10.81,0.556,0.873,311.77,0
SPY,1d,50,25,dip,223.94,5.12,0.422,-48.84,65,81.54,33.42,60.47,4.79,0.416,-28.32,19,84.21,24.89,426.65,5.06,0.423,-48.84,85,3072.66,10.81,0.556,0.873,311.77,0
SPY,1d,50,30,dip,132.28,3.64,0.325,-45.58,63,76.19,33.32,74.99,5.69,0.481,-24.61,21,80.95,25.6,319.73,4.35,0.377,-45.58,85,3072.66,10.81,0.556,0.873,311.77,0
SPY,1d,50,40,dip,94.88,2.87,0.27,-49.37,77,66.23,34.37,88.43,6.46,0.554,-21.87,25,84,25.48,269.48,3.96,0.349,-49.37,103,3072.66,10.81,0.556,0.873,311.77,0
SPY,1d,50,60,trend,405.91,7.13,0.607,-27.79,68,52.94,66.21,173.62,10.46,0.841,-26.67,23,69.57,73.02,1260.52,8.06,0.673,-27.79,91,3072.66,10.81,0.556,0.873,311.77,0
SPY,1d,50,75,trend,391.59,7,0.611,-33.61,33,57.58,68.14,118.82,8.05,0.632,-33.88,12,75,75.15,960.47,7.26,0.613,-33.88,45,3072.66,10.81,0.556,0.873,311.77,0
SPY,1d,50,100,trend,406.29,7.13,0.614,-23.45,24,62.5,66.59,67.99,5.26,0.453,-34.1,8,75,63.74,939.57,7.2,0.602,-34.1,33,3072.66,10.81,0.556,0.873,311.77,0
SPY,1d,50,125,trend,455.69,7.55,0.641,-26.96,21,61.9,68.28,82.35,6.12,0.512,-33.72,7,71.43,63.31,1182.44,7.87,0.646,-33.72,28,3072.66,10.81,0.556,0.873,311.77,0
SPY,1d,50,150,trend,610.94,8.69,0.723,-20.55,16,75,68.94,128.38,8.51,0.656,-33.72,7,85.71,65.91,1989.22,9.45,0.747,-33.72,23,3072.66,10.81,0.556,0.873,311.77,0
SPY,1d,50,200,trend,698.57,9.22,0.75,-19.52,11,81.82,69.58,113.32,7.78,0.6,-33.72,4,75,61.27,2066.05,9.56,0.739,-33.72,15,3072.66,10.81,0.556,0.873,311.77,0
SPY,1d,50,250,trend,758.82,9.56,0.769,-19.03,8,87.5,70.96,149.26,9.45,0.702,-33.72,4,75,62.09,2585.62,10.27,0.78,-33.72,12,3072.66,10.81,0.556,0.873,311.77,0
SPY,1d,50,300,trend,726.49,9.38,0.743,-23.58,6,83.33,73.18,132.19,8.68,0.639,-33.72,4,75,63.27,2172.14,9.72,0.73,-33.72,10,3072.66,10.81,0.556,0.873,311.77,0
SPY,1d,60,2,dip,168.94,4.29,0.355,-49.69,140,81.43,30.95,58.51,4.66,0.394,-28.75,51,80.39,22.73,339.9,4.5,0.372,-49.69,195,3072.66,10.81,0.556,0.873,311.77,0
SPY,1d,60,3,dip,130.23,3.6,0.31,-52.72,121,79.34,30.95,49.38,4.05,0.352,-28.75,40,75,22.53,251.79,3.81,0.327,-52.72,164,3072.66,10.81,0.556,0.873,311.77,0
SPY,1d,60,4,dip,115.34,3.31,0.293,-50.41,102,79.41,30.76,84.32,6.23,0.503,-28.32,38,84.21,22.65,306.81,4.26,0.358,-50.41,143,3072.66,10.81,0.556,0.873,311.77,0
SPY,1d,60,5,dip,97.19,2.93,0.269,-49.4,86,79.07,30.95,67.08,5.2,0.432,-28.32,31,80.65,22.89,236.64,3.67,0.32,-49.4,120,3072.66,10.81,0.556,0.873,311.77,0
SPY,1d,60,7,dip,76.33,2.44,0.237,-48.51,73,75.34,31.03,82.16,6.11,0.494,-28.32,29,79.31,22.97,226.7,3.58,0.315,-48.51,104,3072.66,10.81,0.556,0.873,311.77,0
SPY,1d,60,9,dip,58.01,1.96,0.206,-47.49,65,73.85,31.01,78.98,5.92,0.484,-28.32,27,81.48,22.81,187.94,3.19,0.29,-47.49,94,3072.66,10.81,0.556,0.873,311.77,0
SPY,1d,60,12,dip,49.15,1.71,0.189,-52.5,58,79.31,31.05,69.46,5.35,0.449,-28.32,24,83.33,22.53,155.13,2.82,0.266,-52.5,83,3072.66,10.81,0.556,0.873,311.77,0
SPY,1d,60,15,dip,60.31,2.02,0.211,-48.93,57,78.95,30.95,60.69,4.8,0.414,-28.32,20,85,22.45,164.03,2.93,0.274,-48.93,78,3072.66,10.81,0.556,0.873,311.77,0
SPY,1d,60,20,dip,138.95,3.77,0.329,-47.4,53,81.13,31.4,56.5,4.53,0.399,-24.61,19,84.21,22.65,282.85,4.07,0.353,-47.4,73,3072.66,10.81,0.556,0.873,311.77,0
SPY,1d,60,25,dip,157.47,4.1,0.353,-45.39,51,78.43,31.74,67.15,5.21,0.457,-22.25,17,88.24,22.73,340.96,4.51,0.387,-45.39,69,3072.66,10.81,0.556,0.873,311.77,0
SPY,1d,60,30,dip,110.56,3.21,0.294,-46.29,52,71.15,31.96,71.6,5.48,0.48,-22.25,19,89.47,23.08,268.82,3.95,0.35,-46.29,72,3072.66,10.81,0.556,0.873,311.77,0
SPY,1d,60,40,dip,98.26,2.95,0.278,-47.43,52,71.15,32.4,110.78,7.65,0.65,-16.73,19,73.68,24.18,329.21,4.42,0.387,-47.43,72,3072.66,10.81,0.556,0.873,311.77,0
SPY,1d,60,50,dip,36.82,1.34,0.165,-54.84,68,63.24,32.5,44.35,3.69,0.355,-23.52,22,63.64,24.22,103.37,2.13,0.224,-54.84,91,3072.66,10.81,0.556,0.873,311.77,0
SPY,1d,60,75,trend,424.03,7.29,0.632,-28.29,47,61.7,68.33,118.28,8.02,0.634,-32.19,16,68.75,74.44,1018.48,7.43,0.626,-32.19,63,3072.66,10.81,0.556,0.873,311.77,0
SPY,1d,60,100,trend,287.44,5.92,0.525,-26.83,24,54.17,65.85,78.68,5.91,0.49,-33.72,9,66.67,63.31,745.53,6.55,0.553,-33.72,34,3072.66,10.81,0.556,0.873,311.77,0
SPY,1d,60,125,trend,553.99,8.3,0.698,-22.23,19,68.42,67.77,108.49,7.53,0.602,-33.72,7,85.71,62.72,1648,8.87,0.714,-33.72,26,3072.66,10.81,0.556,0.873,311.77,0
SPY,1d,60,150,trend,526.69,8.1,0.678,-22.03,15,66.67,68.41,96.13,6.89,0.543,-33.72,4,75,60.6,1469.56,8.52,0.674,-33.72,19,3072.66,10.81,0.556,0.873,311.77,0
SPY,1d,60,200,trend,633.68,8.83,0.723,-19.65,11,72.73,69.41,135.64,8.84,0.66,-33.72,4,75,60.99,1960.85,9.4,0.724,-33.72,15,3072.66,10.81,0.556,0.873,311.77,0
SPY,1d,60,250,trend,704.51,9.26,0.744,-19.03,8,87.5,70.98,152.83,9.6,0.705,-33.72,4,100,61.58,2233.24,9.81,0.744,-34.3,12,3072.66,10.81,0.556,0.873,311.77,0
SPY,1d,60,300,trend,839.06,9.98,0.782,-19.03,6,83.33,72.7,154.08,9.66,0.695,-33.72,3,100,63.27,2757.6,10.47,0.774,-33.72,9,3072.66,10.81,0.556,0.873,311.77,0
SPY,1d,75,2,dip,106.23,3.12,0.28,-56.26,113,83.19,29.29,59.21,4.7,0.398,-28.75,40,85,21.04,238.41,3.69,0.32,-56.26,155,3072.66,10.81,0.556,0.873,311.77,0
SPY,1d,75,3,dip,128.19,3.57,0.309,-52.27,97,87.63,29.34,45.79,3.8,0.337,-28.32,33,75.76,21.04,238.63,3.69,0.321,-52.27,131,3072.66,10.81,0.556,0.873,311.77,0
SPY,1d,75,4,dip,97.76,2.94,0.269,-51.29,87,89.66,29.39,59.45,4.72,0.4,-28.32,28,82.14,21.04,220.95,3.52,0.31,-51.29,116,3072.66,10.81,0.556,0.873,311.77,0
SPY,1d,75,5,dip,56.19,1.91,0.202,-51.77,78,88.46,29.02,68.48,5.29,0.441,-28.32,28,85.71,20.8,169.03,2.98,0.276,-51.77,107,3072.66,10.81,0.556,0.873,311.77,0
SPY,1d,75,7,dip,32.44,1.2,0.155,-55.31,69,81.16,28.65,55.85,4.48,0.386,-28.32,22,77.27,20.49,109.56,2.22,0.225,-55.31,92,3072.66,10.81,0.556,0.873,311.77,0
SPY,1d,75,9,dip,13.79,0.55,0.11,-58.25,53,73.58,28.42,48.08,3.96,0.352,-28.32,18,77.78,20.53,71.47,1.61,0.184,-58.25,72,3072.66,10.81,0.556,0.873,311.77,0
SPY,1d,75,12,dip,9.16,0.37,0.098,-58.27,41,80.49,28.57,49.83,4.08,0.365,-28.32,17,82.35,20.09,68.13,1.56,0.18,-58.27,59,3072.66,10.81,0.556,0.873,311.77,0
SPY,1d,75,15,dip,39.56,1.43,0.17,-54.75,41,80.49,28.75,53.93,4.36,0.387,-24.61,15,86.67,19.74,121.63,2.39,0.238,-54.75,57,3072.66,10.81,0.556,0.873,311.77,0
SPY,1d,75,20,dip,69.3,2.26,0.227,-51.89,42,78.57,29.09,68.58,5.3,0.468,-22.25,14,85.71,19.54,196.03,3.28,0.301,-51.89,57,3072.66,10.81,0.556,0.873,311.77,0
SPY,1d,75,25,dip,92.42,2.82,0.265,-51.52,37,78.38,29.7,60.14,4.76,0.432,-20.37,14,85.71,19.47,220.1,3.52,0.319,-51.52,52,3072.66,10.81,0.556,0.873,311.77,0
SPY,1d,75,30,dip,58.39,1.97,0.207,-49.49,34,73.53,29.92,68.93,5.32,0.483,-16.85,12,83.33,19.86,177,3.07,0.288,-49.49,47,3072.66,10.81,0.556,0.873,311.77,0
SPY,1d,75,40,dip,65.77,2.17,0.222,-48.54,32,65.63,30.69,83.86,6.21,0.581,-18.93,11,81.82,20.29,215.09,3.47,0.32,-48.54,44,3072.66,10.81,0.556,0.873,311.77,0
SPY,1d,75,50,dip,46.95,1.65,0.186,-48.65,33,69.7,30.36,82.07,6.1,0.578,-20.57,11,72.73,21.86,175.92,3.06,0.292,-48.65,45,3072.66,10.81,0.556,0.873,311.77,0
SPY,1d,75,60,dip,36.03,1.32,0.163,-50.69,47,63.83,30.14,78.51,5.9,0.557,-24.73,15,73.33,22.49,156.9,2.84,0.276,-50.69,63,3072.66,10.81,0.556,0.873,311.77,0
SPY,1d,75,100,trend,348.21,6.58,0.568,-28.29,31,64.52,69.05,105.58,7.38,0.586,-33.72,10,80,62.68,1035.03,7.48,0.612,-33.72,42,3072.66,10.81,0.556,0.873,311.77,0
SPY,1d,75,125,trend,366.58,6.76,0.571,-38.1,21,66.67,67.57,83.22,6.17,0.489,-33.72,7,71.43,62.72,997.89,7.38,0.592,-38.1,28,3072.66,10.81,0.556,0.873,311.77,0
SPY,1d,75,150,trend,519.82,8.05,0.671,-19.03,16,75,67.59,110.65,7.64,0.574,-33.72,5,60,64.02,1587.46,8.75,0.685,-33.72,21,3072.66,10.81,0.556,0.873,311.77,0
SPY,1d,75,200,trend,722.33,9.36,0.757,-19.03,11,81.82,69.31,132.98,8.72,0.647,-33.72,4,75,60.83,2161.44,9.7,0.739,-33.72,15,3072.66,10.81,0.556,0.873,311.77,0
SPY,1d,75,250,trend,781.68,9.68,0.77,-19.03,6,100,71.04,151.31,9.54,0.692,-33.72,4,100,61.62,2539.36,10.21,0.764,-33.72,10,3072.66,10.81,0.556,0.873,311.77,0
SPY,1d,75,300,trend,894.56,10.25,0.801,-19.03,5,100,72.05,152,9.57,0.686,-33.72,3,100,62.8,2982.01,10.72,0.788,-33.72,8,3072.66,10.81,0.556,0.873,311.77,0
SPY,1d,100,2,dip,116.58,3.34,0.295,-50.74,99,82.83,28.35,38.36,3.26,0.302,-28.32,27,81.48,19.9,204.62,3.36,0.3,-50.74,128,3072.66,10.81,0.556,0.873,311.77,0
SPY,1d,100,3,dip,115.01,3.3,0.294,-51.37,79,88.61,28.23,49.53,4.06,0.358,-28.32,23,91.3,19.9,227.15,3.58,0.315,-51.37,104,3072.66,10.81,0.556,0.873,311.77,0
SPY,1d,100,4,dip,69.58,2.27,0.227,-51.37,73,86.3,28.01,51.12,4.17,0.366,-28.32,21,85.71,19.7,159.29,2.87,0.269,-51.37,96,3072.66,10.81,0.556,0.873,311.77,0
SPY,1d,100,5,dip,80.64,2.54,0.245,-51.77,61,86.89,28.03,42.26,3.55,0.324,-28.32,19,84.21,19.58,161.76,2.9,0.271,-51.77,81,3072.66,10.81,0.556,0.873,311.77,0
SPY,1d,100,7,dip,58.69,1.98,0.207,-55.22,52,86.54,28.03,36.49,3.12,0.294,-28.32,15,80,19.66,123.03,2.41,0.238,-55.22,68,3072.66,10.81,0.556,0.873,311.77,0
SPY,1d,100,9,dip,40.93,1.47,0.173,-51.41,46,80.43,27.93,23.38,2.1,0.221,-28.32,12,75,19.47,79.89,1.76,0.194,-51.41,59,3072.66,10.81,0.556,0.873,311.77,0
SPY,1d,100,12,dip,37.88,1.37,0.167,-54.64,42,85.71,27.98,32.32,2.81,0.274,-24.61,14,78.57,19.31,87.69,1.89,0.203,-54.64,57,3072.66,10.81,0.556,0.873,311.77,0
SPY,1d,100,15,dip,60.26,2.02,0.211,-52.97,36,86.11,27.89,58.41,4.65,0.416,-22.25,12,91.67,19.15,162.75,2.91,0.275,-52.97,49,3072.66,10.81,0.556,0.873,311.77,0
SPY,1d,100,20,dip,104.13,3.08,0.283,-49.13,36,86.11,27.89,67.52,5.23,0.474,-20.57,10,90,18.91,259.84,3.88,0.345,-49.13,47,3072.66,10.81,0.556,0.873,311.77,0
SPY,1d,100,25,dip,114.57,3.29,0.299,-49.44,34,82.35,28,67.23,5.21,0.483,-20.57,9,88.89,18.8,278.55,4.03,0.359,-49.44,44,3072.66,10.81,0.556,0.873,311.77,0
SPY,1d,100,30,dip,119.24,3.39,0.305,-49.5,33,81.82,28.23,79.23,5.94,0.56,-20.57,8,87.5,18.76,307.55,4.26,0.377,-49.5,42,3072.66,10.81,0.556,0.873,311.77,0
SPY,1d,100,40,dip,60.65,2.03,0.214,-47.43,26,69.23,27.91,75.22,5.7,0.545,-20.56,8,87.5,19.11,198.99,3.31,0.311,-47.43,36,3072.66,10.81,0.556,0.873,311.77,0
SPY,1d,100,50,dip,41.19,1.48,0.175,-52.77,24,75,28.28,91.91,6.66,0.633,-20.56,8,87.5,19.94,179.52,3.1,0.298,-52.77,33,3072.66,10.81,0.556,0.873,311.77,0
SPY,1d,100,60,dip,85.15,2.65,0.257,-48.52,24,75,28.97,79.72,5.97,0.595,-20.56,9,88.89,20.13,244.46,3.74,0.346,-48.52,34,3072.66,10.81,0.556,0.873,311.77,0
SPY,1d,100,75,dip,60.76,2.04,0.215,-48.79,31,83.87,28.99,56.74,4.54,0.478,-23.36,10,90,20.37,157.44,2.85,0.282,-48.79,42,3072.66,10.81,0.556,0.873,311.77,0
SPY,1d,100,125,trend,542.93,8.22,0.677,-24.42,26,69.23,66.8,85.48,6.3,0.483,-33.72,7,71.43,63.08,1466.59,8.52,0.662,-33.72,33,3072.66,10.81,0.556,0.873,311.77,0
SPY,1d,100,150,trend,522.66,8.07,0.665,-27.85,17,64.71,68.18,94.37,6.79,0.51,-33.72,7,71.43,63.23,1449.16,8.48,0.657,-33.72,24,3072.66,10.81,0.556,0.873,311.77,0
SPY,1d,100,200,trend,522.35,8.07,0.661,-23.58,9,77.78,69.39,131.57,8.65,0.635,-33.72,4,100,59.89,1725.85,9.01,0.686,-33.72,13,3072.66,10.81,0.556,0.873,311.77,0
SPY,1d,100,250,trend,743.09,9.47,0.752,-20.58,6,83.33,70.66,149.78,9.47,0.677,-33.72,3,100,62.13,2578.94,10.26,0.759,-33.72,9,3072.66,10.81,0.556,0.873,311.77,0
SPY,1d,100,300,trend,826.41,9.91,0.773,-19.03,5,100,72.11,171.16,10.36,0.728,-33.72,3,100,62.41,3188.4,10.93,0.795,-33.72,8,3072.66,10.81,0.556,0.873,311.77,0
SPY,1d,125,2,dip,95.58,2.89,0.267,-50.18,97,82.47,27.34,32.33,2.81,0.271,-28.32,26,80.77,18.25,160.77,2.89,0.27,-50.18,124,3072.66,10.81,0.556,0.873,311.77,0
SPY,1d,125,3,dip,70.53,2.29,0.229,-51.63,80,90,26.93,28.49,2.51,0.25,-28.32,21,76.19,18.25,125.9,2.45,0.241,-51.63,102,3072.66,10.81,0.556,0.873,311.77,0
SPY,1d,125,4,dip,58.72,1.98,0.208,-51.63,65,87.69,26.98,34.67,2.99,0.284,-28.32,17,88.24,18.4,121.06,2.38,0.237,-51.63,83,3072.66,10.81,0.556,0.873,311.77,0
SPY,1d,125,5,dip,72.63,2.35,0.233,-51.93,57,87.72,26.73,23.09,2.07,0.219,-28.32,12,75,18.32,118.52,2.35,0.235,-51.93,70,3072.66,10.81,0.556,0.873,311.77,0
SPY,1d,125,7,dip,64.23,2.13,0.218,-50.72,46,82.61,26.6,24.28,2.17,0.228,-28.32,12,66.67,18.13,111.91,2.26,0.229,-50.72,59,3072.66,10.81,0.556,0.873,311.77,0
SPY,1d,125,9,dip,46.02,1.62,0.184,-51.49,38,84.21,26.66,35.29,3.03,0.291,-27.99,12,83.33,18.17,105.46,2.16,0.222,-51.49,51,3072.66,10.81,0.556,0.873,311.77,0
SPY,1d,125,12,dip,30.9,1.15,0.151,-51.75,34,85.29,26.77,51.68,4.2,0.38,-22.25,10,90,18.64,102.48,2.12,0.22,-51.75,45,3072.66,10.81,0.556,0.873,311.77,0
SPY,1d,125,15,dip,29.02,1.09,0.147,-51.04,32,84.38,26.7,57.15,4.57,0.411,-20.61,10,90,18.8,102.75,2.12,0.22,-51.04,42,3072.66,10.81,0.556,0.873,311.77,0
SPY,1d,125,20,dip,73.59,2.37,0.235,-51.29,31,83.87,26.66,60.64,4.8,0.448,-20.57,9,77.78,18.76,178.85,3.09,0.291,-51.29,40,3072.66,10.81,0.556,0.873,311.77,0
SPY,1d,125,25,dip,71.97,2.33,0.234,-49.6,27,81.48,26.53,61.96,4.88,0.473,-21.19,9,88.89,18.68,178.53,3.09,0.295,-49.6,36,3072.66,10.81,0.556,0.873,311.77,0
SPY,1d,125,30,dip,58.62,1.98,0.21,-49.15,25,76,26.53,72.43,5.53,0.526,-20.57,9,88.89,18.6,173.51,3.03,0.291,-49.15,34,3072.66,10.81,0.556,0.873,311.77,0
SPY,1d,125,40,dip,24.7,0.94,0.137,-48.72,22,68.18,26.8,79.95,5.98,0.561,-22.1,7,85.71,18.99,124.4,2.43,0.248,-48.72,29,3072.66,10.81,0.556,0.873,311.77,0
SPY,1d,125,50,dip,29.96,1.12,0.149,-52.9,21,66.67,26.58,76.57,5.78,0.564,-22.1,7,85.71,19.7,129.47,2.5,0.255,-52.9,28,3072.66,10.81,0.556,0.873,311.77,0
SPY,1d,125,60,dip,10.69,0.43,0.1,-57.06,19,68.42,27,52.46,4.26,0.445,-22.1,7,85.71,20.09,68.75,1.57,0.185,-57.06,26,3072.66,10.81,0.556,0.873,311.77,0
SPY,1d,125,75,dip,52.06,1.8,0.199,-50.09,21,71.43,27.05,73.17,5.58,0.6,-22.1,7,85.71,20.02,163.32,2.92,0.292,-50.09,28,3072.66,10.81,0.556,0.873,311.77,0
SPY,1d,125,100,dip,9.16,0.37,0.095,-57.9,26,65.38,27.63,67.23,5.21,0.634,-19.88,7,85.71,18.91,82.55,1.8,0.207,-57.9,33,3072.66,10.81,0.556,0.873,311.77,0
SPY,1d,125,150,trend,487.62,7.81,0.659,-23.98,23,69.57,66.48,131.64,8.66,0.618,-33.72,6,83.33,63,1718.75,9,0.696,-33.72,29,3072.66,10.81,0.556,0.873,311.77,0
SPY,1d,125,200,trend,664.29,9.02,0.718,-21.17,10,70,70.62,128.83,8.53,0.622,-33.72,4,100,58.79,2186.32,9.74,0.726,-33.72,14,3072.66,10.81,0.556,0.873,311.77,0
SPY,1d,125,250,trend,799.24,9.77,0.769,-19.03,6,100,70.54,168.32,10.25,0.721,-33.72,3,100,61.46,3060.32,10.8,0.789,-33.72,9,3072.66,10.81,0.556,0.873,311.77,0
SPY,1d,125,300,trend,834.4,9.95,0.772,-19.03,5,100,71.46,146.7,9.34,0.658,-33.72,3,100,63.04,3012.5,10.75,0.777,-33.72,8,3072.66,10.81,0.556,0.873,311.77,0
SPY,1d,150,2,dip,38.23,1.38,0.167,-50.49,78,84.62,26.36,42.52,3.56,0.328,-28.32,22,86.36,16.75,99.13,2.07,0.215,-50.49,101,3072.66,10.81,0.556,0.873,311.77,0
SPY,1d,150,3,dip,44.77,1.58,0.181,-50.71,68,80.88,26.34,28.34,2.5,0.25,-28.32,18,88.89,16.79,88.75,1.9,0.204,-50.71,87,3072.66,10.81,0.556,0.873,311.77,0
SPY,1d,150,4,dip,68.03,2.23,0.225,-50.71,62,82.26,26.43,24.81,2.21,0.23,-28.32,19,84.21,16.67,118.01,2.34,0.234,-50.71,82,3072.66,10.81,0.556,0.873,311.77,0
SPY,1d,150,5,dip,58.79,1.98,0.208,-50.88,53,83.02,26.28,23.76,2.13,0.225,-28.32,15,80,16.67,104.29,2.14,0.221,-50.88,69,3072.66,10.81,0.556,0.873,311.77,0
SPY,1d,150,7,dip,54.44,1.86,0.2,-51.48,46,84.78,26.38,35.24,3.03,0.292,-28.32,13,84.62,16.71,117.49,2.33,0.234,-51.48,60,3072.66,10.81,0.556,0.873,311.77,0
SPY,1d,150,9,dip,49.86,1.73,0.191,-52.02,41,85.37,26.38,43.93,3.67,0.34,-24.61,12,83.33,16.67,115.71,2.31,0.233,-52.02,53,3072.66,10.81,0.556,0.873,311.77,0
SPY,1d,150,12,dip,22.74,0.87,0.132,-54.82,30,80,26.38,55,4.43,0.403,-22.25,10,90,16.67,90.25,1.93,0.207,-54.82,40,3072.66,10.81,0.556,0.873,311.77,0
SPY,1d,150,15,dip,21.42,0.83,0.129,-52.43,28,82.14,26.11,65.02,5.08,0.462,-18.98,10,80,16.75,100.36,2.09,0.219,-52.43,38,3072.66,10.81,0.556,0.873,311.77,0
SPY,1d,150,20,dip,40.49,1.45,0.172,-52.18,27,77.78,26.09,71.26,5.46,0.517,-19.58,9,77.78,17.11,140.6,2.64,0.261,-52.18,36,3072.66,10.81,0.556,0.873,311.77,0
SPY,1d,150,25,dip,34.9,1.28,0.161,-51.89,24,75,25.91,61.93,4.88,0.472,-22.53,8,87.5,17.11,118.45,2.35,0.241,-51.89,32,3072.66,10.81,0.556,0.873,311.77,0
SPY,1d,150,30,dip,29.45,1.1,0.148,-52.19,21,80.95,25.67,63.31,4.97,0.482,-22.1,7,85.71,16.99,111.41,2.25,0.235,-52.19,28,3072.66,10.81,0.556,0.873,311.77,0
SPY,1d,150,40,dip,18.49,0.72,0.121,-52.88,19,73.68,25.52,59.54,4.73,0.481,-22.1,7,85.71,17.07,89.05,1.91,0.21,-52.88,26,3072.66,10.81,0.556,0.873,311.77,0
SPY,1d,150,50,dip,2.77,0.12,0.077,-60.14,16,68.75,25.87,38.66,3.28,0.363,-22.1,7,71.43,16.52,42.5,1.06,0.146,-60.14,23,3072.66,10.81,0.556,0.873,311.77,0
SPY,1d,150,60,dip,14.1,0.56,0.109,-58.62,15,80,26.31,63.29,4.97,0.56,-22.1,4,75,16.56,86.32,1.87,0.21,-58.62,19,3072.66,10.81,0.556,0.873,311.77,0
SPY,1d,150,75,dip,16.88,0.66,0.117,-54.04,16,81.25,27,50.03,4.09,0.489,-22.95,5,80,17.58,75.36,1.68,0.196,-54.04,21,3072.66,10.81,0.556,0.873,311.77,0
SPY,1d,150,100,dip,13.47,0.54,0.107,-56.55,17,70.59,26.14,63.78,5,0.625,-16.68,7,85.71,18.32,85.85,1.86,0.212,-56.55,24,3072.66,10.81,0.556,0.873,311.77,0
SPY,1d,150,125,dip,22.53,0.87,0.131,-55.91,23,69.57,27.54,31.81,2.77,0.384,-16.68,6,66.67,17.93,61.51,1.43,0.177,-55.91,29,3072.66,10.81,0.556,0.873,311.77,0
SPY,1d,150,200,trend,575.08,8.45,0.675,-28,10,70,70.12,149.9,9.48,0.675,-33.72,5,80,60.13,2128.4,9.66,0.716,-33.72,15,3072.66,10.81,0.556,0.873,311.77,0
SPY,1d,150,250,trend,823.23,9.9,0.766,-19.03,6,100,71.43,143.09,9.18,0.654,-33.72,3,100,60.99,3036.99,10.78,0.78,-33.72,9,3072.66,10.81,0.556,0.873,311.77,0
SPY,1d,150,300,trend,764.96,9.59,0.745,-19.03,5,100,71.04,150.61,9.51,0.664,-33.72,3,100,63.7,2879.13,10.61,0.764,-33.72,8,3072.66,10.81,0.556,0.873,311.77,0
SPY,1d,200,2,dip,1.51,0.06,0.076,-59.87,55,85.45,24.95,51.84,4.21,0.383,-22.25,21,85.71,15.77,54.13,1.29,0.162,-59.87,76,3072.66,10.81,0.556,0.873,311.77,0
SPY,1d,200,3,dip,14.46,0.58,0.112,-58.33,46,89.13,25.06,41.02,3.46,0.327,-23.25,18,88.89,15.77,61.41,1.43,0.172,-58.33,64,3072.66,10.81,0.556,0.873,311.77,0
SPY,1d,200,4,dip,36.01,1.31,0.163,-56.1,42,88.1,25,39.19,3.32,0.319,-23.25,15,86.67,15.61,89.31,1.91,0.206,-56.1,57,3072.66,10.81,0.556,0.873,311.77,0
SPY,1d,200,5,dip,33.26,1.23,0.157,-56.31,35,88.57,25.1,31.09,2.71,0.273,-23.44,12,83.33,15.81,74.69,1.67,0.189,-56.31,47,3072.66,10.81,0.556,0.873,311.77,0
SPY,1d,200,7,dip,15.37,0.61,0.114,-59.94,29,89.66,25.03,42.41,3.56,0.336,-22.25,11,81.82,15.77,64.3,1.49,0.176,-59.94,40,3072.66,10.81,0.556,0.873,311.77,0
SPY,1d,200,9,dip,-7.99,-0.35,0.045,-63.45,24,83.33,24.91,35.87,3.08,0.302,-22.37,9,88.89,15.65,25.02,0.67,0.117,-63.45,33,3072.66,10.81,0.556,0.873,311.77,0
SPY,1d,200,12,dip,-10.43,-0.47,0.037,-63.41,21,80.95,25.05,33.93,2.93,0.291,-21.18,8,87.5,15.85,19.97,0.54,0.108,-63.41,29,3072.66,10.81,0.556,0.873,311.77,0
SPY,1d,200,15,dip,-4.57,-0.2,0.056,-63.12,21,85.71,24.91,46.72,3.86,0.376,-19.25,6,83.33,15.89,40.01,1,0.141,-63.12,27,3072.66,10.81,0.556,0.873,311.77,0
SPY,1d,200,20,dip,-4.97,-0.22,0.054,-63.82,18,77.78,24.78,45.61,3.78,0.384,-20.51,7,85.71,15.89,38.38,0.97,0.139,-63.82,25,3072.66,10.81,0.556,0.873,311.77,0
SPY,1d,200,25,dip,-10.18,-0.45,0.036,-65.04,13,76.92,24.74,53.93,4.36,0.438,-16.68,6,83.33,15.77,38.27,0.97,0.139,-65.04,19,3072.66,10.81,0.556,0.873,311.77,0
SPY,1d,200,30,dip,-15.59,-0.72,0.016,-64.98,12,75,24.76,61.41,4.85,0.483,-22.1,4,75,15.93,36.24,0.92,0.135,-64.98,16,3072.66,10.81,0.556,0.873,311.77,0
SPY,1d,200,40,dip,1.97,0.08,0.074,-63.44,13,76.92,25.11,44.57,3.71,0.422,-22.1,4,75,15.97,47.42,1.16,0.154,-63.44,17,3072.66,10.81,0.556,0.873,311.77,0
SPY,1d,200,50,dip,-9.68,-0.43,0.035,-65.84,11,72.73,25.1,50.77,4.14,0.481,-22.1,4,75,15.81,36.17,0.92,0.136,-65.84,15,3072.66,10.81,0.556,0.873,311.77,0
SPY,1d,200,60,dip,-0.55,-0.02,0.066,-62.71,11,72.73,25.16,45.59,3.78,0.458,-22.1,4,75,15.89,44.78,1.11,0.151,-62.71,15,3072.66,10.81,0.556,0.873,311.77,0
SPY,1d,200,75,dip,-13.37,-0.61,0.022,-57.73,11,63.64,25.13,48.71,4,0.509,-19.21,4,75,15.77,28.82,0.76,0.123,-57.73,15,3072.66,10.81,0.556,0.873,311.77,0
SPY,1d,200,100,dip,13.04,0.52,0.106,-55.49,9,66.67,24.74,39.39,3.34,0.459,-16.68,4,75,16.16,57.57,1.36,0.173,-55.49,13,3072.66,10.81,0.556,0.873,311.77,0
SPY,1d,200,125,dip,-5.81,-0.25,0.046,-61.05,10,70,23.24,36.71,3.14,0.446,-16.68,4,100,16.71,28.76,0.75,0.123,-61.05,14,3072.66,10.81,0.556,0.873,311.77,0
SPY,1d,200,150,dip,5.64,0.23,0.083,-51.49,10,80,23.53,23.74,2.13,0.329,-16.68,5,100,14.67,30.72,0.8,0.126,-51.49,15,3072.66,10.81,0.556,0.873,311.77,0
SPY,1d,200,250,trend,809.91,9.83,0.759,-19.03,6,100,70.59,132.89,8.72,0.624,-33.72,4,100,60.36,2857.08,10.58,0.764,-33.72,10,3072.66,10.81,0.556,0.873,311.77,0
SPY,1d,200,300,trend,831.04,9.94,0.764,-19.03,5,100,70.45,176.58,10.58,0.728,-33.72,2,100,61.78,3653.3,11.37,0.808,-33.72,7,3072.66,10.81,0.556,0.873,311.77,0
SPY,1d,250,2,dip,20.79,0.81,0.127,-59.54,45,84.44,23.34,46.99,3.88,0.369,-22.25,23,82.61,14.2,77.55,1.72,0.193,-59.54,68,3072.66,10.81,0.556,0.873,311.77,0
SPY,1d,250,3,dip,14.85,0.59,0.112,-62.38,34,85.29,23.29,31.65,2.76,0.28,-22.25,15,80,14.2,51.2,1.24,0.158,-62.38,49,3072.66,10.81,0.556,0.873,311.77,0
SPY,1d,250,4,dip,9.16,0.37,0.096,-62.44,30,83.33,23.28,54.08,4.37,0.407,-22.25,12,91.67,14.16,68.19,1.56,0.182,-62.44,42,3072.66,10.81,0.556,0.873,311.77,0
SPY,1d,250,5,dip,-3.81,-0.16,0.058,-63.36,28,85.71,23.43,49.16,4.03,0.381,-22.25,12,91.67,14.16,43.49,1.08,0.147,-63.36,40,3072.66,10.81,0.556,0.873,311.77,0
SPY,1d,250,7,dip,-12.04,-0.54,0.03,-64.56,23,73.91,23.21,37.7,3.21,0.318,-23.8,8,87.5,14.35,21.12,0.57,0.109,-64.56,31,3072.66,10.81,0.556,0.873,311.77,0
SPY,1d,250,9,dip,4.05,0.17,0.081,-62.82,21,85.71,23.28,45.86,3.8,0.366,-21.67,7,85.71,14.31,51.77,1.25,0.159,-62.82,28,3072.66,10.81,0.556,0.873,311.77,0
SPY,1d,250,12,dip,2.47,0.1,0.076,-62.21,18,83.33,23.33,68.21,5.28,0.492,-16.73,7,85.71,14.43,72.36,1.63,0.188,-62.21,25,3072.66,10.81,0.556,0.873,311.77,0
SPY,1d,250,15,dip,1.83,0.08,0.074,-61.97,16,81.25,23.33,70.34,5.41,0.515,-16.73,7,71.43,14.67,73.46,1.65,0.19,-61.97,23,3072.66,10.81,0.556,0.873,311.77,0
SPY,1d,250,20,dip,3.58,0.15,0.079,-64.24,14,78.57,23.31,81.06,6.04,0.604,-16.68,6,83.33,14.43,87.54,1.89,0.209,-64.24,20,3072.66,10.81,0.556,0.873,311.77,0
SPY,1d,250,25,dip,-4.37,-0.19,0.054,-66.13,12,83.33,23.29,73.01,5.57,0.559,-16.68,5,100,14.24,65.44,1.51,0.18,-66.13,17,3072.66,10.81,0.556,0.873,311.77,0
SPY,1d,250,30,dip,-9.21,-0.41,0.037,-65.29,11,81.82,23.48,58.64,4.67,0.533,-18.29,5,80,14.35,44.03,1.09,0.149,-65.29,16,3072.66,10.81,0.556,0.873,311.77,0
SPY,1d,250,40,dip,-15.29,-0.7,0.015,-66.4,8,75,23.65,34.73,2.99,0.362,-21.68,4,75,14.83,14.12,0.39,0.093,-66.4,12,3072.66,10.81,0.556,0.873,311.77,0
SPY,1d,250,50,dip,-14.8,-0.68,0.016,-66.92,8,75,23.55,30.78,2.69,0.336,-24.32,4,75,14.94,11.42,0.32,0.087,-66.92,12,3072.66,10.81,0.556,0.873,311.77,0
SPY,1d,250,60,dip,-11.04,-0.5,0.029,-63.07,8,75,23.43,41.01,3.46,0.435,-16.68,4,75,15.22,25.44,0.68,0.116,-63.07,12,3072.66,10.81,0.556,0.873,311.77,0
SPY,1d,250,75,dip,-19.41,-0.91,-0.003,-61.57,6,66.67,23.14,36.61,3.13,0.422,-16.68,4,75,14.94,10.1,0.29,0.084,-61.57,10,3072.66,10.81,0.556,0.873,311.77,0
SPY,1d,250,100,dip,-13.61,-0.62,0.018,-61.21,6,66.67,23.26,28.86,2.54,0.377,-16.68,3,100,13.72,11.32,0.32,0.086,-61.21,9,3072.66,10.81,0.556,0.873,311.77,0
SPY,1d,250,125,dip,-21.02,-1,-0.012,-60.8,6,66.67,23.09,16.5,1.52,0.247,-18.15,3,100,13.37,-7.98,-0.25,0.037,-60.8,9,3072.66,10.81,0.556,0.873,311.77,0
SPY,1d,250,150,dip,-24.59,-1.19,-0.029,-61.65,6,50,21.89,20.5,1.86,0.303,-16.68,3,100,12.86,-9.13,-0.28,0.032,-61.65,9,3072.66,10.81,0.556,0.873,311.77,0
SPY,1d,250,200,dip,-24.2,-1.17,-0.029,-60.38,6,66.67,21.89,25.84,2.3,0.381,-16.68,4,75,11.76,-4.62,-0.14,0.044,-60.38,10,3072.66,10.81,0.556,0.873,311.77,0
SPY,1d,250,300,trend,657.44,8.98,0.694,-26.87,5,100,70.17,155.44,9.71,0.679,-33.72,2,100,60.28,2716.78,10.42,0.745,-33.72,8,3072.66,10.81,0.556,0.873,311.77,0
SPY,1d,300,2,dip,-4.34,-0.19,0.055,-63.71,29,86.21,21.49,35.28,3.03,0.307,-22.25,10,90,13.33,29.41,0.77,0.124,-63.71,39,3072.66,10.81,0.556,0.873,311.77,0
SPY,1d,300,3,dip,2.24,0.09,0.075,-63.89,20,90,21.41,34.7,2.99,0.303,-22.25,8,87.5,13.53,37.72,0.95,0.138,-63.89,28,3072.66,10.81,0.556,0.873,311.77,0
SPY,1d,300,4,dip,-2.57,-0.11,0.06,-64.2,19,84.21,21.46,41.09,3.46,0.343,-20.13,8,87.5,13.49,37.47,0.95,0.137,-64.2,27,3072.66,10.81,0.556,0.873,311.77,0
SPY,1d,300,5,dip,-5.81,-0.25,0.049,-64.5,16,87.5,21.34,52.25,4.24,0.415,-16.73,8,87.5,13.41,43.41,1.08,0.147,-64.5,24,3072.66,10.81,0.556,0.873,311.77,0
SPY,1d,300,7,dip,-0.39,-0.02,0.066,-63.26,16,87.5,21.3,46.51,3.85,0.381,-16.73,7,85.71,13.33,45.94,1.13,0.151,-63.26,23,3072.66,10.81,0.556,0.873,311.77,0
SPY,1d,300,9,dip,4.85,0.2,0.082,-63.67,17,82.35,21.69,43.82,3.66,0.374,-16.73,7,85.71,13.37,50.79,1.23,0.159,-63.67,24,3072.66,10.81,0.556,0.873,311.77,0
SPY,1d,300,12,dip,-14.33,-0.65,0.018,-66.15,12,83.33,21.78,45.1,3.75,0.384,-16.73,6,83.33,13.49,24.31,0.65,0.114,-66.15,18,3072.66,10.81,0.556,0.873,311.77,0
SPY,1d,300,15,dip,-10.16,-0.45,0.033,-66.5,12,83.33,21.74,46.61,3.85,0.431,-16.68,5,100,13.49,31.72,0.82,0.128,-66.5,17,3072.66,10.81,0.556,0.873,311.77,0
SPY,1d,300,20,dip,-13.91,-0.63,0.019,-66.91,12,83.33,21.49,45.98,3.81,0.436,-16.68,5,80,13.61,25.68,0.68,0.116,-66.91,17,3072.66,10.81,0.556,0.873,311.77,0
SPY,1d,300,25,dip,-22.36,-1.07,-0.014,-66,10,80,21.42,74.67,5.67,0.631,-16.68,5,100,13.8,35.61,0.91,0.135,-66,15,3072.66,10.81,0.556,0.873,311.77,0
SPY,1d,300,30,dip,-22.4,-1.07,-0.014,-64.26,8,75,21.49,72.97,5.57,0.649,-16.68,5,100,13.92,34.22,0.88,0.132,-64.26,13,3072.66,10.81,0.556,0.873,311.77,0
SPY,1d,300,40,dip,-21.32,-1.01,-0.011,-63.43,7,57.14,21.3,45.94,3.81,0.473,-17.16,4,100,14.08,14.83,0.41,0.094,-63.43,11,3072.66,10.81,0.556,0.873,311.77,0
SPY,1d,300,50,dip,-13.38,-0.61,0.019,-59.39,6,66.67,21.14,48.76,4,0.513,-16.68,4,100,13.57,28.85,0.76,0.123,-59.39,10,3072.66,10.81,0.556,0.873,311.77,0
SPY,1d,300,60,dip,-23.85,-1.15,-0.023,-61.86,6,66.67,21.39,34.55,2.98,0.409,-16.68,3,100,13.41,2.46,0.07,0.065,-61.86,9,3072.66,10.81,0.556,0.873,311.77,0
SPY,1d,300,75,dip,-26.86,-1.32,-0.036,-62.23,5,60,21.84,32.13,2.79,0.401,-16.68,3,100,13.57,-3.36,-0.1,0.05,-62.23,8,3072.66,10.81,0.556,0.873,311.77,0
SPY,1d,300,100,dip,-23.24,-1.12,-0.022,-61.25,5,60,21.52,15.35,1.42,0.232,-16.68,3,100,13.25,-11.46,-0.36,0.026,-61.25,8,3072.66,10.81,0.556,0.873,311.77,0
SPY,1d,300,125,dip,-25.65,-1.25,-0.034,-60.61,5,60,21.62,22.92,2.06,0.344,-16.68,3,100,11.64,-8.61,-0.27,0.033,-60.61,8,3072.66,10.81,0.556,0.873,311.77,0
SPY,1d,300,150,dip,-17.67,-0.82,-0.001,-60.6,5,60,21.78,18.88,1.72,0.312,-16.68,3,100,9.2,-2.13,-0.06,0.05,-60.6,8,3072.66,10.81,0.556,0.873,311.77,0
SPY,1d,300,200,dip,-23.56,-1.13,-0.027,-62.83,5,40,21.76,1.69,0.17,0.057,-17.91,2,50,9.28,-22.28,-0.75,-0.012,-62.83,7,3072.66,10.81,0.556,0.873,311.77,0
SPY,1d,300,250,dip,-8.42,-0.37,0.032,-61.71,6,66.67,21.41,10.47,0.99,0.202,-12.89,2,100,9.32,0.89,0.03,0.057,-61.71,8,3072.66,10.81,0.556,0.873,311.77,0
SPY,1h,2,3,trend,-11.27,-8.16,-0.719,-15.06,426,40.14,52.87,-6.45,-10.66,-1.173,-10.06,192,35.42,52.44,-17.31,-9.08,-0.853,-22.92,619,34.35,15.94,0.886,1.547,12.5,0
SPY,1h,2,4,trend,-8.53,-6.15,-0.473,-12.16,317,36.28,54.76,-2.36,-3.96,-0.405,-8.38,141,34.75,52.34,-11.05,-5.7,-0.471,-19.7,459,34.35,15.94,0.886,1.547,12.5,0
SPY,1h,2,5,trend,-9.41,-6.79,-0.52,-13.18,259,37.84,55.7,6.15,10.63,1.209,-5.74,106,36.79,52.06,-5.91,-3,-0.214,-18.55,367,34.35,15.94,0.886,1.547,12.5,0
SPY,1h,2,7,trend,-0.75,-0.54,0.01,-8.91,198,38.38,56.73,1.76,2.99,0.377,-6.4,79,37.97,52.82,-0.92,-0.46,0.012,-14.31,279,34.35,15.94,0.886,1.547,12.5,0
SPY,1h,2,9,trend,-13.39,-9.73,-0.875,-17.3,166,35.54,56.81,3.75,6.43,0.752,-4.91,60,30,52.06,-11.82,-6.1,-0.544,-21.52,228,34.35,15.94,0.886,1.547,12.5,0
SPY,1h,2,12,trend,-9.04,-6.52,-0.573,-14.81,130,35.38,56.52,0.42,0.71,0.127,-4.58,53,30.19,52.15,-10.96,-5.65,-0.519,-18.43,184,34.35,15.94,0.886,1.547,12.5,0
SPY,1h,2,15,trend,-3.76,-2.69,-0.199,-16.57,108,32.41,57.1,3.97,6.81,0.836,-4.14,44,34.09,53.01,-2.46,-1.24,-0.07,-16.57,153,34.35,15.94,0.886,1.547,12.5,0
SPY,1h,2,20,trend,1.32,0.94,0.14,-15.76,91,29.67,58.53,6.94,12.02,1.321,-5.12,40,32.5,54.45,5.34,2.64,0.301,-15.76,133,34.35,15.94,0.886,1.547,12.5,0
SPY,1h,2,25,trend,5.76,4.06,0.427,-10.96,86,34.88,59.02,4.79,8.23,0.928,-6.6,37,27.03,55.31,10.05,4.91,0.522,-11.82,124,34.35,15.94,0.886,1.547,12.5,0
SPY,1h,2,30,trend,0.44,0.32,0.082,-13.36,78,28.21,57.88,7.86,13.64,1.518,-4.89,31,35.48,54.55,7.58,3.73,0.418,-13.36,110,34.35,15.94,0.886,1.547,12.5,0
SPY,1h,2,40,trend,-3.52,-2.52,-0.21,-16.78,64,26.56,58.9,16.05,28.63,2.978,-2.58,27,40.74,53.49,8.85,4.34,0.491,-16.78,93,34.35,15.94,0.886,1.547,12.5,1
SPY,1h,2,50,trend,-2.26,-1.62,-0.134,-13.81,65,27.69,60.09,16.34,29.17,3.041,-2.48,21,42.86,55.12,10.36,5.06,0.592,-13.81,90,34.35,15.94,0.886,1.547,12.5,1
SPY,1h,2,60,trend,-3.68,-2.63,-0.241,-15.79,54,25.93,60.05,11.61,20.41,2.295,-3.6,18,33.33,54.93,3.74,1.86,0.248,-15.79,76,34.35,15.94,0.886,1.547,12.5,1
SPY,1h,2,75,trend,-10.48,-7.57,-0.783,-15.55,58,22.41,61.07,10.55,18.48,2.101,-4.66,12,33.33,56.36,-3.75,-1.9,-0.159,-15.55,74,34.35,15.94,0.886,1.547,12.5,1
SPY,1h,2,100,trend,-3.92,-2.81,-0.28,-10.78,53,22.64,63.82,8.84,15.4,1.815,-6.54,16,25,55.79,3.18,1.58,0.225,-10.78,72,34.35,15.94,0.886,1.547,12.5,1
SPY,1h,2,125,trend,2.82,2,0.268,-9.23,38,23.68,65.26,7.2,12.47,1.49,-7.04,16,18.75,56.56,9.7,4.75,0.58,-10.23,55,34.35,15.94,0.886,1.547,12.5,0
SPY,1h,2,150,trend,7.75,5.45,0.651,-8.19,30,30,65.87,4.2,7.2,0.958,-7.74,14,14.29,58.28,12.27,5.97,0.731,-8.37,44,34.35,15.94,0.886,1.547,12.5,0
SPY,1h,2,200,trend,10.66,7.48,0.874,-7.13,20,35,59.52,-6.24,-10.32,-1.903,-6.57,15,13.33,34.16,14.35,6.95,0.833,-8.53,36,34.35,15.94,0.886,1.547,12.5,0
SPY,1h,2,250,trend,10.15,7.12,0.815,-9.03,20,20,60.5,-4.43,-7.37,-1.236,-6.3,14,28.57,35.12,13.69,6.64,0.773,-9.03,35,34.35,15.94,0.886,1.547,12.5,0
SPY,1h,2,300,trend,6.49,4.58,0.543,-9.7,22,27.27,61.48,-4.15,-6.92,-1.079,-7.16,13,15.38,39.62,10.03,4.9,0.577,-9.7,36,34.35,15.94,0.886,1.547,12.5,0
SPY,1h,3,2,dip,-18.52,-13.56,-1.102,-21.49,427,52.93,46.96,-5.46,-9.06,-0.957,-7.56,191,45.55,47.18,-22.67,-12.08,-1.043,-23.12,619,34.35,15.94,0.886,1.547,12.5,0
SPY,1h,3,4,trend,-9.4,-6.79,-0.544,-11.88,347,39.77,53.53,3.39,5.81,0.667,-6.55,144,36.11,51.58,-6.7,-3.42,-0.262,-16.92,492,34.35,15.94,0.886,1.547,12.5,0
SPY,1h,3,5,trend,-2.32,-1.66,-0.081,-8.54,262,38.93,54.84,6.71,11.61,1.3,-4.91,107,32.71,51.96,2.23,1.11,0.154,-10.27,371,34.35,15.94,0.886,1.547,12.5,0
SPY,1h,3,7,trend,-8.81,-6.35,-0.496,-12.89,183,36.61,56.36,7.41,12.85,1.362,-5.54,74,35.14,52.54,-3.48,-1.76,-0.102,-16.88,259,34.35,15.94,0.886,1.547,12.5,0
SPY,1h,3,9,trend,-12.02,-8.71,-0.734,-15.59,146,36.3,55.95,2.73,4.65,0.59,-4.63,57,36.84,51.87,-11.89,-6.15,-0.533,-20.67,204,34.35,15.94,0.886,1.547,12.5,0
SPY,1h,3,12,trend,-10.19,-7.37,-0.649,-19.73,124,39.52,56.85,4.94,8.5,1.025,-4.44,46,36.96,52.34,-8.13,-4.16,-0.359,-19.73,171,34.35,15.94,0.886,1.547,12.5,0
SPY,1h,3,15,trend,-2.26,-1.62,-0.097,-18.81,97,38.14,57.67,4.82,8.28,1.009,-3.91,40,37.5,52.34,-0.35,-0.17,0.034,-18.81,138,34.35,15.94,0.886,1.547,12.5,0
SPY,1h,3,20,trend,4.13,2.92,0.318,-13.95,81,39.51,58.2,9.95,17.39,1.856,-4.73,34,44.12,54.26,10.38,5.07,0.522,-13.95,117,34.35,15.94,0.886,1.547,12.5,1
SPY,1h,3,25,trend,4.79,3.39,0.364,-9.99,79,39.24,59.06,9.96,17.42,1.873,-4.41,30,40,54.83,14.21,6.88,0.704,-10.69,110,34.35,15.94,0.886,1.547,12.5,1
SPY,1h,3,30,trend,-3.97,-2.84,-0.231,-15.48,66,31.82,57.71,8.12,14.1,1.543,-5,28,42.86,54.83,2.88,1.43,0.194,-15.48,95,34.35,15.94,0.886,1.547,12.5,0
SPY,1h,3,40,trend,-2.45,-1.75,-0.125,-16.09,54,29.63,58.74,10.97,19.25,2.109,-4.3,26,30.77,53.4,5.16,2.55,0.308,-16.09,82,34.35,15.94,0.886,1.547,12.5,1
SPY,1h,3,50,trend,-3.09,-2.21,-0.193,-13.35,54,35.19,59.8,14.91,26.49,2.808,-3.06,18,44.44,55.31,7.69,3.78,0.449,-13.35,76,34.35,15.94,0.886,1.547,12.5,1
SPY,1h,3,60,trend,-6.08,-4.37,-0.435,-13.62,45,24.44,60.09,9.82,17.16,1.94,-4.54,15,33.33,55.12,-1.49,-0.75,-0.036,-13.62,63,34.35,15.94,0.886,1.547,12.5,1
SPY,1h,3,75,trend,-11.31,-8.19,-0.86,-15.79,49,20.41,60.87,10.48,18.35,2.054,-4.49,11,36.36,55.79,-5.38,-2.73,-0.251,-15.81,62,34.35,15.94,0.886,1.547,12.5,1
SPY,1h,3,100,trend,-2.05,-1.46,-0.124,-9.29,44,34.09,63.58,7.98,13.87,1.612,-5.16,12,33.33,55.98,4.51,2.24,0.299,-12.08,58,34.35,15.94,0.886,1.547,12.5,1
SPY,1h,3,125,trend,0.5,0.36,0.085,-9.75,33,33.33,65.38,7.09,12.28,1.453,-6.81,14,21.43,56.84,7.12,3.5,0.424,-10.06,48,34.35,15.94,0.886,1.547,12.5,0
SPY,1h,3,150,trend,9.12,6.41,0.753,-8.01,25,44,66,5.09,8.76,1.138,-6.95,11,18.18,58.66,14.68,7.1,0.855,-8.01,36,34.35,15.94,0.886,1.547,12.5,0
SPY,1h,3,200,trend,11.54,8.08,0.938,-7.24,18,44.44,59.43,-5.26,-8.73,-1.658,-5.63,13,7.69,33.4,14.7,7.11,0.85,-9.09,32,34.35,15.94,0.886,1.547,12.5,0
SPY,1h,3,250,trend,10.78,7.56,0.866,-8.06,18,27.78,60.62,-4.83,-8.03,-1.333,-6.39,12,16.67,35.02,13.54,6.56,0.767,-8.94,31,34.35,15.94,0.886,1.547,12.5,0
SPY,1h,3,300,trend,8.32,5.85,0.682,-8.22,19,21.05,61.48,-3.04,-5.08,-0.772,-5.82,12,25,39.23,12.89,6.26,0.724,-8.27,32,34.35,15.94,0.886,1.547,12.5,0
SPY,1h,4,2,dip,-9.92,-7.17,-0.608,-22.82,318,57.86,45.04,-3.74,-6.24,-0.617,-5.57,140,52.14,47.18,-12.9,-6.68,-0.588,-22.82,459,34.35,15.94,0.886,1.547,12.5,0
SPY,1h,4,3,dip,-12.28,-8.9,-0.75,-19.16,348,50.57,46.27,-9.43,-15.41,-1.718,-10.41,143,50.35,47.94,-20.18,-10.68,-0.974,-22.02,492,34.35,15.94,0.886,1.547,12.5,0
SPY,1h,4,5,trend,-6.55,-4.7,-0.329,-13.96,297,39.06,54.43,0.25,0.43,0.092,-5.88,120,38.33,51.58,-5.29,-2.69,-0.176,-16.01,418,34.35,15.94,0.886,1.547,12.5,0
SPY,1h,4,7,trend,-13.83,-10.05,-0.857,-17.15,181,38.67,55.99,5.3,9.13,0.992,-4.77,73,38.36,51.29,-10.74,-5.53,-0.458,-20.53,256,34.35,15.94,0.886,1.547,12.5,0
SPY,1h,4,9,trend,-11.62,-8.42,-0.733,-17.96,138,39.86,56.07,1.39,2.36,0.318,-4.66,52,38.46,52.73,-12.2,-6.31,-0.563,-18.77,191,34.35,15.94,0.886,1.547,12.5,0
SPY,1h,4,12,trend,-11.68,-8.46,-0.764,-21.01,120,40.83,56.64,5.38,9.26,1.133,-4.53,43,41.86,51.58,-9.47,-4.86,-0.436,-21.01,164,34.35,15.94,0.886,1.547,12.5,0
SPY,1h,4,15,trend,-9.56,-6.9,-0.616,-22.69,90,41.11,57.01,5.8,10,1.214,-3.81,40,40,52.73,-6.93,-3.53,-0.304,-22.69,131,34.35,15.94,0.886,1.547,12.5,0
SPY,1h,4,20,trend,-2.1,-1.5,-0.08,-17.11,74,36.49,58.04,8.45,14.7,1.608,-4.95,34,41.18,54.07,2.64,1.31,0.176,-17.11,110,34.35,15.94,0.886,1.547,12.5,1
SPY,1h,4,25,trend,4.12,2.92,0.328,-12.65,75,38.67,58.49,6.58,11.37,1.274,-4.95,27,40.74,54.83,9.96,4.87,0.527,-12.65,103,34.35,15.94,0.886,1.547,12.5,0
SPY,1h,4,30,trend,1.76,1.25,0.172,-14.96,64,39.06,57.71,7.21,12.5,1.407,-5,27,37.04,54.26,8.11,3.98,0.443,-14.96,92,34.35,15.94,0.886,1.547,12.5,0
SPY,1h,4,40,trend,-3.18,-2.27,-0.178,-15.67,50,36,58.41,9.67,16.88,1.879,-3.88,27,29.63,53.01,3.58,1.78,0.23,-15.67,79,34.35,15.94,0.886,1.547,12.5,1
SPY,1h,4,50,trend,-1.1,-0.78,-0.04,-12.62,49,36.73,59.89,13.26,23.43,2.54,-3.75,16,43.75,55.22,8.15,4,0.479,-12.62,68,34.35,15.94,0.886,1.547,12.5,1
SPY,1h,4,60,trend,-10.92,-7.9,-0.837,-16.1,44,22.73,60.34,11.47,20.15,2.279,-4.12,13,38.46,55.31,-4.14,-2.09,-0.185,-16.1,60,34.35,15.94,0.886,1.547,12.5,1
SPY,1h,4,75,trend,-7.43,-5.35,-0.532,-12.58,42,19.05,60.75,8.12,14.1,1.62,-5.91,10,40,55.79,-3.46,-1.75,-0.142,-13.2,54,34.35,15.94,0.886,1.547,12.5,1
SPY,1h,4,100,trend,-5.08,-3.64,-0.378,-10.62,41,21.95,63.86,7.97,13.85,1.635,-5.58,11,27.27,55.98,1.64,0.82,0.138,-12.77,53,34.35,15.94,0.886,1.547,12.5,1
SPY,1h,4,125,trend,2.07,1.47,0.202,-9.18,28,28.57,65.59,7.34,12.72,1.502,-6.58,11,18.18,56.36,9.56,4.68,0.549,-9.32,39,34.35,15.94,0.886,1.547,12.5,0
SPY,1h,4,150,trend,8.63,6.06,0.71,-7.76,23,43.48,66.16,4.61,7.92,1.024,-7.17,10,20,58.37,13.63,6.61,0.793,-7.89,33,34.35,15.94,0.886,1.547,12.5,0
SPY,1h,4,200,trend,14.26,9.95,1.136,-5.07,14,42.86,59.23,-6.88,-11.36,-2.196,-7.17,13,7.69,33.68,15.48,7.48,0.89,-10.45,28,34.35,15.94,0.886,1.547,12.5,0
SPY,1h,4,250,trend,10.19,7.15,0.815,-8.59,16,18.75,60.87,-5.49,-9.11,-1.505,-7.24,11,18.18,35.22,12.67,6.16,0.718,-9.34,28,34.35,15.94,0.886,1.547,12.5,0
SPY,1h,4,300,trend,7.18,5.06,0.599,-8.47,15,6.67,61.36,-2.4,-4.02,-0.603,-5.73,9,33.33,38.95,12.88,6.26,0.724,-8.65,25,34.35,15.94,0.886,1.547,12.5,0
SPY,1h,5,2,dip,-2.25,-1.61,-0.091,-18.92,259,59.07,44.01,-6.12,-10.13,-1.066,-7.13,106,52.83,47.18,-7.82,-3.99,-0.33,-18.92,366,34.35,15.94,0.886,1.547,12.5,0
SPY,1h,5,3,dip,-9.61,-6.94,-0.566,-20.15,262,53.44,44.67,-6,-9.93,-1.041,-8.61,107,56.07,47.18,-15.5,-8.09,-0.71,-20.15,370,34.35,15.94,0.886,1.547,12.5,0
SPY,1h,5,4,dip,-9.82,-7.09,-0.631,-18.58,298,53.69,45.32,-4.06,-6.77,-0.689,-6.65,119,47.06,47.85,-14.18,-7.37,-0.683,-18.58,418,34.35,15.94,0.886,1.547,12.5,0
SPY,1h,5,7,trend,-14.09,-10.25,-0.933,-20.3,204,46.57,55.05,2.09,3.55,0.437,-5.19,84,40.48,51.48,-13.76,-7.15,-0.652,-21.42,290,34.35,15.94,0.886,1.547,12.5,0
SPY,1h,5,9,trend,-14.42,-10.49,-0.982,-21.57,142,43.66,56.07,5.23,9.01,1.055,-3.94,55,40,52.06,-12.18,-6.3,-0.583,-22.12,198,34.35,15.94,0.886,1.547,12.5,0
SPY,1h,5,12,trend,-15.71,-11.45,-1.066,-23.69,113,41.59,56.73,5.78,9.97,1.197,-3.86,43,37.21,51.67,-13.08,-6.78,-0.63,-24.57,157,34.35,15.94,0.886,1.547,12.5,0
SPY,1h,5,15,trend,-9.07,-6.54,-0.583,-22.63,89,41.57,57.59,3.93,6.73,0.853,-3.75,39,33.33,51.48,-7.69,-3.93,-0.347,-22.63,129,34.35,15.94,0.886,1.547,12.5,0
SPY,1h,5,20,trend,2.52,1.79,0.222,-17.64,67,34.33,57.63,3.61,6.18,0.77,-5.57,33,42.42,53.88,2.66,1.32,0.182,-17.64,102,34.35,15.94,0.886,1.547,12.5,0
SPY,1h,5,25,trend,3.91,2.77,0.317,-13.62,61,36.07,58.53,4.79,8.23,1.004,-5.53,29,44.83,54.16,7.73,3.8,0.433,-13.62,91,34.35,15.94,0.886,1.547,12.5,0
SPY,1h,5,30,trend,3.71,2.62,0.303,-16.25,57,38.6,57.88,8.36,14.55,1.606,-4.7,26,38.46,55.02,11.07,5.4,0.582,-16.25,84,34.35,15.94,0.886,1.547,12.5,1
SPY,1h,5,40,trend,-0.84,-0.6,-0.015,-13.58,46,39.13,58.29,7.7,13.37,1.513,-4.57,22,31.82,53.78,5.84,2.88,0.352,-13.58,69,34.35,15.94,0.886,1.547,12.5,0
SPY,1h,5,50,trend,0.06,0.04,0.05,-11.09,45,37.78,59.72,13.97,24.75,2.666,-3.92,12,50,55.02,11.77,5.73,0.674,-11.09,59,34.35,15.94,0.886,1.547,12.5,1
SPY,1h,5,60,trend,-9.13,-6.58,-0.69,-15.58,41,21.95,60.21,10.76,18.86,2.15,-4.74,11,45.45,55.31,-1.08,-0.54,-0.016,-15.58,54,34.35,15.94,0.886,1.547,12.5,1
SPY,1h,5,75,trend,-7.88,-5.67,-0.575,-13.43,36,22.22,60.71,7.98,13.86,1.594,-5.73,9,33.33,56.08,-3.71,-1.88,-0.158,-13.43,47,34.35,15.94,0.886,1.547,12.5,1
SPY,1h,5,100,trend,-5.12,-3.67,-0.39,-10.1,37,24.32,63.45,8.5,14.79,1.692,-5.34,10,30,55.98,2.02,1.01,0.16,-12.21,48,34.35,15.94,0.886,1.547,12.5,1
SPY,1h,5,125,trend,3.6,2.55,0.315,-8.64,27,33.33,65.3,3.39,5.8,0.779,-7.68,11,18.18,56.27,7.11,3.5,0.431,-9.39,38,34.35,15.94,0.886,1.547,12.5,0
SPY,1h,5,150,trend,10.41,7.3,0.842,-7.66,18,38.89,66.2,3.51,6,0.797,-8.15,10,20,58.37,14.28,6.91,0.828,-8.15,28,34.35,15.94,0.886,1.547,12.5,0
SPY,1h,5,200,trend,11.1,7.78,0.906,-6.98,13,38.46,59.19,-6.59,-10.89,-2.088,-6.92,10,10,33.88,12.32,5.99,0.726,-10.17,24,34.35,15.94,0.886,1.547,12.5,0
SPY,1h,5,250,trend,10.68,7.49,0.852,-8.41,14,21.43,60.79,-6.32,-10.46,-1.749,-7.72,11,9.09,34.93,12.18,5.93,0.694,-10.14,26,34.35,15.94,0.886,1.547,12.5,0
SPY,1h,5,300,trend,8.15,5.74,0.672,-7.89,13,23.08,61.28,-3.25,-5.43,-0.827,-6.23,9,33.33,39.33,12.93,6.28,0.727,-8.1,23,34.35,15.94,0.886,1.547,12.5,0
SPY,1h,7,2,dip,-4.02,-2.88,-0.187,-19.88,199,62.31,42.95,1.95,3.32,0.391,-5.01,79,62.03,46.32,-2.73,-1.38,-0.067,-19.88,279,34.35,15.94,0.886,1.547,12.5,0
SPY,1h,7,3,dip,6.16,4.34,0.419,-15.73,183,59.02,43.03,-2.84,-4.75,-0.475,-7.91,74,58.11,46.6,2.09,1.04,0.148,-15.73,258,34.35,15.94,0.886,1.547,12.5,0
SPY,1h,7,4,dip,12.57,8.79,0.769,-13.6,181,58.56,43.36,-0.77,-1.31,-0.092,-6.19,73,57.53,47.85,10.75,5.25,0.511,-13.6,255,34.35,15.94,0.886,1.547,12.5,0
SPY,1h,7,5,dip,9.84,6.91,0.605,-14.15,204,47.06,44.3,1.01,1.71,0.222,-7.38,84,60.71,47.66,10.04,4.91,0.471,-14.15,289,34.35,15.94,0.886,1.547,12.5,0
SPY,1h,7,9,trend,-20.36,-14.96,-1.411,-23.87,168,39.29,55.87,0.19,0.32,0.08,-5.77,66,33.33,51,-21.61,-11.48,-1.117,-26.59,235,34.35,15.94,0.886,1.547,12.5,0
SPY,1h,7,12,trend,-12.3,-8.92,-0.814,-22.73,109,38.53,56.56,4.02,6.89,0.837,-3.67,43,39.53,51.67,-11.26,-5.81,-0.532,-22.73,153,34.35,15.94,0.886,1.547,12.5,0
SPY,1h,7,15,trend,-9.59,-6.92,-0.634,-21.38,86,37.21,57.51,0.84,1.43,0.211,-6.69,40,35,52.63,-10.94,-5.64,-0.529,-21.38,127,34.35,15.94,0.886,1.547,12.5,0
SPY,1h,7,20,trend,2.86,2.03,0.245,-16.35,66,39.39,57.34,6.95,12.03,1.348,-6.64,27,44.44,53.11,8.43,4.14,0.458,-16.35,94,34.35,15.94,0.886,1.547,12.5,0
SPY,1h,7,25,trend,5.47,3.86,0.424,-12.83,58,37.93,56.32,6.77,11.71,1.296,-7.24,25,40,54.64,10.93,5.33,0.579,-12.83,84,34.35,15.94,0.886,1.547,12.5,0
SPY,1h,7,30,trend,3.56,2.52,0.301,-13.17,48,35.42,57.71,9.61,16.79,1.762,-5.64,20,50,55.02,11.74,5.72,0.622,-13.17,69,34.35,15.94,0.886,1.547,12.5,1
SPY,1h,7,40,trend,1.89,1.34,0.188,-13.18,44,34.09,57.96,8.83,15.39,1.715,-4.64,17,29.41,52.63,10.62,5.19,0.594,-13.18,62,34.35,15.94,0.886,1.547,12.5,1
SPY,1h,7,50,trend,0.27,0.19,0.066,-9.18,39,38.46,59.47,12.99,22.94,2.44,-3.64,12,41.67,55.5,12.18,5.93,0.687,-9.18,53,34.35,15.94,0.886,1.547,12.5,1
SPY,1h,7,60,trend,-8.11,-5.84,-0.615,-14.55,36,27.78,59.97,10.96,19.23,2.18,-5.17,9,44.44,55.6,1.72,0.86,0.141,-14.55,46,34.35,15.94,0.886,1.547,12.5,1
SPY,1h,7,75,trend,-5.76,-4.14,-0.404,-13.35,31,29.03,60.42,7.88,13.68,1.575,-5.55,9,33.33,55.69,1.41,0.71,0.123,-13.35,41,34.35,15.94,0.886,1.547,12.5,1
SPY,1h,7,100,trend,-5.13,-3.68,-0.385,-10.49,32,28.13,63.78,7.64,13.26,1.546,-6.16,9,22.22,56.08,1.87,0.93,0.151,-11.95,42,34.35,15.94,0.886,1.547,12.5,0
SPY,1h,7,125,trend,6.52,4.6,0.554,-8.09,20,35,65.38,5.76,9.93,1.185,-8.42,10,30,56.36,12.65,6.15,0.733,-8.67,30,34.35,15.94,0.886,1.547,12.5,0
SPY,1h,7,150,trend,10.54,7.39,0.848,-8.65,16,43.75,66.53,5.58,9.62,1.223,-6.45,8,25,58.47,16.71,8.05,0.947,-8.65,24,34.35,15.94,0.886,1.547,12.5,0
SPY,1h,7,200,trend,12.22,8.55,0.98,-7.59,13,38.46,59.47,-4.96,-8.23,-1.532,-5.28,8,12.5,34.45,15.44,7.46,0.881,-8.6,22,34.35,15.94,0.886,1.547,12.5,0
SPY,1h,7,250,trend,14.06,9.82,1.089,-7.03,9,33.33,60.62,-6.09,-10.08,-1.73,-7.8,10,10,34.45,16.33,7.87,0.899,-9.6,20,34.35,15.94,0.886,1.547,12.5,0
SPY,1h,7,300,trend,7.94,5.59,0.655,-7.96,12,16.67,61.28,-4.26,-7.1,-1.134,-6.79,8,25,38.85,11.5,5.6,0.657,-8.62,21,34.35,15.94,0.886,1.547,12.5,0
SPY,1h,9,2,dip,14.08,9.83,0.821,-15.77,166,59.64,42.58,0.67,1.14,0.166,-4.56,59,54.24,46.6,15.97,7.7,0.695,-15.77,227,34.35,15.94,0.886,1.547,12.5,0
SPY,1h,9,3,dip,15.02,10.47,0.893,-11.71,146,63.01,43.44,1.96,3.33,0.373,-6.15,56,57.14,46.7,19.46,9.32,0.834,-11.71,203,34.35,15.94,0.886,1.547,12.5,0
SPY,1h,9,4,dip,15.58,10.85,0.906,-12.73,138,62.32,43.27,3.92,6.72,0.69,-5.25,51,60.78,45.84,21.73,10.35,0.903,-12.73,190,34.35,15.94,0.886,1.547,12.5,0
SPY,1h,9,5,dip,18.78,13.03,1.035,-12.93,142,57.04,43.27,-0.23,-0.39,0.011,-5.32,54,50,46.51,20.68,9.87,0.849,-12.93,197,34.35,15.94,0.886,1.547,12.5,0
SPY,1h,9,7,dip,23.71,16.35,1.293,-10.3,168,59.52,43.48,2.67,4.56,0.503,-5.94,66,51.52,47.46,29.25,13.71,1.159,-10.3,235,34.35,15.94,0.886,1.547,12.5,0
SPY,1h,9,12,trend,-9.66,-6.97,-0.638,-20.49,118,39.83,56.19,2.83,4.83,0.607,-5.38,49,40.82,51.39,-9.63,-4.95,-0.455,-20.49,168,34.35,15.94,0.886,1.547,12.5,0
SPY,1h,9,15,trend,-5.51,-3.95,-0.329,-20.45,82,37.8,57.26,1.82,3.1,0.411,-7.67,38,34.21,52.15,-4.59,-2.33,-0.187,-20.45,121,34.35,15.94,0.886,1.547,12.5,0
SPY,1h,9,20,trend,2.89,2.05,0.25,-13.28,65,38.46,57.1,6.43,11.12,1.253,-6.8,25,40,52.82,7.34,3.61,0.409,-13.28,91,34.35,15.94,0.886,1.547,12.5,0
SPY,1h,9,25,trend,3.13,2.22,0.27,-11.18,51,39.22,56.23,6.58,11.38,1.268,-6.19,24,41.67,54.26,8.26,4.05,0.46,-12.69,76,34.35,15.94,0.886,1.547,12.5,0
SPY,1h,9,30,trend,0.36,0.26,0.076,-13.04,46,39.13,57.47,7.18,12.44,1.389,-4.97,20,40,54.83,5.94,2.93,0.349,-13.04,67,34.35,15.94,0.886,1.547,12.5,0
SPY,1h,9,40,trend,1.96,1.39,0.198,-11.69,43,41.86,57.92,12.88,22.73,2.487,-3.53,16,37.5,52.25,15.09,7.3,0.836,-11.69,59,34.35,15.94,0.886,1.547,12.5,1
SPY,1h,9,50,trend,-0.05,-0.03,0.041,-9.35,34,32.35,59.31,11.77,20.7,2.277,-4.83,10,50,55.6,11.72,5.71,0.671,-9.35,44,34.35,15.94,0.886,1.547,12.5,1
SPY,1h,9,60,trend,-6.52,-4.69,-0.478,-14.28,33,30.3,59.84,9.18,16.02,1.843,-5.45,8,50,55.5,2.06,1.03,0.159,-14.28,41,34.35,15.94,0.886,1.547,12.5,1
SPY,1h,9,75,trend,-6.9,-4.96,-0.513,-13.21,28,35.71,60.66,7.84,13.62,1.569,-5.91,9,33.33,55.6,0.08,0.04,0.049,-13.21,37,34.35,15.94,0.886,1.547,12.5,1
SPY,1h,9,100,trend,-0.14,-0.1,0.033,-9.12,26,26.92,64.27,7.39,12.82,1.519,-6.69,9,22.22,56.46,7.24,3.56,0.449,-10.07,35,34.35,15.94,0.886,1.547,12.5,0
SPY,1h,9,125,trend,9.23,6.48,0.751,-7.97,16,56.25,65.09,6.3,10.88,1.299,-8.2,9,22.22,56.27,16.11,7.77,0.904,-8.39,25,34.35,15.94,0.886,1.547,12.5,0
SPY,1h,9,150,trend,10.56,7.41,0.837,-9.83,15,40,66.74,5.35,9.22,1.18,-6.74,8,25,59.04,16.48,7.94,0.926,-9.83,23,34.35,15.94,0.886,1.547,12.5,0
SPY,1h,9,200,trend,13.19,9.22,1.042,-8.53,12,33.33,59.52,-6.91,-11.4,-2.076,-7.23,8,12.5,34.55,13.5,6.55,0.773,-10.92,21,34.35,15.94,0.886,1.547,12.5,0
SPY,1h,9,250,trend,9.49,6.67,0.761,-9.6,9,11.11,60.54,-4.16,-6.94,-1.16,-5.96,8,12.5,34.55,13.68,6.63,0.766,-9.7,18,34.35,15.94,0.886,1.547,12.5,0
SPY,1h,9,300,trend,6.2,4.37,0.518,-9.26,12,25,61.36,-3.7,-6.18,-0.987,-6.06,7,28.57,38.66,10.33,5.05,0.593,-9.26,20,34.35,15.94,0.886,1.547,12.5,0
SPY,1h,12,2,dip,13.42,9.37,0.778,-14.48,130,63.08,42.86,4.11,7.05,0.72,-4.89,52,63.46,46.32,21.09,10.06,0.863,-14.48,183,34.35,15.94,0.886,1.547,12.5,0
SPY,1h,12,3,dip,15.66,10.91,0.889,-11.56,124,62.1,42.49,0.46,0.78,0.127,-6.42,45,60,46.12,19.15,9.17,0.795,-11.56,170,34.35,15.94,0.886,1.547,12.5,0
SPY,1h,12,4,dip,18.18,12.62,1.004,-11.56,120,65,42.7,0.35,0.59,0.108,-6.79,43,53.49,46.89,21.86,10.41,0.883,-11.56,164,34.35,15.94,0.886,1.547,12.5,0
SPY,1h,12,5,dip,24.64,16.97,1.305,-12.56,113,66.37,42.58,-0.03,-0.05,0.045,-6.24,43,53.49,46.79,27.77,13.06,1.086,-12.56,157,34.35,15.94,0.886,1.547,12.5,0
SPY,1h,12,7,dip,20.11,13.93,1.102,-11.7,109,66.97,42.7,1.81,3.07,0.355,-5.7,43,55.81,46.7,25.48,12.04,1.017,-11.7,153,34.35,15.94,0.886,1.547,12.5,0
SPY,1h,12,9,dip,15.35,10.7,0.857,-11.29,118,61.86,43.07,2.22,3.77,0.42,-5.04,49,53.06,46.89,21.02,10.03,0.85,-11.29,168,34.35,15.94,0.886,1.547,12.5,0
SPY,1h,12,15,trend,-2.48,-1.77,-0.104,-14.54,102,38.24,56.81,4.66,8.01,0.927,-5.8,42,35.71,52.25,2.07,1.03,0.15,-14.54,144,34.35,15.94,0.886,1.547,12.5,0
SPY,1h,12,20,trend,7.38,5.2,0.517,-11.41,60,48.33,56.81,5.62,9.69,1.119,-5.31,30,46.67,52.73,13.42,6.51,0.662,-11.41,90,34.35,15.94,0.886,1.547,12.5,0
SPY,1h,12,25,trend,3.41,2.41,0.287,-13.6,49,48.98,56.4,7.04,12.19,1.354,-4.67,23,34.78,53.78,9.53,4.67,0.516,-13.6,73,34.35,15.94,0.886,1.547,12.5,0
SPY,1h,12,30,trend,-0.85,-0.6,-0.012,-14.41,43,39.53,57.34,5.19,8.93,1.023,-6.24,19,42.11,55.22,4.23,2.1,0.265,-14.41,63,34.35,15.94,0.886,1.547,12.5,0
SPY,1h,12,40,trend,2.66,1.89,0.253,-8.36,38,42.11,57.59,11.42,20.07,2.194,-3.9,14,50,52.06,14.39,6.97,0.804,-8.36,52,34.35,15.94,0.886,1.547,12.5,1
SPY,1h,12,50,trend,1.41,1,0.154,-9.2,32,34.38,58.94,10.6,18.57,2.106,-4.27,9,55.56,54.83,12.16,5.91,0.688,-9.2,41,34.35,15.94,0.886,1.547,12.5,1
SPY,1h,12,60,trend,-1.89,-1.35,-0.103,-11.43,28,39.29,59.47,9.47,16.54,1.896,-5.42,8,37.5,55.31,6.32,3.12,0.388,-11.43,36,34.35,15.94,0.886,1.547,12.5,1
SPY,1h,12,75,trend,-6.42,-4.61,-0.471,-10.48,26,30.77,60.3,7.48,12.97,1.509,-7.06,8,37.5,55.31,0.71,0.36,0.084,-10.48,34,34.35,15.94,0.886,1.547,12.5,0
SPY,1h,12,100,trend,-2.26,-1.61,-0.136,-9.41,24,25,63.99,9.78,17.1,1.989,-5.64,7,42.86,56.36,7.31,3.6,0.448,-9.41,31,34.35,15.94,0.886,1.547,12.5,1
SPY,1h,12,125,trend,4.82,3.41,0.417,-10.68,15,40,64.97,7.03,12.17,1.454,-8.07,9,22.22,56.36,12.18,5.93,0.702,-10.72,24,34.35,15.94,0.886,1.547,12.5,0
SPY,1h,12,150,trend,7.98,5.62,0.65,-11.12,15,33.33,66.28,5.06,8.71,1.118,-6.91,8,25,59.62,13.45,6.53,0.772,-11.12,23,34.35,15.94,0.886,1.547,12.5,0
SPY,1h,12,200,trend,8.7,6.12,0.717,-9.51,11,9.09,59.43,-4.11,-6.85,-1.243,-4.36,4,25,34.93,12.49,6.07,0.725,-9.51,16,34.35,15.94,0.886,1.547,12.5,0
SPY,1h,12,250,trend,10.06,7.06,0.802,-9.18,9,22.22,60.46,-3.98,-6.64,-1.115,-5.87,7,14.29,34.83,14.17,6.86,0.791,-9.18,17,34.35,15.94,0.886,1.547,12.5,0
SPY,1h,12,300,trend,8.86,6.23,0.703,-9.8,9,11.11,61.12,-2.44,-4.1,-0.727,-3.99,5,20,34.35,14.29,6.92,0.777,-9.91,15,34.35,15.94,0.886,1.547,12.5,0
SPY,1h,15,2,dip,9.81,6.89,0.592,-13.43,109,70.64,41.84,1.58,2.69,0.313,-5.55,44,59.09,45.45,14.39,6.96,0.623,-13.43,154,34.35,15.94,0.886,1.547,12.5,0
SPY,1h,15,3,dip,9.78,6.86,0.591,-12.8,97,67.01,41.67,1.25,2.12,0.257,-5.32,40,62.5,46.12,14.22,6.88,0.617,-12.8,138,34.35,15.94,0.886,1.547,12.5,0
SPY,1h,15,4,dip,19.42,13.47,1.049,-11.59,90,67.78,42.29,0.45,0.77,0.125,-6.39,40,55,45.65,23.1,10.97,0.916,-11.59,131,34.35,15.94,0.886,1.547,12.5,0
SPY,1h,15,5,dip,18.92,13.13,1.031,-11.9,89,64.04,41.71,2.38,4.06,0.444,-6.06,39,56.41,46.89,24.42,11.57,0.966,-11.9,129,34.35,15.94,0.886,1.547,12.5,0
SPY,1h,15,7,dip,19.77,13.7,1.06,-11.11,86,63.95,41.76,5.36,9.24,0.926,-5.71,40,65,45.65,28.99,13.6,1.108,-11.11,127,34.35,15.94,0.886,1.547,12.5,0
SPY,1h,15,9,dip,15.15,10.56,0.843,-10.37,82,62.2,42,4.49,7.7,0.781,-6.41,38,63.16,46.03,21.27,10.14,0.85,-10.37,121,34.35,15.94,0.886,1.547,12.5,0
SPY,1h,15,12,dip,8.76,6.16,0.552,-13.54,102,62.75,42.37,1.14,1.94,0.246,-5.6,42,54.76,45.74,10.1,4.94,0.471,-13.54,144,34.35,15.94,0.886,1.547,12.5,0
SPY,1h,15,20,trend,12.76,8.92,0.826,-8.68,71,52.11,57.14,6.05,10.44,1.209,-4.21,33,45.45,51.77,19.58,9.37,0.913,-10.45,104,34.35,15.94,0.886,1.547,12.5,0
SPY,1h,15,25,trend,2.16,1.53,0.199,-13.74,50,48,56.48,3.34,5.71,0.679,-6.53,24,29.17,53.11,5.57,2.75,0.324,-13.74,74,34.35,15.94,0.886,1.547,12.5,0
SPY,1h,15,30,trend,4.59,3.25,0.371,-10.75,42,45.24,57.3,6.02,10.38,1.191,-6.04,19,47.37,54.45,10.88,5.31,0.589,-10.75,61,34.35,15.94,0.886,1.547,12.5,0
SPY,1h,15,40,trend,5.55,3.92,0.47,-8.93,34,50,57.42,9.7,16.95,2.004,-3.98,12,50,51.77,14.63,7.08,0.822,-8.93,46,34.35,15.94,0.886,1.547,12.5,1
SPY,1h,15,50,trend,1.57,1.12,0.166,-9.9,28,35.71,58.12,8.73,15.2,1.742,-5.34,8,37.5,54.55,10.09,4.93,0.576,-9.9,36,34.35,15.94,0.886,1.547,12.5,1
SPY,1h,15,60,trend,-4.4,-3.15,-0.301,-10.8,27,33.33,58.86,8.21,14.27,1.671,-6.53,8,25,55.02,3.11,1.55,0.216,-10.8,35,34.35,15.94,0.886,1.547,12.5,1
SPY,1h,15,75,trend,-5.29,-3.8,-0.381,-10.76,24,41.67,59.97,6.95,12.04,1.428,-8.03,8,25,55.69,1.26,0.63,0.115,-10.76,32,34.35,15.94,0.886,1.547,12.5,0
SPY,1h,15,100,trend,-0.63,-0.45,-0.004,-9.56,21,28.57,63.95,8.88,15.47,1.821,-6,7,28.57,55.89,8.19,4.02,0.491,-9.71,28,34.35,15.94,0.886,1.547,12.5,1
SPY,1h,15,125,trend,5.53,3.9,0.467,-10.76,14,35.71,64.97,6.98,12.08,1.445,-7.65,8,25,56.08,11.76,5.73,0.674,-11.42,22,34.35,15.94,0.886,1.547,12.5,0
SPY,1h,15,150,trend,12.42,8.69,0.958,-8.86,12,25,66.24,4.8,8.24,1.053,-7.15,7,28.57,60.1,17.81,8.56,0.981,-8.86,19,34.35,15.94,0.886,1.547,12.5,0
SPY,1h,15,200,trend,12.02,8.42,0.959,-8.18,10,20,59.27,-3.23,-5.4,-0.975,-3.54,5,20,34.64,16.77,8.08,0.943,-8.28,16,34.35,15.94,0.886,1.547,12.5,0
SPY,1h,15,250,trend,8.34,5.87,0.667,-10.93,9,11.11,60.5,-6.27,-10.38,-1.923,-6.6,6,16.67,34.93,8.89,4.36,0.523,-11.12,16,34.35,15.94,0.886,1.547,12.5,0
SPY,1h,15,300,trend,10.63,7.45,0.827,-7.4,8,25,61.4,-2.44,-4.1,-0.72,-3.7,4,25,34.45,16.3,7.85,0.87,-7.46,13,34.35,15.94,0.886,1.547,12.5,0
SPY,1h,20,2,dip,6.76,4.77,0.437,-13.81,92,69.57,40.36,-0.05,-0.08,0.038,-5.33,41,63.41,43.35,8.81,4.32,0.421,-13.81,134,34.35,15.94,0.886,1.547,12.5,0
SPY,1h,20,3,dip,5.14,3.63,0.348,-15.53,82,67.07,40.69,-1.89,-3.17,-0.299,-7.3,35,54.29,43.44,5.85,2.89,0.302,-15.53,118,34.35,15.94,0.886,1.547,12.5,0
SPY,1h,20,4,dip,12.27,8.58,0.725,-11.79,75,64,40.81,-0.38,-0.64,-0.021,-6.63,35,57.14,43.54,14.29,6.92,0.631,-11.79,111,34.35,15.94,0.886,1.547,12.5,0
SPY,1h,20,5,dip,8.11,5.71,0.497,-12.54,68,63.24,41.22,4.39,7.54,0.775,-6.5,34,61.76,43.73,15.37,7.42,0.652,-12.54,103,34.35,15.94,0.886,1.547,12.5,0
SPY,1h,20,7,dip,7.73,5.44,0.476,-13.06,67,64.18,41.35,2.14,3.65,0.423,-5.2,28,57.14,44.31,10.12,4.95,0.458,-13.06,95,34.35,15.94,0.886,1.547,12.5,0
SPY,1h,20,9,dip,7.69,5.42,0.471,-15.68,66,68.18,41.55,3.38,5.78,0.645,-5.43,26,65.38,44.4,11.5,5.6,0.508,-15.68,92,34.35,15.94,0.886,1.547,12.5,0
SPY,1h,20,12,dip,3.59,2.54,0.265,-16.3,61,68.85,41.76,2.3,3.91,0.442,-4.92,30,66.67,45.17,5.43,2.68,0.283,-16.3,91,34.35,15.94,0.886,1.547,12.5,0
SPY,1h,20,15,dip,-2.3,-1.64,-0.073,-17.75,71,60.56,41.96,2.12,3.61,0.416,-5.82,32,62.5,45.84,-1.26,-0.63,0.005,-17.75,103,34.35,15.94,0.886,1.547,12.5,0
SPY,1h,20,25,trend,0.89,0.63,0.113,-12.55,59,44.07,56.32,0.05,0.09,0.051,-5.65,28,35.71,54.16,0.62,0.31,0.08,-12.55,87,34.35,15.94,0.886,1.547,12.5,0
SPY,1h,20,30,trend,0.09,0.06,0.055,-14.18,45,51.11,56.81,6.01,10.37,1.239,-4.96,20,50,54.26,5.74,2.83,0.347,-14.18,65,34.35,15.94,0.886,1.547,12.5,0
SPY,1h,20,40,trend,2.22,1.57,0.218,-8.7,29,48.28,57.34,9.53,16.64,1.954,-5.09,11,54.55,53.59,12.15,5.91,0.699,-8.7,40,34.35,15.94,0.886,1.547,12.5,1
SPY,1h,20,50,trend,1.56,1.11,0.166,-8.64,25,48,56.93,7.95,13.81,1.652,-6.1,8,25,53.97,10.06,4.92,0.587,-8.64,33,34.35,15.94,0.886,1.547,12.5,1
SPY,1h,20,60,trend,-3.42,-2.45,-0.235,-10.74,24,37.5,56.97,6.88,11.91,1.431,-6.59,8,37.5,54.83,3.62,1.79,0.249,-10.74,32,34.35,15.94,0.886,1.547,12.5,0
SPY,1h,20,75,trend,-2.51,-1.8,-0.149,-10.01,23,34.78,59.64,7.84,13.62,1.611,-6.63,8,25,55.22,2.72,1.35,0.193,-11.3,31,34.35,15.94,0.886,1.547,12.5,1
SPY,1h,20,100,trend,-0.53,-0.38,0.005,-11.54,18,27.78,63.41,6.64,11.48,1.354,-7.75,6,33.33,55.6,5.7,2.82,0.355,-12.25,24,34.35,15.94,0.886,1.547,12.5,0
SPY,1h,20,125,trend,5.08,3.59,0.434,-10.64,14,35.71,64.81,6.85,11.85,1.526,-5.25,6,33.33,55.31,12.46,6.06,0.724,-10.73,20,34.35,15.94,0.886,1.547,12.5,0
SPY,1h,20,150,trend,9.04,6.35,0.715,-9.47,12,16.67,66,3.28,5.61,0.718,-8.23,6,33.33,60.29,11.48,5.6,0.655,-10.37,18,34.35,15.94,0.886,1.547,12.5,0
SPY,1h,20,200,trend,12.35,8.64,0.959,-8.68,8,12.5,59.89,-5.17,-8.59,-1.549,-5.17,4,25,34.64,15.72,7.58,0.87,-8.68,13,34.35,15.94,0.886,1.547,12.5,0
SPY,1h,20,250,trend,15.32,10.68,1.164,-7.09,6,33.33,59.97,-4.4,-7.33,-1.267,-4.5,5,40,35.22,18.1,8.69,0.98,-8.44,12,34.35,15.94,0.886,1.547,12.5,0
SPY,1h,20,300,trend,10.66,7.47,0.828,-7.19,7,14.29,61.32,-2.78,-4.65,-0.818,-3.96,4,25,34.55,16.08,7.75,0.858,-7.56,12,34.35,15.94,0.886,1.547,12.5,0
SPY,1h,25,2,dip,2.9,2.06,0.224,-15.33,87,68.97,39.87,2.91,4.97,0.594,-3.89,37,72.97,40.57,5.29,2.61,0.275,-15.33,125,34.35,15.94,0.886,1.547,12.5,0
SPY,1h,25,3,dip,4.73,3.34,0.322,-17.04,80,70,39.83,-1.1,-1.85,-0.164,-5.15,30,63.33,40.96,3.17,1.57,0.19,-17.04,111,34.35,15.94,0.886,1.547,12.5,0
SPY,1h,25,4,dip,5.44,3.84,0.356,-16.45,76,61.84,40.36,1.9,3.23,0.398,-4.87,27,66.67,40.86,7.58,3.73,0.361,-16.45,104,34.35,15.94,0.886,1.547,12.5,0
SPY,1h,25,5,dip,7.36,5.19,0.454,-15.03,62,62.9,40.28,3.39,5.79,0.635,-4.78,29,55.17,41.53,11.32,5.52,0.496,-15.03,92,34.35,15.94,0.886,1.547,12.5,0
SPY,1h,25,7,dip,4.37,3.09,0.298,-15.88,59,69.49,40.73,2.62,4.47,0.513,-4.4,26,61.54,42.87,7.19,3.54,0.344,-15.88,85,34.35,15.94,0.886,1.547,12.5,0
SPY,1h,25,9,dip,7.6,5.35,0.462,-17.11,52,67.31,40.77,2.86,4.89,0.552,-4.33,25,60,43.16,10.84,5.29,0.48,-17.11,77,34.35,15.94,0.886,1.547,12.5,0
SPY,1h,25,12,dip,7.5,5.28,0.459,-14.39,50,74,40.57,2.93,5.01,0.571,-4.83,24,70.83,43.35,9.89,4.84,0.446,-14.39,74,34.35,15.94,0.886,1.547,12.5,0
SPY,1h,25,15,dip,7.81,5.5,0.478,-15.78,51,66.67,40.36,6.22,10.73,1.119,-4.44,24,75,44.4,12.95,6.29,0.561,-15.78,75,34.35,15.94,0.886,1.547,12.5,0
SPY,1h,25,20,dip,8.36,5.88,0.502,-16.88,59,62.71,40.4,9.53,16.64,1.581,-4.33,28,60.71,42.97,17,8.18,0.693,-16.88,88,34.35,15.94,0.886,1.547,12.5,1
SPY,1h,25,30,trend,-2.38,-1.7,-0.133,-13.46,51,45.1,56.69,8.39,14.59,1.674,-5.11,26,50,55.31,6.21,3.06,0.374,-13.46,77,34.35,15.94,0.886,1.547,12.5,1
SPY,1h,25,40,trend,1.18,0.84,0.138,-9.91,30,43.33,56.93,8.89,15.48,1.836,-4.8,13,30.77,53.68,7.65,3.76,0.458,-9.91,43,34.35,15.94,0.886,1.547,12.5,1
SPY,1h,25,50,trend,-6.9,-4.96,-0.53,-12.32,27,44.44,56.81,7.82,13.58,1.625,-5.98,8,25,53.97,-1.92,-0.97,-0.066,-12.32,35,34.35,15.94,0.886,1.547,12.5,1
SPY,1h,25,60,trend,-6.77,-4.87,-0.505,-10.33,23,39.13,55.66,4.9,8.43,1.039,-7.87,8,25,54.55,-3.57,-1.8,-0.158,-11.94,31,34.35,15.94,0.886,1.547,12.5,0
SPY,1h,25,75,trend,-3.95,-2.83,-0.26,-11.01,21,38.1,58.7,5.8,10.01,1.198,-7.38,8,25,55.69,0.55,0.27,0.076,-11.04,29,34.35,15.94,0.886,1.547,12.5,0
SPY,1h,25,100,trend,0.38,0.27,0.076,-10.41,19,31.58,62.14,7.82,13.57,1.597,-7.06,6,33.33,55.22,5.74,2.84,0.352,-12.89,25,34.35,15.94,0.886,1.547,12.5,1
SPY,1h,25,125,trend,1.65,1.17,0.173,-11.62,13,23.08,64.56,7.02,12.15,1.445,-7.91,6,16.67,55.6,6.28,3.1,0.381,-13.43,19,34.35,15.94,0.886,1.547,12.5,0
SPY,1h,25,150,trend,9.99,7.01,0.777,-8.09,11,27.27,65.63,3.08,5.26,0.67,-8.79,5,20,58.09,13.38,6.49,0.747,-8.79,16,34.35,15.94,0.886,1.547,12.5,0
SPY,1h,25,200,trend,16.82,11.7,1.259,-6.5,5,40,60.01,-5.7,-9.45,-1.772,-5.78,4,0,33.59,18.25,8.76,0.991,-9.43,10,34.35,15.94,0.886,1.547,12.5,0
SPY,1h,25,250,trend,14.05,9.81,1.067,-7.68,6,33.33,60.38,-5.13,-8.52,-1.504,-5.13,5,0,35.5,15.38,7.43,0.844,-9.24,12,34.35,15.94,0.886,1.547,12.5,0
SPY,1h,25,300,trend,8.97,6.31,0.704,-7.23,6,33.33,61.61,-2.78,-4.65,-0.83,-4.17,4,0,35.02,14.28,6.91,0.77,-7.27,11,34.35,15.94,0.886,1.547,12.5,0
SPY,1h,30,2,dip,7.15,5.04,0.447,-15.05,79,70.89,39.25,0.7,1.19,0.177,-4.79,31,67.74,41.34,7.28,3.58,0.351,-15.05,111,34.35,15.94,0.886,1.547,12.5,0
SPY,1h,30,3,dip,13.69,9.56,0.768,-14.57,67,71.64,39.42,0.84,1.42,0.203,-4.82,28,67.86,40.96,14.22,6.88,0.606,-14.57,96,34.35,15.94,0.886,1.547,12.5,0
SPY,1h,30,4,dip,7.4,5.21,0.459,-14.63,65,66.15,39.34,1.29,2.19,0.286,-5.01,27,62.96,41.44,8.93,4.38,0.414,-14.63,93,34.35,15.94,0.886,1.547,12.5,0
SPY,1h,30,5,dip,6.23,4.39,0.397,-14.2,58,62.07,39.13,0.41,0.69,0.122,-4.49,26,57.69,40.57,7.01,3.45,0.34,-14.2,85,34.35,15.94,0.886,1.547,12.5,0
SPY,1h,30,7,dip,7.47,5.26,0.456,-15.94,49,71.43,39.25,-0.41,-0.69,-0.033,-4.82,20,50,40.48,8.23,4.04,0.383,-15.94,70,34.35,15.94,0.886,1.547,12.5,0
SPY,1h,30,9,dip,10.27,7.2,0.594,-15.37,47,68.09,39.38,2.44,4.16,0.5,-4.83,20,70,40.57,13.51,6.55,0.575,-15.37,68,34.35,15.94,0.886,1.547,12.5,0
SPY,1h,30,12,dip,12.41,8.68,0.695,-13.85,44,72.73,39.46,4.77,8.2,0.925,-4.33,19,63.16,40,16.34,7.87,0.672,-13.85,64,34.35,15.94,0.886,1.547,12.5,0
SPY,1h,30,15,dip,6.68,4.71,0.416,-16.38,42,66.67,39.46,4.41,7.56,0.854,-4.59,19,63.16,40.57,9.55,4.67,0.431,-16.38,62,34.35,15.94,0.886,1.547,12.5,0
SPY,1h,30,20,dip,11.4,7.99,0.651,-16.49,45,68.89,39.79,4.84,8.31,0.909,-4.42,20,55,40.29,14.65,7.09,0.613,-16.49,66,34.35,15.94,0.886,1.547,12.5,0
SPY,1h,30,25,dip,13.22,9.24,0.72,-12.34,51,64.71,39.83,2.53,4.31,0.489,-5.07,26,46.15,41.24,12.33,6,0.522,-12.34,78,34.35,15.94,0.886,1.547,12.5,0
SPY,1h,30,40,trend,-1.14,-0.82,-0.044,-10.51,33,42.42,57.01,7.83,13.6,1.547,-7.31,15,33.33,53.59,5.47,2.7,0.338,-10.51,48,34.35,15.94,0.886,1.547,12.5,1
SPY,1h,30,50,trend,-10.47,-7.57,-0.806,-12.41,28,35.71,56.23,6.69,11.57,1.404,-6.67,8,25,54.07,-5.29,-2.68,-0.254,-12.54,36,34.35,15.94,0.886,1.547,12.5,0
SPY,1h,30,60,trend,-5.49,-3.94,-0.395,-10.45,23,34.78,55.05,8.18,14.22,1.685,-5.21,8,37.5,54.64,1.48,0.74,0.127,-11.67,31,34.35,15.94,0.886,1.547,12.5,1
SPY,1h,30,75,trend,-1.82,-1.3,-0.084,-11.14,20,40,57.59,5.96,10.28,1.229,-6.88,8,37.5,56.56,3.33,1.66,0.219,-12.49,28,34.35,15.94,0.886,1.547,12.5,0
SPY,1h,30,100,trend,0.92,0.65,0.116,-10.22,15,26.67,61.28,8.08,14.03,1.643,-7.47,6,33.33,54.83,8.94,4.38,0.513,-11.29,22,34.35,15.94,0.886,1.547,12.5,1
SPY,1h,30,125,trend,6,4.24,0.496,-9.03,12,25,64.15,4.24,7.27,0.956,-7.91,6,33.33,55.02,9.32,4.57,0.542,-10.86,18,34.35,15.94,0.886,1.547,12.5,0
SPY,1h,30,150,trend,9.1,6.4,0.703,-8.09,10,30,66.04,3.11,5.32,0.695,-8.98,5,20,57.03,12.5,6.08,0.699,-8.98,15,34.35,15.94,0.886,1.547,12.5,0
SPY,1h,30,200,trend,14.68,10.24,1.111,-6.9,5,40,60.01,-5.82,-9.64,-1.843,-6.23,4,0,33.21,15.83,7.64,0.874,-10,10,34.35,15.94,0.886,1.547,12.5,0
SPY,1h,30,250,trend,14.36,10.02,1.079,-5.64,5,40,60.87,-6.35,-10.49,-1.885,-6.55,5,0,34.64,15.86,7.65,0.862,-9.7,11,34.35,15.94,0.886,1.547,12.5,0
SPY,1h,30,300,trend,12.05,8.44,0.913,-5.28,5,40,61.89,-4.49,-7.48,-1.38,-5.35,3,0,34.16,14.73,7.12,0.788,-8.41,9,34.35,15.94,0.886,1.547,12.5,0
SPY,1h,40,2,dip,13.23,9.25,0.735,-14.34,65,69.23,37.28,-6.43,-10.62,-1.177,-8.04,27,40.74,42.2,8.01,3.94,0.374,-14.34,94,34.35,15.94,0.886,1.547,12.5,0
SPY,1h,40,3,dip,13.07,9.14,0.733,-14.31,55,76.36,37.41,-2.02,-3.4,-0.33,-6.64,26,57.69,42.3,13.02,6.32,0.561,-14.31,83,34.35,15.94,0.886,1.547,12.5,0
SPY,1h,40,4,dip,14.33,10,0.793,-14.15,51,76.47,37.69,-0.98,-1.64,-0.136,-6.05,27,44.44,42.68,15.02,7.26,0.633,-14.15,80,34.35,15.94,0.886,1.547,12.5,0
SPY,1h,40,5,dip,12.23,8.56,0.68,-14.92,47,72.34,37.78,1.51,2.56,0.322,-5.52,22,63.64,41.82,13.98,6.77,0.584,-14.92,70,34.35,15.94,0.886,1.547,12.5,0
SPY,1h,40,7,dip,9.78,6.87,0.561,-15.26,45,68.89,38.02,0.67,1.13,0.168,-6.02,17,52.94,42.87,10.27,5.02,0.45,-15.26,63,34.35,15.94,0.886,1.547,12.5,0
SPY,1h,40,9,dip,9.62,6.76,0.544,-17.36,44,70.45,37.98,-1.99,-3.34,-0.322,-6.46,16,56.25,43.06,6.16,3.04,0.297,-17.36,60,34.35,15.94,0.886,1.547,12.5,0
SPY,1h,40,12,dip,9.25,6.5,0.525,-16.97,39,74.36,38.19,-0.07,-0.11,0.033,-5.99,14,50,42.87,7.44,3.66,0.343,-16.97,53,34.35,15.94,0.886,1.547,12.5,0
SPY,1h,40,15,dip,7.33,5.16,0.433,-16.76,34,76.47,38.23,1.7,2.89,0.347,-5.99,12,58.33,42.87,8.49,4.17,0.379,-16.76,47,34.35,15.94,0.886,1.547,12.5,0
SPY,1h,40,20,dip,12.06,8.44,0.653,-16.12,29,72.41,38.23,2.93,5.01,0.569,-5.6,11,72.73,40.67,12.26,5.96,0.51,-16.12,41,34.35,15.94,0.886,1.547,12.5,0
SPY,1h,40,25,dip,13.57,9.48,0.726,-16.22,30,73.33,38.56,3.28,5.61,0.627,-6.1,13,76.92,40.1,17.05,8.21,0.678,-16.22,44,34.35,15.94,0.886,1.547,12.5,0
SPY,1h,40,30,dip,14.49,10.11,0.766,-16.65,33,69.7,39.13,4.91,8.43,0.924,-6.14,15,73.33,39.81,17.38,8.36,0.69,-16.65,49,34.35,15.94,0.886,1.547,12.5,0
SPY,1h,40,50,trend,-7.21,-5.19,-0.506,-12.02,31,41.94,56.32,10.48,18.35,2.064,-4.85,10,30,55.69,2.61,1.3,0.183,-12.02,41,34.35,15.94,0.886,1.547,12.5,1
SPY,1h,40,60,trend,1.73,1.23,0.175,-11.03,24,41.67,54.88,9.69,16.93,1.933,-5.35,8,50,55.12,11.69,5.69,0.631,-11.03,32,34.35,15.94,0.886,1.547,12.5,1
SPY,1h,40,75,trend,5.53,3.91,0.436,-9.62,21,47.62,55.78,8.08,14.05,1.692,-6.79,7,28.57,54.55,13.48,6.54,0.707,-10.65,28,34.35,15.94,0.886,1.547,12.5,1
SPY,1h,40,100,trend,9.13,6.42,0.676,-8.34,13,38.46,60.09,4.46,7.66,0.989,-7.85,6,16.67,54.93,13.89,6.73,0.741,-8.34,20,34.35,15.94,0.886,1.547,12.5,0
SPY,1h,40,125,trend,12.05,8.44,0.901,-7.65,10,30,63.25,3.7,6.34,0.834,-8.28,5,20,53.01,16.2,7.81,0.881,-8.28,15,34.35,15.94,0.886,1.547,12.5,0
SPY,1h,40,150,trend,14.05,9.81,1.042,-5.56,8,37.5,65.63,3.35,5.73,0.757,-8.45,5,20,54.83,17.88,8.59,0.965,-8.45,13,34.35,15.94,0.886,1.547,12.5,0
SPY,1h,40,200,trend,13.05,9.12,1.004,-5.52,5,20,59.31,-4.26,-7.09,-1.412,-4.68,4,0,30.91,15.58,7.52,0.868,-8.72,10,34.35,15.94,0.886,1.547,12.5,0
SPY,1h,40,250,trend,17.72,12.31,1.296,-5.42,3,66.67,61.44,-3.66,-6.11,-1.182,-4.42,3,0,30.43,22.48,10.69,1.154,-6.93,7,34.35,15.94,0.886,1.547,12.5,0
SPY,1h,40,300,trend,14.25,9.95,1.071,-5.79,3,66.67,61.77,-5.02,-8.35,-1.586,-5.54,3,0,33.78,15.57,7.51,0.836,-8.43,7,34.35,15.94,0.886,1.547,12.5,0
SPY,1h,50,2,dip,11.37,7.97,0.626,-17.49,66,72.73,36.05,-4.66,-7.75,-0.876,-6.25,21,47.62,37.22,6.67,3.28,0.317,-17.49,91,34.35,15.94,0.886,1.547,12.5,0
SPY,1h,50,3,dip,13.91,9.71,0.751,-19.49,55,76.36,36.05,-3.06,-5.12,-0.555,-6.28,18,55.56,36.94,11.26,5.49,0.487,-19.49,77,34.35,15.94,0.886,1.547,12.5,0
SPY,1h,50,4,dip,12.29,8.6,0.671,-19.65,50,76,35.97,-2.19,-3.67,-0.363,-6.9,17,52.94,39.9,11.85,5.77,0.505,-19.65,69,34.35,15.94,0.886,1.547,12.5,0
SPY,1h,50,5,dip,11.52,8.07,0.632,-17.56,46,82.61,36.14,-2.33,-3.91,-0.386,-7.01,13,46.15,40.1,9.4,4.6,0.414,-17.56,60,34.35,15.94,0.886,1.547,12.5,0
SPY,1h,50,7,dip,11.92,8.34,0.652,-17.18,40,85,36.34,-1.27,-2.15,-0.19,-6.65,13,46.15,39.52,9.62,4.71,0.422,-17.18,54,34.35,15.94,0.886,1.547,12.5,0
SPY,1h,50,9,dip,13.12,9.17,0.704,-18.33,35,85.71,36.55,-0.11,-0.19,0.026,-6.93,10,60,39.52,11.44,5.58,0.484,-18.33,45,34.35,15.94,0.886,1.547,12.5,0
SPY,1h,50,12,dip,11.4,7.98,0.63,-16.61,33,75.76,36.83,3.81,6.52,0.911,-3.23,9,66.67,29.95,11.04,5.38,0.472,-16.61,42,34.35,15.94,0.886,1.547,12.5,0
SPY,1h,50,15,dip,12.34,8.63,0.677,-17.09,28,78.57,37.53,6.08,10.49,1.416,-3.23,8,87.5,30.05,14.33,6.94,0.589,-17.09,37,34.35,15.94,0.886,1.547,12.5,0
SPY,1h,50,20,dip,13.33,9.31,0.717,-17.24,25,76,38.64,7.39,12.82,1.709,-2.71,8,87.5,30.24,15.36,7.42,0.619,-17.24,34,34.35,15.94,0.886,1.547,12.5,1
SPY,1h,50,25,dip,23.88,16.46,1.164,-18.35,27,81.48,38.68,7.25,12.56,1.695,-2.71,8,87.5,29.95,29.72,13.92,1.072,-18.35,36,34.35,15.94,0.886,1.547,12.5,1
SPY,1h,50,30,dip,28.27,19.39,1.354,-17.18,28,78.57,39.21,7.97,13.84,1.845,-2.71,8,75,29.57,33.75,15.68,1.201,-17.18,37,34.35,15.94,0.886,1.547,12.5,1
SPY,1h,50,40,dip,21.97,15.19,1.123,-17.5,31,74.19,39.42,1.74,2.95,0.373,-6.19,10,60,36.65,21.38,10.19,0.841,-17.5,42,34.35,15.94,0.886,1.547,12.5,0
SPY,1h,50,60,trend,6.83,4.82,0.513,-8.23,30,43.33,55.82,4.48,7.69,1.017,-6.85,8,37.5,55.5,8.83,4.33,0.484,-9.87,39,34.35,15.94,0.886,1.547,12.5,0
SPY,1h,50,75,trend,6.3,4.44,0.495,-8.15,24,45.83,55.62,2.47,4.21,0.569,-9.37,6,16.67,54.93,7.89,3.88,0.45,-9.37,31,34.35,15.94,0.886,1.547,12.5,0
SPY,1h,50,100,trend,10.93,7.66,0.77,-10.37,12,41.67,59.93,2.23,3.81,0.522,-9.58,6,16.67,53.49,11.36,5.54,0.607,-10.37,19,34.35,15.94,0.886,1.547,12.5,0
SPY,1h,50,125,trend,8.71,6.13,0.639,-10.59,10,40,62.67,3.36,5.75,0.784,-7.84,4,25,51.1,12.37,6.02,0.669,-10.59,14,34.35,15.94,0.886,1.547,12.5,0
SPY,1h,50,150,trend,17.84,12.4,1.285,-5.44,6,50,65.09,4.93,8.47,1.097,-6.31,4,25,52.92,23.65,11.22,1.233,-6.31,10,34.35,15.94,0.886,1.547,12.5,0
SPY,1h,50,200,trend,18.43,12.79,1.366,-6.12,3,66.67,59.31,4.94,8.49,1.043,-6.53,5,20,58.28,24.27,11.5,1.276,-6.53,8,34.35,15.94,0.886,1.547,12.5,0
SPY,1h,50,250,trend,14.08,9.83,1.067,-5.22,3,66.67,60.46,-3.96,-6.6,-1.336,-5.52,3,0,30.53,16.62,8.01,0.896,-7.87,7,34.35,15.94,0.886,1.547,12.5,0
SPY,1h,50,300,trend,11.33,7.94,0.857,-6.07,3,66.67,61.81,-3.61,-6.03,-1.053,-4.81,3,0,34.45,14.14,6.85,0.753,-6.81,7,34.35,15.94,0.886,1.547,12.5,0
SPY,1h,60,2,dip,15.18,10.58,0.804,-16.06,55,76.36,35.56,2.45,4.17,0.591,-3.23,18,66.67,30.24,16.06,7.75,0.649,-16.06,77,34.35,15.94,0.886,1.547,12.5,0
SPY,1h,60,3,dip,19.41,13.45,0.992,-16.82,46,82.61,35.52,4.5,7.72,1.046,-3.09,15,80,30.05,24.15,11.44,0.915,-16.82,64,34.35,15.94,0.886,1.547,12.5,0
SPY,1h,60,4,dip,26.04,17.91,1.286,-16.65,45,86.67,35.27,3.02,5.16,0.724,-3.09,13,61.54,29.76,28.04,13.18,1.044,-16.65,61,34.35,15.94,0.886,1.547,12.5,0
SPY,1h,60,5,dip,24.17,16.66,1.198,-16.46,42,83.33,35.36,3.93,6.73,0.93,-3.09,11,63.64,29.76,25.15,11.89,0.945,-16.46,55,34.35,15.94,0.886,1.547,12.5,0
SPY,1h,60,7,dip,23.53,16.23,1.162,-16.21,37,86.49,35.6,3.78,6.47,0.902,-2.99,9,66.67,29.38,22.88,10.87,0.864,-16.21,47,34.35,15.94,0.886,1.547,12.5,0
SPY,1h,60,9,dip,21.71,15.01,1.083,-16.36,34,88.24,35.77,5.46,9.4,1.28,-2.97,8,87.5,29.38,23.03,10.94,0.867,-16.36,42,34.35,15.94,0.886,1.547,12.5,0
SPY,1h,60,12,dip,16.9,11.75,0.878,-17.6,28,78.57,36.1,5.66,9.75,1.35,-2.71,8,100,29.38,18.98,9.09,0.74,-17.6,37,34.35,15.94,0.886,1.547,12.5,0
SPY,1h,60,15,dip,20.11,13.93,1.023,-17.37,27,77.78,36.71,8.18,14.22,1.893,-2.71,8,100,29.47,22.83,10.85,0.865,-17.37,36,34.35,15.94,0.886,1.547,12.5,1
SPY,1h,60,20,dip,19.55,13.55,0.984,-17.6,24,87.5,38.56,8.15,14.16,1.873,-2.72,8,87.5,29.28,22.91,10.88,0.858,-17.6,33,34.35,15.94,0.886,1.547,12.5,1
SPY,1h,60,25,dip,23.92,16.49,1.178,-16.54,23,82.61,39.79,9.56,16.69,2.196,-2.71,8,100,29.19,32.16,14.99,1.155,-16.54,32,34.35,15.94,0.886,1.547,12.5,1
SPY,1h,60,30,dip,21.67,14.98,1.088,-16.53,23,82.61,40.36,6.4,11.06,1.501,-2.71,8,62.5,28.8,24.99,11.82,0.94,-16.53,32,34.35,15.94,0.886,1.547,12.5,0
SPY,1h,60,40,dip,13.29,9.28,0.737,-16.85,24,75,40.4,5.19,8.93,1.283,-3.7,8,75,27.66,13.81,6.7,0.587,-16.85,33,34.35,15.94,0.886,1.547,12.5,0
SPY,1h,60,50,dip,6.93,4.89,0.433,-20.2,30,76.67,39.54,7.6,13.19,1.79,-2.71,8,75,26.79,15.65,7.55,0.655,-20.2,40,34.35,15.94,0.886,1.547,12.5,1
SPY,1h,60,75,trend,5.12,3.62,0.408,-11.01,26,46.15,56.4,1.28,2.17,0.313,-9.37,9,22.22,54.64,5.02,2.48,0.304,-11.01,35,34.35,15.94,0.886,1.547,12.5,0
SPY,1h,60,100,trend,6.86,4.84,0.505,-11.39,13,46.15,59.47,3.73,6.38,0.841,-7.72,6,33.33,52.92,9.05,4.44,0.494,-11.39,20,34.35,15.94,0.886,1.547,12.5,0
SPY,1h,60,125,trend,3.98,2.82,0.312,-16.73,10,50,64.07,5.63,9.7,1.294,-5.93,4,25,49.38,9.83,4.81,0.524,-16.73,14,34.35,15.94,0.886,1.547,12.5,0
SPY,1h,60,150,trend,17.98,12.49,1.28,-6.18,8,50,65.91,6.74,11.65,1.487,-4.96,4,25,51.96,25.93,12.24,1.326,-6.18,12,34.35,15.94,0.886,1.547,12.5,0
SPY,1h,60,200,trend,14.32,9.99,1.103,-5.9,3,66.67,59.15,6.33,10.94,1.321,-4.89,4,25,56.46,21.56,10.27,1.162,-5.9,7,34.35,15.94,0.886,1.547,12.5,0
SPY,1h,60,250,trend,11.93,8.35,0.922,-8.57,4,25,60.13,-3.05,-5.1,-1.033,-3.94,3,0,29.76,14.57,7.05,0.801,-8.57,8,34.35,15.94,0.886,1.547,12.5,0
SPY,1h,60,300,trend,12.95,9.06,0.963,-6.61,4,50,61.4,-4.85,-8.07,-1.473,-5.89,3,0,34.16,15.05,7.27,0.795,-6.97,8,34.35,15.94,0.886,1.547,12.5,0
SPY,1h,75,2,dip,23.33,16.09,1.178,-13.86,59,88.14,34.54,4,6.85,0.951,-3.09,12,75,28.71,25.4,12,0.965,-13.86,75,34.35,15.94,0.886,1.547,12.5,0
SPY,1h,75,3,dip,26.01,17.89,1.286,-15.53,50,88,34.7,3.98,6.83,0.956,-3.14,11,72.73,29.19,29.58,13.86,1.094,-15.53,63,34.35,15.94,0.886,1.547,12.5,0
SPY,1h,75,4,dip,21.76,15.04,1.104,-16.79,43,86.05,34.82,6.38,11.03,1.504,-2.71,10,80,29.19,28.23,13.26,1.053,-16.79,55,34.35,15.94,0.886,1.547,12.5,0
SPY,1h,75,5,dip,23.47,16.19,1.179,-15.77,37,89.19,34.82,6.51,11.25,1.532,-2.71,9,88.89,28.8,29.91,14,1.105,-15.77,48,34.35,15.94,0.886,1.547,12.5,0
SPY,1h,75,7,dip,21.49,14.86,1.089,-15.71,31,87.1,35.11,6.61,11.43,1.56,-2.71,9,100,29.19,24.23,11.48,0.916,-15.71,42,34.35,15.94,0.886,1.547,12.5,1
SPY,1h,75,9,dip,23.73,16.37,1.172,-16.08,28,82.14,34.82,6.46,11.17,1.519,-2.71,9,77.78,29.19,26.81,12.63,0.988,-16.08,38,34.35,15.94,0.886,1.547,12.5,0
SPY,1h,75,12,dip,23.39,16.13,1.155,-16.16,26,84.62,35.19,7.31,12.67,1.721,-2.71,8,87.5,29.28,26.47,12.48,0.977,-16.16,35,34.35,15.94,0.886,1.547,12.5,1
SPY,1h,75,15,dip,21.84,15.1,1.092,-16.34,24,87.5,35.48,8.79,15.31,2.02,-2.71,8,87.5,28.71,25.71,12.14,0.953,-16.34,33,34.35,15.94,0.886,1.547,12.5,1
SPY,1h,75,20,dip,17.96,12.47,0.934,-16.92,23,86.96,35.77,7.37,12.78,1.72,-2.71,8,75,28.8,23.49,11.15,0.898,-16.92,32,34.35,15.94,0.886,1.547,12.5,1
SPY,1h,75,25,dip,20.42,14.14,1.042,-15.58,21,85.71,36.59,8.87,15.45,2.096,-2.71,8,87.5,27.94,26.89,12.67,1.008,-15.58,30,34.35,15.94,0.886,1.547,12.5,1
SPY,1h,75,30,dip,17.66,12.27,0.942,-15.69,20,80,37.57,8.5,14.79,2.023,-2.71,8,87.5,26.79,23.31,11.06,0.912,-15.69,29,34.35,15.94,0.886,1.547,12.5,1
SPY,1h,75,40,dip,9.18,6.45,0.542,-17.71,21,76.19,39.17,6.75,11.67,1.569,-3.3,7,71.43,28.04,12.13,5.9,0.527,-17.71,29,34.35,15.94,0.886,1.547,12.5,1
SPY,1h,75,50,dip,7.6,5.35,0.459,-17.13,24,62.5,39.17,9.68,16.91,2.341,-2.71,6,83.33,27.08,17.08,8.22,0.696,-17.13,32,34.35,15.94,0.886,1.547,12.5,1
SPY,1h,75,60,dip,9.03,6.34,0.536,-15.44,26,69.23,38.52,9.76,17.05,2.418,-2.43,8,75,26.79,20.31,9.7,0.814,-15.44,35,34.35,15.94,0.886,1.547,12.5,1
SPY,1h,75,100,trend,12.07,8.45,0.859,-10.11,15,60,59.43,5.23,9.01,1.137,-6.05,6,33.33,53.4,14.48,7.01,0.759,-10.11,22,34.35,15.94,0.886,1.547,12.5,0
SPY,1h,75,125,trend,4.43,3.13,0.341,-14.92,11,36.36,63.74,7.5,13,1.606,-4.54,6,33.33,49.57,12.26,5.96,0.631,-14.92,17,34.35,15.94,0.886,1.547,12.5,1
SPY,1h,75,150,trend,14.22,9.92,1.046,-6.3,7,28.57,66.49,7.1,12.31,1.527,-4.54,4,25,51,22.34,10.62,1.166,-6.3,11,34.35,15.94,0.886,1.547,12.5,0
SPY,1h,75,200,trend,13.76,9.61,1.072,-6.11,4,50,58.7,3.22,5.5,0.703,-6.09,4,25,55.89,17.42,8.37,0.969,-6.11,8,34.35,15.94,0.886,1.547,12.5,0
SPY,1h,75,250,trend,12.28,8.59,0.931,-7.46,3,33.33,59.31,-3.53,-5.9,-1.15,-4.45,3,0,27.85,13.97,6.77,0.765,-7.46,7,34.35,15.94,0.886,1.547,12.5,0
SPY,1h,75,300,trend,13.5,9.43,0.991,-6.52,3,66.67,60.25,-3.9,-6.51,-1.171,-5,3,0,31.58,15.93,7.68,0.83,-7.03,7,34.35,15.94,0.886,1.547,12.5,0
SPY,1h,100,2,dip,15.99,11.13,0.825,-15.3,54,87.04,31.71,4.78,8.21,1.076,-3.36,16,75,29.09,17.64,8.48,0.686,-15.3,73,34.35,15.94,0.886,1.547,12.5,0
SPY,1h,100,3,dip,15,10.46,0.782,-15.42,45,80,31.95,6.12,10.57,1.4,-2.65,12,83.33,28.9,18.11,8.69,0.703,-15.42,59,34.35,15.94,0.886,1.547,12.5,0
SPY,1h,100,4,dip,19.4,13.45,0.974,-15.78,42,80.95,31.62,6.08,10.49,1.396,-2.63,11,81.82,28.8,22.49,10.69,0.843,-15.78,54,34.35,15.94,0.886,1.547,12.5,0
SPY,1h,100,5,dip,20.04,13.88,0.997,-15.46,38,84.21,32.03,6.35,10.96,1.5,-2.56,10,90,28.71,22.77,10.82,0.85,-15.46,49,34.35,15.94,0.886,1.547,12.5,0
SPY,1h,100,7,dip,19.84,13.75,0.993,-15.46,33,90.91,31.62,7.02,12.15,1.64,-2.71,9,88.89,28.52,22.88,10.87,0.856,-15.46,43,34.35,15.94,0.886,1.547,12.5,1
SPY,1h,100,9,dip,14.95,10.42,0.78,-15.81,27,81.48,31.05,7.39,12.82,1.727,-2.71,9,88.89,27.85,17.99,8.64,0.699,-15.81,36,34.35,15.94,0.886,1.547,12.5,1
SPY,1h,100,12,dip,17.62,12.25,0.905,-15.67,25,84,31.26,5.6,9.65,1.319,-2.74,7,85.71,27.66,18.4,8.83,0.716,-15.67,32,34.35,15.94,0.886,1.547,12.5,0
SPY,1h,100,15,dip,16.11,11.22,0.842,-15.29,21,76.19,31.21,6.09,10.52,1.429,-2.71,7,100,27.94,17.77,8.54,0.698,-15.29,29,34.35,15.94,0.886,1.547,12.5,0
SPY,1h,100,20,dip,16.34,11.37,0.856,-14.41,18,88.89,31.5,8.14,14.15,1.878,-2.71,6,100,27.94,21.05,10.04,0.807,-14.41,25,34.35,15.94,0.886,1.547,12.5,1
SPY,1h,100,25,dip,14.63,10.21,0.781,-14.68,19,84.21,32.65,6.94,12.01,1.651,-2.71,6,83.33,28.04,20.32,9.71,0.793,-14.68,26,34.35,15.94,0.886,1.547,12.5,1
SPY,1h,100,30,dip,14.71,10.26,0.787,-15.14,16,81.25,33.39,7.5,13.01,1.792,-3.51,5,100,28.13,17.49,8.41,0.7,-15.14,22,34.35,15.94,0.886,1.547,12.5,1
SPY,1h,100,40,dip,6.38,4.5,0.4,-14.91,14,78.57,34.37,7.94,13.79,1.953,-3.04,5,100,27.37,12.72,6.18,0.541,-14.91,20,34.35,15.94,0.886,1.547,12.5,1
SPY,1h,100,50,dip,4.75,3.35,0.321,-12.47,13,76.92,34.33,10.01,17.5,2.395,-3.37,5,100,28.33,15.37,7.42,0.645,-12.47,19,34.35,15.94,0.886,1.547,12.5,1
SPY,1h,100,60,dip,8.73,6.14,0.531,-11.96,14,71.43,34.54,7.78,13.51,1.909,-3.84,5,80,28.42,17.81,8.56,0.733,-11.96,20,34.35,15.94,0.886,1.547,12.5,1
SPY,1h,100,75,dip,5.15,3.64,0.34,-13.09,16,62.5,34.45,5.87,10.13,1.481,-4.66,5,80,27.56,13.82,6.7,0.587,-13.09,22,34.35,15.94,0.886,1.547,12.5,0
SPY,1h,100,125,trend,-0.24,-0.17,0.038,-17.09,15,46.67,61.85,4.21,7.22,0.903,-6.61,7,14.29,50.53,1.57,0.78,0.128,-17.09,22,34.35,15.94,0.886,1.547,12.5,0
SPY,1h,100,150,trend,11.47,8.03,0.846,-7.99,6,16.67,66.45,3.4,5.82,0.747,-5.14,4,25,51.87,15.26,7.37,0.818,-7.99,10,34.35,15.94,0.886,1.547,12.5,0
SPY,1h,100,200,trend,11.53,8.08,0.891,-6.78,4,50,57.51,6.29,10.86,1.223,-6.22,2,100,57.22,18.55,8.89,0.986,-6.78,6,34.35,15.94,0.886,1.547,12.5,0
SPY,1h,100,250,trend,9.81,6.89,0.75,-6.84,3,33.33,58.24,-0.66,-1.11,-0.159,-3.59,2,50,28.8,12.95,6.29,0.699,-6.84,6,34.35,15.94,0.886,1.547,12.5,0
SPY,1h,100,300,trend,15.15,10.56,1.093,-6.53,3,66.67,59.64,-0.98,-1.65,-0.243,-3.74,2,50,32.44,18.95,9.08,0.953,-6.53,6,34.35,15.94,0.886,1.547,12.5,0
SPY,1h,125,2,dip,11.32,7.93,0.623,-15.61,39,84.62,28.67,6.43,11.1,1.508,-2.65,16,81.25,27.08,13.92,6.75,0.569,-15.61,56,34.35,15.94,0.886,1.547,12.5,0
SPY,1h,125,3,dip,14.57,10.16,0.788,-12.88,34,82.35,28.55,6.65,11.51,1.583,-2.56,14,85.71,26.7,17.65,8.48,0.706,-12.88,49,34.35,15.94,0.886,1.547,12.5,1
SPY,1h,125,4,dip,13.48,9.42,0.737,-13.49,29,75.86,28.34,6.85,11.86,1.625,-2.56,11,100,27.08,16.27,7.84,0.659,-13.49,40,34.35,15.94,0.886,1.547,12.5,1
SPY,1h,125,5,dip,11.95,8.36,0.664,-14.23,28,82.14,28.63,10.93,19.17,2.296,-2.47,11,100,27.18,19.08,9.14,0.746,-14.23,39,34.35,15.94,0.886,1.547,12.5,1
SPY,1h,125,7,dip,9.97,7,0.559,-16.44,21,80.95,28.51,8.5,14.79,2,-2.56,10,80,26.89,14.49,7.01,0.589,-16.44,31,34.35,15.94,0.886,1.547,12.5,1
SPY,1h,125,9,dip,7.76,5.46,0.454,-17.02,17,76.47,28.79,8.28,14.4,1.96,-2.47,9,100,26.89,11.75,5.72,0.494,-17.02,26,34.35,15.94,0.886,1.547,12.5,1
SPY,1h,125,12,dip,12.35,8.64,0.672,-15.85,16,87.5,28.88,7.67,13.31,1.813,-2.64,9,77.78,26.51,15.72,7.59,0.631,-15.85,25,34.35,15.94,0.886,1.547,12.5,1
SPY,1h,125,15,dip,11.79,8.26,0.649,-16.42,14,85.71,28.88,7.92,13.75,1.867,-2.65,7,85.71,26.7,16.51,7.95,0.659,-16.42,22,34.35,15.94,0.886,1.547,12.5,1
SPY,1h,125,20,dip,12.36,8.65,0.674,-15.6,14,78.57,29,4.95,8.52,1.183,-2.71,6,83.33,27.18,16.07,7.75,0.639,-15.6,21,34.35,15.94,0.886,1.547,12.5,0
SPY,1h,125,25,dip,16.4,11.41,0.862,-14.18,13,84.62,29.2,8.01,13.91,1.898,-2.85,5,100,26.99,23.17,11,0.886,-14.18,19,34.35,15.94,0.886,1.547,12.5,1
SPY,1h,125,30,dip,11.75,8.23,0.651,-14.87,12,83.33,29.61,8.01,13.91,1.916,-2.77,5,80,27.37,19.88,9.51,0.778,-14.87,18,34.35,15.94,0.886,1.547,12.5,1
SPY,1h,125,40,dip,5.91,4.17,0.372,-16.38,11,81.82,30.52,8.57,14.92,2.074,-3.06,4,100,29,13.2,6.4,0.552,-16.38,15,34.35,15.94,0.886,1.547,12.5,1
SPY,1h,125,50,dip,9.16,6.44,0.547,-13.49,11,72.73,31.09,8.2,14.25,1.935,-3.63,3,100,30.33,17.19,8.27,0.701,-13.49,14,34.35,15.94,0.886,1.547,12.5,1
SPY,1h,125,60,dip,13.97,9.75,0.814,-8.51,11,72.73,29.61,6,10.35,1.419,-3.63,3,100,31.48,19.73,9.44,0.809,-10.18,14,34.35,15.94,0.886,1.547,12.5,0
SPY,1h,125,75,dip,13.25,9.26,0.777,-9.87,12,50,29.74,3.62,6.2,0.943,-3.63,5,60,30.62,16.63,8.01,0.703,-10.45,17,34.35,15.94,0.886,1.547,12.5,0
SPY,1h,125,100,dip,18.36,12.75,1.032,-7.51,15,66.67,31.34,6.38,11.03,1.693,-2.89,6,66.67,29.38,28.46,13.36,1.124,-8.31,22,34.35,15.94,0.886,1.547,12.5,1
SPY,1h,125,150,trend,12.82,8.97,1.01,-7.23,9,44.44,56.32,2.88,4.91,0.621,-5.35,6,50,50.81,14,6.78,0.792,-9.14,16,34.35,15.94,0.886,1.547,12.5,0
SPY,1h,125,200,trend,15.59,10.86,1.169,-5.29,3,33.33,56.93,4.42,7.59,0.878,-6.22,2,100,58.09,20.7,9.88,1.085,-6.22,5,34.35,15.94,0.886,1.547,12.5,0
SPY,1h,125,250,trend,16.15,11.24,1.178,-6.52,4,50,57.38,1.77,3.01,0.534,-3.59,1,100,27.46,22.63,10.76,1.14,-6.52,6,34.35,15.94,0.886,1.547,12.5,0
SPY,1h,125,300,trend,10.94,7.67,0.826,-7.36,3,66.67,60.91,2.82,4.81,0.768,-3.59,2,50,34.35,19.85,9.49,1.006,-7.36,6,34.35,15.94,0.886,1.547,12.5,0
SPY,1h,150,2,dip,4.24,3,0.284,-17.78,30,86.67,26.91,6.96,12.04,1.651,-2.53,14,85.71,24.11,9.63,4.71,0.419,-17.78,44,34.35,15.94,0.886,1.547,12.5,1
SPY,1h,150,3,dip,3.55,2.52,0.25,-17.87,25,84,26.78,6.42,11.1,1.548,-2.46,11,81.82,23.73,8.36,4.11,0.375,-17.87,36,34.35,15.94,0.886,1.547,12.5,1
SPY,1h,150,4,dip,4.27,3.02,0.286,-18.17,23,82.61,26.62,7.04,12.2,1.704,-2.56,10,80,24.02,9.75,4.77,0.425,-18.17,33,34.35,15.94,0.886,1.547,12.5,1
SPY,1h,150,5,dip,3.32,2.35,0.238,-17.99,18,83.33,26.54,8.19,14.23,1.974,-2.56,10,90,24.02,9.91,4.85,0.43,-17.99,28,34.35,15.94,0.886,1.547,12.5,1
SPY,1h,150,7,dip,3.45,2.44,0.245,-18.05,16,81.25,26.21,6.48,11.2,1.585,-2.47,8,100,23.83,8.14,4,0.368,-18.05,24,34.35,15.94,0.886,1.547,12.5,1
SPY,1h,150,9,dip,6.59,4.65,0.4,-18.24,16,81.25,27.07,6.71,11.61,1.643,-2.47,8,100,23.25,11.67,5.68,0.491,-18.24,24,34.35,15.94,0.886,1.547,12.5,1
SPY,1h,150,12,dip,9.24,6.49,0.529,-18.12,16,87.5,27.48,7,12.13,1.711,-2.53,8,100,22.68,14.76,7.14,0.598,-18.12,24,34.35,15.94,0.886,1.547,12.5,1
SPY,1h,150,15,dip,5.18,3.66,0.332,-17.38,13,76.92,27.48,7.41,12.84,1.829,-2.67,7,100,22.2,10.91,5.32,0.467,-17.38,20,34.35,15.94,0.886,1.547,12.5,1
SPY,1h,150,20,dip,8.48,5.97,0.494,-16.69,12,83.33,27.69,8.8,15.33,2.246,-2.66,6,100,21.91,17.32,8.33,0.688,-16.69,19,34.35,15.94,0.886,1.547,12.5,1
SPY,1h,150,25,dip,6.88,4.85,0.419,-15.64,12,75,27.97,9.17,15.99,2.285,-2.9,5,80,23.92,14.86,7.18,0.608,-15.64,17,34.35,15.94,0.886,1.547,12.5,1
SPY,1h,150,30,dip,8.17,5.75,0.485,-15.52,11,72.73,27.48,9.42,16.43,2.347,-2.9,4,100,24.88,16.27,7.84,0.659,-15.52,15,34.35,15.94,0.886,1.547,12.5,1
SPY,1h,150,40,dip,4.17,2.95,0.284,-17.57,9,88.89,27.77,8.78,15.29,2.14,-3.06,4,75,26.79,11.72,5.71,0.5,-17.57,13,34.35,15.94,0.886,1.547,12.5,1
SPY,1h,150,50,dip,0.91,0.64,0.115,-17.41,7,71.43,28.26,6.42,11.1,1.544,-3.63,3,66.67,28.23,6.72,3.31,0.319,-17.41,10,34.35,15.94,0.886,1.547,12.5,0
SPY,1h,150,60,dip,0.72,0.51,0.105,-17.02,9,55.56,27.4,4.91,8.45,1.215,-3.63,3,66.67,28.71,4.72,2.34,0.245,-17.02,12,34.35,15.94,0.886,1.547,12.5,0
SPY,1h,150,75,dip,4.23,2.99,0.288,-16.89,8,75,26.62,3.29,5.63,0.871,-3.22,3,33.33,28.8,7.99,3.93,0.367,-16.89,11,34.35,15.94,0.886,1.547,12.5,0
SPY,1h,150,100,dip,3.25,2.3,0.24,-16.89,7,85.71,26.13,5.51,9.49,1.479,-2.9,4,100,27.18,10.74,5.24,0.473,-16.89,11,34.35,15.94,0.886,1.547,12.5,0
SPY,1h,150,125,dip,1.77,1.26,0.161,-19.27,10,60,26.21,5.03,8.65,1.442,-2.9,6,50,27.37,11.3,5.51,0.496,-19.27,17,34.35,15.94,0.886,1.547,12.5,0
SPY,1h,150,200,trend,15.81,11.01,1.194,-5.33,4,50,56.77,6.64,11.47,1.249,-4.98,3,66.67,59.04,23.5,11.15,1.21,-5.33,7,34.35,15.94,0.886,1.547,12.5,0
SPY,1h,150,250,trend,13.25,9.26,1.016,-6.52,3,66.67,56.69,8.75,15.23,1.636,-4.54,2,100,58.47,23.16,11,1.197,-6.52,5,34.35,15.94,0.886,1.547,12.5,1
SPY,1h,150,300,trend,8.24,5.8,0.634,-9.47,3,66.67,61.03,1.95,3.32,0.567,-3.59,2,50,31.1,16.18,7.8,0.837,-9.47,6,34.35,15.94,0.886,1.547,12.5,0
SPY,1h,200,2,dip,1.91,1.36,0.167,-17.9,21,85.71,24.86,7.59,13.17,1.902,-2.17,16,81.25,20.19,7.82,3.84,0.359,-17.9,37,34.35,15.94,0.886,1.547,12.5,1
SPY,1h,200,3,dip,1.66,1.18,0.154,-17.9,19,89.47,24.9,8.54,14.87,2.151,-2.36,14,78.57,20.1,8.33,4.09,0.378,-17.9,33,34.35,15.94,0.886,1.547,12.5,1
SPY,1h,200,4,dip,-0.28,-0.2,0.052,-18.1,15,86.67,25.1,10.43,18.27,2.661,-2.16,14,92.86,19.81,8.11,3.98,0.371,-18.1,29,34.35,15.94,0.886,1.547,12.5,1
SPY,1h,200,5,dip,2.67,1.9,0.207,-17.9,14,85.71,25.14,10.49,18.37,2.681,-2.21,11,100,19.62,11.7,5.7,0.499,-17.9,25,34.35,15.94,0.886,1.547,12.5,1
SPY,1h,200,7,dip,2.11,1.5,0.178,-17.9,14,78.57,24.82,8.85,15.41,2.317,-2.25,9,88.89,19.04,9.43,4.62,0.421,-17.9,23,34.35,15.94,0.886,1.547,12.5,1
SPY,1h,200,9,dip,1.36,0.97,0.139,-18.08,13,84.62,24.77,11.69,20.55,2.98,-1.92,9,100,18.85,11.44,5.57,0.492,-18.08,22,34.35,15.94,0.886,1.547,12.5,1
SPY,1h,200,12,dip,5.3,3.74,0.342,-17.74,12,91.67,24.82,8.95,15.6,2.355,-1.92,5,80,18.47,12.71,6.18,0.538,-17.74,17,34.35,15.94,0.886,1.547,12.5,1
SPY,1h,200,15,dip,2.78,1.97,0.213,-17.56,11,90.91,24.94,7.83,13.59,2.055,-2.26,6,66.67,18.76,9.09,4.45,0.409,-17.56,17,34.35,15.94,0.886,1.547,12.5,1
SPY,1h,200,20,dip,2.57,1.82,0.203,-17.52,8,87.5,24.24,9.09,15.84,2.459,-1.92,5,100,18.47,10.25,5.01,0.455,-17.52,14,34.35,15.94,0.886,1.547,12.5,1
SPY,1h,200,25,dip,0.22,0.16,0.078,-17.52,6,66.67,24.04,10.28,18,2.764,-1.92,5,100,19.14,9.67,4.73,0.434,-17.52,11,34.35,15.94,0.886,1.547,12.5,1
SPY,1h,200,30,dip,-0.29,-0.2,0.05,-17.52,6,83.33,23.91,10.59,18.55,2.773,-1.92,5,80,19.33,9.36,4.58,0.423,-17.52,11,34.35,15.94,0.886,1.547,12.5,1
SPY,1h,200,40,dip,2.24,1.59,0.186,-17.08,6,83.33,24.41,9.11,15.88,2.34,-2.45,4,100,21.15,10.84,5.29,0.476,-17.08,10,34.35,15.94,0.886,1.547,12.5,1
SPY,1h,200,50,dip,-2.83,-2.02,-0.091,-16.98,4,50,24.2,6.55,11.32,1.697,-3.23,4,75,22.3,2.63,1.31,0.167,-16.98,8,34.35,15.94,0.886,1.547,12.5,1
SPY,1h,200,60,dip,-0.63,-0.45,0.032,-16.89,4,50,23.95,4.84,8.31,1.309,-3.61,3,66.67,23.64,3.71,1.84,0.208,-16.89,7,34.35,15.94,0.886,1.547,12.5,0
SPY,1h,200,75,dip,2.51,1.78,0.2,-17.52,5,80,24,6.17,10.66,1.672,-2.47,3,100,23.35,10.21,4.99,0.454,-17.52,8,34.35,15.94,0.886,1.547,12.5,1
SPY,1h,200,100,dip,4.51,3.19,0.308,-16.89,5,80,24.77,2.34,3.98,0.785,-1.92,2,100,20.86,9.31,4.56,0.428,-16.89,7,34.35,15.94,0.886,1.547,12.5,0
SPY,1h,200,125,dip,0.53,0.38,0.093,-16.89,4,75,24.94,2.83,4.83,0.995,-1.92,2,100,19.23,7.03,3.46,0.341,-16.89,6,34.35,15.94,0.886,1.547,12.5,0
SPY,1h,200,150,dip,-1.1,-0.79,0.003,-16.89,5,60,24.61,0.47,0.79,0.204,-2.62,3,33.33,17.32,2.98,1.48,0.182,-16.89,8,34.35,15.94,0.886,1.547,12.5,0
SPY,1h,200,250,trend,9.8,6.88,0.769,-9.21,3,66.67,57.26,7.23,12.54,1.357,-4.54,3,66.67,61.05,17.75,8.53,0.94,-9.21,6,34.35,15.94,0.886,1.547,12.5,0
SPY,1h,200,300,trend,4.45,3.14,0.369,-10.76,3,33.33,57.26,-0.58,-0.97,-0.171,-3.59,1,0,26.22,9.5,4.65,0.531,-10.76,5,34.35,15.94,0.886,1.547,12.5,0
SPY,1h,250,2,dip,2.7,1.91,0.209,-17.52,21,80.95,23.83,8.01,13.92,2.276,-1.84,15,86.67,18.28,8.9,4.36,0.403,-17.52,36,34.35,15.94,0.886,1.547,12.5,1
SPY,1h,250,3,dip,2.35,1.67,0.191,-17.52,19,89.47,23.71,8.73,15.2,2.476,-1.84,13,84.62,18.37,9.57,4.69,0.428,-17.52,32,34.35,15.94,0.886,1.547,12.5,1
SPY,1h,250,4,dip,3.63,2.57,0.258,-17.52,17,82.35,23.42,9.1,15.87,2.614,-1.84,12,91.67,18.09,11.32,5.52,0.493,-17.52,29,34.35,15.94,0.886,1.547,12.5,1
SPY,1h,250,5,dip,3.41,2.42,0.246,-17.52,15,86.67,23.5,10.07,17.62,2.924,-1.84,12,83.33,18.37,12.07,5.87,0.521,-17.52,27,34.35,15.94,0.886,1.547,12.5,1
SPY,1h,250,7,dip,1.06,0.75,0.123,-17.52,10,70,23.58,9.54,16.66,2.734,-1.84,11,81.82,18.56,8.98,4.4,0.408,-17.52,21,34.35,15.94,0.886,1.547,12.5,1
SPY,1h,250,9,dip,5,3.53,0.329,-17.52,10,90,23.63,7.88,13.68,2.306,-1.84,9,88.89,18.28,11.49,5.6,0.5,-17.52,19,34.35,15.94,0.886,1.547,12.5,1
SPY,1h,250,12,dip,4.63,3.27,0.31,-17.52,10,90,23.63,7.92,13.75,2.307,-1.86,8,100,17.89,11.32,5.52,0.494,-17.52,18,34.35,15.94,0.886,1.547,12.5,1
SPY,1h,250,15,dip,7.55,5.31,0.461,-17.52,10,90,23.54,10.86,19.04,2.92,-1.92,7,100,17.61,18.24,8.75,0.739,-17.52,17,34.35,15.94,0.886,1.547,12.5,1
SPY,1h,250,20,dip,-0.39,-0.28,0.044,-17.52,7,85.71,23.91,8.94,15.59,2.568,-1.98,6,83.33,17.13,7.62,3.75,0.359,-17.52,13,34.35,15.94,0.886,1.547,12.5,1
SPY,1h,250,25,dip,0.94,0.67,0.116,-17.55,7,85.71,23.38,10.02,17.52,2.869,-2.15,6,83.33,16.65,10.4,5.08,0.464,-17.55,13,34.35,15.94,0.886,1.547,12.5,1
SPY,1h,250,30,dip,0.58,0.41,0.097,-17.08,6,83.33,22.76,10.33,18.08,2.926,-1.84,6,83.33,17.22,9.84,4.81,0.444,-17.08,12,34.35,15.94,0.886,1.547,12.5,1
SPY,1h,250,40,dip,-3.36,-2.41,-0.123,-17.02,4,75,21.9,7.54,13.08,2.428,-2.28,4,100,15.69,3.01,1.5,0.183,-17.02,8,34.35,15.94,0.886,1.547,12.5,1
SPY,1h,250,50,dip,0.89,0.63,0.113,-16.89,4,75,22.52,8.16,14.18,2.536,-2.16,4,75,15.22,9.46,4.63,0.431,-16.89,8,34.35,15.94,0.886,1.547,12.5,1
SPY,1h,250,60,dip,2.62,1.86,0.207,-18.42,5,80,22.64,7.14,12.38,2.231,-1.71,3,100,15.41,11.26,5.49,0.498,-18.42,8,34.35,15.94,0.886,1.547,12.5,1
SPY,1h,250,75,dip,2.97,2.11,0.227,-15.47,4,75,23.26,7.3,12.66,2.281,-1.81,3,100,19.33,12.58,6.11,0.551,-15.47,7,34.35,15.94,0.886,1.547,12.5,1
SPY,1h,250,100,dip,5.83,4.12,0.382,-15.47,4,50,23.83,4.26,7.3,1.663,-1.81,3,100,17.42,14.25,6.9,0.62,-15.47,7,34.35,15.94,0.886,1.547,12.5,1
SPY,1h,250,125,dip,-1.72,-1.23,-0.035,-16.43,5,60,24.04,1.74,2.96,0.746,-1.81,2,100,17.51,3.49,1.73,0.204,-16.43,7,34.35,15.94,0.886,1.547,12.5,0
SPY,1h,250,150,dip,3.96,2.8,0.281,-15.72,4,75,23.95,-1.17,-1.97,-0.448,-2.7,2,50,17.03,6.28,3.1,0.314,-15.72,6,34.35,15.94,0.886,1.547,12.5,0
SPY,1h,250,200,dip,4.98,3.52,0.339,-14.59,4,75,22.44,-0.44,-0.74,-0.179,-2.52,3,33.33,12.92,8.71,4.27,0.413,-14.59,7,34.35,15.94,0.886,1.547,12.5,0
SPY,1h,250,300,trend,6.45,4.55,0.511,-10.08,3,66.67,56.69,3.33,5.7,0.668,-4.54,2,50,64.31,8.57,4.2,0.476,-10.08,5,34.35,15.94,0.886,1.547,12.5,0
SPY,1h,300,2,dip,5.97,4.21,0.378,-17.08,23,86.96,22.85,8.03,13.96,2.596,-1.84,14,92.86,12.82,12.39,6.03,0.535,-17.08,37,34.35,15.94,0.886,1.547,12.5,1
SPY,1h,300,3,dip,5.03,3.56,0.33,-17.52,20,90,22.81,6.92,11.97,2.26,-1.84,13,92.31,13.21,10.57,5.16,0.468,-17.52,33,34.35,15.94,0.886,1.547,12.5,1
SPY,1h,300,4,dip,6.66,4.69,0.412,-17.52,16,87.5,22.93,6.19,10.69,2.018,-1.84,10,80,13.4,11.51,5.61,0.502,-17.52,26,34.35,15.94,0.886,1.547,12.5,1
SPY,1h,300,5,dip,5.58,3.94,0.357,-17.52,14,85.71,22.97,7.13,12.34,2.338,-1.84,10,90,13.01,11.34,5.53,0.495,-17.52,24,34.35,15.94,0.886,1.547,12.5,1
SPY,1h,300,7,dip,6.13,4.33,0.386,-17.52,13,84.62,22.89,8.63,15.02,2.697,-1.84,9,88.89,13.3,13.26,6.44,0.565,-17.52,22,34.35,15.94,0.886,1.547,12.5,1
SPY,1h,300,9,dip,7.93,5.58,0.478,-17.52,13,92.31,22.76,8.02,13.93,2.508,-1.84,8,100,13.4,14.66,7.09,0.617,-17.52,21,34.35,15.94,0.886,1.547,12.5,1
SPY,1h,300,12,dip,7.03,4.95,0.435,-17.52,10,80,22.93,6.26,10.81,2.175,-1.84,6,83.33,12.25,12.79,6.21,0.554,-17.52,16,34.35,15.94,0.886,1.547,12.5,1
SPY,1h,300,15,dip,3,2.12,0.227,-17.52,9,88.89,22.52,6.41,11.09,2.238,-1.84,5,80,11.96,8.53,4.18,0.398,-17.52,14,34.35,15.94,0.886,1.547,12.5,1
SPY,1h,300,20,dip,3.92,2.77,0.275,-17.52,8,87.5,22.44,6.27,10.83,2.227,-1.84,5,80,11.67,9.73,4.76,0.443,-17.52,13,34.35,15.94,0.886,1.547,12.5,1
SPY,1h,300,25,dip,5.12,3.61,0.339,-17.08,7,71.43,21.94,6.59,11.4,2.304,-1.84,5,80,10.91,11.03,5.38,0.493,-17.08,12,34.35,15.94,0.886,1.547,12.5,1
SPY,1h,300,30,dip,1.28,0.91,0.134,-17.12,6,83.33,21.45,9.28,16.19,3.162,-1.84,4,100,11.48,9.7,4.75,0.444,-17.12,10,34.35,15.94,0.886,1.547,12.5,1
SPY,1h,300,40,dip,0.61,0.43,0.098,-16.89,4,50,21.04,9.31,16.24,3.138,-1.84,4,100,11.39,10.31,5.04,0.466,-16.89,8,34.35,15.94,0.886,1.547,12.5,1
SPY,1h,300,50,dip,3.88,2.74,0.277,-16.89,4,75,20.71,6.9,11.95,2.719,-2.17,4,75,10.24,12.37,6.01,0.551,-16.89,8,34.35,15.94,0.886,1.547,12.5,1
SPY,1h,300,60,dip,3.05,2.16,0.232,-16.96,5,60,20.92,7.18,12.43,2.742,-1.64,3,100,9.76,12.27,5.97,0.546,-16.96,8,34.35,15.94,0.886,1.547,12.5,1
SPY,1h,300,75,dip,3.3,2.34,0.247,-15.98,4,50,21.74,6.47,11.19,2.493,-1.64,4,75,11.1,12.16,5.92,0.546,-15.98,8,34.35,15.94,0.886,1.547,12.5,1
SPY,1h,300,100,dip,-0.75,-0.53,0.02,-17.08,4,25,21.78,3.96,6.78,2.217,-1.47,3,66.67,8.33,6.69,3.3,0.336,-17.08,7,34.35,15.94,0.886,1.547,12.5,1
SPY,1h,300,125,dip,4.64,3.28,0.32,-14.48,4,75,20.02,-0.82,-1.38,-0.444,-2.37,3,33.33,8.71,7.56,3.72,0.369,-14.48,7,34.35,15.94,0.886,1.547,12.5,0
SPY,1h,300,150,dip,8.14,5.73,0.513,-14.25,4,75,19.52,0.1,0.17,0.069,-1.86,3,33.33,10.33,11.87,5.78,0.541,-14.25,7,34.35,15.94,0.886,1.547,12.5,0
SPY,1h,300,200,dip,9.22,6.48,0.576,-14.25,4,75,21.82,2.17,3.69,0.84,-3.34,2,100,11.77,15.82,7.63,0.69,-14.25,6,34.35,15.94,0.886,1.547,12.5,0
SPY,1h,300,250,dip,6.52,4.6,0.433,-14.25,3,100,20.84,2.14,3.65,0.987,-2.71,2,100,6.51,16.04,7.73,0.715,-14.25,6,34.35,15.94,0.886,1.547,12.5,0
QQQ,1d,2,3,trend,-72.95,-6.56,-0.287,-92.31,866,44.57,54.5,32.09,3.42,0.288,-39.69,367,47.96,56.8,-65.09,-3.75,-0.131,-92.31,1234,1613.07,10.86,0.391,0.872,343.14,0
QQQ,1d,2,4,trend,-45.37,-3.09,-0.08,-86.5,628,42.83,56.38,1.22,0.15,0.089,-44.79,271,46.13,58.53,-45.97,-2.21,-0.039,-86.5,900,1613.07,10.86,0.391,0.872,343.14,0
QQQ,1d,2,5,trend,-44.27,-2.99,-0.073,-84.07,521,40.12,56.09,17.68,1.99,0.204,-41.07,212,47.64,59.06,-35.41,-1.57,-0.002,-84.07,734,1613.07,10.86,0.391,0.872,343.14,0
QQQ,1d,2,7,trend,-32.67,-2.03,-0.021,-84.57,409,41.08,57.16,20.98,2.33,0.227,-43.12,177,46.33,59.78,-20.15,-0.81,0.04,-84.57,586,1613.07,10.86,0.391,0.872,343.14,0
QQQ,1d,2,9,trend,-38.71,-2.51,-0.051,-84.47,356,38.76,57.96,59.66,5.81,0.45,-28.4,154,44.16,60.84,-4.1,-0.15,0.077,-84.47,510,1613.07,10.86,0.391,0.872,343.14,0
QQQ,1d,2,12,trend,-2.69,-0.14,0.077,-68.11,293,36.18,57.8,90.56,8.1,0.593,-34.7,123,43.09,61.94,82.79,2.21,0.216,-68.11,417,1613.07,10.86,0.391,0.872,343.14,0
QQQ,1d,2,15,trend,23.2,1.09,0.149,-61.55,254,38.58,58.48,87.54,7.89,0.587,-39.29,106,37.74,63,125.48,2.99,0.263,-61.55,361,1613.07,10.86,0.391,0.872,343.14,0
QQQ,1d,2,20,trend,25.43,1.18,0.154,-53.91,218,38.07,59.61,188.43,13.65,0.951,-26.72,79,39.24,64.97,249.43,4.64,0.362,-53.91,298,1613.07,10.86,0.391,0.872,343.14,1
QQQ,1d,2,25,trend,62.03,2.53,0.234,-53.74,186,37.63,60.73,214.08,14.82,1.02,-26.31,71,42.25,65.59,393.81,5.97,0.441,-53.74,258,1613.07,10.86,0.391,0.872,343.14,1
QQQ,1d,2,30,trend,126.76,4.34,0.343,-42.04,164,35.98,61.53,211.28,14.7,1.029,-26.77,57,42.11,64.78,604.43,7.34,0.529,-42.04,223,1613.07,10.86,0.391,0.872,343.14,1
QQQ,1d,2,40,trend,185.15,5.59,0.41,-32.07,143,35.66,62.35,202.4,14.3,0.989,-19.89,52,36.54,65.31,772.33,8.18,0.569,-32.07,198,1613.07,10.86,0.391,0.872,343.14,1
QQQ,1d,2,50,trend,190.28,5.68,0.416,-41.25,125,34.4,62.91,225.52,15.32,1.04,-15.64,44,43.18,66.41,858.75,8.55,0.59,-41.25,169,1613.07,10.86,0.391,0.872,343.14,1
QQQ,1d,2,60,trend,194.99,5.77,0.423,-49.32,113,31.86,63.98,168.34,12.66,0.867,-20.99,44,38.64,67.47,703.15,7.85,0.549,-49.32,157,1613.07,10.86,0.391,0.872,343.14,0
QQQ,1d,2,75,trend,333.39,7.9,0.549,-46.77,91,35.16,64.54,105.9,9.11,0.643,-29.11,40,37.5,68.72,803.68,8.31,0.577,-46.77,131,1613.07,10.86,0.391,0.872,343.14,0
QQQ,1d,2,100,trend,322.36,7.76,0.542,-43.35,82,37.8,65.9,157.13,12.08,0.792,-24.07,32,50,71.89,949.72,8.9,0.607,-43.35,114,1613.07,10.86,0.391,0.872,343.14,0
QQQ,1d,2,125,trend,93.37,3.48,0.312,-44.33,73,24.66,65.03,278.31,17.43,1.057,-18.32,21,52.38,73.86,611.37,7.38,0.548,-44.33,95,1613.07,10.86,0.391,0.872,343.14,1
QQQ,1d,2,150,trend,102.12,3.72,0.323,-50.69,60,30,66.72,353.85,20.04,1.182,-18.32,12,66.67,75.35,768.75,8.16,0.588,-50.69,74,1613.07,10.86,0.391,0.872,343.14,1
QQQ,1d,2,200,trend,208.68,6.02,0.486,-34.62,50,28,65.79,388.75,21.12,1.229,-18.32,8,75,72.56,1250.8,9.91,0.699,-34.62,62,1613.07,10.86,0.391,0.872,343.14,1
QQQ,1d,2,250,trend,338.78,7.97,0.601,-26.36,39,35.9,67.24,249.92,16.33,1.05,-25.99,11,36.36,64.01,1242.62,9.88,0.678,-26.36,56,1613.07,10.86,0.391,0.872,343.14,1
QQQ,1d,2,300,trend,366.67,8.32,0.66,-25.19,29,37.93,66.49,283.22,17.62,1.112,-18.55,7,42.86,64.68,1630.03,10.9,0.758,-25.19,39,1613.07,10.86,0.391,0.872,343.14,1
QQQ,1d,3,2,dip,403.25,8.74,0.492,-41.03,866,61.2,45.39,124.21,10.24,0.651,-20.27,366,57.92,42.86,1006.5,9.11,0.526,-41.03,1233,1613.07,10.86,0.391,0.872,343.14,0
QQQ,1d,3,4,trend,-23.9,-1.41,0.016,-81.11,684,44.88,55.57,44.35,4.53,0.36,-37.22,296,50.68,58.29,8.68,0.3,0.106,-81.11,981,1613.07,10.86,0.391,0.872,343.14,0
QQQ,1d,3,5,trend,-31.11,-1.91,-0.012,-77.97,513,44.44,56.17,46.11,4.69,0.373,-29.36,213,51.17,58.58,0.9,0.03,0.09,-77.97,726,1613.07,10.86,0.391,0.872,343.14,0
QQQ,1d,3,7,trend,-11.42,-0.63,0.055,-74.03,376,42.02,56.69,40.51,4.19,0.348,-29.34,154,46.75,59.35,23.79,0.78,0.131,-74.03,530,1613.07,10.86,0.391,0.872,343.14,0
QQQ,1d,3,9,trend,10.16,0.5,0.116,-68.57,318,42.14,57.74,70.39,6.65,0.504,-40.72,137,49.64,60.64,83.98,2.24,0.216,-68.57,455,1613.07,10.86,0.391,0.872,343.14,0
QQQ,1d,3,12,trend,42.79,1.86,0.194,-56.46,261,40.23,57.72,131.82,10.69,0.749,-34.72,103,46.6,62.28,219.71,4.31,0.339,-56.46,365,1613.07,10.86,0.391,0.872,343.14,0
QQQ,1d,3,15,trend,30.27,1.38,0.166,-57.96,219,38.36,58.15,171.71,12.83,0.891,-25.63,86,45.35,63.29,239.95,4.54,0.355,-57.96,306,1613.07,10.86,0.391,0.872,343.14,1
QQQ,1d,3,20,trend,46.63,2,0.202,-55.45,187,40.11,59.24,151.22,11.77,0.829,-20.97,69,43.48,64.34,253.77,4.69,0.365,-55.45,257,1613.07,10.86,0.391,0.872,343.14,0
QQQ,1d,3,25,trend,51.79,2.19,0.213,-59.69,160,40.63,61.1,211.45,14.71,1.019,-25.31,57,54.39,65.4,358.87,5.68,0.422,-59.69,218,1613.07,10.86,0.391,0.872,343.14,1
QQQ,1d,3,30,trend,224.27,6.29,0.449,-43.58,134,41.79,61.86,194.55,13.94,0.984,-27.75,50,52,64.25,824.47,8.4,0.583,-43.58,186,1613.07,10.86,0.391,0.872,343.14,1
QQQ,1d,3,40,trend,237.41,6.51,0.463,-39.12,119,38.66,62.56,197.57,14.08,0.975,-18.93,42,45.24,65.45,907.75,8.74,0.601,-39.12,162,1613.07,10.86,0.391,0.872,343.14,1
QQQ,1d,3,50,trend,243.14,6.6,0.468,-39.52,102,39.22,62.83,227.37,15.4,1.044,-17.4,33,48.48,66.36,1037.61,9.22,0.628,-39.52,135,1613.07,10.86,0.391,0.872,343.14,1
QQQ,1d,3,60,trend,209.35,6.03,0.437,-49.89,90,40,64.17,215.98,14.91,1,-20.56,38,36.84,67.42,889.91,8.67,0.596,-49.89,128,1613.07,10.86,0.391,0.872,343.14,1
QQQ,1d,3,75,trend,299.01,7.44,0.522,-47.7,82,35.37,64.43,136.89,10.98,0.75,-26.46,31,41.94,68.48,853.67,8.53,0.588,-47.7,113,1613.07,10.86,0.391,0.872,343.14,0
QQQ,1d,3,100,trend,138.53,4.61,0.389,-30.18,66,33.33,62.5,183.22,13.4,0.862,-21.34,30,53.33,71.89,553.01,7.05,0.533,-30.18,96,1613.07,10.86,0.391,0.872,343.14,0
QQQ,1d,3,125,trend,81.02,3.13,0.286,-36.14,62,32.26,65.03,295.92,18.08,1.085,-18.32,15,53.33,74.34,605.53,7.35,0.543,-36.14,77,1613.07,10.86,0.391,0.872,343.14,1
QQQ,1d,3,150,trend,164.1,5.17,0.422,-39.13,46,26.09,66.52,338.7,19.55,1.153,-18.32,9,77.78,75.3,989.31,9.05,0.645,-39.13,56,1613.07,10.86,0.391,0.872,343.14,1
QQQ,1d,3,200,trend,221.24,6.24,0.502,-35.67,44,27.27,65.84,312.31,18.66,1.098,-23.19,6,83.33,72.51,1120.48,9.5,0.674,-35.67,52,1613.07,10.86,0.391,0.872,343.14,1
QQQ,1d,3,250,trend,370.66,8.37,0.628,-30.3,30,43.33,67.13,216.37,14.93,0.975,-28.46,11,45.45,64.01,1289.98,10.02,0.688,-30.3,46,1613.07,10.86,0.391,0.872,343.14,1
QQQ,1d,3,300,trend,340.49,7.99,0.637,-26.93,24,33.33,66.41,273.69,17.26,1.095,-23.28,6,50,64.58,1383.5,10.28,0.715,-26.93,32,1613.07,10.86,0.391,0.872,343.14,1
QQQ,1d,4,2,dip,231.65,6.42,0.398,-54.75,628,63.85,43.52,228.1,15.43,0.888,-22.1,271,65.31,41.13,967.1,8.97,0.524,-54.75,900,1613.07,10.86,0.391,0.872,343.14,1
QQQ,1d,4,3,dip,124.49,4.28,0.304,-59.02,684,58.63,44.3,118.89,9.92,0.619,-23.54,296,61.49,41.33,385.39,5.9,0.384,-59.02,981,1613.07,10.86,0.391,0.872,343.14,0
QQQ,1d,4,5,trend,32.34,1.46,0.171,-60.7,591,47.72,56.13,62.21,6.02,0.454,-25.33,253,52.17,58.48,115.21,2.82,0.246,-60.7,844,1613.07,10.86,0.391,0.872,343.14,0
QQQ,1d,4,7,trend,-22.26,-1.3,0.016,-75.97,379,43.8,56.46,66.7,6.37,0.487,-25.63,149,45.64,58.82,28.9,0.93,0.139,-75.97,528,1613.07,10.86,0.391,0.872,343.14,0
QQQ,1d,4,9,trend,1.54,0.08,0.093,-65.34,294,43.2,57.53,110.59,9.41,0.68,-23.49,125,48.8,59.78,109.6,2.72,0.243,-65.34,419,1613.07,10.86,0.391,0.872,343.14,0
QQQ,1d,4,12,trend,-21.3,-1.23,0.012,-69.54,242,43.8,58.19,172.04,12.85,0.883,-33.66,93,53.76,61.7,105.62,2.65,0.242,-69.54,336,1613.07,10.86,0.391,0.872,343.14,1
QQQ,1d,4,15,trend,12.7,0.62,0.121,-58,198,42.42,58.17,122.69,10.15,0.724,-25.53,75,48,63.53,141.04,3.24,0.279,-58,274,1613.07,10.86,0.391,0.872,343.14,0
QQQ,1d,4,20,trend,64.67,2.62,0.238,-53.66,163,42.94,59.18,183.91,13.43,0.92,-24.1,62,46.77,64.39,357.91,5.68,0.42,-53.66,226,1613.07,10.86,0.391,0.872,343.14,1
QQQ,1d,4,25,trend,115,4.05,0.318,-45.28,148,42.57,60.93,201.82,14.27,0.989,-24.04,53,54.72,65.21,520.02,6.84,0.487,-45.28,202,1613.07,10.86,0.391,0.872,343.14,1
QQQ,1d,4,30,trend,169.88,5.28,0.392,-38.84,124,42.74,61.88,176.58,13.07,0.923,-30.03,40,50,63.86,622.79,7.44,0.527,-38.84,165,1613.07,10.86,0.391,0.872,343.14,1
QQQ,1d,4,40,trend,156.58,5.01,0.375,-45.77,105,40.95,62.62,172.86,12.89,0.9,-21.02,38,44.74,65.06,603.22,7.33,0.517,-45.77,144,1613.07,10.86,0.391,0.872,343.14,1
QQQ,1d,4,50,trend,246.7,6.66,0.47,-38.25,88,43.18,62.95,175.08,13,0.9,-21.49,31,41.94,66.22,865.82,8.58,0.589,-38.25,119,1613.07,10.86,0.391,0.872,343.14,1
QQQ,1d,4,60,trend,241.39,6.58,0.47,-40.86,78,37.18,64.02,163.06,12.39,0.847,-21.14,34,38.24,67.23,806.07,8.32,0.577,-40.86,112,1613.07,10.86,0.391,0.872,343.14,0
QQQ,1d,4,75,trend,311.43,7.61,0.527,-44.36,65,44.62,64.76,124.76,10.28,0.714,-26.45,30,46.67,68.43,793.83,8.27,0.571,-44.36,95,1613.07,10.86,0.391,0.872,343.14,0
QQQ,1d,4,100,trend,108.7,3.89,0.341,-27.85,58,34.48,62.54,218.13,15,0.945,-19.43,24,66.67,72.18,541.74,6.98,0.528,-27.85,82,1613.07,10.86,0.391,0.872,343.14,1
QQQ,1d,4,125,trend,88.98,3.36,0.301,-36.3,56,33.93,64.99,328.19,19.2,1.142,-18.63,12,75,74.53,696.54,7.82,0.571,-36.3,68,1613.07,10.86,0.391,0.872,343.14,1
QQQ,1d,4,150,trend,179.94,5.48,0.442,-37.27,39,28.21,66.54,282.09,17.58,1.042,-24.53,8,87.5,75.25,930.27,8.83,0.629,-37.27,48,1613.07,10.86,0.391,0.872,343.14,1
QQQ,1d,4,200,trend,222.64,6.26,0.503,-29.07,37,29.73,65.88,288.27,17.8,1.152,-14.84,4,100,63.14,1170.95,9.66,0.681,-29.07,43,1613.07,10.86,0.391,0.872,343.14,1
QQQ,1d,4,250,trend,369.01,8.35,0.628,-23.06,26,42.31,66.97,238.22,15.86,1.031,-20.57,10,50,63.72,1454.68,10.47,0.717,-25.18,40,1613.07,10.86,0.391,0.872,343.14,1
QQQ,1d,4,300,trend,356.5,8.19,0.651,-29.29,23,39.13,66.47,254.79,16.53,1.054,-25.43,5,60,64.63,1304.09,10.06,0.699,-29.29,30,1613.07,10.86,0.391,0.872,343.14,1
QQQ,1d,5,2,dip,281.35,7.19,0.434,-47.3,522,63.98,43.73,202.93,14.32,0.824,-18.96,212,67.45,40.61,1023.96,9.18,0.534,-47.3,735,1613.07,10.86,0.391,0.872,343.14,0
QQQ,1d,5,3,dip,204.67,5.95,0.379,-43.42,512,61.52,43.7,138.9,11.09,0.665,-24.63,213,63.85,41.04,610.02,7.37,0.452,-43.42,726,1613.07,10.86,0.391,0.872,343.14,0
QQQ,1d,5,4,dip,44.33,1.92,0.195,-66.51,591,58.71,43.75,106.94,9.18,0.575,-34.9,253,62.45,41.09,188.76,3.92,0.29,-66.51,845,1613.07,10.86,0.391,0.872,343.14,0
QQQ,1d,5,7,trend,-16.21,-0.91,0.039,-73.84,402,45.02,56.17,52.65,5.24,0.419,-29.75,163,45.4,58.82,25.36,0.82,0.133,-73.84,565,1613.07,10.86,0.391,0.872,343.14,0
QQQ,1d,5,9,trend,-31.14,-1.92,-0.02,-73.18,299,42.47,57.26,129.19,10.54,0.743,-34.31,130,50.77,59.88,54.69,1.6,0.178,-73.18,429,1613.07,10.86,0.391,0.872,343.14,0
QQQ,1d,5,12,trend,8.54,0.43,0.111,-65.21,223,44.84,58.03,153.7,11.9,0.837,-33.71,88,50,61.41,164.47,3.59,0.296,-65.21,312,1613.07,10.86,0.391,0.872,343.14,0
QQQ,1d,5,15,trend,-9.41,-0.51,0.053,-67.72,186,41.94,57.78,149.25,11.66,0.817,-22.13,68,50,63.77,118.16,2.87,0.256,-67.72,255,1613.07,10.86,0.391,0.872,343.14,0
QQQ,1d,5,20,trend,68.19,2.73,0.245,-52.69,151,43.71,58.97,228.43,15.45,1.051,-20.44,55,49.09,64.2,437.99,6.3,0.458,-52.69,207,1613.07,10.86,0.391,0.872,343.14,1
QQQ,1d,5,25,trend,124.33,4.28,0.333,-40.59,136,44.12,60.7,212.25,14.74,1.017,-21.47,48,54.17,65.26,584.5,7.23,0.511,-40.59,185,1613.07,10.86,0.391,0.872,343.14,1
QQQ,1d,5,30,trend,184.18,5.57,0.407,-42.54,112,41.07,61.82,182.77,13.38,0.933,-27.49,37,48.65,63.86,688.07,7.78,0.543,-42.54,150,1613.07,10.86,0.391,0.872,343.14,1
QQQ,1d,5,40,trend,135.39,4.54,0.347,-47.82,97,45.36,62.48,170.4,12.77,0.887,-21.49,35,40,64.87,520.52,6.85,0.486,-47.82,133,1613.07,10.86,0.391,0.872,343.14,1
QQQ,1d,5,50,trend,278.19,7.14,0.497,-38.7,79,45.57,63.05,202.64,14.31,0.968,-18.92,30,43.33,66.41,1054.78,9.28,0.628,-38.7,109,1613.07,10.86,0.391,0.872,343.14,1
QQQ,1d,5,60,trend,250.98,6.73,0.476,-38.89,72,44.44,63.8,140.95,11.21,0.774,-21.17,30,46.67,67.37,753.25,8.09,0.561,-38.89,102,1613.07,10.86,0.391,0.872,343.14,0
QQQ,1d,5,75,trend,270.71,7.03,0.494,-45.69,62,41.94,64.6,146.29,11.5,0.787,-23.34,27,59.26,68.52,782.5,8.22,0.567,-45.69,89,1613.07,10.86,0.391,0.872,343.14,0
QQQ,1d,5,100,trend,108.27,3.88,0.34,-27.26,53,35.85,62.31,225.09,15.3,0.959,-18.56,19,68.42,71.94,566.48,7.12,0.536,-27.26,72,1613.07,10.86,0.391,0.872,343.14,1
QQQ,1d,5,125,trend,98.56,3.62,0.319,-35.61,51,35.29,64.99,268.55,17.06,1.02,-27.22,11,72.73,74.34,618.47,7.42,0.545,-35.61,62,1613.07,10.86,0.391,0.872,343.14,1
QQQ,1d,5,150,trend,183.9,5.56,0.449,-40.86,35,31.43,66.45,258.41,16.67,0.997,-25.68,8,87.5,75.11,873.04,8.61,0.616,-40.86,44,1613.07,10.86,0.391,0.872,343.14,1
QQQ,1d,5,200,trend,178.98,5.47,0.45,-35.55,36,33.33,65.86,280.85,17.53,1.137,-15.84,4,100,63.14,963.58,8.96,0.638,-35.55,42,1613.07,10.86,0.391,0.872,343.14,1
QQQ,1d,5,250,trend,363.22,8.28,0.662,-21.68,23,39.13,65.36,227.17,15.39,1.005,-22.63,8,50,63.72,1367.83,10.24,0.728,-25.18,35,1613.07,10.86,0.391,0.872,343.14,1
QQQ,1d,5,300,trend,359.56,8.23,0.65,-31.9,21,42.86,66.47,257.96,16.65,1.057,-23.48,5,60,64.63,1383.48,10.28,0.71,-31.9,28,1613.07,10.86,0.391,0.872,343.14,1
QQQ,1d,7,2,dip,261.25,6.89,0.415,-38.46,409,66.5,42.65,201.26,14.25,0.815,-21.74,177,72.32,39.84,985.88,9.04,0.52,-38.46,587,1613.07,10.86,0.391,0.872,343.14,0
QQQ,1d,7,3,dip,191.87,5.71,0.363,-52.41,376,65.16,43.11,169.05,12.7,0.739,-26.1,154,72.73,40.22,665.24,7.66,0.458,-52.41,531,1613.07,10.86,0.391,0.872,343.14,0
QQQ,1d,7,4,dip,231.37,6.41,0.393,-52.3,379,65.17,43.33,128.14,10.47,0.632,-29.31,149,72.48,40.75,636.7,7.51,0.451,-52.3,529,1613.07,10.86,0.391,0.872,343.14,0
QQQ,1d,7,5,dip,199.07,5.85,0.37,-54.86,402,64.93,43.62,143,11.32,0.667,-24.55,163,63.8,40.7,624.58,7.45,0.449,-54.86,566,1613.07,10.86,0.391,0.872,343.14,0
QQQ,1d,7,9,trend,-15.2,-0.85,0.043,-75.44,351,48.15,56.52,123.4,10.2,0.71,-27.27,148,52.03,60.21,83.83,2.23,0.214,-75.44,499,1613.07,10.86,0.391,0.872,343.14,0
QQQ,1d,7,12,trend,-51.71,-3.71,-0.131,-81.92,223,42.15,57.66,194.79,13.95,0.954,-26.18,96,51.04,61.32,37.34,1.16,0.153,-81.92,320,1613.07,10.86,0.391,0.872,343.14,1
QQQ,1d,7,15,trend,35.83,1.6,0.178,-62.39,165,44.85,58.05,244.88,16.13,1.075,-24.03,66,46.97,63.96,358.83,5.68,0.416,-62.39,232,1613.07,10.86,0.391,0.872,343.14,1
QQQ,1d,7,20,trend,35.7,1.6,0.178,-65.24,136,41.91,58.91,224.12,15.26,1.032,-31.37,53,54.72,64.78,326.74,5.41,0.401,-65.24,190,1613.07,10.86,0.391,0.872,343.14,1
QQQ,1d,7,25,trend,264.72,6.94,0.485,-40.32,112,50.89,60.21,204.78,14.41,0.986,-24.7,37,48.65,63.72,988.02,9.05,0.616,-40.32,150,1613.07,10.86,0.391,0.872,343.14,1
QQQ,1d,7,30,trend,192.42,5.72,0.415,-43.36,101,46.53,61.65,160.29,12.25,0.844,-29.75,35,40,63.67,644.57,7.56,0.527,-43.36,137,1613.07,10.86,0.391,0.872,343.14,0
QQQ,1d,7,40,trend,229.35,6.38,0.454,-44,82,48.78,62.39,131.34,10.66,0.756,-24.3,32,50,64.49,648.19,7.57,0.531,-44,115,1613.07,10.86,0.391,0.872,343.14,0
QQQ,1d,7,50,trend,224.76,6.3,0.447,-39.88,66,50,63.03,172.23,12.86,0.878,-19.26,26,50,66.36,754.55,8.09,0.556,-39.88,92,1613.07,10.86,0.391,0.872,343.14,1
QQQ,1d,7,60,trend,280.81,7.18,0.499,-34.66,60,43.33,63.82,178.57,13.17,0.884,-21.82,27,51.85,67.28,925.36,8.81,0.598,-34.66,87,1613.07,10.86,0.391,0.872,343.14,1
QQQ,1d,7,75,trend,110,3.92,0.339,-34.55,49,46.94,61.14,137.26,11,0.752,-24.1,24,54.17,68.48,390.47,5.94,0.463,-34.55,73,1613.07,10.86,0.391,0.872,343.14,0
QQQ,1d,7,100,trend,109.63,3.91,0.342,-31.04,43,39.53,62.23,222.48,15.19,0.954,-20.62,17,76.47,71.98,563.71,7.11,0.535,-31.04,60,1613.07,10.86,0.391,0.872,343.14,1
QQQ,1d,7,125,trend,155.47,4.99,0.412,-32.89,38,36.84,64.93,258.41,16.67,0.999,-26.26,8,87.5,74.2,800.58,8.3,0.601,-32.89,46,1613.07,10.86,0.391,0.872,343.14,1
QQQ,1d,7,150,trend,132.67,4.48,0.376,-44.72,30,30,66.52,251.24,16.39,0.969,-25.23,8,87.5,75.16,675.56,7.72,0.559,-44.72,38,1613.07,10.86,0.391,0.872,343.14,1
QQQ,1d,7,200,trend,211.98,6.08,0.491,-28.89,30,33.33,65.84,286.5,17.74,1.148,-14.47,4,100,63.09,1076.56,9.36,0.657,-28.92,35,1613.07,10.86,0.391,0.872,343.14,1
QQQ,1d,7,250,trend,336.32,7.94,0.638,-25.54,20,45,65.32,231.36,15.57,1.017,-24.21,7,42.86,63.72,1264.62,9.95,0.702,-28.56,29,1613.07,10.86,0.391,0.872,343.14,1
QQQ,1d,7,300,trend,382.52,8.51,0.669,-24.3,19,47.37,66.27,250.63,16.36,1.034,-23.37,4,75,64.58,1512.6,10.61,0.725,-28.56,25,1613.07,10.86,0.391,0.872,343.14,1
QQQ,1d,9,2,dip,310.46,7.6,0.445,-40.07,355,69.01,41.79,130.59,10.62,0.639,-21.41,154,69.48,38.64,861.12,8.56,0.498,-40.07,510,1613.07,10.86,0.391,0.872,343.14,0
QQQ,1d,9,3,dip,151.6,4.9,0.327,-63.9,318,70.44,42.06,124.59,10.27,0.626,-28.82,137,68.61,38.88,463.39,6.47,0.404,-63.9,456,1613.07,10.86,0.391,0.872,343.14,0
QQQ,1d,9,4,dip,180.92,5.5,0.355,-61.29,294,68.37,42.26,84.47,7.68,0.49,-26.4,124,67.74,39.74,416.68,6.14,0.39,-61.29,419,1613.07,10.86,0.391,0.872,343.14,0
QQQ,1d,9,5,dip,311.78,7.62,0.447,-62.21,299,67.56,42.53,65.42,6.27,0.42,-27.11,129,65.89,39.6,591.71,7.27,0.441,-62.21,429,1613.07,10.86,0.391,0.872,343.14,0
QQQ,1d,9,7,dip,198.24,5.83,0.371,-61.16,351,60.68,43.23,66.09,6.32,0.427,-26.31,147,62.59,39.26,408.06,6.07,0.39,-61.16,499,1613.07,10.86,0.391,0.872,343.14,0
QQQ,1d,9,12,trend,-47.81,-3.32,-0.112,-76.08,257,42.8,57.04,241.21,15.98,1.069,-21.87,97,52.58,62.09,70.3,1.95,0.2,-76.08,354,1613.07,10.86,0.391,0.872,343.14,1
QQQ,1d,9,15,trend,12.27,0.6,0.121,-66.85,166,43.98,57.61,232.06,15.6,1.035,-23.28,65,49.23,63.48,255.64,4.71,0.361,-66.85,232,1613.07,10.86,0.391,0.872,343.14,1
QQQ,1d,9,20,trend,86.99,3.3,0.274,-55.86,126,48.41,59.06,148.81,11.64,0.803,-27.3,48,52.08,65.11,352.5,5.63,0.411,-55.86,175,1613.07,10.86,0.391,0.872,343.14,0
QQQ,1d,9,25,trend,120.22,4.18,0.326,-52.95,100,48,60.31,211.71,14.72,0.996,-22.78,40,57.5,63.86,570.68,7.15,0.503,-52.95,141,1613.07,10.86,0.391,0.872,343.14,1
QQQ,1d,9,30,trend,139.8,4.64,0.353,-49.22,86,46.51,61.41,160.47,12.26,0.855,-25.99,31,45.16,63.58,503.32,6.74,0.48,-49.22,118,1613.07,10.86,0.391,0.872,343.14,0
QQQ,1d,9,40,trend,140.96,4.67,0.353,-41.83,74,50,62.23,180.19,13.25,0.912,-18.47,28,50,64.34,548.52,7.02,0.494,-41.83,103,1613.07,10.86,0.391,0.872,343.14,1
QQQ,1d,9,50,trend,135.87,4.55,0.346,-50.58,66,48.48,63.32,170.12,12.75,0.871,-21.85,26,46.15,65.98,515.84,6.82,0.481,-50.58,92,1613.07,10.86,0.391,0.872,343.14,0
QQQ,1d,9,60,trend,350.3,8.12,0.546,-31.37,54,51.85,64.19,184.3,13.45,0.901,-16.24,24,58.33,67.28,1160.22,9.63,0.639,-31.37,78,1613.07,10.86,0.391,0.872,343.14,1
QQQ,1d,9,75,trend,152.73,4.93,0.404,-32.38,44,50,61.12,147.81,11.58,0.777,-20.64,24,50,68.52,516.5,6.82,0.516,-32.38,68,1613.07,10.86,0.391,0.872,343.14,0
QQQ,1d,9,100,trend,155.65,4.99,0.413,-30.66,35,45.71,62.25,222.75,15.2,0.952,-18.32,17,70.59,71.94,711.53,7.89,0.582,-30.66,52,1613.07,10.86,0.391,0.872,343.14,1
QQQ,1d,9,125,trend,144.06,4.74,0.395,-39.36,35,37.14,64.72,261.87,16.81,0.994,-25.18,8,87.5,73.95,781.64,8.22,0.593,-39.36,43,1613.07,10.86,0.391,0.872,343.14,1
QQQ,1d,9,150,trend,120.69,4.19,0.357,-47.39,29,31.03,66.52,219.48,15.06,0.879,-29.48,7,85.71,75.2,569.11,7.14,0.519,-47.39,36,1613.07,10.86,0.391,0.872,343.14,1
QQQ,1d,9,200,trend,224.28,6.29,0.5,-35.83,28,35.71,65.94,248.56,16.28,1.072,-18.81,4,100,63.05,961.99,8.95,0.628,-35.83,33,1613.07,10.86,0.391,0.872,343.14,1
QQQ,1d,9,250,trend,354.95,8.17,0.65,-24.24,19,47.37,65.3,226.84,15.38,1.005,-23.85,7,42.86,63.72,1193.83,9.73,0.682,-29.96,28,1613.07,10.86,0.391,0.872,343.14,1
QQQ,1d,9,300,trend,336.47,7.94,0.628,-24.5,16,37.5,66.23,213.96,14.82,0.945,-24.17,4,75,64.49,1189.42,9.72,0.672,-28.56,21,1613.07,10.86,0.391,0.872,343.14,1
QQQ,1d,12,2,dip,172.73,5.34,0.345,-57.79,293,73.04,41.69,99.26,8.68,0.543,-25.09,123,73.17,36.81,451.85,6.39,0.398,-57.79,417,1613.07,10.86,0.391,0.872,343.14,0
QQQ,1d,12,3,dip,95.56,3.54,0.267,-70.93,260,73.46,42.02,69.53,6.58,0.437,-27.73,103,69.9,36.42,240.04,4.54,0.315,-70.93,364,1613.07,10.86,0.391,0.872,343.14,0
QQQ,1d,12,4,dip,254.96,6.79,0.407,-62.97,241,74.27,41.52,46.21,4.69,0.34,-28.44,93,66.67,37,435.31,6.28,0.393,-62.97,335,1613.07,10.86,0.391,0.872,343.14,0
QQQ,1d,12,5,dip,163.3,5.15,0.338,-67.8,222,72.07,41.69,57.72,5.66,0.388,-24.19,88,65.91,37.29,328.35,5.42,0.356,-67.8,311,1613.07,10.86,0.391,0.872,343.14,0
QQQ,1d,12,7,dip,487.05,9.61,0.527,-56.55,222,71.62,42.02,34.44,3.64,0.284,-27.77,96,64.58,37.39,710.31,7.89,0.465,-56.55,319,1613.07,10.86,0.391,0.872,343.14,0
QQQ,1d,12,9,dip,419.94,8.93,0.496,-59.84,257,68.09,42.65,15.99,1.81,0.189,-34.88,96,57.29,37.29,525.54,6.88,0.42,-59.84,354,1613.07,10.86,0.391,0.872,343.14,0
QQQ,1d,12,15,trend,221.04,6.24,0.436,-37.19,216,53.7,57.39,148.04,11.6,0.785,-22.62,82,54.88,63.09,672.75,7.7,0.526,-37.19,298,1613.07,10.86,0.391,0.872,343.14,0
QQQ,1d,12,20,trend,140.87,4.67,0.35,-56.97,127,44.09,58.83,104.94,9.05,0.629,-27.27,48,50,65.5,385.63,5.9,0.424,-56.97,176,1613.07,10.86,0.391,0.872,343.14,0
QQQ,1d,12,25,trend,299.26,7.44,0.508,-44.8,101,45.54,60.35,175.18,13.01,0.87,-18.05,38,50,63.72,1012.65,9.13,0.611,-44.8,140,1613.07,10.86,0.391,0.872,343.14,0
QQQ,1d,12,30,trend,271.79,7.05,0.482,-44.11,84,51.19,60.95,164.86,12.48,0.854,-21.26,31,45.16,63.24,829.99,8.43,0.569,-44.11,116,1613.07,10.86,0.391,0.872,343.14,0
QQQ,1d,12,40,trend,206.67,5.98,0.423,-45.48,67,52.24,62.56,138.86,11.09,0.768,-24.88,24,58.33,64.68,621.07,7.43,0.512,-45.48,91,1613.07,10.86,0.391,0.872,343.14,0
QQQ,1d,12,50,trend,169.8,5.28,0.385,-49.64,59,52.54,63.75,116.03,9.75,0.683,-30.24,25,52,65.64,473.75,6.54,0.462,-49.64,84,1613.07,10.86,0.391,0.872,343.14,0
QQQ,1d,12,60,trend,276.58,7.12,0.487,-37.47,48,50,64.25,114.85,9.68,0.661,-24.23,25,56,67.37,694.34,7.81,0.53,-37.47,73,1613.07,10.86,0.391,0.872,343.14,0
QQQ,1d,12,75,trend,102.39,3.72,0.324,-34.27,38,47.37,60.91,112.36,9.52,0.645,-22.63,21,57.14,68.57,322.74,5.37,0.421,-34.27,59,1613.07,10.86,0.391,0.872,343.14,0
QQQ,1d,12,100,trend,179.03,5.47,0.444,-27.83,34,50,61.92,233.31,15.65,0.967,-19.62,13,76.92,72.18,828.39,8.42,0.611,-27.83,47,1613.07,10.86,0.391,0.872,343.14,1
QQQ,1d,12,125,trend,176.63,5.42,0.435,-36.84,32,43.75,64.68,220.78,15.12,0.909,-25.18,8,87.5,74.1,772.95,8.18,0.585,-36.84,40,1613.07,10.86,0.391,0.872,343.14,1
QQQ,1d,12,150,trend,130.15,4.42,0.369,-46.1,29,37.93,66.47,231,15.55,0.907,-26.54,6,83.33,75.11,622.97,7.44,0.535,-46.1,35,1613.07,10.86,0.391,0.872,343.14,1
QQQ,1d,12,200,trend,205.31,5.96,0.477,-29,27,37.04,65.84,230.39,15.53,1.029,-19.22,4,100,62.95,860.58,8.55,0.601,-30.51,32,1613.07,10.86,0.391,0.872,343.14,1
QQQ,1d,12,250,trend,360.97,8.25,0.653,-26.13,18,44.44,65.07,275.61,17.33,1.119,-15.46,6,50,63.58,1500.64,10.58,0.732,-28.56,25,1613.07,10.86,0.391,0.872,343.14,1
QQQ,1d,12,300,trend,347.12,8.08,0.631,-25.51,16,50,66.37,192.12,13.82,0.887,-26.82,4,75,64.34,1111.26,9.47,0.653,-28.59,21,1613.07,10.86,0.391,0.872,343.14,1
QQQ,1d,15,2,dip,125.75,4.31,0.3,-62.88,254,72.83,41.01,106.65,9.16,0.563,-24.19,106,68.87,35.75,378.47,5.84,0.372,-62.88,361,1613.07,10.86,0.391,0.872,343.14,0
QQQ,1d,15,3,dip,120.95,4.2,0.295,-68.12,219,75.8,41.31,47.62,4.82,0.346,-24.82,86,70.93,35.42,236.43,4.5,0.313,-68.12,306,1613.07,10.86,0.391,0.872,343.14,0
QQQ,1d,15,4,dip,167.39,5.23,0.34,-66.8,198,74.24,41.27,82.51,7.54,0.483,-27.27,75,74.67,35.18,403.38,6.04,0.382,-66.8,274,1613.07,10.86,0.391,0.872,343.14,0
QQQ,1d,15,5,dip,237.49,6.51,0.395,-65.32,186,72.58,41.66,63.45,6.11,0.411,-31.43,68,70.59,34.89,469,6.51,0.403,-65.32,255,1613.07,10.86,0.391,0.872,343.14,0
QQQ,1d,15,7,dip,144.87,4.75,0.321,-66.92,165,70.3,41.38,18.41,2.06,0.203,-31.99,66,65.15,34.69,195.03,4,0.291,-66.92,232,1613.07,10.86,0.391,0.872,343.14,0
QQQ,1d,15,9,dip,195.9,5.79,0.365,-66.54,166,71.69,41.81,23.13,2.55,0.229,-30.21,65,63.08,35.18,280.64,4.97,0.335,-66.54,232,1613.07,10.86,0.391,0.872,343.14,0
QQQ,1d,15,12,dip,-10.44,-0.57,0.083,-79.92,216,61.57,41.99,59.1,5.77,0.401,-32.11,81,67.9,36.14,48.73,1.45,0.173,-79.92,298,1613.07,10.86,0.391,0.872,343.14,0
QQQ,1d,15,20,trend,295.5,7.39,0.5,-53.3,141,49.65,58.91,116.09,9.75,0.668,-31.34,58,50,64.82,748.09,8.07,0.545,-53.3,200,1613.07,10.86,0.391,0.872,343.14,0
QQQ,1d,15,25,trend,276.07,7.11,0.483,-57.28,96,54.17,60,183.3,13.4,0.882,-21.5,37,54.05,64.63,948.88,8.9,0.589,-57.28,134,1613.07,10.86,0.391,0.872,343.14,1
QQQ,1d,15,30,trend,314.01,7.65,0.513,-43.94,77,49.35,61.28,162.04,12.34,0.842,-21.89,30,60,62.71,928.41,8.82,0.589,-43.94,108,1613.07,10.86,0.391,0.872,343.14,0
QQQ,1d,15,40,trend,227.83,6.35,0.44,-52.04,65,52.31,62.37,102.43,8.89,0.627,-32.74,26,46.15,64.1,553.28,7.05,0.486,-52.04,91,1613.07,10.86,0.391,0.872,343.14,0
QQQ,1d,15,50,trend,243.6,6.61,0.456,-53.48,52,57.69,63.82,104.58,9.03,0.624,-22.46,24,54.17,65.26,591.97,7.27,0.498,-53.48,76,1613.07,10.86,0.391,0.872,343.14,0
QQQ,1d,15,60,trend,254.45,6.78,0.466,-50.54,44,52.27,63.94,119.92,9.99,0.671,-29.86,21,66.67,67.18,665.31,7.66,0.519,-50.54,65,1613.07,10.86,0.391,0.872,343.14,0
QQQ,1d,15,75,trend,172.83,5.34,0.426,-27.45,38,47.37,60.81,100.58,8.77,0.599,-27.32,20,55,68.77,450.8,6.39,0.48,-27.45,58,1613.07,10.86,0.391,0.872,343.14,0
QQQ,1d,15,100,trend,231.08,6.41,0.502,-24.82,30,53.33,62.11,193.89,13.91,0.849,-25.18,9,66.67,72.8,857.21,8.54,0.609,-25.18,39,1613.07,10.86,0.391,0.872,343.14,0
QQQ,1d,15,125,trend,178.67,5.46,0.435,-36.86,27,40.74,64.76,183.06,13.39,0.804,-28.83,7,85.71,74.05,671.57,7.7,0.55,-36.86,34,1613.07,10.86,0.391,0.872,343.14,0
QQQ,1d,15,150,trend,98.24,3.61,0.315,-50.42,26,34.62,66.54,229.22,15.48,0.895,-28.56,6,83.33,75.06,524.16,6.87,0.498,-50.42,32,1613.07,10.86,0.391,0.872,343.14,1
QQQ,1d,15,200,trend,218.96,6.2,0.485,-31.37,24,37.5,66.04,258.35,16.67,1.092,-15.46,4,100,62.9,998.56,9.08,0.627,-31.37,29,1613.07,10.86,0.391,0.872,343.14,1
QQQ,1d,15,250,trend,299.15,7.44,0.594,-33.59,15,53.33,65.01,275.63,17.33,1.117,-16.27,4,75,63.58,1303.91,10.06,0.699,-33.59,20,1613.07,10.86,0.391,0.872,343.14,1
QQQ,1d,15,300,trend,426.59,9,0.691,-24.03,12,50,66.58,187.27,13.59,0.88,-24.18,4,75,64.1,1412.49,10.36,0.703,-28.56,17,1613.07,10.86,0.391,0.872,343.14,1
QQQ,1d,20,2,dip,129.75,4.41,0.304,-65.8,218,75.69,39.85,40.24,4.17,0.312,-25.54,79,77.22,33.73,230.47,4.43,0.31,-65.8,298,1613.07,10.86,0.391,0.872,343.14,0
QQQ,1d,20,3,dip,108.26,3.88,0.281,-66.08,187,71.12,40.2,62.95,6.07,0.407,-28.37,69,73.91,34.36,250.04,4.65,0.319,-66.08,257,1613.07,10.86,0.391,0.872,343.14,0
QQQ,1d,20,4,dip,102.47,3.73,0.275,-66.49,163,72.39,40.24,44.53,4.55,0.331,-26.37,62,69.35,34.26,197.76,4.04,0.292,-66.49,226,1613.07,10.86,0.391,0.872,343.14,0
QQQ,1d,20,5,dip,101.12,3.69,0.273,-68.42,151,70.2,40.45,26.71,2.9,0.246,-30.7,55,70.91,34.41,159.29,3.52,0.268,-68.42,207,1613.07,10.86,0.391,0.872,343.14,0
QQQ,1d,20,7,dip,144.78,4.75,0.321,-63.62,136,72.79,40.49,25.84,2.81,0.242,-25.13,53,69.81,33.78,221.79,4.33,0.307,-63.62,190,1613.07,10.86,0.391,0.872,343.14,0
QQQ,1d,20,9,dip,71.31,2.83,0.236,-69.94,126,71.43,40.33,64.83,6.22,0.422,-22.42,48,72.92,33.4,194.41,4,0.292,-69.94,175,1613.07,10.86,0.391,0.872,343.14,0
QQQ,1d,20,12,dip,27.98,1.29,0.167,-69.72,127,62.99,40.51,97.97,8.6,0.548,-22.42,48,75,32.87,164,3.58,0.273,-69.72,176,1613.07,10.86,0.391,0.872,343.14,0
QQQ,1d,20,15,dip,-22.75,-1.33,0.047,-76.37,141,63.83,40.39,85.51,7.75,0.504,-22.42,58,65.52,33.54,48.04,1.43,0.172,-76.37,200,1613.07,10.86,0.391,0.872,343.14,0
QQQ,1d,20,25,trend,203.17,5.92,0.42,-56.4,123,56.91,59.74,106.47,9.15,0.63,-24.71,48,56.25,63.91,527.78,6.89,0.48,-56.4,172,1613.07,10.86,0.391,0.872,343.14,0
QQQ,1d,20,30,trend,250.44,6.72,0.463,-47.8,77,55.84,60.97,115.27,9.7,0.672,-29.31,33,54.55,63.33,655.58,7.61,0.52,-47.8,111,1613.07,10.86,0.391,0.872,343.14,0
QQQ,1d,20,40,trend,150.64,4.88,0.361,-59.67,60,48.33,62.21,119.54,9.96,0.678,-30.06,25,56,63.33,441.67,6.32,0.445,-59.67,85,1613.07,10.86,0.391,0.872,343.14,0
QQQ,1d,20,50,trend,197.07,5.81,0.41,-56.83,47,59.57,63.28,129.02,10.53,0.702,-29.82,19,63.16,64.97,567.96,7.13,0.487,-56.83,66,1613.07,10.86,0.391,0.872,343.14,0
QQQ,1d,20,60,trend,233.63,6.45,0.445,-40.9,42,50,64.06,80.49,7.39,0.518,-31.78,19,52.63,66.55,506.09,6.76,0.465,-40.9,61,1613.07,10.86,0.391,0.872,343.14,0
QQQ,1d,20,75,trend,102.47,3.73,0.322,-41.43,36,47.22,60.62,81.05,7.43,0.513,-33.59,18,61.11,68.24,261.69,4.77,0.379,-41.43,54,1613.07,10.86,0.391,0.872,343.14,0
QQQ,1d,20,100,trend,178.23,5.45,0.437,-31.05,27,48.15,62.33,187.49,13.6,0.807,-28.56,8,75,73.09,682.43,7.75,0.554,-31.05,35,1613.07,10.86,0.391,0.872,343.14,0
QQQ,1d,20,125,trend,184.02,5.56,0.444,-31.11,25,44,64.25,192.83,13.86,0.815,-28.56,7,85.71,73.71,695.39,7.81,0.555,-31.11,32,1613.07,10.86,0.391,0.872,343.14,0
QQQ,1d,20,150,trend,136.13,4.56,0.377,-41.93,25,40,66.19,222.61,15.2,0.878,-28.56,6,83.33,74.53,625.98,7.46,0.532,-41.93,31,1613.07,10.86,0.391,0.872,343.14,1
QQQ,1d,20,200,trend,210.44,6.05,0.489,-36.24,20,50,64.93,222.92,15.21,1.006,-18.06,4,100,62.85,846.6,8.5,0.601,-36.24,25,1613.07,10.86,0.391,0.872,343.14,1
QQQ,1d,20,250,trend,363.12,8.27,0.65,-31.42,12,58.33,65.24,271.72,17.19,1.107,-15.46,4,75,63.77,1646.96,10.94,0.747,-31.42,17,1613.07,10.86,0.391,0.872,343.14,1
QQQ,1d,20,300,trend,400.12,8.71,0.668,-26.51,10,60,66.85,199.91,14.19,0.916,-25.85,4,75,63.62,1399.74,10.32,0.696,-28.56,15,1613.07,10.86,0.391,0.872,343.14,1
QQQ,1d,25,2,dip,88.69,3.35,0.258,-66.7,186,77.42,38.72,30.03,3.22,0.262,-26.54,71,71.83,33.11,150.48,3.39,0.262,-66.7,258,1613.07,10.86,0.391,0.872,343.14,0
QQQ,1d,25,3,dip,107.81,3.87,0.281,-60.37,160,76.88,38.35,32.55,3.46,0.274,-29.31,57,71.93,33.25,182.8,3.84,0.283,-60.37,218,1613.07,10.86,0.391,0.872,343.14,0
QQQ,1d,25,4,dip,57.9,2.4,0.217,-71.21,148,74.32,38.49,38.21,3.99,0.301,-29.37,53,66.04,33.4,126.34,3.01,0.245,-71.21,202,1613.07,10.86,0.391,0.872,343.14,0
QQQ,1d,25,5,dip,53.52,2.25,0.211,-72.73,136,74.26,38.72,31.41,3.35,0.269,-29.1,48,70.83,33.3,109.25,2.72,0.232,-72.73,185,1613.07,10.86,0.391,0.872,343.14,0
QQQ,1d,25,7,dip,-6.26,-0.33,0.096,-76.27,112,71.43,39.19,37.21,3.89,0.298,-29.32,37,75.68,32.58,32.42,1.02,0.154,-76.27,150,1613.07,10.86,0.391,0.872,343.14,0
QQQ,1d,25,9,dip,48.26,2.06,0.202,-69.65,100,73,39.05,30.72,3.29,0.267,-27.83,40,62.5,33.16,104.41,2.63,0.228,-69.65,141,1613.07,10.86,0.391,0.872,343.14,0
QQQ,1d,25,12,dip,-17.18,-0.97,0.065,-80.81,101,65.35,38.92,46.55,4.72,0.345,-29.88,38,73.68,33.21,25.09,0.82,0.143,-80.81,140,1613.07,10.86,0.391,0.872,343.14,0
QQQ,1d,25,15,dip,-12.46,-0.69,0.077,-73.93,96,65.63,39.25,46.16,4.69,0.344,-28.62,37,72.97,33.49,32.26,1.02,0.152,-73.93,134,1613.07,10.86,0.391,0.872,343.14,0
QQQ,1d,25,20,dip,8.12,0.41,0.127,-70.25,123,57.72,39.46,97.77,8.59,0.555,-25.08,48,70.83,33.97,117.15,2.85,0.239,-70.25,172,1613.07,10.86,0.391,0.872,343.14,0
QQQ,1d,25,30,trend,80.13,3.1,0.263,-51.78,103,48.54,60.7,108.74,9.3,0.637,-23.63,37,51.35,61.85,289.39,5.06,0.375,-51.78,141,1613.07,10.86,0.391,0.872,343.14,0
QQQ,1d,25,40,trend,119.88,4.17,0.321,-59.07,61,50.82,61.74,101.1,8.8,0.6,-27.48,23,60.87,63.29,335.26,5.48,0.396,-59.07,84,1613.07,10.86,0.391,0.872,343.14,0
QQQ,1d,25,50,trend,199.28,5.85,0.41,-56.78,47,55.32,62.91,101.16,8.81,0.593,-30.26,21,52.38,64.63,492.13,6.67,0.457,-56.78,68,1613.07,10.86,0.391,0.872,343.14,0
QQQ,1d,25,60,trend,292.13,7.34,0.491,-34.24,40,52.5,63.8,81.93,7.5,0.506,-33.39,16,50,66.51,612.12,7.38,0.493,-34.24,56,1613.07,10.86,0.391,0.872,343.14,0
QQQ,1d,25,75,trend,236.07,6.49,0.445,-55.57,35,54.29,64.95,85.3,7.73,0.513,-35.56,15,66.67,68.19,512.62,6.8,0.46,-55.57,50,1613.07,10.86,0.391,0.872,343.14,0
QQQ,1d,25,100,trend,260.74,6.88,0.529,-30.42,24,62.5,62.33,155.62,12,0.723,-32.6,8,75,72.9,760.99,8.12,0.573,-32.6,32,1613.07,10.86,0.391,0.872,343.14,0
QQQ,1d,25,125,trend,140.19,4.65,0.384,-40.29,23,52.17,64.19,171.42,12.82,0.76,-29.13,7,71.43,73.47,521.29,6.85,0.497,-40.29,30,1613.07,10.86,0.391,0.872,343.14,0
QQQ,1d,25,150,trend,188.18,5.64,0.455,-34.96,19,47.37,65.55,297.82,18.15,1.011,-28.56,5,100,74.1,994.85,9.07,0.63,-34.96,24,1613.07,10.86,0.391,0.872,343.14,1
QQQ,1d,25,200,trend,266.5,6.97,0.56,-24.82,16,50,64.35,243.96,16.09,1.056,-15.46,4,100,62.9,1161.85,9.63,0.672,-28.56,21,1613.07,10.86,0.391,0.872,343.14,1
QQQ,1d,25,250,trend,393.5,8.63,0.672,-26.58,11,54.55,65.55,253.89,16.49,1.058,-18.7,3,100,63.72,1613.8,10.86,0.737,-28.56,15,1613.07,10.86,0.391,0.872,343.14,1
QQQ,1d,25,300,trend,389.71,8.59,0.659,-26.39,10,50,66.99,207.47,14.53,0.943,-24.43,3,100,63.19,1395.31,10.31,0.695,-28.56,14,1613.07,10.86,0.391,0.872,343.14,1
QQQ,1d,30,2,dip,33.42,1.51,0.179,-75.85,163,80.37,37.83,29.59,3.18,0.26,-27.86,57,75.44,32.53,76.48,2.08,0.203,-75.85,222,1613.07,10.86,0.391,0.872,343.14,0
QQQ,1d,30,3,dip,-3.28,-0.17,0.103,-73.44,133,74.44,37.5,35.88,3.77,0.29,-23.53,50,72,32.72,40.58,1.24,0.164,-73.44,185,1613.07,10.86,0.391,0.872,343.14,0
QQQ,1d,30,4,dip,14.71,0.71,0.143,-74.21,123,74.8,37.46,49.81,5,0.354,-24.08,40,67.5,32.53,79.84,2.15,0.206,-74.21,164,1613.07,10.86,0.391,0.872,343.14,0
QQQ,1d,30,5,dip,7.97,0.4,0.129,-72.4,111,77.48,37.5,47.33,4.79,0.344,-25.98,37,72.97,32.48,64.07,1.81,0.19,-72.4,149,1613.07,10.86,0.391,0.872,343.14,0
QQQ,1d,30,7,dip,6.32,0.32,0.125,-75.38,100,73,37.67,60.44,5.88,0.4,-25.4,35,80,32.68,76.39,2.08,0.203,-75.38,136,1613.07,10.86,0.391,0.872,343.14,0
QQQ,1d,30,9,dip,41.06,1.8,0.191,-71.48,86,69.77,37.73,61.71,5.98,0.406,-22.98,31,80.65,32.72,137.97,3.2,0.254,-71.48,118,1613.07,10.86,0.391,0.872,343.14,0
QQQ,1d,30,12,dip,-13.03,-0.72,0.076,-78.42,84,64.29,38.12,66,6.31,0.426,-26.78,31,80.65,33.01,47.57,1.42,0.172,-78.42,116,1613.07,10.86,0.391,0.872,343.14,0
QQQ,1d,30,15,dip,-16.33,-0.92,0.067,-78.09,77,68.83,37.91,67.98,6.47,0.436,-23.48,30,73.33,33.54,43.14,1.31,0.166,-78.09,108,1613.07,10.86,0.391,0.872,343.14,0
QQQ,1d,30,20,dip,-1.27,-0.07,0.106,-72.77,77,61.04,38.18,93.13,8.27,0.532,-22.88,33,69.7,34.55,93.89,2.43,0.219,-72.77,111,1613.07,10.86,0.391,0.872,343.14,0
QQQ,1d,30,25,dip,79.67,3.09,0.248,-69.3,103,63.11,38.39,99.21,8.68,0.563,-27.9,37,62.16,34.55,250.25,4.65,0.323,-69.3,141,1613.07,10.86,0.391,0.872,343.14,0
QQQ,1d,30,40,trend,128.13,4.37,0.329,-51.72,66,53.03,61.63,85.65,7.76,0.545,-34.1,25,64,62.28,315.82,5.31,0.384,-51.72,91,1613.07,10.86,0.391,0.872,343.14,0
QQQ,1d,30,50,trend,287.46,7.28,0.486,-47.41,50,56,62.66,84.7,7.69,0.528,-37.68,20,60,63.43,603.86,7.34,0.493,-47.41,70,1613.07,10.86,0.391,0.872,343.14,0
QQQ,1d,30,60,trend,428.89,9.02,0.581,-36.55,38,60.53,63.47,72.65,6.82,0.465,-38.63,18,61.11,65.98,801.01,8.3,0.541,-38.63,56,1613.07,10.86,0.391,0.872,343.14,0
QQQ,1d,30,75,trend,262.87,6.91,0.465,-46.36,35,51.43,65.11,109.94,9.37,0.594,-33.24,17,52.94,68.38,645.19,7.56,0.498,-46.36,52,1613.07,10.86,0.391,0.872,343.14,0
QQQ,1d,30,100,trend,182.45,5.53,0.441,-36.58,24,54.17,62.48,163.06,12.39,0.739,-29.14,7,71.43,72.99,610.6,7.37,0.527,-36.58,31,1613.07,10.86,0.391,0.872,343.14,0
QQQ,1d,30,125,trend,196.79,5.8,0.46,-40.62,22,59.09,63.77,214.43,14.84,0.852,-28.56,7,85.71,73.33,804.71,8.32,0.582,-40.62,29,1613.07,10.86,0.391,0.872,343.14,0
QQQ,1d,30,150,trend,223.51,6.28,0.493,-36.87,17,52.94,65.3,246.38,16.19,0.912,-28.56,5,100,73.76,994.59,9.07,0.625,-36.87,22,1613.07,10.86,0.391,0.872,343.14,1
QQQ,1d,30,200,trend,263.7,6.93,0.557,-29.9,15,53.33,64.15,241.37,15.99,1.046,-17.13,4,100,62.95,1128.43,9.53,0.662,-29.9,20,1613.07,10.86,0.391,0.872,343.14,1
QQQ,1d,30,250,trend,396.53,8.67,0.672,-27.57,11,54.55,65.9,210.96,14.69,0.95,-24.06,3,100,63.43,1457.25,10.47,0.71,-28.56,15,1613.07,10.86,0.391,0.872,343.14,1
QQQ,1d,30,300,trend,396.23,8.66,0.661,-28.89,11,81.82,67.09,239.74,15.92,0.988,-22.77,3,100,63.14,1741.19,11.15,0.732,-28.89,15,1613.07,10.86,0.391,0.872,343.14,1
QQQ,1d,40,2,dip,10.78,0.53,0.135,-77.07,143,81.82,36.78,35.05,3.7,0.287,-30.4,52,78.85,31.09,49.52,1.47,0.175,-77.07,198,1613.07,10.86,0.391,0.872,343.14,0
QQQ,1d,40,3,dip,-2.5,-0.13,0.105,-77.56,119,79.83,36.6,39.17,4.07,0.307,-28.61,42,73.81,30.9,36.74,1.14,0.159,-77.56,162,1613.07,10.86,0.391,0.872,343.14,0
QQQ,1d,40,4,dip,28.86,1.32,0.17,-73.02,105,79.05,36.51,52.5,5.23,0.366,-29.24,38,78.95,31.28,97.89,2.51,0.222,-73.02,144,1613.07,10.86,0.391,0.872,343.14,0
QQQ,1d,40,5,dip,41.82,1.83,0.192,-71.94,97,76.29,36.66,54.45,5.39,0.374,-29.45,35,82.86,31.48,127.25,3.02,0.246,-71.94,133,1613.07,10.86,0.391,0.872,343.14,0
QQQ,1d,40,7,dip,6.89,0.35,0.126,-74.46,82,76.83,36.51,81.85,7.49,0.479,-27.74,32,81.25,31.81,99.48,2.54,0.224,-74.46,115,1613.07,10.86,0.391,0.872,343.14,0
QQQ,1d,40,9,dip,50.34,2.14,0.206,-75.2,74,70.27,36.66,57.48,5.64,0.389,-29.85,28,78.57,31.91,137.96,3.2,0.254,-75.2,103,1613.07,10.86,0.391,0.872,343.14,0
QQQ,1d,40,12,dip,16.88,0.81,0.146,-76.58,67,71.64,36.35,82.26,7.52,0.49,-23.68,24,79.17,31.52,113.04,2.78,0.235,-76.58,91,1613.07,10.86,0.391,0.872,343.14,0
QQQ,1d,40,15,dip,5.38,0.27,0.12,-70.32,65,69.23,36.58,114.54,9.66,0.601,-21.5,26,73.08,32.1,126.09,3,0.246,-70.32,91,1613.07,10.86,0.391,0.872,343.14,0
QQQ,1d,40,20,dip,44.22,1.92,0.195,-68.53,60,71.67,36.7,98.06,8.6,0.558,-23.16,25,76,32.87,185.64,3.88,0.288,-68.53,85,1613.07,10.86,0.391,0.872,343.14,0
QQQ,1d,40,25,dip,53.68,2.25,0.21,-72.84,61,75.41,37.23,116.75,9.79,0.629,-25.95,23,69.57,32.92,233.1,4.46,0.315,-72.84,84,1613.07,10.86,0.391,0.872,343.14,0
QQQ,1d,40,30,dip,51.25,2.17,0.207,-69.45,66,72.73,37.32,134.69,10.85,0.681,-21.52,26,76.92,33.88,254.98,4.7,0.328,-69.45,92,1613.07,10.86,0.391,0.872,343.14,0
QQQ,1d,40,50,trend,290.21,7.32,0.488,-51.4,58,50,62.85,68.7,6.52,0.452,-36.18,24,50,62.9,524.69,6.87,0.464,-51.4,82,1613.07,10.86,0.391,0.872,343.14,0
QQQ,1d,40,60,trend,258.4,6.84,0.468,-45.91,41,46.34,63.38,123.38,10.19,0.648,-28.56,19,68.42,63.62,659.74,7.63,0.508,-45.91,60,1613.07,10.86,0.391,0.872,343.14,0
QQQ,1d,40,75,trend,127.44,4.35,0.367,-32.22,29,51.72,60.31,142.66,11.3,0.683,-30.5,12,66.67,69.34,427.81,6.22,0.461,-32.22,41,1613.07,10.86,0.391,0.872,343.14,0
QQQ,1d,40,100,trend,160.04,5.08,0.411,-52.51,21,57.14,62.62,149.7,11.69,0.693,-28.56,9,66.67,72.47,524.13,6.87,0.494,-52.51,30,1613.07,10.86,0.391,0.872,343.14,0
QQQ,1d,40,125,trend,394.85,8.65,0.637,-33.72,15,60,64.08,203.27,14.34,0.824,-28.56,7,85.71,72.37,1365.93,10.23,0.687,-33.72,22,1613.07,10.86,0.391,0.872,343.14,0
QQQ,1d,40,150,trend,426.23,8.99,0.677,-33,13,61.54,64.58,231.52,15.58,0.869,-28.56,5,100,73.43,1543.66,10.69,0.719,-33,18,1613.07,10.86,0.391,0.872,343.14,0
QQQ,1d,40,200,trend,311.28,7.61,0.601,-26.5,14,64.29,64.5,191.57,13.8,0.905,-23.53,3,100,62.81,1196.86,9.74,0.666,-28.56,18,1613.07,10.86,0.391,0.872,343.14,1
QQQ,1d,40,250,trend,361.54,8.26,0.641,-27.93,10,60,65.81,233.33,15.65,0.977,-22.77,3,100,63.09,1682.82,11.02,0.729,-28.56,14,1613.07,10.86,0.391,0.872,343.14,1
QQQ,1d,40,300,trend,334.02,7.91,0.612,-27.02,8,75,67.15,101.64,8.84,0.731,-22.77,2,100,40.65,1412.81,10.36,0.684,-28.56,11,1613.07,10.86,0.391,0.872,343.14,0
QQQ,1d,50,2,dip,11.92,0.59,0.137,-74.74,125,82.4,36.02,26.67,2.9,0.247,-30.53,44,75,29.99,41.77,1.27,0.166,-74.74,169,1613.07,10.86,0.391,0.872,343.14,0
QQQ,1d,50,3,dip,0.17,0.01,0.111,-75.94,102,83.33,36.08,27.88,3.01,0.252,-32.09,33,78.79,29.99,28.09,0.9,0.148,-75.94,135,1613.07,10.86,0.391,0.872,343.14,0
QQQ,1d,50,4,dip,0.82,0.04,0.112,-75.39,88,78.41,35.96,52.55,5.23,0.367,-28.07,31,80.65,30.13,53.8,1.57,0.179,-75.39,119,1613.07,10.86,0.391,0.872,343.14,0
QQQ,1d,50,5,dip,-4.78,-0.25,0.099,-75.69,79,79.75,35.83,39.34,4.09,0.309,-29.45,30,76.67,29.89,32.68,1.03,0.154,-75.69,109,1613.07,10.86,0.391,0.872,343.14,0
QQQ,1d,50,7,dip,12.63,0.62,0.138,-75.72,66,77.27,35.85,62.48,6.04,0.412,-25.43,26,76.92,29.89,82.99,2.22,0.209,-75.72,92,1613.07,10.86,0.391,0.872,343.14,0
QQQ,1d,50,9,dip,55.07,2.3,0.213,-75.97,66,77.27,35.57,63.74,6.14,0.417,-25.48,26,69.23,30.27,153.92,3.44,0.265,-75.97,92,1613.07,10.86,0.391,0.872,343.14,0
QQQ,1d,50,12,dip,34.06,1.53,0.178,-73.54,59,76.27,35.09,101.28,8.82,0.557,-23.28,25,76,30.56,169.84,3.67,0.277,-73.54,84,1613.07,10.86,0.391,0.872,343.14,0
QQQ,1d,50,15,dip,7.13,0.36,0.124,-77.7,52,75,35.05,112.8,9.55,0.604,-27.08,24,83.33,30.95,127.97,3.03,0.248,-77.7,76,1613.07,10.86,0.391,0.872,343.14,0
QQQ,1d,50,20,dip,23.52,1.1,0.158,-76.57,47,76.6,35.57,91.75,8.18,0.538,-22.98,19,73.68,31.19,136.84,3.18,0.255,-76.57,66,1613.07,10.86,0.391,0.872,343.14,0
QQQ,1d,50,25,dip,24.19,1.13,0.159,-70.57,47,74.47,35.9,117.38,9.83,0.644,-25.46,21,71.43,31.48,169.97,3.67,0.279,-70.57,68,1613.07,10.86,0.391,0.872,343.14,0
QQQ,1d,50,30,dip,-5.41,-0.29,0.093,-77.42,50,72,36.1,137.04,10.99,0.707,-20.67,20,85,32.68,124.22,2.97,0.246,-77.42,70,1613.07,10.86,0.391,0.872,343.14,0
QQQ,1d,50,40,dip,-6.97,-0.37,0.089,-71.19,58,63.79,35.92,167.69,12.63,0.827,-21.18,24,75,32.87,149.03,3.37,0.265,-71.19,82,1613.07,10.86,0.391,0.872,343.14,0
QQQ,1d,50,60,trend,255.33,6.8,0.46,-43.45,56,51.79,63.71,166.9,12.59,0.758,-33.17,22,72.73,63.91,785.48,8.23,0.533,-43.45,78,1613.07,10.86,0.391,0.872,343.14,0
QQQ,1d,50,75,trend,161.18,5.11,0.415,-43.42,34,47.06,60.75,184.19,13.45,0.78,-28.56,12,75,68,613.47,7.39,0.527,-43.42,46,1613.07,10.86,0.391,0.872,343.14,0
QQQ,1d,50,100,trend,218.77,6.2,0.481,-42.64,21,57.14,62.89,194.16,13.92,0.791,-28.56,8,75,71.5,815.97,8.37,0.577,-42.64,29,1613.07,10.86,0.391,0.872,343.14,0
QQQ,1d,50,125,trend,327.26,7.82,0.583,-30.73,16,50,63.75,192.36,13.83,0.788,-28.56,7,85.71,72.37,1064.17,9.31,0.629,-30.73,23,1613.07,10.86,0.391,0.872,343.14,0
QQQ,1d,50,150,trend,298.9,7.44,0.577,-32.13,13,61.54,64.27,195.45,13.98,0.784,-28.56,5,100,73.04,975.36,9,0.618,-32.13,18,1613.07,10.86,0.391,0.872,343.14,0
QQQ,1d,50,200,trend,371.98,8.38,0.655,-26.39,12,66.67,63.84,246.2,16.18,1.008,-22.77,3,100,62.28,1653.9,10.95,0.728,-28.56,16,1613.07,10.86,0.391,0.872,343.14,1
QQQ,1d,50,250,trend,405.28,8.77,0.677,-27.38,10,60,65.75,110.46,9.4,0.769,-22.77,2,100,40.65,1789.35,11.25,0.739,-28.56,13,1613.07,10.86,0.391,0.872,343.14,0
QQQ,1d,50,300,trend,395.93,8.66,0.661,-30.14,8,75,67.13,121.1,10.06,0.813,-22.77,2,100,40.94,1664.87,10.98,0.716,-30.14,11,1613.07,10.86,0.391,0.872,343.14,0
QQQ,1d,60,2,dip,10.11,0.5,0.134,-74.29,112,80.36,34.74,53.67,5.33,0.374,-27.14,44,84.09,28.93,69.2,1.93,0.196,-74.29,156,1613.07,10.86,0.391,0.872,343.14,0
QQQ,1d,60,3,dip,6.87,0.35,0.126,-73.67,89,82.02,34.39,31.69,3.38,0.273,-27.14,38,73.68,28.93,40.75,1.25,0.164,-73.67,127,1613.07,10.86,0.391,0.872,343.14,0
QQQ,1d,60,4,dip,-3.74,-0.2,0.102,-74.72,77,81.82,34.51,59.54,5.8,0.399,-27.28,34,82.35,29.07,53.57,1.57,0.179,-74.72,111,1613.07,10.86,0.391,0.872,343.14,0
QQQ,1d,60,5,dip,-5.7,-0.3,0.097,-75.89,71,81.69,34.74,75.02,6.99,0.46,-26.02,30,80,28.93,65.05,1.83,0.191,-75.89,101,1613.07,10.86,0.391,0.872,343.14,0
QQQ,1d,60,7,dip,-13.29,-0.74,0.078,-80.5,59,77.97,34.7,58.59,5.73,0.398,-24.06,27,74.07,28.98,37.51,1.16,0.16,-80.5,86,1613.07,10.86,0.391,0.872,343.14,0
QQQ,1d,60,9,dip,-26.14,-1.56,0.039,-81.64,53,73.58,34.33,53.13,5.28,0.376,-27.89,24,75,28.93,13.1,0.45,0.126,-81.64,77,1613.07,10.86,0.391,0.872,343.14,0
QQQ,1d,60,12,dip,-8.84,-0.48,0.087,-81.29,47,78.72,34.25,102.93,8.92,0.571,-22.45,25,76,28.78,84.99,2.26,0.211,-81.29,72,1613.07,10.86,0.391,0.872,343.14,0
QQQ,1d,60,15,dip,-2.88,-0.15,0.101,-80.05,43,76.74,34.51,99.2,8.68,0.566,-18.83,21,71.43,28.98,93.46,2.42,0.219,-80.05,64,1613.07,10.86,0.391,0.872,343.14,0
QQQ,1d,60,20,dip,0.37,0.02,0.108,-76.88,41,82.93,34.33,137.32,11,0.699,-21.78,19,84.21,29.51,138.19,3.2,0.256,-76.88,60,1613.07,10.86,0.391,0.872,343.14,0
QQQ,1d,60,25,dip,-16.17,-0.91,0.063,-80.99,39,82.05,34.56,138.26,11.06,0.732,-22.57,16,81.25,29.51,99.74,2.54,0.225,-80.99,55,1613.07,10.86,0.391,0.872,343.14,0
QQQ,1d,60,30,dip,-31.21,-1.92,0.016,-78.62,38,68.42,35.24,153.38,11.88,0.792,-18.74,18,83.33,29.99,74.31,2.04,0.2,-78.62,56,1613.07,10.86,0.391,0.872,343.14,0
QQQ,1d,60,40,dip,0.92,0.05,0.11,-74.4,41,75.61,35.3,103.38,8.95,0.613,-26.92,19,89.47,32.15,105.24,2.64,0.23,-74.4,60,1613.07,10.86,0.391,0.872,343.14,0
QQQ,1d,60,50,dip,-3.13,-0.17,0.098,-76.71,56,75,34.84,72.38,6.8,0.5,-26.89,22,63.64,31.81,66.98,1.88,0.192,-76.71,78,1613.07,10.86,0.391,0.872,343.14,0
QQQ,1d,60,75,trend,327.39,7.82,0.592,-34.15,37,56.76,60.31,140.09,11.16,0.669,-28.56,15,60,67.52,902.94,8.72,0.605,-34.15,53,1613.07,10.86,0.391,0.872,343.14,0
QQQ,1d,60,100,trend,219.3,6.21,0.48,-47.14,21,47.62,63.26,151.38,11.78,0.688,-28.56,9,77.78,70.83,655.11,7.61,0.532,-47.14,30,1613.07,10.86,0.391,0.872,343.14,0
QQQ,1d,60,125,trend,307.15,7.55,0.568,-31.51,15,60,63.55,164.83,12.48,0.719,-28.56,8,87.5,72.56,869.52,8.59,0.587,-31.51,23,1613.07,10.86,0.391,0.872,343.14,0
QQQ,1d,60,150,trend,260.99,6.88,0.539,-32.85,13,61.54,63.55,185.26,13.5,0.744,-28.56,5,100,72.8,877.7,8.62,0.59,-32.85,18,1613.07,10.86,0.391,0.872,343.14,0
QQQ,1d,60,200,trend,394,8.64,0.673,-27.21,11,54.55,63.61,101.46,8.83,0.728,-22.77,2,100,40.17,1548.89,10.7,0.711,-28.56,14,1613.07,10.86,0.391,0.872,343.14,0
QQQ,1d,60,250,trend,472.28,9.47,0.728,-24.04,8,75,65.3,114.05,9.63,0.785,-22.77,2,100,40.46,1954.39,11.59,0.758,-28.56,11,1613.07,10.86,0.391,0.872,343.14,0
QQQ,1d,60,300,trend,466.17,9.41,0.711,-24.66,5,80,66.95,130.48,10.61,0.847,-22.77,2,100,41.18,2252.64,12.14,0.777,-28.56,8,1613.07,10.86,0.391,0.872,343.14,0
QQQ,1d,75,2,dip,-24.07,-1.42,0.047,-76.66,91,85.71,33.28,101.62,8.84,0.556,-25.09,40,85,27.63,53.09,1.56,0.178,-76.66,131,1613.07,10.86,0.391,0.872,343.14,0
QQQ,1d,75,3,dip,-17.58,-1,0.066,-74.59,82,84.15,33.36,77.81,7.2,0.471,-26.52,31,80.65,27.82,46.55,1.4,0.171,-74.59,113,1613.07,10.86,0.391,0.872,343.14,0
QQQ,1d,75,4,dip,-18.42,-1.05,0.063,-76.68,65,81.54,33.03,95.85,8.46,0.535,-26.52,30,76.67,27.82,59.77,1.71,0.186,-76.68,95,1613.07,10.86,0.391,0.872,343.14,0
QQQ,1d,75,5,dip,-9.13,-0.5,0.088,-75.41,62,83.87,33.2,79.37,7.31,0.48,-25.57,27,77.78,27.73,63,1.79,0.189,-75.41,89,1613.07,10.86,0.391,0.872,343.14,0
QQQ,1d,75,7,dip,-3.29,-0.17,0.103,-74.24,49,85.71,33.13,83.49,7.61,0.498,-24.81,24,75,27.73,77.45,2.1,0.204,-74.24,73,1613.07,10.86,0.391,0.872,343.14,0
QQQ,1d,75,9,dip,-12.81,-0.71,0.078,-76.55,44,86.36,33.13,75.68,7.04,0.472,-24.36,24,70.83,27.68,53.17,1.56,0.178,-76.55,68,1613.07,10.86,0.391,0.872,343.14,0
QQQ,1d,75,12,dip,20.97,0.99,0.154,-76.5,38,81.58,33.32,105.92,9.12,0.589,-24.99,21,80.95,27.53,149.09,3.37,0.263,-76.5,59,1613.07,10.86,0.391,0.872,343.14,0
QQQ,1d,75,15,dip,-21.77,-1.27,0.049,-79.34,38,78.95,33.4,113.3,9.58,0.619,-25.32,20,80,27.29,66.87,1.88,0.193,-79.34,58,1613.07,10.86,0.391,0.872,343.14,0
QQQ,1d,75,20,dip,9.32,0.46,0.128,-72.04,36,80.56,33.51,141.63,11.24,0.723,-21.66,18,83.33,27.73,164.16,3.59,0.275,-72.04,54,1613.07,10.86,0.391,0.872,343.14,0
QQQ,1d,75,25,dip,-1.27,-0.07,0.103,-72.78,34,76.47,33.42,137.65,11.02,0.743,-26.89,15,80,27.73,134.62,3.14,0.254,-72.78,49,1613.07,10.86,0.391,0.872,343.14,0
QQQ,1d,75,30,dip,-8.86,-0.48,0.083,-73.42,34,73.53,33.24,110.44,9.4,0.65,-26.89,17,76.47,27.44,91.8,2.39,0.218,-73.42,51,1613.07,10.86,0.391,0.872,343.14,0
QQQ,1d,75,40,dip,-4.08,-0.22,0.097,-74.64,29,79.31,33.61,87.35,7.88,0.577,-26.89,12,83.33,26.33,79.7,2.15,0.206,-74.64,41,1613.07,10.86,0.391,0.872,343.14,0
QQQ,1d,75,50,dip,-18.36,-1.05,0.057,-72.12,34,73.53,33.07,59.06,5.77,0.454,-30.12,13,61.54,27.53,29.86,0.95,0.146,-72.12,47,1613.07,10.86,0.391,0.872,343.14,0
QQQ,1d,75,60,dip,-45.22,-3.07,-0.039,-78.83,38,65.79,33.42,88.12,7.93,0.592,-26.89,16,75,27.92,1.01,0.04,0.1,-78.83,54,1613.07,10.86,0.391,0.872,343.14,0
QQQ,1d,75,100,trend,175.84,5.4,0.423,-44.74,22,45.45,63.07,161.54,12.31,0.704,-28.56,13,76.92,70.16,554.96,7.06,0.493,-44.74,36,1613.07,10.86,0.391,0.872,343.14,0
QQQ,1d,75,125,trend,182.09,5.53,0.43,-36.18,17,52.94,63.01,153.31,11.88,0.678,-28.56,7,100,72.56,578.45,7.19,0.498,-36.18,24,1613.07,10.86,0.391,0.872,343.14,0
QQQ,1d,75,150,trend,282.3,7.2,0.555,-30.04,13,53.85,63.07,221.66,15.16,0.815,-28.56,5,100,73.19,1053.7,9.28,0.622,-30.04,18,1613.07,10.86,0.391,0.872,343.14,0
QQQ,1d,75,200,trend,361.07,8.25,0.641,-31.54,11,45.45,63.9,281.85,17.57,0.906,-28.56,3,100,75.2,1347.74,10.18,0.676,-31.54,14,1613.07,10.86,0.391,0.872,343.14,1
QQQ,1d,75,250,trend,403.11,8.74,0.68,-24.57,6,66.67,65.07,120.21,10,0.806,-22.77,2,100,40.65,1813.58,11.3,0.738,-28.56,9,1613.07,10.86,0.391,0.872,343.14,0
QQQ,1d,75,300,trend,385.84,8.54,0.655,-26.65,5,60,66.85,139.61,11.13,0.885,-22.77,1,100,41.37,1898.33,11.48,0.738,-28.56,7,1613.07,10.86,0.391,0.872,343.14,1
QQQ,1d,100,2,dip,-22.13,-1.29,0.053,-75.98,82,81.71,31.9,71.67,6.74,0.48,-27.38,31,83.87,20.62,32.98,1.04,0.154,-75.98,114,1613.07,10.86,0.391,0.872,343.14,0
QQQ,1d,100,3,dip,-10.04,-0.55,0.086,-77.18,66,84.85,31.75,56.22,5.54,0.414,-27.38,29,75.86,20.62,39.82,1.22,0.162,-77.18,96,1613.07,10.86,0.391,0.872,343.14,0
QQQ,1d,100,4,dip,3.81,0.19,0.12,-77.59,58,89.66,31.71,39.01,4.06,0.328,-27.01,23,78.26,20.28,44.68,1.35,0.168,-77.59,82,1613.07,10.86,0.391,0.872,343.14,0
QQQ,1d,100,5,dip,15.45,0.75,0.145,-77.9,53,84.91,31.92,36.86,3.86,0.315,-28.5,18,88.89,20.52,55.54,1.62,0.181,-77.9,72,1613.07,10.86,0.391,0.872,343.14,0
QQQ,1d,100,7,dip,16.08,0.78,0.145,-76.58,43,88.37,32,41.87,4.31,0.341,-27.38,16,87.5,20.37,58.46,1.68,0.184,-76.58,60,1613.07,10.86,0.391,0.872,343.14,0
QQQ,1d,100,9,dip,-16.21,-0.91,0.068,-76.75,35,85.71,31.96,39.73,4.12,0.331,-27.3,16,87.5,20.37,14.07,0.48,0.126,-76.75,52,1613.07,10.86,0.391,0.872,343.14,0
QQQ,1d,100,12,dip,-23.9,-1.41,0.044,-76.34,34,88.24,32.25,33.99,3.6,0.301,-26.89,12,75,20.04,-0.68,-0.02,0.101,-76.34,47,1613.07,10.86,0.391,0.872,343.14,0
QQQ,1d,100,15,dip,-30.19,-1.85,0.023,-76.7,30,76.67,32.04,53.81,5.34,0.417,-26.89,8,75,19.37,5.35,0.19,0.11,-76.7,39,1613.07,10.86,0.391,0.872,343.14,0
QQQ,1d,100,20,dip,-17.19,-0.97,0.063,-74.74,27,88.89,31.75,56.5,5.56,0.447,-26.89,7,85.71,18.98,28.64,0.92,0.145,-74.74,35,1613.07,10.86,0.391,0.872,343.14,0
QQQ,1d,100,25,dip,-39.84,-2.6,-0.015,-77.87,24,83.33,31.67,75.62,7.04,0.546,-26.89,7,71.43,19.08,10.11,0.35,0.117,-77.87,32,1613.07,10.86,0.391,0.872,343.14,0
QQQ,1d,100,30,dip,-24.01,-1.41,0.041,-74.14,24,87.5,31.47,68.48,6.5,0.514,-26.89,6,83.33,18.89,32.1,1.02,0.15,-74.14,31,1613.07,10.86,0.391,0.872,343.14,0
QQQ,1d,100,40,dip,-11.61,-0.64,0.076,-68.62,21,85.71,31.22,76.84,7.13,0.571,-26.89,8,87.5,19.22,60.69,1.74,0.185,-68.62,30,1613.07,10.86,0.391,0.872,343.14,0
QQQ,1d,100,50,dip,-24.85,-1.47,0.036,-74.87,21,71.43,30.83,52.44,5.22,0.448,-26.89,8,87.5,19.89,14.19,0.48,0.121,-74.87,30,1613.07,10.86,0.391,0.872,343.14,0
QQQ,1d,100,60,dip,-27.72,-1.67,0.024,-72.44,21,71.43,30.35,84.4,7.67,0.594,-26.89,10,80,24.17,33.28,1.05,0.15,-72.44,31,1613.07,10.86,0.391,0.872,343.14,0
QQQ,1d,100,75,dip,-22,-1.28,0.039,-70.91,22,86.36,30.35,81.96,7.5,0.602,-33.2,14,78.57,24.7,42.38,1.29,0.162,-70.91,37,1613.07,10.86,0.391,0.872,343.14,0
QQQ,1d,100,125,trend,194.94,5.77,0.44,-49.13,20,50,63.2,214.61,14.85,0.792,-28.56,9,66.67,72.8,741.15,8.03,0.535,-49.13,29,1613.07,10.86,0.391,0.872,343.14,0
QQQ,1d,100,150,trend,189.57,5.67,0.444,-47.45,15,46.67,62.99,289.39,17.84,0.917,-28.56,4,100,74.39,833.59,8.44,0.563,-47.45,19,1613.07,10.86,0.391,0.872,343.14,1
QQQ,1d,100,200,trend,258.53,6.85,0.534,-44.19,11,54.55,64.29,331.69,19.32,0.976,-28.56,3,100,75.25,1303.64,10.06,0.657,-44.19,14,1613.07,10.86,0.391,0.872,343.14,1
QQQ,1d,100,250,trend,409.02,8.81,0.681,-24.95,6,66.67,64.81,139.62,11.13,0.882,-22.77,1,100,41.61,1905.45,11.49,0.743,-28.56,8,1613.07,10.86,0.391,0.872,343.14,1
QQQ,1d,100,300,trend,401.49,8.72,0.666,-24.95,6,66.67,66.21,130.45,10.61,0.851,-22.77,1,100,40.7,1709.89,11.08,0.712,-28.56,8,1613.07,10.86,0.391,0.872,343.14,0
QQQ,1d,125,2,dip,21.4,1.01,0.156,-75.74,73,87.67,29.2,18.74,2.1,0.21,-28.15,20,80,18.55,41.76,1.27,0.164,-75.74,95,1613.07,10.86,0.391,0.872,343.14,0
QQQ,1d,125,3,dip,31.4,1.43,0.174,-76.47,62,90.32,29.2,13.35,1.53,0.175,-27.09,14,78.57,17.83,46.05,1.38,0.169,-76.47,77,1613.07,10.86,0.391,0.872,343.14,0
QQQ,1d,125,4,dip,26.78,1.24,0.166,-75.85,56,85.71,29.24,3.9,0.46,0.108,-30.04,11,81.82,17.59,30.77,0.98,0.15,-75.85,68,1613.07,10.86,0.391,0.872,343.14,0
QQQ,1d,125,5,dip,5.83,0.29,0.123,-75.77,51,88.24,29.22,20.86,2.31,0.225,-26.89,10,70,17.78,27.31,0.88,0.145,-75.77,62,1613.07,10.86,0.391,0.872,343.14,0
QQQ,1d,125,7,dip,-17.28,-0.98,0.065,-76.16,38,81.58,29.24,25.53,2.78,0.255,-27.23,7,71.43,17.88,2.51,0.09,0.106,-76.16,46,1613.07,10.86,0.391,0.872,343.14,0
QQQ,1d,125,9,dip,-5.87,-0.31,0.095,-76.76,35,91.43,29.43,24.33,2.67,0.249,-28.17,7,71.43,18.12,13.83,0.47,0.124,-76.76,43,1613.07,10.86,0.391,0.872,343.14,0
QQQ,1d,125,12,dip,-17.21,-0.97,0.063,-75.95,32,81.25,29.4,39.45,4.1,0.34,-26.89,7,71.43,17.92,14.61,0.5,0.125,-75.95,40,1613.07,10.86,0.391,0.872,343.14,0
QQQ,1d,125,15,dip,-27.47,-1.65,0.029,-74.23,27,85.19,29.28,58.79,5.74,0.456,-26.89,6,83.33,17.92,14.57,0.49,0.124,-74.23,34,1613.07,10.86,0.391,0.872,343.14,0
QQQ,1d,125,20,dip,-23.25,-1.36,0.044,-73.67,25,84,29.73,52.5,5.23,0.425,-26.89,6,83.33,18.07,19.86,0.66,0.132,-73.67,32,1613.07,10.86,0.391,0.872,343.14,0
QQQ,1d,125,25,dip,-8.51,-0.46,0.086,-72.26,23,82.61,29.73,63.08,6.09,0.487,-26.89,6,83.33,18.21,54.7,1.6,0.178,-72.26,30,1613.07,10.86,0.391,0.872,343.14,0
QQQ,1d,125,30,dip,-23.16,-1.36,0.043,-72.14,22,81.82,30.08,40.68,4.21,0.364,-29.44,6,83.33,18.26,10.26,0.35,0.116,-72.14,29,1613.07,10.86,0.391,0.872,343.14,0
QQQ,1d,125,40,dip,-51.24,-3.66,-0.069,-78.88,15,66.67,29.63,44.17,4.52,0.389,-28.48,6,83.33,18.93,-28.01,-1.19,0.036,-78.88,22,1613.07,10.86,0.391,0.872,343.14,0
QQQ,1d,125,50,dip,-45.66,-3.11,-0.047,-76.48,16,62.5,29.86,47.13,4.77,0.416,-27.74,6,83.33,18.74,-12.77,-0.49,0.07,-76.48,23,1613.07,10.86,0.391,0.872,343.14,0
QQQ,1d,125,60,dip,-49.04,-3.44,-0.065,-73.81,15,73.33,29.94,62.1,6.01,0.516,-30.35,7,85.71,18.26,-6.5,-0.24,0.081,-73.81,23,1613.07,10.86,0.391,0.872,343.14,0
QQQ,1d,125,75,dip,-29.6,-1.8,0.013,-71.62,17,76.47,30.27,65.03,6.24,0.553,-30.57,6,83.33,17.88,28.03,0.9,0.141,-71.62,24,1613.07,10.86,0.391,0.872,343.14,0
QQQ,1d,125,100,dip,-32.69,-2.03,-0.002,-63.84,20,65,29.71,30.36,3.25,0.344,-31.09,8,62.5,17.25,2.98,0.11,0.096,-63.84,29,1613.07,10.86,0.391,0.872,343.14,0
QQQ,1d,125,150,trend,284.27,7.23,0.516,-46.32,21,71.43,63.45,256.54,16.6,0.859,-32.04,5,80,74.53,1116.24,9.49,0.599,-46.32,26,1613.07,10.86,0.391,0.872,343.14,0
QQQ,1d,125,200,trend,128.13,4.37,0.355,-49.64,10,50,64.45,322.53,19.01,0.962,-28.56,3,100,74.96,815.03,8.36,0.549,-49.64,13,1613.07,10.86,0.391,0.872,343.14,1
QQQ,1d,125,250,trend,322.29,7.76,0.607,-24.95,7,71.43,64.15,138.58,11.07,0.882,-22.77,1,100,41.13,1434.04,10.41,0.679,-28.91,9,1613.07,10.86,0.391,0.872,343.14,1
QQQ,1d,125,300,trend,386.49,8.55,0.65,-24.95,6,83.33,66.47,117.14,9.82,0.799,-22.77,1,100,40.27,1618.96,10.87,0.698,-29.31,8,1613.07,10.86,0.391,0.872,343.14,0
QQQ,1d,150,2,dip,17.97,0.86,0.148,-73.43,60,80,27.51,-1.34,-0.16,0.068,-27.74,11,63.64,16.72,19.04,0.63,0.133,-73.43,74,1613.07,10.86,0.391,0.872,343.14,0
QQQ,1d,150,3,dip,-13.44,-0.75,0.073,-74.4,46,89.13,27.36,1.85,0.22,0.093,-27.74,8,75,16.72,-8.54,-0.32,0.085,-74.4,56,1613.07,10.86,0.391,0.872,343.14,0
QQQ,1d,150,4,dip,-17.65,-1,0.061,-75.06,39,89.74,27.34,17.07,1.92,0.2,-27.74,7,71.43,16.77,-2.37,-0.09,0.096,-75.06,48,1613.07,10.86,0.391,0.872,343.14,0
QQQ,1d,150,5,dip,-18.41,-1.05,0.059,-73.67,35,85.71,27.43,24.81,2.71,0.251,-26.89,7,71.43,16.91,3.88,0.14,0.107,-73.67,44,1613.07,10.86,0.391,0.872,343.14,0
QQQ,1d,150,7,dip,0.16,0.01,0.108,-74.25,30,90,27.36,27.66,2.99,0.271,-27.02,7,71.43,16.77,31.27,0.99,0.149,-74.25,38,1613.07,10.86,0.391,0.872,343.14,0
QQQ,1d,150,9,dip,2.47,0.13,0.113,-74.09,29,89.66,27.34,38.73,4.03,0.347,-26.89,6,66.67,16.67,47.83,1.43,0.17,-74.09,36,1613.07,10.86,0.391,0.872,343.14,0
QQQ,1d,150,12,dip,-1.09,-0.06,0.104,-74.5,29,86.21,27.36,35.08,3.7,0.324,-26.89,5,80,16.67,37.88,1.17,0.157,-74.5,35,1613.07,10.86,0.391,0.872,343.14,0
QQQ,1d,150,15,dip,15.25,0.74,0.141,-73.91,26,84.62,27.3,35.81,3.77,0.33,-26.89,5,80,16.72,60.29,1.73,0.185,-73.91,32,1613.07,10.86,0.391,0.872,343.14,0
QQQ,1d,150,20,dip,-3.77,-0.2,0.097,-74.97,25,84,27.67,36.51,3.83,0.333,-26.89,5,80,17.11,37.07,1.15,0.156,-74.97,31,1613.07,10.86,0.391,0.872,343.14,0
QQQ,1d,150,25,dip,-24.03,-1.42,0.041,-77.22,19,84.21,28.25,12.38,1.42,0.17,-30.8,4,75,17.4,-12.33,-0.48,0.074,-77.22,24,1613.07,10.86,0.391,0.872,343.14,0
QQQ,1d,150,30,dip,-25.82,-1.54,0.035,-76.36,17,82.35,28.44,26.53,2.88,0.275,-29.57,4,75,17.54,-3.88,-0.14,0.091,-76.36,22,1613.07,10.86,0.391,0.872,343.14,0
QQQ,1d,150,40,dip,-53.25,-3.87,-0.078,-79.69,13,61.54,29.05,30.15,3.23,0.306,-29.57,4,75,17.64,-34.37,-1.52,0.019,-79.69,18,1613.07,10.86,0.391,0.872,343.14,0
QQQ,1d,150,50,dip,-47.86,-3.32,-0.053,-76.71,13,69.23,29.22,45.82,4.66,0.418,-29.57,4,75,17.78,-15.2,-0.6,0.065,-76.71,18,1613.07,10.86,0.391,0.872,343.14,0
QQQ,1d,150,60,dip,-44.51,-3.01,-0.04,-76.54,13,76.92,29.78,47.38,4.8,0.449,-29.57,4,75,17.78,-10.17,-0.39,0.074,-76.54,18,1613.07,10.86,0.391,0.872,343.14,0
QQQ,1d,150,75,dip,-45.01,-3.05,-0.044,-76.6,13,76.92,30.04,28.76,3.1,0.321,-29.57,4,75,16.96,-20.11,-0.81,0.05,-76.6,18,1613.07,10.86,0.391,0.872,343.14,0
QQQ,1d,150,100,dip,-26.45,-1.58,0.023,-74.9,15,60,29.78,4.73,0.56,0.106,-29.57,3,66.67,15.19,0.14,0.01,0.091,-74.9,19,1613.07,10.86,0.391,0.872,343.14,0
QQQ,1d,150,125,dip,-47.16,-3.25,-0.072,-77.6,21,61.9,28.99,20.81,2.31,0.271,-21.65,4,75,14.66,-26.81,-1.13,0.022,-77.6,26,1613.07,10.86,0.391,0.872,343.14,0
QQQ,1d,150,200,trend,270.61,7.03,0.527,-29.01,13,53.85,63.16,309.61,18.57,0.947,-28.56,2,100,74.48,1378.17,10.27,0.656,-29.01,15,1613.07,10.86,0.391,0.872,343.14,1
QQQ,1d,150,250,trend,371.48,8.38,0.644,-24.95,8,75,63.92,245.8,16.17,0.83,-28.56,2,100,75.06,1580.42,10.78,0.696,-28.56,10,1613.07,10.86,0.391,0.872,343.14,0
QQQ,1d,150,300,trend,423.35,8.96,0.675,-24.95,7,71.43,66.72,113.3,9.58,0.784,-22.77,1,100,39.93,1806.05,11.29,0.718,-29.23,9,1613.07,10.86,0.391,0.872,343.14,0
QQQ,1d,200,2,dip,-25.05,-1.48,0.04,-75.52,50,94,27.92,-8.5,-1.07,0.004,-31.26,8,62.5,16,-25.54,-1.06,0.048,-75.52,62,1613.07,10.86,0.391,0.872,343.14,0
QQQ,1d,200,3,dip,-21.29,-1.23,0.051,-76.48,44,86.36,27.86,8.72,1.02,0.142,-30.01,6,83.33,16.05,-9.5,-0.36,0.082,-76.48,52,1613.07,10.86,0.391,0.872,343.14,0
QQQ,1d,200,4,dip,-20.97,-1.21,0.051,-78.6,37,89.19,27.82,5.75,0.68,0.12,-30.63,4,75,16,-12.15,-0.47,0.076,-78.6,43,1613.07,10.86,0.391,0.872,343.14,0
QQQ,1d,200,5,dip,-14.48,-0.81,0.07,-76.59,36,86.11,27.82,7.81,0.91,0.135,-29.65,4,75,16,-1.77,-0.06,0.097,-76.59,42,1613.07,10.86,0.391,0.872,343.14,0
QQQ,1d,200,7,dip,-20.5,-1.18,0.052,-76.05,30,90,27.82,14.12,1.61,0.182,-30.65,4,75,16,-7.58,-0.29,0.085,-76.05,35,1613.07,10.86,0.391,0.872,343.14,0
QQQ,1d,200,9,dip,-25.49,-1.51,0.035,-75.75,28,85.71,27.69,25.59,2.79,0.264,-29.57,4,75,16,-0.24,-0.01,0.098,-75.75,33,1613.07,10.86,0.391,0.872,343.14,0
QQQ,1d,200,12,dip,-25.59,-1.52,0.033,-76.45,27,88.89,27.76,35.48,3.74,0.33,-29.57,4,75,16.05,3.69,0.13,0.104,-76.45,32,1613.07,10.86,0.391,0.872,343.14,0
QQQ,1d,200,15,dip,-28.52,-1.73,0.022,-77.16,24,87.5,27.55,22,2.43,0.241,-30.28,4,75,16.05,-9.01,-0.34,0.079,-77.16,29,1613.07,10.86,0.391,0.872,343.14,0
QQQ,1d,200,20,dip,-34.51,-2.17,0,-77.09,20,80,27.51,38.87,4.05,0.354,-29.57,4,75,16,-5.84,-0.22,0.085,-77.09,25,1613.07,10.86,0.391,0.872,343.14,0
QQQ,1d,200,25,dip,-41.84,-2.77,-0.03,-76.7,16,81.25,27.51,21.19,2.35,0.238,-29.57,4,75,15.81,-25.94,-1.08,0.039,-76.7,21,1613.07,10.86,0.391,0.872,343.14,0
QQQ,1d,200,30,dip,-41.32,-2.73,-0.028,-76.25,15,80,27.71,21.52,2.38,0.243,-29.57,4,75,15.57,-23.83,-0.98,0.044,-76.25,20,1613.07,10.86,0.391,0.872,343.14,0
QQQ,1d,200,40,dip,-47.94,-3.33,-0.056,-77.06,14,78.57,27.55,26.24,2.85,0.285,-29.57,3,66.67,15.28,-27.53,-1.16,0.034,-77.06,18,1613.07,10.86,0.391,0.872,343.14,0
QQQ,1d,200,50,dip,-55.42,-4.1,-0.095,-78.6,12,83.33,28.11,4.82,0.57,0.107,-29.57,3,66.67,15.19,-47.34,-2.3,-0.03,-78.6,16,1613.07,10.86,0.391,0.872,343.14,0
QQQ,1d,200,60,dip,-54.43,-3.99,-0.089,-78.43,11,63.64,28.35,13.99,1.59,0.198,-29.57,2,50,14.9,-40,-1.84,-0.005,-78.43,14,1613.07,10.86,0.391,0.872,343.14,0
QQQ,1d,200,75,dip,-52.07,-3.74,-0.076,-80.17,11,81.82,28.66,6.48,0.76,0.124,-29.57,2,50,14.7,-32.91,-1.44,0.016,-80.17,14,1613.07,10.86,0.391,0.872,343.14,0
QQQ,1d,200,100,dip,-42.69,-2.85,-0.036,-76.92,11,72.73,28.13,-2.03,-0.25,0.03,-26.17,2,50,13.84,-35.66,-1.59,0.004,-76.92,14,1613.07,10.86,0.391,0.872,343.14,0
QQQ,1d,200,125,dip,-7.03,-0.38,0.081,-72.75,10,70,27.61,0.44,0.05,0.057,-21.65,2,50,13.21,1.86,0.07,0.092,-72.75,13,1613.07,10.86,0.391,0.872,343.14,0
QQQ,1d,200,150,dip,-37.71,-2.43,-0.025,-72.53,13,69.23,28.62,-0.18,-0.02,0.05,-21.82,1,0,13.12,-31.28,-1.35,0.011,-72.53,15,1613.07,10.86,0.391,0.872,343.14,0
QQQ,1d,200,250,trend,429.41,9.03,0.684,-24.95,10,90,63.86,233.26,15.65,0.811,-30.95,3,100,73.19,1718.34,11.1,0.712,-30.95,13,1613.07,10.86,0.391,0.872,343.14,0
QQQ,1d,200,300,trend,462.57,9.37,0.699,-24.95,5,100,67.88,211.36,14.7,0.766,-35.07,2,100,73.38,1795.31,11.26,0.714,-35.07,7,1613.07,10.86,0.391,0.872,343.14,0
QQQ,1d,250,2,dip,-45.83,-3.13,-0.043,-77.27,39,87.18,26.44,16.36,1.85,0.198,-26.17,11,81.82,15.14,-23.49,-0.97,0.049,-77.27,56,1613.07,10.86,0.391,0.872,343.14,0
QQQ,1d,250,3,dip,-47.31,-3.27,-0.05,-79.78,30,86.67,26.52,28.7,3.09,0.281,-26.17,11,81.82,15.14,-22.8,-0.93,0.051,-79.78,46,1613.07,10.86,0.391,0.872,343.14,0
QQQ,1d,250,4,dip,-48.36,-3.37,-0.054,-79.37,26,92.31,26.66,20.53,2.28,0.227,-26.2,10,80,15.43,-32.44,-1.41,0.027,-79.37,40,1613.07,10.86,0.391,0.872,343.14,0
QQQ,1d,250,5,dip,-53.49,-3.89,-0.082,-79.96,23,86.96,26.48,24.9,2.72,0.256,-26.22,8,87.5,15.43,-36.19,-1.62,0.015,-79.96,35,1613.07,10.86,0.391,0.872,343.14,0
QQQ,1d,250,7,dip,-49.21,-3.45,-0.061,-80.66,20,85,26.5,31.63,3.38,0.307,-26.63,7,85.71,15.33,-29.15,-1.24,0.032,-80.66,29,1613.07,10.86,0.391,0.872,343.14,0
QQQ,1d,250,9,dip,-48.57,-3.39,-0.059,-80.76,19,89.47,26.5,36.45,3.83,0.34,-25.95,7,85.71,15.28,-21.09,-0.86,0.052,-80.76,28,1613.07,10.86,0.391,0.872,343.14,0
QQQ,1d,250,12,dip,-49.18,-3.45,-0.062,-79.68,18,77.78,26.73,16.12,1.82,0.199,-29.63,6,50,15.38,-35.98,-1.61,0.012,-79.68,25,1613.07,10.86,0.391,0.872,343.14,0
QQQ,1d,250,15,dip,-42.31,-2.81,-0.032,-76.77,15,86.67,26.77,19.38,2.16,0.224,-29.57,4,75,15.28,-28.08,-1.19,0.034,-76.77,20,1613.07,10.86,0.391,0.872,343.14,0
QQQ,1d,250,20,dip,-48.47,-3.38,-0.06,-76.77,12,83.33,26.5,11.81,1.36,0.167,-29.57,4,75,14.99,-40.11,-1.84,-0.001,-76.77,17,1613.07,10.86,0.391,0.872,343.14,0
QQQ,1d,250,25,dip,-48,-3.33,-0.059,-77.06,11,81.82,26.15,15.92,1.8,0.202,-29.57,3,66.67,14.9,-34.27,-1.51,0.015,-77.06,15,1613.07,10.86,0.391,0.872,343.14,0
QQQ,1d,250,30,dip,-46.8,-3.22,-0.054,-76.77,11,81.82,25.76,33,3.5,0.328,-29.57,3,66.67,14.99,-25.54,-1.06,0.038,-76.77,15,1613.07,10.86,0.391,0.872,343.14,0
QQQ,1d,250,40,dip,-44.24,-2.98,-0.044,-76.77,10,80,25.78,10.1,1.17,0.158,-29.57,3,66.67,14.75,-36.64,-1.64,0.003,-76.77,14,1613.07,10.86,0.391,0.872,343.14,0
QQQ,1d,250,50,dip,-52.56,-3.79,-0.086,-76.77,10,80,25.82,8.27,0.96,0.142,-29.57,2,50,14.32,-44.24,-2.1,-0.023,-76.77,13,1613.07,10.86,0.391,0.872,343.14,0
QQQ,1d,250,60,dip,-58.01,-4.4,-0.116,-76.77,8,75,26.27,1.51,0.18,0.071,-29.57,2,50,14.22,-48.59,-2.39,-0.04,-76.77,11,1613.07,10.86,0.391,0.872,343.14,0
QQQ,1d,250,75,dip,-49.55,-3.49,-0.07,-75.86,6,66.67,26.4,-6.06,-0.75,-0.018,-28.94,2,50,13.5,-41.7,-1.94,-0.017,-75.86,9,1613.07,10.86,0.391,0.872,343.14,0
QQQ,1d,250,100,dip,-51.45,-3.68,-0.082,-75.86,6,66.67,26.58,0.22,0.03,0.054,-21.65,1,100,11.82,-45.78,-2.2,-0.033,-75.86,8,1613.07,10.86,0.391,0.872,343.14,0
QQQ,1d,250,125,dip,-44.45,-3,-0.047,-76.77,7,71.43,27.41,11.08,1.28,0.179,-21.65,1,100,11.77,-32.72,-1.43,0.01,-76.77,9,1613.07,10.86,0.391,0.872,343.14,0
QQQ,1d,250,150,dip,-46.29,-3.17,-0.057,-76.31,8,75,27.51,15.82,1.79,0.235,-21.65,1,100,12.06,-33.69,-1.48,0.005,-76.31,10,1613.07,10.86,0.391,0.872,343.14,0
QQQ,1d,250,200,dip,-47.14,-3.25,-0.069,-73.04,10,50,27.03,24.51,2.68,0.333,-21.65,2,100,12.35,-32.37,-1.41,0.005,-73.04,13,1613.07,10.86,0.391,0.872,343.14,0
QQQ,1d,250,300,trend,475.77,9.5,0.713,-24.95,9,77.78,66.31,235.48,15.74,0.807,-32.66,2,100,72.61,1945.88,11.57,0.729,-32.66,11,1613.07,10.86,0.391,0.872,343.14,0
QQQ,1d,300,2,dip,-51.47,-3.68,-0.073,-78.07,29,86.21,25.28,6.76,0.79,0.126,-26.45,7,71.43,14.46,-42.95,-2.02,-0.008,-78.07,39,1613.07,10.86,0.391,0.872,343.14,0
QQQ,1d,300,3,dip,-48.47,-3.38,-0.059,-77.73,24,91.67,25.35,17.74,1.99,0.211,-24.51,6,66.67,14.51,-33.16,-1.45,0.02,-77.73,32,1613.07,10.86,0.391,0.872,343.14,0
QQQ,1d,300,4,dip,-48.41,-3.37,-0.059,-78.57,23,86.96,25.26,23.23,2.56,0.253,-24.51,5,80,14.42,-26.64,-1.12,0.037,-78.57,30,1613.07,10.86,0.391,0.872,343.14,0
QQQ,1d,300,5,dip,-48.63,-3.4,-0.06,-78.45,21,80.95,25.26,22.14,2.45,0.246,-24.51,5,80,14.42,-30.39,-1.31,0.027,-78.45,28,1613.07,10.86,0.391,0.872,343.14,0
QQQ,1d,300,7,dip,-50.51,-3.58,-0.07,-77.4,19,78.95,25.45,27.65,2.99,0.289,-24.51,4,75,14.42,-35.15,-1.56,0.013,-77.4,25,1613.07,10.86,0.391,0.872,343.14,0
QQQ,1d,300,9,dip,-41.56,-2.75,-0.03,-77.97,16,87.5,25.47,39.25,4.08,0.368,-24.51,4,75,14.46,-13.26,-0.51,0.068,-77.97,21,1613.07,10.86,0.391,0.872,343.14,0
QQQ,1d,300,12,dip,-44.66,-3.02,-0.043,-76.77,16,81.25,25.3,53.51,5.31,0.456,-24.5,4,75,14.51,-10.44,-0.4,0.074,-76.77,21,1613.07,10.86,0.391,0.872,343.14,0
QQQ,1d,300,15,dip,-49.9,-3.52,-0.069,-77.22,12,83.33,25.08,48.3,4.87,0.431,-24.5,4,75,14.7,-23.52,-0.97,0.043,-77.22,17,1613.07,10.86,0.391,0.872,343.14,0
QQQ,1d,300,20,dip,-48.54,-3.39,-0.065,-76.77,10,80,24.75,36.62,3.84,0.357,-29.24,4,50,14.99,-24.77,-1.03,0.038,-76.77,15,1613.07,10.86,0.391,0.872,343.14,0
QQQ,1d,300,25,dip,-52.27,-3.76,-0.086,-76.77,10,80,24.56,37.71,3.94,0.365,-29.57,3,66.67,15.28,-31.38,-1.36,0.019,-76.77,14,1613.07,10.86,0.391,0.872,343.14,0
QQQ,1d,300,30,dip,-51.07,-3.64,-0.08,-75.86,11,81.82,24.4,11.62,1.34,0.172,-29.57,3,66.67,15.09,-42.11,-1.96,-0.017,-75.86,15,1613.07,10.86,0.391,0.872,343.14,0
QQQ,1d,300,40,dip,-43.2,-2.89,-0.044,-75.86,8,75,24.23,13.01,1.49,0.188,-29.57,2,50,14.32,-28.38,-1.2,0.024,-75.86,11,1613.07,10.86,0.391,0.872,343.14,0
QQQ,1d,300,50,dip,-46.59,-3.2,-0.061,-74.09,8,75,24.13,0.53,0.06,0.06,-29.57,2,50,13.79,-34.04,-1.5,0.006,-74.09,11,1613.07,10.86,0.391,0.872,343.14,0
QQQ,1d,300,60,dip,-53.55,-3.9,-0.097,-74.09,5,60,24.23,-10.11,-1.28,-0.067,-29.21,2,50,13.12,-50.88,-2.55,-0.055,-74.09,8,1613.07,10.86,0.391,0.872,343.14,0
QQQ,1d,300,75,dip,-41.73,-2.76,-0.04,-73.04,5,60,24.25,-8.4,-1.05,-0.05,-24.7,1,0,12.3,-37.66,-1.7,-0.008,-73.04,7,1613.07,10.86,0.391,0.872,343.14,0
QQQ,1d,300,100,dip,-35.9,-2.28,-0.017,-73.04,6,66.67,24.77,8.56,1,0.15,-21.65,1,100,12.3,-21.85,-0.89,0.036,-73.04,8,1613.07,10.86,0.391,0.872,343.14,0
QQQ,1d,300,125,dip,-42.61,-2.84,-0.048,-73.04,6,66.67,24.38,21.77,2.41,0.297,-21.65,1,100,12.25,-28.54,-1.21,0.016,-73.04,8,1613.07,10.86,0.391,0.872,343.14,0
QQQ,1d,300,150,dip,-46.34,-3.18,-0.066,-74.03,7,71.43,24.17,21.63,2.39,0.303,-21.65,1,100,12.01,-35.17,-1.56,-0.005,-74.03,9,1613.07,10.86,0.391,0.872,343.14,0
QQQ,1d,300,200,dip,-39.68,-2.59,-0.041,-71.11,5,60,22.67,32.56,3.46,0.429,-21.65,1,100,12.11,-21.22,-0.86,0.032,-71.11,7,1613.07,10.86,0.391,0.872,343.14,0
QQQ,1d,300,250,dip,-43.86,-2.95,-0.07,-70.7,9,55.56,23.76,17.16,1.93,0.271,-21.65,1,100,10.96,-30.49,-1.31,-0.001,-70.7,11,1613.07,10.86,0.391,0.872,343.14,0
QQQ,1h,2,3,trend,-17.06,-12.46,-0.89,-21.59,440,38.64,53.36,-8.45,-13.86,-0.97,-16.37,200,36.5,52.68,-24.39,-13.07,-0.929,-29.11,641,53.92,24.11,0.881,1.77,22.19,0
QQQ,1h,2,4,trend,-6.95,-5,-0.278,-14.36,321,41.12,54.76,5.02,8.63,0.675,-11.56,133,35.34,53.35,-2.71,-1.36,-0.024,-14.67,455,53.92,24.11,0.881,1.77,22.19,0
QQQ,1h,2,5,trend,2.26,1.6,0.18,-10.16,253,41.9,56.11,9.41,16.42,1.223,-11.12,102,37.25,53.15,10.47,5.12,0.413,-13.48,357,53.92,24.11,0.881,1.77,22.19,0
QQQ,1h,2,7,trend,11.09,7.78,0.57,-9.44,195,40,56.77,11.21,19.68,1.342,-8.39,77,45.45,53.73,21.19,10.1,0.717,-9.44,274,53.92,24.11,0.881,1.77,22.19,0
QQQ,1h,2,9,trend,-12.91,-9.37,-0.598,-17.72,157,35.03,56.73,8.53,14.84,1.1,-6.41,60,43.33,53.73,-7.3,-3.72,-0.191,-22.11,219,53.92,24.11,0.881,1.77,22.19,0
QQQ,1h,2,12,trend,-10.55,-7.63,-0.487,-16.36,139,35.97,58.08,11.59,20.37,1.511,-6.1,47,40.43,54.02,-2.06,-1.04,-0.005,-21.43,188,53.92,24.11,0.881,1.77,22.19,0
QQQ,1h,2,15,trend,-4.28,-3.07,-0.147,-18.51,118,36.44,57.67,8.11,14.1,1.044,-9.79,43,32.56,55.26,0.63,0.32,0.093,-18.51,162,53.92,24.11,0.881,1.77,22.19,0
QQQ,1h,2,20,trend,8.11,5.7,0.466,-16.91,92,38.04,59.52,19.28,34.73,2.263,-8.22,35,40,55.93,23.63,11.21,0.828,-16.91,129,53.92,24.11,0.881,1.77,22.19,1
QQQ,1h,2,25,trend,15.48,10.78,0.813,-9.43,81,37.04,59.35,13.51,23.88,1.725,-6,32,40.63,55.83,29.22,13.7,1.017,-13.52,114,53.92,24.11,0.881,1.77,22.19,0
QQQ,1h,2,30,trend,0.91,0.64,0.115,-11.88,74,33.78,58.49,16.23,28.95,1.932,-8.39,30,30,57.93,16.3,7.85,0.626,-14.57,106,53.92,24.11,0.881,1.77,22.19,1
QQQ,1h,2,40,trend,1.84,1.3,0.166,-15.32,63,26.98,60.75,17.83,31.97,2.034,-10.78,21,28.57,59.18,17.35,8.34,0.675,-15.32,87,53.92,24.11,0.881,1.77,22.19,1
QQQ,1h,2,50,trend,-5.99,-4.3,-0.297,-18.67,58,29.31,61.16,17.25,30.86,2.022,-8.84,19,21.05,56.98,7.16,3.52,0.333,-18.67,82,53.92,24.11,0.881,1.77,22.19,1
QQQ,1h,2,60,trend,-6.32,-4.54,-0.319,-20.39,54,24.07,60.62,16.27,29.03,1.912,-9.82,17,23.53,56.88,4.96,2.46,0.252,-20.39,76,53.92,24.11,0.881,1.77,22.19,1
QQQ,1h,2,75,trend,-6.42,-4.61,-0.298,-21.86,50,22,59.52,13.64,24.13,1.705,-12.13,18,27.78,55.93,0.92,0.46,0.101,-21.86,73,53.92,24.11,0.881,1.77,22.19,0
QQQ,1h,2,100,trend,-2.72,-1.94,-0.104,-17.94,47,19.15,61.16,16.4,29.27,2.093,-10.18,14,21.43,54.78,7.53,3.7,0.355,-17.94,65,53.92,24.11,0.881,1.77,22.19,1
QQQ,1h,2,125,trend,4.68,3.31,0.334,-14.34,42,33.33,61.77,5.04,8.66,0.724,-16.49,17,23.53,53.63,5.02,2.48,0.261,-16.49,63,53.92,24.11,0.881,1.77,22.19,0
QQQ,1h,2,150,trend,3.65,2.58,0.273,-13.1,36,25,63.25,13.04,23.02,1.688,-11.52,12,33.33,54.97,15.08,7.29,0.635,-14.99,51,53.92,24.11,0.881,1.77,22.19,0
QQQ,1h,2,200,trend,9.09,6.39,0.572,-12.63,25,20,62.92,-2.89,-4.83,-0.457,-7.53,11,18.18,30.4,24.52,11.61,0.942,-12.63,39,53.92,24.11,0.881,1.77,22.19,0
QQQ,1h,2,250,trend,7.49,5.27,0.51,-13,21,9.52,56.11,-5.57,-9.23,-0.889,-12.61,13,23.08,33.46,15.51,7.49,0.653,-15.35,36,53.92,24.11,0.881,1.77,22.19,0
QQQ,1h,2,300,trend,10.82,7.59,0.7,-10.09,19,21.05,57.47,-6.87,-11.34,-1.421,-12.52,12,8.33,27.15,21.08,10.06,0.835,-14.64,32,53.92,24.11,0.881,1.77,22.19,0
QQQ,1h,3,2,dip,-10.81,-7.82,-0.438,-24.4,441,57.14,46.47,4.76,8.18,0.613,-6.51,200,56,46.85,-5.74,-2.92,-0.115,-24.4,642,53.92,24.11,0.881,1.77,22.19,0
QQQ,1h,3,4,trend,-3.67,-2.62,-0.102,-13.45,351,42.17,54.63,11.86,20.86,1.455,-8.75,149,38.93,52.29,8.66,4.25,0.357,-13.45,501,53.92,24.11,0.881,1.77,22.19,0
QQQ,1h,3,5,trend,6.02,4.25,0.35,-12.57,258,43.02,55.29,20.66,37.37,2.294,-6.37,104,39.42,53.25,28.99,13.6,0.928,-13.72,363,53.92,24.11,0.881,1.77,22.19,1
QQQ,1h,3,7,trend,-12.16,-8.81,-0.512,-16.67,188,38.3,56.36,14.56,25.83,1.662,-7.82,73,39.73,53.06,-1.32,-0.66,0.034,-18.83,263,53.92,24.11,0.881,1.77,22.19,0
QQQ,1h,3,9,trend,-11.02,-7.97,-0.485,-16.45,147,34.69,57.51,12.55,22.12,1.604,-5.27,56,42.86,53.73,-2.61,-1.32,-0.019,-21.67,204,53.92,24.11,0.881,1.77,22.19,0
QQQ,1h,3,12,trend,-14.49,-10.55,-0.708,-23.6,122,37.7,57.96,17.37,31.09,2.119,-5.49,43,41.86,54.02,-2.41,-1.21,-0.016,-25.56,166,53.92,24.11,0.881,1.77,22.19,1
QQQ,1h,3,15,trend,-6.64,-4.77,-0.282,-21.09,107,39.25,58.04,15.13,26.89,1.903,-9.36,39,41.03,54.97,4.52,2.24,0.23,-21.09,147,53.92,24.11,0.881,1.77,22.19,1
QQQ,1h,3,20,trend,7.81,5.5,0.452,-16.74,77,38.96,59.19,13.43,23.75,1.712,-8.69,34,47.06,54.68,17.05,8.2,0.638,-16.74,113,53.92,24.11,0.881,1.77,22.19,0
QQQ,1h,3,25,trend,16.18,11.26,0.846,-9.39,68,45.59,59.64,14.52,25.75,1.869,-7.05,28,42.86,55.26,31.33,14.63,1.083,-9.68,97,53.92,24.11,0.881,1.77,22.19,1
QQQ,1h,3,30,trend,-3.87,-2.77,-0.147,-16.56,65,35.38,58.53,16.36,29.19,1.966,-8.56,26,34.62,57.17,11.06,5.39,0.462,-16.56,93,53.92,24.11,0.881,1.77,22.19,1
QQQ,1h,3,40,trend,-0.8,-0.57,0.022,-17.93,53,30.19,61.03,14.07,24.92,1.637,-11.2,22,31.82,58.41,9.08,4.45,0.388,-17.93,78,53.92,24.11,0.881,1.77,22.19,0
QQQ,1h,3,50,trend,-4.77,-3.42,-0.219,-18.57,50,26,61.2,15.02,26.68,1.783,-10.54,18,27.78,56.98,4.07,2.02,0.218,-18.57,71,53.92,24.11,0.881,1.77,22.19,1
QQQ,1h,3,60,trend,-7.14,-5.14,-0.345,-21.61,44,29.55,60.71,15.48,27.55,1.845,-10.38,17,29.41,56.5,1.88,0.94,0.137,-21.61,64,53.92,24.11,0.881,1.77,22.19,1
QQQ,1h,3,75,trend,-8.6,-6.2,-0.457,-19.66,45,31.11,59.27,13.63,24.11,1.698,-12.13,14,35.71,55.35,-2.37,-1.2,-0.03,-19.66,63,53.92,24.11,0.881,1.77,22.19,0
QQQ,1h,3,100,trend,-2.2,-1.57,-0.073,-18.21,39,23.08,61.12,16.66,29.76,2.069,-10.45,13,23.08,54.88,8.25,4.05,0.38,-18.21,56,53.92,24.11,0.881,1.77,22.19,1
QQQ,1h,3,125,trend,5.55,3.92,0.384,-11.91,33,33.33,62.02,8.09,14.06,1.095,-14.06,15,20,53.06,8.39,4.12,0.389,-16.73,51,53.92,24.11,0.881,1.77,22.19,0
QQQ,1h,3,150,trend,7.22,5.09,0.476,-10.65,27,25.93,63.33,11.08,19.44,1.467,-13.06,10,20,54.59,16.23,7.82,0.678,-13.06,39,53.92,24.11,0.881,1.77,22.19,0
QQQ,1h,3,200,trend,11.81,8.27,0.718,-11.35,21,23.81,62.76,-0.97,-1.63,-0.131,-7.84,7,28.57,29.35,26.47,12.48,1.006,-11.94,30,53.92,24.11,0.881,1.77,22.19,0
QQQ,1h,3,250,trend,7.29,5.13,0.498,-13.63,17,11.76,56.23,-5.57,-9.23,-0.888,-12.53,12,16.67,33.17,16.39,7.9,0.682,-14.69,31,53.92,24.11,0.881,1.77,22.19,0
QQQ,1h,3,300,trend,12.18,8.53,0.776,-9.75,16,18.75,57.47,-7.87,-12.95,-1.648,-13.15,11,9.09,26.67,21.25,10.13,0.84,-15.54,28,53.92,24.11,0.881,1.77,22.19,0
QQQ,1h,4,2,dip,-8.3,-5.98,-0.345,-23.25,322,59.32,45.04,-1.02,-1.73,-0.048,-7.98,133,57.89,46.18,-8.44,-4.32,-0.228,-23.25,456,53.92,24.11,0.881,1.77,22.19,0
QQQ,1h,4,3,dip,-14.56,-10.59,-0.715,-22,352,53.13,45.16,-8.82,-14.46,-0.985,-11.72,149,51.01,47.13,-22.42,-11.94,-0.809,-26.59,502,53.92,24.11,0.881,1.77,22.19,0
QQQ,1h,4,5,trend,-8.03,-5.79,-0.308,-16.17,293,43.34,54.72,14.78,26.24,1.731,-5.62,123,43.9,52.2,6.18,3.05,0.275,-19.23,417,53.92,24.11,0.881,1.77,22.19,0
QQQ,1h,4,7,trend,-14.75,-10.73,-0.707,-20.29,179,42.46,56.4,17.43,31.2,2.044,-5.19,73,42.47,52.58,-1.98,-1,0.003,-22.18,253,53.92,24.11,0.881,1.77,22.19,1
QQQ,1h,4,9,trend,-16.19,-11.81,-0.768,-20.98,138,34.78,57.01,14.1,24.99,1.785,-5.37,55,47.27,52.2,-7.02,-3.58,-0.179,-25.16,194,53.92,24.11,0.881,1.77,22.19,1
QQQ,1h,4,12,trend,-12.96,-9.41,-0.616,-20.41,114,37.72,57.14,18.4,33.04,2.294,-5.33,41,43.9,53.82,0.05,0.02,0.072,-22.37,156,53.92,24.11,0.881,1.77,22.19,1
QQQ,1h,4,15,trend,-5.31,-3.81,-0.209,-19.78,91,39.56,58.24,14.07,24.93,1.699,-9.17,38,44.74,54.88,4.87,2.41,0.24,-20.78,130,53.92,24.11,0.881,1.77,22.19,0
QQQ,1h,4,20,trend,2.85,2.02,0.215,-17.66,74,37.84,58.82,14.94,26.54,1.867,-9.63,32,43.75,54.68,13.51,6.55,0.532,-17.66,108,53.92,24.11,0.881,1.77,22.19,1
QQQ,1h,4,25,trend,10.67,7.48,0.6,-10.7,64,42.19,58.08,10.31,18.04,1.37,-8.63,29,34.48,54.78,20.51,9.8,0.768,-12.42,94,53.92,24.11,0.881,1.77,22.19,0
QQQ,1h,4,30,trend,1.99,1.41,0.172,-15.91,58,37.93,58.45,17,30.4,2.05,-10.27,24,37.5,56.5,17.8,8.55,0.678,-15.91,83,53.92,24.11,0.881,1.77,22.19,1
QQQ,1h,4,40,trend,-2.69,-1.92,-0.084,-18.85,51,31.37,60.58,17.01,30.42,1.965,-10.94,19,26.32,58.13,9,4.41,0.388,-18.85,72,53.92,24.11,0.881,1.77,22.19,1
QQQ,1h,4,50,trend,-1.92,-1.37,-0.048,-16.79,46,30.43,61.44,15.2,27.03,1.799,-10.32,16,31.25,56.6,6.48,3.19,0.305,-16.79,65,53.92,24.11,0.881,1.77,22.19,1
QQQ,1h,4,60,trend,-2.41,-1.72,-0.077,-17.2,39,25.64,60.21,14.09,24.96,1.69,-11.45,14,28.57,56.31,4.34,2.15,0.228,-17.2,56,53.92,24.11,0.881,1.77,22.19,0
QQQ,1h,4,75,trend,-7,-5.03,-0.348,-20.52,40,32.5,59.15,13.19,23.3,1.659,-12.45,15,33.33,55.16,-0.5,-0.25,0.046,-20.52,57,53.92,24.11,0.881,1.77,22.19,0
QQQ,1h,4,100,trend,-1.44,-1.03,-0.026,-16.12,38,28.95,61.2,17.27,30.91,2.139,-10.97,12,25,54.49,8.63,4.23,0.394,-16.12,53,53.92,24.11,0.881,1.77,22.19,1
QQQ,1h,4,125,trend,3.28,2.33,0.254,-12.09,33,24.24,61.89,9.37,16.34,1.255,-13.55,15,26.67,53.06,5.85,2.89,0.293,-18.47,51,53.92,24.11,0.881,1.77,22.19,0
QQQ,1h,4,150,trend,10.27,7.21,0.638,-10.92,25,24,63.49,10.37,18.14,1.375,-13.61,10,20,54.78,17.46,8.4,0.716,-13.97,37,53.92,24.11,0.881,1.77,22.19,0
QQQ,1h,4,200,trend,12.51,8.75,0.752,-12.24,17,29.41,62.88,-2.43,-4.08,-0.401,-9.14,7,28.57,29.35,24.99,11.82,0.956,-13.11,26,53.92,24.11,0.881,1.77,22.19,0
QQQ,1h,4,250,trend,8.09,5.69,0.544,-12.88,17,17.65,56.15,-3.97,-6.62,-0.622,-11.91,10,30,33.08,19.47,9.32,0.789,-13.37,28,53.92,24.11,0.881,1.77,22.19,0
QQQ,1h,4,300,trend,10.76,7.55,0.693,-10.73,15,20,57.42,-8.82,-14.46,-1.878,-14.04,11,9.09,26.96,18.09,8.68,0.732,-16.41,27,53.92,24.11,0.881,1.77,22.19,0
QQQ,1h,5,2,dip,-9.47,-6.84,-0.428,-23.73,253,61.66,43.48,0.63,1.07,0.146,-6.76,102,56.86,45.98,-9.26,-4.75,-0.265,-23.73,356,53.92,24.11,0.881,1.77,22.19,0
QQQ,1h,5,3,dip,-13.32,-9.67,-0.632,-23.83,259,54.83,44.46,-10.73,-17.45,-1.284,-12.79,103,48.54,46.18,-22.94,-12.24,-0.834,-24.24,363,53.92,24.11,0.881,1.77,22.19,0
QQQ,1h,5,4,dip,-4.18,-2.99,-0.15,-22.34,294,59.86,45.04,-8.42,-13.81,-0.907,-15.4,122,50,47.13,-12.26,-6.34,-0.388,-22.34,417,53.92,24.11,0.881,1.77,22.19,0
QQQ,1h,5,7,trend,-21.56,-15.87,-1.089,-25.88,199,43.72,56.15,4.57,7.84,0.622,-8.05,85,43.53,52.2,-17.91,-9.41,-0.609,-29.38,285,53.92,24.11,0.881,1.77,22.19,0
QQQ,1h,5,9,trend,-7.54,-5.42,-0.324,-21.29,142,42.25,56.97,11.77,20.7,1.506,-7.29,55,45.45,52.1,0.47,0.24,0.087,-21.29,198,53.92,24.11,0.881,1.77,22.19,0
QQQ,1h,5,12,trend,-12.45,-9.03,-0.635,-21.74,113,38.94,57.3,16.79,29.99,2.111,-6.35,42,42.86,53.54,-0.57,-0.28,0.046,-23.85,156,53.92,24.11,0.881,1.77,22.19,1
QQQ,1h,5,15,trend,-2.93,-2.1,-0.087,-23.74,86,39.53,58.29,13.97,24.74,1.667,-8.91,36,44.44,54.59,7.41,3.64,0.328,-23.74,123,53.92,24.11,0.881,1.77,22.19,0
QQQ,1h,5,20,trend,3.37,2.39,0.245,-18.63,68,33.82,57.55,12.11,21.32,1.535,-10.14,30,36.67,54.49,11.77,5.73,0.485,-18.63,100,53.92,24.11,0.881,1.77,22.19,0
QQQ,1h,5,25,trend,-4.19,-3,-0.155,-18.8,62,35.48,58.29,10.87,19.06,1.447,-9.55,24,37.5,54.02,5.05,2.5,0.251,-18.8,87,53.92,24.11,0.881,1.77,22.19,0
QQQ,1h,5,30,trend,2.73,1.94,0.209,-17.84,54,35.19,58.49,14.98,26.62,1.842,-11.19,25,44,55.74,16.7,8.04,0.641,-17.84,80,53.92,24.11,0.881,1.77,22.19,1
QQQ,1h,5,40,trend,-0.9,-0.64,0.016,-18.33,47,29.79,60.58,13.66,24.17,1.599,-11.13,19,26.32,57.65,10.24,5.01,0.433,-18.33,68,53.92,24.11,0.881,1.77,22.19,0
QQQ,1h,5,50,trend,3.26,2.31,0.247,-14.01,41,34.15,61.32,15.89,28.31,1.873,-10.45,15,26.67,56.02,12.65,6.15,0.524,-14.91,59,53.92,24.11,0.881,1.77,22.19,1
QQQ,1h,5,60,trend,-0.52,-0.37,0.033,-15.32,36,30.56,60.3,14.51,25.75,1.734,-10.95,14,28.57,56.21,6.76,3.33,0.315,-16.62,53,53.92,24.11,0.881,1.77,22.19,0
QQQ,1h,5,75,trend,-6.34,-4.55,-0.301,-20,36,27.78,59.19,12.38,21.82,1.556,-13.3,14,35.71,54.88,-1.19,-0.6,0.02,-20,53,53.92,24.11,0.881,1.77,22.19,0
QQQ,1h,5,100,trend,-5.52,-3.96,-0.276,-16.18,38,31.58,61.12,16.27,29.03,2.034,-11.93,10,30,54.4,3.59,1.78,0.204,-17.01,51,53.92,24.11,0.881,1.77,22.19,1
QQQ,1h,5,125,trend,3.23,2.29,0.251,-12.61,30,26.67,61.65,7.48,12.96,1.046,-15.36,13,30.77,52.87,3.97,1.97,0.221,-17.94,46,53.92,24.11,0.881,1.77,22.19,0
QQQ,1h,5,150,trend,9.75,6.85,0.607,-10.36,23,30.43,63.86,10.54,18.45,1.396,-13.48,10,20,54.21,16.91,8.14,0.694,-13.48,35,53.92,24.11,0.881,1.77,22.19,0
QQQ,1h,5,200,trend,12.93,9.04,0.775,-12.63,17,29.41,62.67,-3.36,-5.62,-0.58,-9.3,7,14.29,29.16,23.81,11.29,0.92,-13.81,26,53.92,24.11,0.881,1.77,22.19,0
QQQ,1h,5,250,trend,7.5,5.29,0.508,-12.49,16,12.5,55.95,-2.92,-4.89,-0.439,-10.75,10,30,32.41,20.13,9.62,0.809,-12.99,27,53.92,24.11,0.881,1.77,22.19,0
QQQ,1h,5,300,trend,7.38,5.2,0.496,-12.44,14,14.29,57.55,-8.64,-14.17,-1.822,-13.87,10,10,27.06,15.54,7.5,0.639,-15.69,25,53.92,24.11,0.881,1.77,22.19,0
QQQ,1h,7,2,dip,-10.66,-7.71,-0.486,-24.87,195,60.51,42.82,2.76,4.7,0.392,-10.16,77,62.34,45.32,-8.61,-4.41,-0.241,-24.87,273,53.92,24.11,0.881,1.77,22.19,0
QQQ,1h,7,3,dip,13.83,9.66,0.73,-16.76,188,62.77,43.03,0.23,0.39,0.099,-11.1,73,63.01,45.98,13.61,6.6,0.524,-16.76,262,53.92,24.11,0.881,1.77,22.19,0
QQQ,1h,7,4,dip,18.46,12.81,0.888,-17.99,179,64.25,42.95,-2.21,-3.71,-0.186,-12.61,73,61.64,46.46,15.66,7.56,0.568,-17.99,252,53.92,24.11,0.881,1.77,22.19,0
QQQ,1h,7,5,dip,26.26,18.05,1.202,-13.85,200,60.5,43.52,5.69,9.8,0.697,-8.37,84,63.1,47.04,33.51,15.57,1.051,-13.85,285,53.92,24.11,0.881,1.77,22.19,0
QQQ,1h,7,9,trend,-17.14,-12.53,-0.896,-26.22,162,37.65,56.11,18.4,33.05,2.255,-5.9,65,49.23,51.43,-4.6,-2.33,-0.102,-28.6,228,53.92,24.11,0.881,1.77,22.19,1
QQQ,1h,7,12,trend,-6.25,-4.49,-0.263,-24.09,103,39.81,57.18,16.79,29.99,2.043,-6.56,41,51.22,53.44,6.3,3.11,0.291,-24.09,145,53.92,24.11,0.881,1.77,22.19,1
QQQ,1h,7,15,trend,-7.96,-5.74,-0.363,-27.06,88,40.91,57.59,13.05,23.05,1.597,-7.83,33,42.42,54.88,1.02,0.51,0.106,-27.06,122,53.92,24.11,0.881,1.77,22.19,0
QQQ,1h,7,20,trend,5.21,3.68,0.341,-16.33,64,39.06,57.01,12.12,21.34,1.529,-10.61,27,40.74,54.49,12.99,6.31,0.525,-16.33,93,53.92,24.11,0.881,1.77,22.19,0
QQQ,1h,7,25,trend,1.96,1.39,0.171,-17.57,57,36.84,57.75,10.98,19.25,1.444,-10.35,23,34.78,53.63,11.74,5.72,0.491,-17.57,81,53.92,24.11,0.881,1.77,22.19,0
QQQ,1h,7,30,trend,-0.58,-0.42,0.034,-17.43,49,38.78,57.92,17.41,31.17,2.066,-10.04,21,38.1,55.35,15.1,7.3,0.598,-17.43,71,53.92,24.11,0.881,1.77,22.19,1
QQQ,1h,7,40,trend,1.5,1.07,0.147,-17.43,40,35,60.62,14.12,25.02,1.669,-12.86,16,25,56.88,13.5,6.55,0.55,-17.43,57,53.92,24.11,0.881,1.77,22.19,0
QQQ,1h,7,50,trend,4.13,2.92,0.294,-14.58,32,37.5,61.94,13.89,24.59,1.667,-11.59,15,26.67,55.26,14.78,7.15,0.6,-14.58,49,53.92,24.11,0.881,1.77,22.19,0
QQQ,1h,7,60,trend,-4.65,-3.33,-0.207,-17.09,33,24.24,59.93,13.78,24.38,1.701,-13.51,13,30.77,55.26,1.17,0.58,0.11,-17.09,49,53.92,24.11,0.881,1.77,22.19,0
QQQ,1h,7,75,trend,-9.07,-6.54,-0.505,-21.27,33,30.3,58.98,12.25,21.58,1.569,-13.32,14,35.71,54.02,-3.41,-1.72,-0.076,-21.27,49,53.92,24.11,0.881,1.77,22.19,0
QQQ,1h,7,100,trend,-1.43,-1.02,-0.027,-17.2,30,43.33,60.58,13.71,24.25,1.748,-13.74,10,30,54.11,7.38,3.63,0.351,-17.2,43,53.92,24.11,0.881,1.77,22.19,0
QQQ,1h,7,125,trend,2.21,1.56,0.189,-12.89,26,26.92,61.98,4.81,8.27,0.71,-17.56,11,18.18,52.29,0.47,0.24,0.081,-17.56,40,53.92,24.11,0.881,1.77,22.19,0
QQQ,1h,7,150,trend,11,7.71,0.673,-10.06,23,39.13,63.7,10.31,18.05,1.422,-13.86,9,22.22,53.82,18.35,8.8,0.752,-13.86,34,53.92,24.11,0.881,1.77,22.19,0
QQQ,1h,7,200,trend,13.55,9.47,0.804,-12.23,17,35.29,62.8,-3.84,-6.41,-0.669,-10.2,7,14.29,29.06,25.5,12.05,0.971,-13.13,26,53.92,24.11,0.881,1.77,22.19,0
QQQ,1h,7,250,trend,7.62,5.36,0.52,-12.23,13,15.38,55.95,-4,-6.66,-0.658,-11.45,8,25,31.93,18.3,8.78,0.757,-14.39,22,53.92,24.11,0.881,1.77,22.19,0
QQQ,1h,7,300,trend,10.77,7.55,0.684,-10.99,14,28.57,57.63,-5.98,-9.9,-1.229,-11.36,8,12.5,27.34,22.8,10.83,0.879,-13.23,23,53.92,24.11,0.881,1.77,22.19,0
QQQ,1h,9,2,dip,19.17,13.3,0.909,-17.68,157,64.97,42.66,7.47,12.95,0.902,-9.47,60,66.67,45.32,27.5,12.94,0.89,-17.68,218,53.92,24.11,0.881,1.77,22.19,0
QQQ,1h,9,3,dip,18.04,12.53,0.881,-17.51,147,66.67,41.88,4.13,7.08,0.523,-10.98,56,64.29,45.32,23.57,11.18,0.788,-17.51,203,53.92,24.11,0.881,1.77,22.19,0
QQQ,1h,9,4,dip,26.57,18.26,1.209,-13.31,138,66.67,42.33,2.83,4.84,0.385,-11,55,63.64,46.85,30.88,14.43,0.977,-13.31,193,53.92,24.11,0.881,1.77,22.19,0
QQQ,1h,9,5,dip,14.18,9.9,0.692,-14.81,142,58.45,42.37,4.98,8.56,0.616,-10.23,55,63.64,46.94,20.53,9.81,0.687,-14.81,197,53.92,24.11,0.881,1.77,22.19,0
QQQ,1h,9,7,dip,24.47,16.86,1.079,-12.82,161,60.25,43.23,-2.14,-3.59,-0.168,-12.37,66,59.09,47.61,22.38,10.64,0.732,-12.82,228,53.92,24.11,0.881,1.77,22.19,0
QQQ,1h,9,12,trend,-2.28,-1.63,-0.055,-21.84,115,42.61,56.6,18.18,32.63,2.195,-5.2,44,50,53.92,11.64,5.67,0.475,-21.84,161,53.92,24.11,0.881,1.77,22.19,1
QQQ,1h,9,15,trend,-6.2,-4.46,-0.254,-25.02,86,36.05,57.42,15.94,28.4,1.949,-8.43,34,44.12,54.78,7.9,3.88,0.345,-25.02,121,53.92,24.11,0.881,1.77,22.19,1
QQQ,1h,9,20,trend,3,2.13,0.23,-14.39,62,38.71,56.89,20.93,37.89,2.504,-9.16,27,48.15,54.21,21.87,10.41,0.834,-14.39,91,53.92,24.11,0.881,1.77,22.19,1
QQQ,1h,9,25,trend,0.37,0.26,0.085,-16.17,57,45.61,58.16,13.07,23.07,1.627,-11.75,23,34.78,53.63,12.01,5.84,0.501,-16.17,81,53.92,24.11,0.881,1.77,22.19,0
QQQ,1h,9,30,trend,3.37,2.39,0.247,-16.29,45,40,58.65,14.06,24.9,1.667,-9.28,19,31.58,55.35,16.26,7.84,0.633,-16.29,65,53.92,24.11,0.881,1.77,22.19,0
QQQ,1h,9,40,trend,3.55,2.51,0.264,-15.05,39,41.03,60.58,14.14,25.06,1.692,-10.61,15,26.67,56.5,16.74,8.06,0.671,-15.05,55,53.92,24.11,0.881,1.77,22.19,0
QQQ,1h,9,50,trend,6,4.23,0.399,-12.2,28,42.86,61.57,17.11,30.6,2.035,-10.05,14,28.57,55.07,20.17,9.64,0.785,-12.2,44,53.92,24.11,0.881,1.77,22.19,1
QQQ,1h,9,60,trend,-1.02,-0.73,0,-16.74,29,34.48,59.84,11.57,20.34,1.457,-14.44,13,38.46,55.26,5.37,2.65,0.271,-16.74,45,53.92,24.11,0.881,1.77,22.19,0
QQQ,1h,9,75,trend,-6.63,-4.76,-0.345,-19.5,26,30.77,59.19,12.43,21.9,1.6,-13.28,10,40,53.44,-0.67,-0.33,0.036,-19.5,38,53.92,24.11,0.881,1.77,22.19,0
QQQ,1h,9,100,trend,-6.76,-4.86,-0.35,-17.13,27,25.93,60.17,12.64,22.3,1.622,-14.59,10,30,53.54,0.32,0.16,0.075,-17.13,40,53.92,24.11,0.881,1.77,22.19,0
QQQ,1h,9,125,trend,4.2,2.97,0.302,-12.36,23,26.09,61.89,10.17,17.79,1.423,-14.26,9,33.33,51.91,7.67,3.77,0.362,-16.51,35,53.92,24.11,0.881,1.77,22.19,0
QQQ,1h,9,150,trend,4.06,2.87,0.291,-12.48,20,25,63.82,10.5,18.38,1.449,-13.37,8,25,53.63,11.4,5.56,0.499,-15.69,30,53.92,24.11,0.881,1.77,22.19,0
QQQ,1h,9,200,trend,11.71,8.2,0.759,-10.61,13,23.08,55.21,-4.84,-8.05,-0.865,-10.76,6,16.67,29.06,23.36,11.09,0.944,-13.35,21,53.92,24.11,0.881,1.77,22.19,0
QQQ,1h,9,250,trend,8.23,5.79,0.557,-10.55,12,25,55.78,-4.29,-7.14,-0.717,-10.92,8,12.5,31.64,19.61,9.38,0.804,-13.49,21,53.92,24.11,0.881,1.77,22.19,0
QQQ,1h,9,300,trend,17.04,11.85,1.007,-9.05,11,27.27,57.75,-4.85,-8.05,-0.971,-10.29,8,12.5,27.44,31.43,14.67,1.14,-12.44,20,53.92,24.11,0.881,1.77,22.19,0
QQQ,1h,12,2,dip,18.55,12.88,0.876,-17.78,139,63.31,41.3,2.93,5.01,0.396,-10.25,46,65.22,44.36,25.26,11.94,0.814,-17.78,187,53.92,24.11,0.881,1.77,22.19,0
QQQ,1h,12,3,dip,26.47,18.19,1.179,-13.06,122,65.57,41.39,-1.66,-2.8,-0.113,-11.81,42,54.76,44.36,28.95,13.58,0.913,-13.06,165,53.92,24.11,0.881,1.77,22.19,0
QQQ,1h,12,4,dip,25.44,17.51,1.147,-13.55,114,65.79,42.21,-2.29,-3.84,-0.183,-12.49,40,65,44.55,27.31,12.85,0.874,-13.55,155,53.92,24.11,0.881,1.77,22.19,0
QQQ,1h,12,5,dip,24.59,16.94,1.075,-17.57,113,63.72,42,-1.06,-1.78,-0.044,-11.13,41,70.73,44.84,27.82,13.08,0.866,-17.57,155,53.92,24.11,0.881,1.77,22.19,0
QQQ,1h,12,7,dip,17.52,12.17,0.804,-12.3,103,66.99,42.08,-0.87,-1.46,-0.026,-10.29,41,63.41,44.84,20.83,9.94,0.685,-12.3,145,53.92,24.11,0.881,1.77,22.19,0
QQQ,1h,12,9,dip,11.36,7.96,0.561,-15.14,115,60,42.7,-2.5,-4.19,-0.213,-11.85,44,50,44.26,13.1,6.36,0.471,-15.14,161,53.92,24.11,0.881,1.77,22.19,0
QQQ,1h,12,15,trend,-6.66,-4.79,-0.277,-16.2,96,42.71,57.42,22.42,40.77,2.613,-8.15,34,50,54.68,14.27,6.91,0.549,-18.35,130,53.92,24.11,0.881,1.77,22.19,1
QQQ,1h,12,20,trend,12.19,8.53,0.652,-8.64,63,46.03,57.34,16.31,29.09,1.994,-11.41,26,42.31,54.88,30.48,14.25,1.033,-11.41,89,53.92,24.11,0.881,1.77,22.19,1
QQQ,1h,12,25,trend,9.64,6.77,0.558,-9.67,52,50,58.57,15.09,26.82,1.829,-10.47,22,31.82,53.25,24.5,11.6,0.885,-11.83,75,53.92,24.11,0.881,1.77,22.19,1
QQQ,1h,12,30,trend,-2.16,-1.55,-0.052,-19.78,41,39.02,59.11,20.29,36.66,2.365,-7.67,18,33.33,54.59,16.92,8.14,0.653,-19.78,60,53.92,24.11,0.881,1.77,22.19,1
QQQ,1h,12,40,trend,8.33,5.86,0.529,-12.35,36,47.22,60.42,11.38,19.98,1.381,-9.97,16,37.5,56.12,19.76,9.45,0.773,-12.35,53,53.92,24.11,0.881,1.77,22.19,0
QQQ,1h,12,50,trend,3,2.13,0.232,-13.17,27,40.74,60.99,17.51,31.35,2.146,-10.18,12,41.67,54.02,17.47,8.4,0.699,-13.17,41,53.92,24.11,0.881,1.77,22.19,1
QQQ,1h,12,60,trend,0.7,0.5,0.102,-11.99,27,37.04,59.52,14.45,25.64,1.836,-12.23,10,40,54.02,12.83,6.23,0.547,-12.23,39,53.92,24.11,0.881,1.77,22.19,1
QQQ,1h,12,75,trend,-4.46,-3.19,-0.203,-18.8,24,37.5,59.02,15.6,27.76,1.961,-13.24,9,44.44,53.25,5.52,2.73,0.275,-18.8,35,53.92,24.11,0.881,1.77,22.19,1
QQQ,1h,12,100,trend,-2.79,-1.99,-0.103,-13.75,23,34.78,59.47,14.65,26,1.885,-12.82,8,37.5,52.29,8.36,4.1,0.385,-13.75,33,53.92,24.11,0.881,1.77,22.19,1
QQQ,1h,12,125,trend,8.6,6.05,0.547,-10.92,20,35,61.85,9.69,16.92,1.371,-14.15,7,28.57,51.05,16.46,7.93,0.691,-14.15,29,53.92,24.11,0.881,1.77,22.19,0
QQQ,1h,12,150,trend,13.48,9.42,0.793,-12.73,18,33.33,63.62,8.12,14.11,1.145,-15.23,8,25,53.63,19.62,9.39,0.789,-15.41,28,53.92,24.11,0.881,1.77,22.19,0
QQQ,1h,12,200,trend,10.89,7.64,0.708,-11.61,11,18.18,55.25,-6.42,-10.61,-1.292,-10.15,6,16.67,28.49,21.1,10.06,0.875,-14.6,18,53.92,24.11,0.881,1.77,22.19,0
QQQ,1h,12,250,trend,9.36,6.58,0.616,-9.5,11,18.18,56.15,-4.89,-8.12,-0.812,-11.69,6,16.67,32.12,19.07,9.13,0.778,-14.91,18,53.92,24.11,0.881,1.77,22.19,0
QQQ,1h,12,300,trend,19.89,13.78,1.152,-8.95,11,36.36,57.75,-5.31,-8.82,-1.234,-8.6,6,16.67,24.47,35.94,16.62,1.277,-11.49,18,53.92,24.11,0.881,1.77,22.19,0
QQQ,1h,15,2,dip,13.79,9.63,0.676,-16.28,119,68.91,41.22,6.75,11.68,0.806,-6.65,42,73.81,43.12,25.95,12.25,0.83,-16.28,162,53.92,24.11,0.881,1.77,22.19,0
QQQ,1h,15,3,dip,17.94,12.46,0.833,-16.2,107,66.36,41.3,0.73,1.24,0.156,-10.07,38,65.79,43.4,23.18,11.01,0.749,-16.2,146,53.92,24.11,0.881,1.77,22.19,0
QQQ,1h,15,4,dip,18.54,12.87,0.858,-18.13,91,64.84,41.1,1.78,3.03,0.276,-7.79,37,64.86,43.5,25.31,11.96,0.812,-18.13,129,53.92,24.11,0.881,1.77,22.19,0
QQQ,1h,15,5,dip,16.08,11.19,0.751,-16.26,86,60.47,41.02,2.25,3.84,0.331,-7.28,35,71.43,43.69,23.11,10.98,0.749,-16.26,122,53.92,24.11,0.881,1.77,22.19,0
QQQ,1h,15,7,dip,21.88,15.12,0.961,-11.5,88,68.18,41.67,3.28,5.61,0.451,-7.64,33,57.58,43.31,30.71,14.35,0.937,-11.5,122,53.92,24.11,0.881,1.77,22.19,0
QQQ,1h,15,9,dip,19.88,13.77,0.904,-12.29,86,61.63,41.84,0.43,0.74,0.123,-6.91,34,55.88,43.31,22.52,10.71,0.732,-12.29,121,53.92,24.11,0.881,1.77,22.19,0
QQQ,1h,15,12,dip,19.02,13.19,0.877,-15.72,96,62.5,41.8,-4.81,-7.99,-0.484,-9.9,34,52.94,43.21,14.44,6.99,0.513,-15.72,130,53.92,24.11,0.881,1.77,22.19,0
QQQ,1h,15,20,trend,16.53,11.5,0.858,-6.82,70,52.86,56.19,12.08,21.26,1.551,-12.79,27,40.74,53.25,30.61,14.31,1.054,-12.79,97,53.92,24.11,0.881,1.77,22.19,0
QQQ,1h,15,25,trend,7.01,4.94,0.42,-11.11,50,48,58.86,14.47,25.66,1.755,-8.27,23,34.78,53.44,20.93,9.98,0.762,-13.42,74,53.92,24.11,0.881,1.77,22.19,0
QQQ,1h,15,30,trend,1.03,0.73,0.122,-17.45,40,45,59.47,15.88,28.29,1.878,-7.13,18,38.89,53.35,14.87,7.19,0.581,-17.45,59,53.92,24.11,0.881,1.77,22.19,1
QQQ,1h,15,40,trend,7.19,5.07,0.459,-14.35,28,50,60.58,16.35,29.18,1.919,-8.18,14,42.86,55.16,22.04,10.49,0.834,-14.35,43,53.92,24.11,0.881,1.77,22.19,1
QQQ,1h,15,50,trend,3.76,2.67,0.274,-12.31,27,48.15,60.3,16.04,28.6,1.98,-11.25,12,25,54.4,19.61,9.38,0.773,-12.31,40,53.92,24.11,0.881,1.77,22.19,1
QQQ,1h,15,60,trend,5.97,4.22,0.398,-9.31,26,50,59.11,13.56,23.97,1.707,-12.29,11,36.36,54.4,15.54,7.5,0.631,-12.29,40,53.92,24.11,0.881,1.77,22.19,0
QQQ,1h,15,75,trend,-2.6,-1.86,-0.093,-15.38,23,39.13,58.45,15.48,27.55,1.953,-12.86,9,33.33,52.77,7.91,3.89,0.365,-15.38,34,53.92,24.11,0.881,1.77,22.19,1
QQQ,1h,15,100,trend,-1.47,-1.05,-0.025,-14.53,22,31.82,59.56,15.83,28.2,2.016,-12.82,7,28.57,52.68,11.23,5.47,0.489,-14.53,31,53.92,24.11,0.881,1.77,22.19,1
QQQ,1h,15,125,trend,6.22,4.39,0.411,-13.67,19,26.32,62.02,13.24,23.38,1.812,-11.34,6,33.33,50.76,15.3,7.39,0.636,-17.57,28,53.92,24.11,0.881,1.77,22.19,1
QQQ,1h,15,150,trend,12.72,8.9,0.749,-11.87,17,29.41,63.7,7.48,12.98,1.066,-15.7,8,25,53.15,19.74,9.44,0.79,-15.7,27,53.92,24.11,0.881,1.77,22.19,0
QQQ,1h,15,200,trend,10.29,7.22,0.666,-10.9,11,27.27,55.21,-8.38,-13.75,-1.766,-10.53,5,20,28.2,17.31,8.32,0.736,-15.3,17,53.92,24.11,0.881,1.77,22.19,0
QQQ,1h,15,250,trend,11.8,8.26,0.74,-9.22,10,20,56.56,-0.78,-1.31,-0.078,-7.38,5,40,31.93,28.59,13.42,1.072,-9.68,16,53.92,24.11,0.881,1.77,22.19,0
QQQ,1h,15,300,trend,19.37,13.43,1.121,-7.11,9,33.33,58.04,-3.56,-5.94,-0.822,-6.9,5,20,24.38,33.57,15.6,1.199,-11.84,15,53.92,24.11,0.881,1.77,22.19,0
QQQ,1h,20,2,dip,3.94,2.79,0.254,-15.66,93,66.67,39.38,-1.03,-1.73,-0.048,-8.82,35,60,41.49,6.66,3.28,0.287,-15.66,129,53.92,24.11,0.881,1.77,22.19,0
QQQ,1h,20,3,dip,5.54,3.92,0.325,-16.02,78,64.1,39.66,4.2,7.2,0.529,-8.02,34,67.65,42.73,14.22,6.89,0.506,-16.02,113,53.92,24.11,0.881,1.77,22.19,0
QQQ,1h,20,4,dip,11.03,7.73,0.557,-16.13,75,62.67,40.03,2.89,4.94,0.394,-7.07,32,62.5,42.64,18.49,8.87,0.626,-16.13,108,53.92,24.11,0.881,1.77,22.19,0
QQQ,1h,20,5,dip,9.83,6.9,0.496,-15.63,69,62.32,39.7,5.74,9.9,0.702,-6.69,30,63.33,42.83,19.92,9.52,0.654,-15.63,100,53.92,24.11,0.881,1.77,22.19,0
QQQ,1h,20,7,dip,8.37,5.89,0.436,-17.02,65,64.62,40.2,6.73,11.64,0.812,-6.69,27,62.96,42.64,19.57,9.36,0.644,-17.02,93,53.92,24.11,0.881,1.77,22.19,0
QQQ,1h,20,9,dip,11.32,7.93,0.549,-17.78,63,66.67,40.28,-1.58,-2.66,-0.108,-7.34,27,59.26,42.83,11.48,5.6,0.42,-17.78,91,53.92,24.11,0.881,1.77,22.19,0
QQQ,1h,20,12,dip,1.79,1.27,0.159,-22.06,64,65.63,39.79,1.22,2.07,0.213,-7.74,25,64,43.02,4.07,2.02,0.207,-22.06,89,53.92,24.11,0.881,1.77,22.19,0
QQQ,1h,20,15,dip,-2.63,-1.88,-0.046,-24.04,71,59.15,40.85,5.67,9.76,0.697,-7.09,26,65.38,44.36,3.18,1.58,0.179,-24.04,97,53.92,24.11,0.881,1.77,22.19,0
QQQ,1h,20,25,trend,-6.15,-4.42,-0.264,-18.5,56,50,57.83,9.12,15.91,1.161,-7.72,28,42.86,54.3,2.17,1.08,0.147,-18.5,85,53.92,24.11,0.881,1.77,22.19,0
QQQ,1h,20,30,trend,2.48,1.76,0.198,-16.27,40,45,58.86,20.81,37.65,2.435,-5.66,19,36.84,53.15,23.57,11.18,0.854,-16.27,60,53.92,24.11,0.881,1.77,22.19,1
QQQ,1h,20,40,trend,5.19,3.67,0.349,-17.19,29,44.83,59.93,13.23,23.38,1.663,-9.76,13,23.08,54.21,19.9,9.51,0.771,-17.19,43,53.92,24.11,0.881,1.77,22.19,0
QQQ,1h,20,50,trend,2.04,1.45,0.177,-11.3,27,44.44,59.43,12.14,21.38,1.512,-12.3,12,25,53.92,13.79,6.69,0.565,-12.3,40,53.92,24.11,0.881,1.77,22.19,0
QQQ,1h,20,60,trend,-4.02,-2.88,-0.175,-14.05,26,38.46,58.24,14.32,25.39,1.768,-12.15,9,44.44,53.35,5.31,2.63,0.266,-14.05,36,53.92,24.11,0.881,1.77,22.19,0
QQQ,1h,20,75,trend,-2.78,-1.99,-0.104,-14.51,21,33.33,58.12,20.4,36.87,2.462,-8.12,9,44.44,52.49,13.25,6.43,0.555,-14.51,32,53.92,24.11,0.881,1.77,22.19,1
QQQ,1h,20,100,trend,-0.02,-0.02,0.062,-15.08,19,31.58,60.17,14.3,25.36,1.812,-12.68,7,28.57,53.06,10.56,5.15,0.458,-15.08,30,53.92,24.11,0.881,1.77,22.19,1
QQQ,1h,20,125,trend,1.4,1,0.142,-13.62,19,15.79,61.4,11.61,20.41,1.575,-13.15,6,33.33,51.53,7.53,3.7,0.353,-17.02,27,53.92,24.11,0.881,1.77,22.19,0
QQQ,1h,20,150,trend,7.66,5.39,0.483,-13.51,16,25,63.41,8.61,14.98,1.176,-14.57,7,28.57,51.82,14.11,6.83,0.59,-16.02,25,53.92,24.11,0.881,1.77,22.19,0
QQQ,1h,20,200,trend,15.45,10.77,0.946,-8.48,9,22.22,55.37,-7.39,-12.18,-1.525,-8.63,4,25,28.2,25.59,12.09,1.02,-13.22,14,53.92,24.11,0.881,1.77,22.19,0
QQQ,1h,20,250,trend,9.9,6.95,0.626,-10.28,8,25,57.01,-2.51,-4.21,-0.397,-6.92,4,25,32.12,26.1,12.32,0.992,-10.52,13,53.92,24.11,0.881,1.77,22.19,0
QQQ,1h,20,300,trend,12.7,8.88,0.772,-10.8,7,14.29,58.29,0.16,0.27,0.074,-5.42,3,33.33,24.09,31.93,14.89,1.147,-10.8,11,53.92,24.11,0.881,1.77,22.19,0
QQQ,1h,25,2,dip,-1.4,-1,0.014,-20.16,82,68.29,39.54,4.38,7.52,0.546,-10.33,32,68.75,41.59,3.9,1.94,0.2,-20.16,114,53.92,24.11,0.881,1.77,22.19,0
QQQ,1h,25,3,dip,-0.99,-0.71,0.032,-19.56,69,66.67,39.21,3.96,6.79,0.499,-9.32,28,64.29,42.16,3.77,1.87,0.196,-19.56,97,53.92,24.11,0.881,1.77,22.19,0
QQQ,1h,25,4,dip,2.9,2.05,0.208,-17.64,65,61.54,39.21,7.79,13.53,0.902,-7.04,29,68.97,42.64,11.83,5.76,0.434,-17.64,94,53.92,24.11,0.881,1.77,22.19,0
QQQ,1h,25,5,dip,19.36,13.42,0.875,-16.53,63,68.25,38.97,7.7,13.36,0.889,-6.78,24,70.83,43.31,29.6,13.87,0.896,-16.53,87,53.92,24.11,0.881,1.77,22.19,0
QQQ,1h,25,7,dip,12.76,8.92,0.609,-17.13,58,74.14,39.46,7.76,13.47,0.914,-6.69,23,65.22,43.4,22.65,10.77,0.718,-17.13,81,53.92,24.11,0.881,1.77,22.19,0
QQQ,1h,25,9,dip,14.92,10.41,0.695,-17.24,58,75.86,39.01,5.67,9.77,0.712,-6.69,23,69.57,43.31,22.76,10.82,0.727,-17.24,81,53.92,24.11,0.881,1.77,22.19,0
QQQ,1h,25,12,dip,5.65,3.99,0.326,-20.73,53,60.38,38.52,4.05,6.94,0.532,-6.69,22,59.09,43.4,11.04,5.38,0.413,-20.73,75,53.92,24.11,0.881,1.77,22.19,0
QQQ,1h,25,15,dip,8.65,6.08,0.457,-20.99,51,70.59,38.15,5.18,8.92,0.664,-7.77,23,69.57,43.12,14.62,7.07,0.52,-20.99,74,53.92,24.11,0.881,1.77,22.19,0
QQQ,1h,25,20,dip,22.81,15.75,1.018,-18.63,56,67.86,39.05,9.59,16.75,1.133,-6.67,27,59.26,42.83,33.58,15.61,1.012,-18.63,85,53.92,24.11,0.881,1.77,22.19,0
QQQ,1h,25,30,trend,-1.57,-1.12,-0.02,-22.26,47,46.81,58.24,15.11,26.86,1.86,-8.76,22,36.36,53.63,12,5.84,0.495,-22.26,71,53.92,24.11,0.881,1.77,22.19,1
QQQ,1h,25,40,trend,-3.56,-2.55,-0.148,-16.31,28,42.86,59.27,11.4,20.03,1.42,-13.04,14,21.43,53.82,5.78,2.86,0.283,-16.31,43,53.92,24.11,0.881,1.77,22.19,0
QQQ,1h,25,50,trend,-1.79,-1.28,-0.04,-13.52,26,42.31,59.06,11.46,20.14,1.432,-13.26,10,30,52.39,8.18,4.02,0.368,-13.52,37,53.92,24.11,0.881,1.77,22.19,0
QQQ,1h,25,60,trend,-4.48,-3.21,-0.206,-13.77,24,29.17,57.83,7.49,12.99,0.991,-13.6,10,30,53.54,1.86,0.93,0.136,-13.77,34,53.92,24.11,0.881,1.77,22.19,0
QQQ,1h,25,75,trend,-2.88,-2.06,-0.103,-16.25,21,28.57,57.59,11.08,19.43,1.424,-12,9,22.22,51.82,6.25,3.08,0.3,-16.25,31,53.92,24.11,0.881,1.77,22.19,0
QQQ,1h,25,100,trend,0.34,0.24,0.082,-14.89,15,33.33,59.06,13.14,23.21,1.684,-13.01,7,28.57,52.29,10.75,5.25,0.463,-15.05,24,53.92,24.11,0.881,1.77,22.19,0
QQQ,1h,25,125,trend,4.43,3.13,0.314,-12.21,14,28.57,60.62,5.1,8.78,0.72,-16.17,6,33.33,51.34,8.89,4.36,0.402,-16.17,20,53.92,24.11,0.881,1.77,22.19,0
QQQ,1h,25,150,trend,3.37,2.39,0.249,-13.96,16,25,63.29,8.2,14.26,1.118,-13.41,6,33.33,50.19,11.85,5.77,0.506,-13.96,22,53.92,24.11,0.881,1.77,22.19,0
QQQ,1h,25,200,trend,12.59,8.81,0.786,-10.88,8,25,55.58,-4.92,-8.17,-1,-6.01,4,50,27.44,22.52,10.71,0.912,-12.11,13,53.92,24.11,0.881,1.77,22.19,0
QQQ,1h,25,250,trend,12.1,8.47,0.744,-12.21,8,25,57.1,-4.48,-7.45,-0.949,-5.37,3,33.33,26.2,24.17,11.45,0.921,-12.21,12,53.92,24.11,0.881,1.77,22.19,0
QQQ,1h,25,300,trend,16.82,11.7,0.994,-10.56,6,16.67,57.59,2.23,3.79,0.53,-5.33,3,33.33,24.47,37.9,17.46,1.318,-10.72,10,53.92,24.11,0.881,1.77,22.19,0
QQQ,1h,30,2,dip,11.44,8.02,0.571,-18.13,75,68,38.84,1.93,3.29,0.298,-6.6,30,63.33,39.01,14.16,6.86,0.506,-18.13,106,53.92,24.11,0.881,1.77,22.19,0
QQQ,1h,30,3,dip,18.32,12.72,0.832,-17.78,66,74.24,38.76,2.31,3.94,0.339,-6.49,26,61.54,39.77,21.5,10.24,0.699,-17.78,93,53.92,24.11,0.881,1.77,22.19,0
QQQ,1h,30,4,dip,12.66,8.85,0.614,-18.61,59,71.19,38.8,1.4,2.37,0.235,-6.69,23,60.87,39.2,16.13,7.78,0.555,-18.61,83,53.92,24.11,0.881,1.77,22.19,0
QQQ,1h,30,5,dip,12.38,8.66,0.603,-16.39,55,67.27,38.76,2.48,4.23,0.36,-7.07,24,62.5,39.87,17.65,8.48,0.597,-16.39,80,53.92,24.11,0.881,1.77,22.19,0
QQQ,1h,30,7,dip,16.76,11.66,0.767,-17.38,50,78,39.29,2.1,3.57,0.314,-6.69,21,66.67,41.68,20.51,9.8,0.67,-17.38,71,53.92,24.11,0.881,1.77,22.19,0
QQQ,1h,30,9,dip,13.2,9.23,0.627,-18.15,46,67.39,38.52,5.25,9.04,0.68,-6.69,19,68.42,41.59,20.56,9.82,0.672,-18.15,65,53.92,24.11,0.881,1.77,22.19,0
QQQ,1h,30,12,dip,19.97,13.83,0.89,-16.86,42,76.19,37.98,-0.02,-0.04,0.069,-8.24,18,61.11,42.16,20.38,9.74,0.67,-16.86,60,53.92,24.11,0.881,1.77,22.19,0
QQQ,1h,30,15,dip,16.55,11.52,0.764,-19.15,40,72.5,37.53,5.47,9.41,0.713,-6.5,18,61.11,43.12,22.85,10.86,0.74,-19.15,59,53.92,24.11,0.881,1.77,22.19,0
QQQ,1h,30,20,dip,13.4,9.36,0.641,-20.24,40,67.5,37.98,-0.01,-0.01,0.071,-8.51,19,57.89,43.02,12.58,6.11,0.456,-20.24,60,53.92,24.11,0.881,1.77,22.19,0
QQQ,1h,30,25,dip,17.58,12.22,0.799,-13.87,47,65.96,38.47,4.09,7.02,0.53,-6.57,21,47.62,43.02,23.1,10.97,0.735,-13.87,71,53.92,24.11,0.881,1.77,22.19,0
QQQ,1h,30,40,trend,-2.57,-1.83,-0.089,-15.33,34,47.06,58.9,11.44,20.09,1.424,-13.69,16,43.75,54.02,7.9,3.88,0.361,-15.33,50,53.92,24.11,0.881,1.77,22.19,0
QQQ,1h,30,50,trend,-8.46,-6.1,-0.428,-15.22,27,40.74,58.61,8.34,14.49,1.109,-13,10,50,52.1,-1.18,-0.59,0.02,-15.22,38,53.92,24.11,0.881,1.77,22.19,0
QQQ,1h,30,60,trend,-6.66,-4.79,-0.33,-16.27,25,32,57.55,7.94,13.78,1.057,-13.48,9,33.33,52.96,-0.06,-0.03,0.062,-16.27,35,53.92,24.11,0.881,1.77,22.19,0
QQQ,1h,30,75,trend,1.64,1.16,0.154,-15.72,20,35,58,11.99,21.09,1.594,-10.25,8,37.5,52.29,14.91,7.21,0.597,-15.72,28,53.92,24.11,0.881,1.77,22.19,0
QQQ,1h,30,100,trend,-4.3,-3.08,-0.187,-14.37,15,33.33,59.19,9.97,17.42,1.32,-14.82,6,33.33,51.15,3.6,1.79,0.202,-16.21,22,53.92,24.11,0.881,1.77,22.19,0
QQQ,1h,30,125,trend,5.29,3.74,0.358,-11.47,13,30.77,60.95,6.87,11.89,0.938,-14.28,6,33.33,51.15,11.99,5.84,0.509,-14.28,19,53.92,24.11,0.881,1.77,22.19,0
QQQ,1h,30,150,trend,7.19,5.07,0.455,-13.31,12,33.33,62.92,9.14,15.94,1.253,-12.71,5,40,49.04,16.99,8.18,0.689,-13.46,17,53.92,24.11,0.881,1.77,22.19,0
QQQ,1h,30,200,trend,12.46,8.72,0.777,-12.49,8,25,55.95,-3.58,-5.97,-0.716,-5.34,3,33.33,26.67,24.66,11.67,0.983,-12.49,12,53.92,24.11,0.881,1.77,22.19,0
QQQ,1h,30,250,trend,8.94,6.28,0.573,-14.39,7,14.29,57.05,-3.52,-5.88,-0.734,-4.65,3,33.33,25.91,22.1,10.52,0.856,-14.77,11,53.92,24.11,0.881,1.77,22.19,0
QQQ,1h,30,300,trend,17.59,12.23,1.034,-10.91,5,20,57.96,2.32,3.96,0.552,-5.7,2,50,25.24,39.43,18.11,1.362,-10.91,8,53.92,24.11,0.881,1.77,22.19,0
QQQ,1h,40,2,dip,11.96,8.37,0.57,-20.19,64,71.88,36.55,1.09,1.86,0.203,-8.34,20,55,36.62,15.82,7.63,0.543,-20.19,87,53.92,24.11,0.881,1.77,22.19,0
QQQ,1h,40,3,dip,16.53,11.5,0.756,-17.07,54,64.81,36.22,4.31,7.39,0.594,-7.6,21,66.67,37.38,26.17,12.35,0.825,-17.07,78,53.92,24.11,0.881,1.77,22.19,0
QQQ,1h,40,4,dip,19.01,13.19,0.849,-16.66,52,69.23,36.63,2,3.4,0.314,-7.67,18,66.67,37.57,27.1,12.76,0.849,-16.66,72,53.92,24.11,0.881,1.77,22.19,0
QQQ,1h,40,5,dip,17.41,12.1,0.789,-18.05,48,70.83,36.63,4.42,7.58,0.605,-7.65,18,66.67,37.95,26.27,12.39,0.825,-18.05,68,53.92,24.11,0.881,1.77,22.19,0
QQQ,1h,40,7,dip,15.99,11.13,0.728,-17.36,41,70.73,36.55,4.43,7.6,0.599,-8.2,15,73.33,38.62,24.69,11.69,0.775,-17.36,57,53.92,24.11,0.881,1.77,22.19,0
QQQ,1h,40,9,dip,13.62,9.51,0.625,-21.33,40,62.5,36.51,4.53,7.78,0.607,-7.07,14,71.43,39.01,21.29,10.15,0.676,-21.33,55,53.92,24.11,0.881,1.77,22.19,0
QQQ,1h,40,12,dip,9.22,6.48,0.457,-20.91,36,72.22,36.59,7.27,12.6,0.925,-6.43,15,60,39.2,18.69,8.96,0.609,-20.91,53,53.92,24.11,0.881,1.77,22.19,0
QQQ,1h,40,15,dip,11.41,7.99,0.545,-20.4,28,71.43,36.38,3.46,5.91,0.486,-6.78,13,38.46,39.77,17.84,8.57,0.591,-20.4,43,53.92,24.11,0.881,1.77,22.19,0
QQQ,1h,40,20,dip,11.95,8.36,0.568,-18.73,29,62.07,36.92,7.1,12.3,0.882,-7.34,12,83.33,40.25,18.42,8.84,0.604,-18.73,43,53.92,24.11,0.881,1.77,22.19,0
QQQ,1h,40,25,dip,23.3,16.08,0.974,-18.24,28,75,37.37,7.7,13.36,0.956,-8.79,15,66.67,41.97,35.29,16.35,1.021,-18.24,44,53.92,24.11,0.881,1.77,22.19,0
QQQ,1h,40,30,dip,20.71,14.34,0.886,-18.23,34,61.76,37.53,8.98,15.64,1.075,-8.75,16,62.5,41.97,31.03,14.5,0.917,-18.23,51,53.92,24.11,0.881,1.77,22.19,0
QQQ,1h,40,50,trend,-5.02,-3.6,-0.218,-15.39,30,43.33,58.61,11.13,19.53,1.396,-12.2,14,35.71,53.73,5.94,2.93,0.284,-15.39,44,53.92,24.11,0.881,1.77,22.19,0
QQQ,1h,40,60,trend,-9.02,-6.51,-0.455,-14.31,24,37.5,57.83,15.47,27.53,1.884,-8.99,9,33.33,52.68,3.53,1.75,0.197,-15.58,34,53.92,24.11,0.881,1.77,22.19,1
QQQ,1h,40,75,trend,-0.01,-0.01,0.066,-15.4,20,35,57.42,8.56,14.89,1.204,-11.72,8,25,53.35,8.3,4.07,0.368,-17.22,28,53.92,24.11,0.881,1.77,22.19,0
QQQ,1h,40,100,trend,7.65,5.39,0.458,-14.05,17,29.41,59.31,9.97,17.42,1.39,-11.51,5,40,50.29,17.93,8.61,0.688,-14.05,23,53.92,24.11,0.881,1.77,22.19,0
QQQ,1h,40,125,trend,8.67,6.1,0.53,-13.43,12,41.67,61.53,7.04,12.19,0.987,-13.89,6,33.33,49.14,14.6,7.06,0.594,-14.67,20,53.92,24.11,0.881,1.77,22.19,0
QQQ,1h,40,150,trend,10.42,7.31,0.614,-12.51,11,36.36,62.72,10.27,17.98,1.444,-11.32,5,60,48.09,20.84,9.94,0.816,-12.71,17,53.92,24.11,0.881,1.77,22.19,0
QQQ,1h,40,200,trend,15.02,10.47,0.887,-13.21,6,16.67,57.14,-4.6,-7.66,-0.992,-6.17,3,0,24.47,28.1,13.2,1.076,-13.21,10,53.92,24.11,0.881,1.77,22.19,0
QQQ,1h,40,250,trend,9.6,6.74,0.607,-14.77,7,28.57,56.44,-1.4,-2.35,-0.324,-4.19,2,50,23.42,26.72,12.59,1.013,-14.77,10,53.92,24.11,0.881,1.77,22.19,0
QQQ,1h,40,300,trend,7.79,5.49,0.508,-13.25,5,20,57.71,2.62,4.47,0.615,-4.4,1,100,25.53,28.39,13.33,1.034,-13.25,7,53.92,24.11,0.881,1.77,22.19,0
QQQ,1h,50,2,dip,22.55,15.57,0.946,-21.6,59,76.27,36.01,3.29,5.63,0.468,-7.44,19,57.89,37.38,28.16,13.23,0.85,-21.6,82,53.92,24.11,0.881,1.77,22.19,0
QQQ,1h,50,3,dip,22.14,15.3,0.938,-21.87,51,76.47,35.97,5.42,9.34,0.721,-7.84,18,72.22,37.38,33.72,15.67,0.99,-21.87,71,53.92,24.11,0.881,1.77,22.19,0
QQQ,1h,50,4,dip,19.17,13.29,0.835,-22.21,47,78.72,35.73,5.5,9.48,0.731,-7.99,16,75,37.76,31.64,14.76,0.944,-22.21,65,53.92,24.11,0.881,1.77,22.19,0
QQQ,1h,50,5,dip,13.61,9.51,0.629,-21.71,41,75.61,35.81,5,8.59,0.672,-7.87,15,80,38.24,24.97,11.81,0.779,-21.71,59,53.92,24.11,0.881,1.77,22.19,0
QQQ,1h,50,7,dip,14.01,9.78,0.645,-21.31,32,75,35.15,6.84,11.84,0.884,-7.81,15,80,39.01,24.25,11.49,0.757,-21.31,49,53.92,24.11,0.881,1.77,22.19,0
QQQ,1h,50,9,dip,12.65,8.84,0.592,-21.88,28,82.14,35.48,3.94,6.76,0.54,-7.7,14,71.43,39.1,19.51,9.34,0.633,-21.88,44,53.92,24.11,0.881,1.77,22.19,0
QQQ,1h,50,12,dip,15.75,10.97,0.706,-19.45,27,81.48,35.93,3.84,6.58,0.519,-7.73,12,75,40.15,22.37,10.64,0.703,-19.45,41,53.92,24.11,0.881,1.77,22.19,0
QQQ,1h,50,15,dip,13.76,9.61,0.637,-20.99,27,66.67,36.55,3.61,6.17,0.482,-8.06,11,63.64,40.63,19.14,9.17,0.62,-20.99,40,53.92,24.11,0.881,1.77,22.19,0
QQQ,1h,50,20,dip,16.17,11.26,0.728,-21.25,27,74.07,37.28,7.55,13.09,0.935,-8.59,11,63.64,40.73,25.75,12.16,0.792,-21.25,40,53.92,24.11,0.881,1.77,22.19,0
QQQ,1h,50,25,dip,20.91,14.47,0.895,-21.85,26,76.92,37.49,10.47,18.33,1.272,-8.24,10,70,41.2,32.74,15.24,0.961,-21.85,38,53.92,24.11,0.881,1.77,22.19,0
QQQ,1h,50,30,dip,29.57,20.25,1.198,-20.07,27,74.07,37.82,11.07,19.43,1.302,-9.01,11,72.73,43.02,45.14,20.51,1.242,-20.07,39,53.92,24.11,0.881,1.77,22.19,0
QQQ,1h,50,40,dip,24.32,16.76,1.036,-19.7,30,63.33,37.41,7.89,13.7,0.975,-7.77,13,61.54,41.4,34.38,15.95,1.018,-19.7,44,53.92,24.11,0.881,1.77,22.19,0
QQQ,1h,50,60,trend,0.05,0.03,0.068,-12.92,30,46.67,57.14,7.78,13.51,1.042,-10.9,13,38.46,54.88,7.51,3.69,0.338,-15.97,43,53.92,24.11,0.881,1.77,22.19,0
QQQ,1h,50,75,trend,5.21,3.68,0.338,-14.38,23,34.78,57.79,11.07,19.42,1.502,-11.11,8,50,52.96,15.63,7.55,0.613,-15.82,32,53.92,24.11,0.881,1.77,22.19,0
QQQ,1h,50,100,trend,16.92,11.77,0.892,-14.49,13,38.46,59.89,12.89,22.75,1.714,-10.58,5,40,51.15,28.45,13.36,0.999,-14.49,19,53.92,24.11,0.881,1.77,22.19,0
QQQ,1h,50,125,trend,9.82,6.89,0.559,-11.99,10,40,62.72,11.68,20.54,1.647,-9.66,5,20,47.61,19.38,9.28,0.735,-12.9,17,53.92,24.11,0.881,1.77,22.19,0
QQQ,1h,50,150,trend,18.95,13.15,1.013,-10.63,8,37.5,63.66,11.14,19.54,1.538,-10.95,4,50,46.46,30.4,14.22,1.103,-11.61,13,53.92,24.11,0.881,1.77,22.19,0
QQQ,1h,50,200,trend,18.57,12.89,1.071,-8.4,4,25,57.42,15.13,26.89,1.9,-7.1,4,25,52.96,36.51,16.87,1.33,-8.4,8,53.92,24.11,0.881,1.77,22.19,1
QQQ,1h,50,250,trend,9.1,6.4,0.576,-13.19,6,16.67,56.64,-1.31,-2.2,-0.28,-4.4,2,0,23.04,27.67,13.02,1.03,-13.19,9,53.92,24.11,0.881,1.77,22.19,0
QQQ,1h,50,300,trend,12.42,8.69,0.744,-10.08,5,20,57.38,2.75,4.7,0.644,-4.4,2,100,25.14,31.97,14.9,1.127,-10.08,8,53.92,24.11,0.881,1.77,22.19,0
QQQ,1h,60,2,dip,23.53,16.23,0.986,-18.86,55,78.18,36.38,3.7,6.33,0.524,-7.44,16,68.75,35.37,31.73,14.8,0.941,-18.86,76,53.92,24.11,0.881,1.77,22.19,0
QQQ,1h,60,3,dip,26.12,17.96,1.093,-19.39,45,73.33,36.3,4.4,7.55,0.604,-7.99,16,68.75,35.66,37.69,17.37,1.094,-19.39,64,53.92,24.11,0.881,1.77,22.19,0
QQQ,1h,60,4,dip,20.8,14.4,0.895,-20.09,39,79.49,36.79,6.05,10.44,0.803,-7.87,13,76.92,35.85,35.74,16.54,1.041,-20.09,56,53.92,24.11,0.881,1.77,22.19,0
QQQ,1h,60,5,dip,18.93,13.14,0.833,-20.69,36,77.78,36.71,5.64,9.72,0.755,-7.87,13,76.92,35.85,33.14,15.41,0.984,-20.69,53,53.92,24.11,0.881,1.77,22.19,0
QQQ,1h,60,7,dip,24.49,16.87,1.027,-18.81,33,78.79,37.04,6.45,11.14,0.836,-7.94,13,76.92,36.71,41.05,18.8,1.159,-18.81,50,53.92,24.11,0.881,1.77,22.19,0
QQQ,1h,60,9,dip,20.17,13.97,0.859,-19.7,29,82.76,37.08,9.16,15.98,1.108,-7.68,14,64.29,38.91,35.69,16.52,1.017,-19.7,46,53.92,24.11,0.881,1.77,22.19,0
QQQ,1h,60,12,dip,17.22,11.97,0.757,-21.41,27,74.07,37.33,6.81,11.79,0.841,-8.06,10,70,40.06,26.45,12.47,0.798,-21.41,39,53.92,24.11,0.881,1.77,22.19,0
QQQ,1h,60,15,dip,12.15,8.51,0.572,-21.52,26,73.08,37.65,7.6,13.18,0.931,-8.06,11,72.73,39.58,24.03,11.39,0.746,-21.52,40,53.92,24.11,0.881,1.77,22.19,0
QQQ,1h,60,20,dip,23.71,16.35,0.99,-20.49,26,84.62,38.31,7.77,13.49,0.967,-9.3,10,80,40.25,36.51,16.87,1.046,-20.49,37,53.92,24.11,0.881,1.77,22.19,0
QQQ,1h,60,25,dip,24.43,16.84,1.015,-18.89,24,70.83,38.56,13.81,24.44,1.625,-8.06,10,70,40.44,41.28,18.9,1.153,-18.89,35,53.92,24.11,0.881,1.77,22.19,0
QQQ,1h,60,30,dip,27.57,18.92,1.132,-18.72,25,80,38.72,15.67,27.9,2.022,-6.72,9,88.89,30.31,44.26,20.15,1.222,-18.72,36,53.92,24.11,0.881,1.77,22.19,1
QQQ,1h,60,40,dip,30.61,20.93,1.256,-18.22,24,70.83,38.11,5.99,10.33,0.747,-9.78,10,60,41.49,38.97,17.92,1.121,-18.22,35,53.92,24.11,0.881,1.77,22.19,0
QQQ,1h,60,50,dip,18.96,13.15,0.855,-23.21,30,70,38.47,13.07,23.08,1.489,-11.48,13,69.23,39.29,33.55,15.59,1.002,-23.21,44,53.92,24.11,0.881,1.77,22.19,0
QQQ,1h,60,75,trend,13.81,9.65,0.743,-13.09,23,47.83,59.02,12.72,22.43,1.67,-10.23,11,54.55,52.49,28.84,13.53,0.996,-13.09,34,53.92,24.11,0.881,1.77,22.19,0
QQQ,1h,60,100,trend,14.9,10.39,0.77,-15.82,12,50,61.32,10.68,18.72,1.447,-10.11,6,33.33,52.01,28.44,13.36,0.977,-15.82,19,53.92,24.11,0.881,1.77,22.19,0
QQQ,1h,60,125,trend,8.47,5.96,0.488,-15.42,11,45.45,63.58,16.53,29.51,2.16,-7.26,5,80,50.1,23.21,11.02,0.835,-15.42,19,53.92,24.11,0.881,1.77,22.19,1
QQQ,1h,60,150,trend,13.81,9.64,0.828,-10.18,6,50,53.94,19.64,35.4,2.654,-7.1,4,75,45.98,35.08,16.25,1.318,-11.56,11,53.92,24.11,0.881,1.77,22.19,1
QQQ,1h,60,200,trend,15.35,10.7,0.926,-10.32,4,25,57.55,13.71,24.26,1.708,-7.34,4,25,53.44,31.17,14.56,1.176,-10.32,8,53.92,24.11,0.881,1.77,22.19,0
QQQ,1h,60,250,trend,19.54,13.55,1.127,-10.66,4,25,57.3,-0.55,-0.93,-0.097,-4.4,2,0,22.56,35.67,16.51,1.277,-10.66,7,53.92,24.11,0.881,1.77,22.19,0
QQQ,1h,60,300,trend,11.36,7.96,0.679,-12.06,4,25,57.42,2.39,4.08,0.576,-4.4,1,100,24,28.66,13.45,1.025,-12.06,6,53.92,24.11,0.881,1.77,22.19,0
QQQ,1h,75,2,dip,24.16,16.65,1.03,-20.62,50,78,36.1,5.97,10.3,0.767,-8.66,17,76.47,36.33,37.32,17.22,1.081,-20.62,73,53.92,24.11,0.881,1.77,22.19,0
QQQ,1h,75,3,dip,28.2,19.34,1.151,-20.59,45,84.44,36.3,6.49,11.21,0.827,-8.04,13,76.92,36.81,44.02,20.04,1.218,-20.59,63,53.92,24.11,0.881,1.77,22.19,0
QQQ,1h,75,4,dip,26.75,18.38,1.119,-19.56,40,80,36.42,6.75,11.68,0.855,-8.04,14,71.43,36.9,42.33,19.34,1.195,-19.56,57,53.92,24.11,0.881,1.77,22.19,0
QQQ,1h,75,5,dip,26.46,18.18,1.105,-19.22,36,80.56,36.38,7.7,13.37,0.965,-8.04,13,69.23,37.09,44.01,20.04,1.229,-19.22,53,53.92,24.11,0.881,1.77,22.19,0
QQQ,1h,75,7,dip,31.19,21.31,1.236,-18.98,33,87.88,36.55,8.13,14.13,1.007,-8.15,13,76.92,37.76,48.54,21.92,1.302,-18.98,49,53.92,24.11,0.881,1.77,22.19,0
QQQ,1h,75,9,dip,28.83,19.76,1.155,-19.73,26,88.46,36.34,11.54,20.27,1.497,-8.37,9,88.89,31.07,46.36,21.02,1.25,-19.73,38,53.92,24.11,0.881,1.77,22.19,0
QQQ,1h,75,12,dip,26.63,18.3,1.091,-19.67,24,83.33,36.46,9.89,17.28,1.303,-8.37,8,87.5,31.07,38.74,17.82,1.092,-19.67,35,53.92,24.11,0.881,1.77,22.19,0
QQQ,1h,75,15,dip,24.36,16.79,1.013,-19.46,23,82.61,37.04,9.35,16.31,1.259,-8.37,8,75,31.36,35.82,16.57,1.027,-19.46,34,53.92,24.11,0.881,1.77,22.19,0
QQQ,1h,75,20,dip,24.5,16.88,1.017,-20.32,21,85.71,37.33,4.07,6.98,0.595,-10.15,8,62.5,31.26,29.33,13.75,0.875,-20.32,32,53.92,24.11,0.881,1.77,22.19,0
QQQ,1h,75,25,dip,23.48,16.19,0.995,-17.38,21,80.95,37.82,12.6,22.22,1.659,-8.98,8,100,31.64,36.74,16.97,1.057,-17.38,31,53.92,24.11,0.881,1.77,22.19,0
QQQ,1h,75,30,dip,18.39,12.77,0.833,-17.88,20,85,37.28,12.14,21.36,1.549,-8.84,7,85.71,30.78,27.18,12.8,0.841,-17.88,28,53.92,24.11,0.881,1.77,22.19,0
QQQ,1h,75,40,dip,20.46,14.17,0.917,-18.92,20,90,38.19,11.94,21,1.551,-11.31,7,57.14,28.97,35.06,16.25,1.034,-18.92,28,53.92,24.11,0.881,1.77,22.19,0
QQQ,1h,75,50,dip,15.13,10.55,0.713,-17.89,23,73.91,37.69,9.82,17.16,1.322,-12.74,7,57.14,28.87,27.06,12.74,0.843,-17.89,32,53.92,24.11,0.881,1.77,22.19,0
QQQ,1h,75,60,dip,5.15,3.64,0.309,-17.72,23,69.57,36.18,8.17,14.19,0.978,-12.07,10,50,40.25,12.4,6.03,0.459,-17.72,34,53.92,24.11,0.881,1.77,22.19,0
QQQ,1h,75,100,trend,18.81,13.05,0.976,-12.7,15,46.67,62.18,16.15,28.79,2.087,-7.84,6,50,50.67,35.19,16.3,1.195,-12.7,22,53.92,24.11,0.881,1.77,22.19,1
QQQ,1h,75,125,trend,7.71,5.43,0.451,-16.38,10,30,62.63,22.22,40.39,2.626,-7.1,5,40,50.86,30.59,14.3,1.037,-16.38,16,53.92,24.11,0.881,1.77,22.19,1
QQQ,1h,75,150,trend,20.3,14.06,1.185,-8.58,5,40,54.06,17.26,30.88,2.192,-7.1,5,40,47.99,38.52,17.73,1.415,-9.25,12,53.92,24.11,0.881,1.77,22.19,1
QQQ,1h,75,200,trend,15.77,10.99,0.96,-9.66,4,50,55.82,16.86,30.13,2.123,-7.1,5,40,51.53,35.29,16.34,1.329,-9.66,9,53.92,24.11,0.881,1.77,22.19,1
QQQ,1h,75,250,trend,14.95,10.43,0.89,-10.66,3,33.33,57.47,-2.43,-4.07,-0.585,-4.4,2,0,21.89,26.32,12.42,0.989,-10.66,6,53.92,24.11,0.881,1.77,22.19,0
QQQ,1h,75,300,trend,11.31,7.92,0.681,-10.98,5,40,56.52,1.21,2.05,0.317,-4.4,1,100,22.94,24.77,11.72,0.913,-10.98,7,53.92,24.11,0.881,1.77,22.19,0
QQQ,1h,100,2,dip,20.09,13.92,0.856,-18.47,48,77.08,34.41,6.79,11.75,0.91,-7.87,13,84.62,29.92,30.44,14.23,0.891,-18.47,65,53.92,24.11,0.881,1.77,22.19,0
QQQ,1h,100,3,dip,20.61,14.27,0.871,-18.47,40,82.5,34.45,6.68,11.56,0.915,-7.99,12,75,29.83,30.98,14.47,0.905,-18.47,56,53.92,24.11,0.881,1.77,22.19,0
QQQ,1h,100,4,dip,20.24,14.02,0.86,-18.37,39,74.36,34.33,6.4,11.06,0.894,-7.87,11,72.73,29.06,31.45,14.68,0.918,-18.37,53,53.92,24.11,0.881,1.77,22.19,0
QQQ,1h,100,5,dip,25.84,17.77,1.054,-18.31,39,74.36,34.37,7.58,13.14,1.041,-7.87,9,88.89,29.16,38.63,17.77,1.082,-18.31,51,53.92,24.11,0.881,1.77,22.19,0
QQQ,1h,100,7,dip,21.4,14.8,0.899,-18.09,31,77.42,34.86,9.86,17.24,1.317,-7.87,9,88.89,29.35,34.6,16.05,0.986,-18.09,43,53.92,24.11,0.881,1.77,22.19,0
QQQ,1h,100,9,dip,27.61,18.95,1.116,-17.71,28,82.14,35.23,10.9,19.11,1.445,-8.04,9,88.89,29.92,43.26,19.73,1.181,-17.71,40,53.92,24.11,0.881,1.77,22.19,0
QQQ,1h,100,12,dip,23.27,16.06,0.974,-18.87,23,82.61,35.85,9.09,15.85,1.223,-8.37,7,85.71,30.98,33.97,15.77,0.976,-18.87,33,53.92,24.11,0.881,1.77,22.19,0
QQQ,1h,100,15,dip,21.84,15.1,0.924,-19.04,22,77.27,35.73,8.26,14.36,1.111,-8.34,6,83.33,30.69,30.92,14.44,0.905,-19.04,31,53.92,24.11,0.881,1.77,22.19,0
QQQ,1h,100,20,dip,19.5,13.52,0.856,-15.46,19,73.68,34.95,9.55,16.68,1.293,-8.28,6,83.33,30.21,30.76,14.38,0.917,-15.46,30,53.92,24.11,0.881,1.77,22.19,0
QQQ,1h,100,25,dip,20.95,14.5,0.913,-15.64,15,86.67,34.45,11.73,20.63,1.554,-8.83,6,100,30.69,32.93,15.32,0.975,-15.64,24,53.92,24.11,0.881,1.77,22.19,0
QQQ,1h,100,30,dip,27.37,18.79,1.14,-16.51,15,80,34.25,14.7,26.1,1.89,-8.95,5,100,31.45,43.07,19.65,1.205,-16.51,22,53.92,24.11,0.881,1.77,22.19,1
QQQ,1h,100,40,dip,13.08,9.15,0.644,-15.73,17,76.47,33.88,10.72,18.78,1.406,-10.23,4,100,31.84,25.67,12.12,0.816,-15.73,23,53.92,24.11,0.881,1.77,22.19,0
QQQ,1h,100,50,dip,3.58,2.54,0.239,-16.18,14,78.57,33.06,8.01,13.9,1.106,-11.01,4,75,30.4,14.84,7.18,0.527,-16.18,19,53.92,24.11,0.881,1.77,22.19,0
QQQ,1h,100,60,dip,6.62,4.67,0.38,-12.88,13,76.92,31.95,8.85,15.42,1.212,-12.14,5,60,29.06,16.04,7.74,0.567,-12.88,19,53.92,24.11,0.881,1.77,22.19,0
QQQ,1h,100,75,dip,0.36,0.25,0.094,-16.24,16,56.25,32.24,3.46,5.91,0.528,-10.94,5,60,29.45,7.3,3.59,0.304,-16.24,22,53.92,24.11,0.881,1.77,22.19,0
QQQ,1h,100,125,trend,-1.71,-1.22,-0.018,-20.64,12,25,62.02,12.7,22.41,1.57,-7.26,6,50,49.71,8.49,4.17,0.36,-20.64,20,53.92,24.11,0.881,1.77,22.19,0
QQQ,1h,100,150,trend,13.22,9.24,0.761,-9.96,6,50,58,13.96,24.72,1.653,-7.1,4,75,50.67,29.83,13.97,1.062,-10.05,11,53.92,24.11,0.881,1.77,22.19,0
QQQ,1h,100,200,trend,8.41,5.92,0.542,-11.93,4,25,54.72,11.98,21.08,1.535,-7.1,3,66.67,47.13,21.4,10.2,0.854,-11.93,7,53.92,24.11,0.881,1.77,22.19,0
QQQ,1h,100,250,trend,14.77,10.3,0.868,-9.92,3,33.33,55.62,-1.87,-3.14,-0.462,-3.91,2,50,19.6,23.25,11.04,0.881,-9.92,6,53.92,24.11,0.881,1.77,22.19,0
QQQ,1h,100,300,trend,16.23,11.3,0.925,-9.5,3,33.33,55.99,3.26,5.57,0.816,-2.98,1,100,21.22,34.47,15.99,1.199,-9.79,5,53.92,24.11,0.881,1.77,22.19,0
QQQ,1h,125,2,dip,12.83,8.97,0.593,-18.05,43,79.07,32.16,17.82,31.95,2.16,-8.37,16,93.75,29.54,34.54,16.02,0.981,-18.05,63,53.92,24.11,0.881,1.77,22.19,1
QQQ,1h,125,3,dip,13.36,9.34,0.614,-18.59,34,79.41,31.87,14.77,26.22,1.847,-8.37,14,85.71,30.11,32.53,15.15,0.94,-18.59,51,53.92,24.11,0.881,1.77,22.19,1
QQQ,1h,125,4,dip,15.84,11.03,0.705,-18.96,34,82.35,31.99,13.43,23.74,1.712,-8.37,14,78.57,30.11,35.72,16.53,1.014,-18.96,51,53.92,24.11,0.881,1.77,22.19,0
QQQ,1h,125,5,dip,16.32,11.36,0.72,-18.77,31,83.87,32.24,16.14,28.78,2.001,-8.37,12,75,30.21,39,17.93,1.082,-18.77,46,53.92,24.11,0.881,1.77,22.19,1
QQQ,1h,125,7,dip,18.1,12.57,0.79,-18.3,27,81.48,31.87,19.38,34.91,2.32,-8.37,10,100,30.78,44.94,20.43,1.213,-18.3,40,53.92,24.11,0.881,1.77,22.19,1
QQQ,1h,125,9,dip,16.37,11.4,0.731,-18.15,24,79.17,31.91,10.16,17.78,1.325,-8.37,8,87.5,30.4,36.2,16.73,1.024,-18.15,35,53.92,24.11,0.881,1.77,22.19,0
QQQ,1h,125,12,dip,12.29,8.6,0.578,-18.44,20,75,31.91,10.92,19.14,1.414,-8.37,6,100,31.26,27,12.72,0.806,-18.44,29,53.92,24.11,0.881,1.77,22.19,0
QQQ,1h,125,15,dip,14.66,10.22,0.673,-17.48,19,84.21,31.67,7.57,13.13,1.02,-8.84,5,80,31.55,28.12,13.21,0.843,-17.48,28,53.92,24.11,0.881,1.77,22.19,0
QQQ,1h,125,20,dip,19.24,13.34,0.843,-16.28,19,84.21,32.16,9.13,15.92,1.24,-8.84,5,100,30.78,36.55,16.89,1.046,-16.28,27,53.92,24.11,0.881,1.77,22.19,0
QQQ,1h,125,25,dip,16.85,11.72,0.754,-14.92,14,85.71,32.85,16.08,28.67,2.149,-8.84,5,100,30.88,36.43,16.83,1.044,-14.92,20,53.92,24.11,0.881,1.77,22.19,1
QQQ,1h,125,30,dip,16.25,11.31,0.737,-15.16,13,76.92,32.44,14.16,25.09,1.918,-8.84,5,100,31.07,33.05,15.38,0.973,-15.16,19,53.92,24.11,0.881,1.77,22.19,1
QQQ,1h,125,40,dip,12.63,8.83,0.606,-17.71,13,76.92,31.71,13.64,24.13,1.797,-8.84,5,80,32.6,29.77,13.94,0.903,-17.71,20,53.92,24.11,0.881,1.77,22.19,1
QQQ,1h,125,50,dip,10.8,7.57,0.552,-14.78,11,81.82,30.31,8.45,14.69,1.083,-11.1,4,100,33.56,23.99,11.37,0.766,-14.78,17,53.92,24.11,0.881,1.77,22.19,0
QQQ,1h,125,60,dip,12.68,8.87,0.637,-12.85,12,91.67,29.78,3.72,6.37,0.556,-11.61,4,75,30.5,20.54,9.81,0.69,-12.85,19,53.92,24.11,0.881,1.77,22.19,0
QQQ,1h,125,75,dip,13.92,9.72,0.69,-12.94,11,63.64,30.56,-1.87,-3.13,-0.221,-10.69,4,50,28.97,14.44,6.99,0.524,-12.94,16,53.92,24.11,0.881,1.77,22.19,0
QQQ,1h,125,100,dip,24.6,16.95,1.117,-10.45,13,84.62,31.38,4.3,7.38,0.692,-10.16,5,40,29.64,37.18,17.15,1.142,-10.45,20,53.92,24.11,0.881,1.77,22.19,0
QQQ,1h,125,150,trend,4.38,3.1,0.301,-12.67,8,37.5,56.11,11.43,20.08,1.433,-8.54,5,60,50.38,15.87,7.66,0.627,-13.42,15,53.92,24.11,0.881,1.77,22.19,0
QQQ,1h,125,200,trend,20.39,14.12,1.153,-9.41,4,50,53.49,10.42,18.25,1.38,-7.1,3,66.67,46.75,32.94,15.33,1.222,-9.41,7,53.92,24.11,0.881,1.77,22.19,0
QQQ,1h,125,250,trend,17.29,12.02,0.992,-9.41,3,66.67,54.63,1.62,2.75,0.458,-2.98,3,100,18.26,34.55,16.03,1.243,-9.41,7,53.92,24.11,0.881,1.77,22.19,0
QQQ,1h,125,300,trend,17.94,12.46,1.026,-10.53,3,66.67,54.68,4.04,6.93,1.017,-2.98,1,100,19.31,36.42,16.83,1.265,-10.53,5,53.92,24.11,0.881,1.77,22.19,0
QQQ,1h,150,2,dip,11.13,7.8,0.535,-20.53,36,88.89,29.53,6.98,12.09,0.995,-8.37,11,72.73,27.34,20.61,9.84,0.656,-20.53,50,53.92,24.11,0.881,1.77,22.19,0
QQQ,1h,150,3,dip,8.6,6.05,0.437,-20.31,27,85.19,29.45,9.13,15.92,1.265,-8.37,9,88.89,27.72,21.15,10.09,0.67,-20.31,38,53.92,24.11,0.881,1.77,22.19,0
QQQ,1h,150,4,dip,5.85,4.13,0.327,-20.17,25,84,29.29,9.84,17.19,1.36,-8.37,9,100,27.53,20.17,9.64,0.646,-20.17,36,53.92,24.11,0.881,1.77,22.19,0
QQQ,1h,150,5,dip,6.6,4.66,0.358,-19.66,23,78.26,28.92,9.67,16.89,1.339,-8.37,9,100,28.11,21.02,10.03,0.67,-19.66,34,53.92,24.11,0.881,1.77,22.19,0
QQQ,1h,150,7,dip,9.24,6.49,0.462,-19.43,24,83.33,30.11,10.2,17.85,1.381,-8.37,8,87.5,28.39,24.05,11.4,0.741,-19.43,34,53.92,24.11,0.881,1.77,22.19,0
QQQ,1h,150,9,dip,17.12,11.91,0.763,-19.3,21,76.19,29.94,9.79,17.1,1.298,-8.37,7,100,28.49,32.62,15.19,0.944,-19.3,30,53.92,24.11,0.881,1.77,22.19,0
QQQ,1h,150,12,dip,7.38,5.2,0.391,-20.1,19,78.95,30.07,12.2,21.49,1.592,-8.37,7,100,28.49,23.49,11.15,0.729,-20.1,28,53.92,24.11,0.881,1.77,22.19,0
QQQ,1h,150,15,dip,7.15,5.04,0.382,-19.6,18,72.22,29.9,12.87,22.7,1.664,-8.37,7,100,28.97,22.28,10.6,0.7,-19.6,27,53.92,24.11,0.881,1.77,22.19,0
QQQ,1h,150,20,dip,13.01,9.09,0.615,-17.79,17,70.59,30.07,11.9,20.93,1.59,-9.64,6,100,30.21,29.41,13.78,0.879,-17.79,25,53.92,24.11,0.881,1.77,22.19,0
QQQ,1h,150,25,dip,17.53,12.19,0.794,-17.55,17,82.35,30.07,13,22.96,1.747,-8.84,5,100,31.64,32.31,15.05,0.954,-17.55,22,53.92,24.11,0.881,1.77,22.19,0
QQQ,1h,150,30,dip,14.18,9.9,0.666,-17.73,13,76.92,30.31,11.58,20.36,1.547,-8.84,4,100,32.7,27.58,12.97,0.837,-17.73,17,53.92,24.11,0.881,1.77,22.19,0
QQQ,1h,150,40,dip,10.25,7.19,0.515,-19.37,12,75,30.35,9.87,17.24,1.299,-10.66,4,75,33.37,22.71,10.8,0.717,-19.37,17,53.92,24.11,0.881,1.77,22.19,0
QQQ,1h,150,50,dip,0.58,0.41,0.105,-19.53,9,77.78,29.16,8.57,14.91,1.144,-10.23,3,100,34.51,11.89,5.79,0.433,-19.53,13,53.92,24.11,0.881,1.77,22.19,0
QQQ,1h,150,60,dip,3.23,2.29,0.223,-18.47,7,71.43,28.34,1.29,2.19,0.23,-11.92,3,66.67,34.42,6.06,2.99,0.265,-18.47,11,53.92,24.11,0.881,1.77,22.19,0
QQQ,1h,150,75,dip,-1.54,-1.1,0.009,-21.03,6,66.67,27.93,0.79,1.35,0.172,-8.84,4,75,31.55,4.03,2,0.204,-21.03,12,53.92,24.11,0.881,1.77,22.19,0
QQQ,1h,150,100,dip,1.55,1.1,0.148,-17.71,7,71.43,29,2.2,3.75,0.388,-11.52,3,100,27.92,8.01,3.93,0.327,-17.71,11,53.92,24.11,0.881,1.77,22.19,0
QQQ,1h,150,125,dip,9.21,6.47,0.483,-19.1,9,77.78,30.6,3.88,6.65,0.633,-10.65,4,75,27.53,19.69,9.42,0.664,-19.1,15,53.92,24.11,0.881,1.77,22.19,0
QQQ,1h,150,200,trend,18.57,12.89,1.1,-8.9,5,80,52.21,9.77,17.06,1.255,-7.1,4,75,48.76,30.15,14.11,1.148,-8.9,9,53.92,24.11,0.881,1.77,22.19,0
QQQ,1h,150,250,trend,16.16,11.25,0.941,-9.42,3,33.33,54.43,12.48,22,1.55,-7.1,3,66.67,48.47,30.66,14.33,1.133,-9.42,6,53.92,24.11,0.881,1.77,22.19,0
QQQ,1h,150,300,trend,10.45,7.33,0.649,-10.56,3,33.33,54.27,0.51,0.86,0.152,-5.44,2,50,19.79,22.8,10.84,0.865,-10.56,6,53.92,24.11,0.881,1.77,22.19,0
QQQ,1h,200,2,dip,8.45,5.94,0.434,-20.75,26,80.77,27.73,5.05,8.68,0.776,-8.37,11,72.73,23.9,14.63,7.08,0.506,-20.75,39,53.92,24.11,0.881,1.77,22.19,0
QQQ,1h,200,3,dip,6.33,4.46,0.349,-20.99,22,81.82,27.89,7.14,12.36,1.064,-8.37,7,71.43,24,14.08,6.82,0.492,-20.99,30,53.92,24.11,0.881,1.77,22.19,0
QQQ,1h,200,4,dip,6.44,4.54,0.354,-20.99,18,83.33,27.73,8.75,15.23,1.288,-8.37,7,85.71,24,16.29,7.85,0.552,-20.99,26,53.92,24.11,0.881,1.77,22.19,0
QQQ,1h,200,5,dip,6.04,4.26,0.338,-21.02,18,88.89,27.93,9.79,17.11,1.42,-8.37,7,71.43,24.19,17.4,8.37,0.581,-21.02,26,53.92,24.11,0.881,1.77,22.19,0
QQQ,1h,200,7,dip,4.77,3.37,0.285,-21.09,18,83.33,27.73,9.48,16.55,1.382,-8.37,7,85.71,24.19,15.06,7.28,0.519,-21.09,26,53.92,24.11,0.881,1.77,22.19,0
QQQ,1h,200,9,dip,3.11,2.2,0.215,-20.62,14,78.57,27.24,9.9,17.3,1.442,-8.37,6,100,24.09,13.46,6.53,0.476,-20.62,21,53.92,24.11,0.881,1.77,22.19,0
QQQ,1h,200,12,dip,4.33,3.06,0.267,-20.13,12,83.33,27.15,11.83,20.81,1.64,-8.88,6,100,24.57,16.23,7.82,0.549,-20.13,18,53.92,24.11,0.881,1.77,22.19,0
QQQ,1h,200,15,dip,5.48,3.87,0.316,-20.02,12,83.33,27.15,14.36,25.47,1.927,-8.84,5,100,24.86,20.79,9.92,0.672,-20.02,17,53.92,24.11,0.881,1.77,22.19,1
QQQ,1h,200,20,dip,1.48,1.05,0.145,-20.02,10,70,26.87,12.42,21.89,1.699,-9.1,4,100,24.67,13.77,6.68,0.486,-20.02,14,53.92,24.11,0.881,1.77,22.19,0
QQQ,1h,200,25,dip,3.73,2.64,0.243,-20.02,9,88.89,26.54,11.34,19.92,1.57,-10.78,4,100,25.14,16.26,7.84,0.555,-20.02,13,53.92,24.11,0.881,1.77,22.19,0
QQQ,1h,200,30,dip,4.95,3.5,0.296,-20.02,9,77.78,26.05,9.66,16.86,1.357,-10.23,3,100,25.62,15.6,7.53,0.538,-20.02,12,53.92,24.11,0.881,1.77,22.19,0
QQQ,1h,200,40,dip,1.09,0.78,0.127,-20.37,7,85.71,24.65,8.31,14.44,1.168,-10.23,3,100,27.25,10.84,5.29,0.407,-20.37,10,53.92,24.11,0.881,1.77,22.19,0
QQQ,1h,200,50,dip,-2.21,-1.58,-0.024,-18.47,5,80,24.24,4.99,8.59,0.757,-10.23,3,66.67,27.53,3.71,1.84,0.195,-18.47,8,53.92,24.11,0.881,1.77,22.19,0
QQQ,1h,200,60,dip,0.59,0.42,0.105,-20.33,5,60,24.08,5.86,10.1,0.888,-10.23,3,66.67,26.48,8.02,3.94,0.325,-20.33,8,53.92,24.11,0.881,1.77,22.19,0
QQQ,1h,200,75,dip,-1.02,-0.72,0.033,-20.92,5,40,25.59,0.39,0.66,0.115,-11.77,4,50,27.53,3.3,1.64,0.182,-20.92,9,53.92,24.11,0.881,1.77,22.19,0
QQQ,1h,200,100,dip,8.56,6.02,0.456,-18.02,5,80,26,3.62,6.19,0.554,-10.23,2,100,30.78,18.52,8.88,0.623,-18.02,7,53.92,24.11,0.881,1.77,22.19,0
QQQ,1h,200,125,dip,-0.82,-0.58,0.038,-17.81,5,40,26.74,3.39,5.79,0.536,-10.23,2,50,30.31,9.8,4.79,0.381,-17.81,7,53.92,24.11,0.881,1.77,22.19,0
QQQ,1h,200,150,dip,-1.09,-0.78,0.026,-17.45,6,33.33,27.65,4.16,7.13,0.672,-6.72,3,66.67,27.44,10.02,4.9,0.387,-17.45,9,53.92,24.11,0.881,1.77,22.19,0
QQQ,1h,200,250,trend,4.47,3.16,0.326,-11.83,4,25,51.23,14.86,26.4,1.787,-7.1,3,100,46.18,20,9.56,0.807,-11.83,7,53.92,24.11,0.881,1.77,22.19,1
QQQ,1h,200,300,trend,0.99,0.7,0.118,-14.29,3,33.33,53.73,4,6.86,1.17,-2.55,1,100,13.38,13.24,6.43,0.549,-14.29,5,53.92,24.11,0.881,1.77,22.19,0
QQQ,1h,250,2,dip,6.48,4.57,0.358,-20.57,22,81.82,26.54,11.55,20.3,1.788,-8.37,13,84.62,19.89,19.4,9.29,0.644,-20.57,36,53.92,24.11,0.881,1.77,22.19,1
QQQ,1h,250,3,dip,6.62,4.67,0.364,-20.03,18,77.78,26.37,10.82,18.97,1.694,-8.37,12,91.67,20.08,18.57,8.91,0.623,-20.03,31,53.92,24.11,0.881,1.77,22.19,0
QQQ,1h,250,4,dip,5.8,4.1,0.33,-20.03,18,66.67,26.42,9.35,16.32,1.49,-8.37,10,100,19.41,15.89,7.67,0.55,-20.03,28,53.92,24.11,0.881,1.77,22.19,0
QQQ,1h,250,5,dip,7.56,5.32,0.404,-20.02,17,88.24,26.42,8.17,14.2,1.322,-8.37,10,90,20.08,16.54,7.97,0.569,-20.02,27,53.92,24.11,0.881,1.77,22.19,0
QQQ,1h,250,7,dip,7.03,4.96,0.38,-20.21,14,78.57,26.5,10.28,17.99,1.598,-8.37,8,87.5,20.46,18.17,8.72,0.609,-20.21,22,53.92,24.11,0.881,1.77,22.19,0
QQQ,1h,250,9,dip,7.36,5.18,0.393,-20.02,13,84.62,26.58,9.81,17.14,1.514,-8.37,8,87.5,20.65,17.89,8.59,0.601,-20.02,21,53.92,24.11,0.881,1.77,22.19,0
QQQ,1h,250,12,dip,6.78,4.78,0.371,-20.02,12,75,26.13,11.59,20.36,1.769,-8.37,6,83.33,20.27,19.32,9.25,0.642,-20.02,18,53.92,24.11,0.881,1.77,22.19,0
QQQ,1h,250,15,dip,4.67,3.3,0.284,-20.02,11,72.73,25.68,5.88,10.14,0.945,-8.84,5,100,20.27,10.85,5.29,0.409,-20.02,16,53.92,24.11,0.881,1.77,22.19,0
QQQ,1h,250,20,dip,5.98,4.22,0.341,-20.02,9,88.89,25.14,5.56,9.58,0.906,-9.54,4,50,19.5,12.64,6.14,0.463,-20.02,13,53.92,24.11,0.881,1.77,22.19,0
QQQ,1h,250,25,dip,4.85,3.43,0.293,-20.02,9,88.89,24.94,9.47,16.52,1.533,-8.84,3,100,19.41,15.57,7.52,0.548,-20.02,12,53.92,24.11,0.881,1.77,22.19,0
QQQ,1h,250,30,dip,7.25,5.11,0.397,-20.48,8,87.5,24.82,7.65,13.27,1.265,-8.84,3,100,19.41,16.84,8.11,0.586,-20.48,11,53.92,24.11,0.881,1.77,22.19,0
QQQ,1h,250,40,dip,4.54,3.21,0.281,-19.21,8,75,24.94,4.67,8.03,0.761,-10.23,2,100,21.32,10.53,5.14,0.403,-19.21,10,53.92,24.11,0.881,1.77,22.19,0
QQQ,1h,250,50,dip,6.96,4.91,0.388,-18.47,7,71.43,24.28,2.87,4.9,0.509,-9.57,2,50,20.55,11.74,5.72,0.442,-18.47,9,53.92,24.11,0.881,1.77,22.19,0
QQQ,1h,250,60,dip,-0.37,-0.26,0.06,-22.22,5,60,23.34,4.39,7.54,0.753,-8.84,2,100,20.08,7.32,3.6,0.308,-22.22,7,53.92,24.11,0.881,1.77,22.19,0
QQQ,1h,250,75,dip,4.65,3.29,0.288,-17.98,4,50,22.89,6.24,10.77,1.07,-8.84,2,100,19.69,16.42,7.91,0.581,-17.98,6,53.92,24.11,0.881,1.77,22.19,0
QQQ,1h,250,100,dip,4.18,2.96,0.268,-17.8,4,50,24.57,6.14,10.59,1.069,-8.84,2,100,20.94,18.6,8.92,0.646,-17.8,6,53.92,24.11,0.881,1.77,22.19,0
QQQ,1h,250,125,dip,-0.61,-0.44,0.046,-16.86,4,50,25.02,-0.22,-0.38,0.019,-10.22,3,33.33,25.05,5.79,2.86,0.262,-16.86,7,53.92,24.11,0.881,1.77,22.19,0
QQQ,1h,250,150,dip,-0.72,-0.51,0.04,-15.95,4,25,24.49,1.55,2.64,0.292,-8.84,2,50,27.34,7.9,3.88,0.328,-15.95,6,53.92,24.11,0.881,1.77,22.19,0
QQQ,1h,250,200,dip,12.25,8.57,0.619,-15.88,5,80,26.5,-2.24,-3.76,-0.317,-8.97,3,33.33,28.2,19.39,9.28,0.662,-15.88,8,53.92,24.11,0.881,1.77,22.19,0
QQQ,1h,250,300,trend,5.99,4.23,0.401,-11.07,4,50,51.15,4.57,7.85,1.396,-2.15,1,100,10.33,17.95,8.62,0.708,-11.07,6,53.92,24.11,0.881,1.77,22.19,0
QQQ,1h,300,2,dip,4.15,2.93,0.26,-20.02,20,90,24.86,10.73,18.81,1.785,-8.37,12,91.67,17.88,15.13,7.31,0.532,-20.02,32,53.92,24.11,0.881,1.77,22.19,1
QQQ,1h,300,3,dip,3.47,2.46,0.231,-20.03,17,82.35,24.82,12.07,21.25,1.99,-8.37,11,100,18.36,15.78,7.61,0.55,-20.03,28,53.92,24.11,0.881,1.77,22.19,1
QQQ,1h,300,4,dip,5.02,3.55,0.297,-20.03,16,81.25,24.82,13.24,23.4,2.164,-8.37,11,90.91,18.07,19.12,9.16,0.642,-20.03,27,53.92,24.11,0.881,1.77,22.19,1
QQQ,1h,300,5,dip,8.45,5.95,0.441,-20.02,15,86.67,24.69,12.41,21.86,2.07,-8.37,10,100,17.88,22.05,10.49,0.722,-20.02,25,53.92,24.11,0.881,1.77,22.19,1
QQQ,1h,300,7,dip,4.39,3.1,0.271,-20.02,15,80,24.53,9.48,16.55,1.592,-8.37,8,87.5,17.59,14.29,6.92,0.51,-20.02,23,53.92,24.11,0.881,1.77,22.19,0
QQQ,1h,300,9,dip,-0.57,-0.41,0.053,-20.02,12,75,24.36,8.5,14.79,1.476,-8.37,8,100,17.4,7.47,3.67,0.312,-20.02,20,53.92,24.11,0.881,1.77,22.19,0
QQQ,1h,300,12,dip,-2.31,-1.65,-0.028,-20.02,12,58.33,24.28,7.59,13.16,1.315,-8.37,6,83.33,17.3,4.81,2.38,0.23,-20.02,18,53.92,24.11,0.881,1.77,22.19,0
QQQ,1h,300,15,dip,-1.45,-1.03,0.012,-20.02,10,60,23.91,8.14,14.15,1.422,-8.37,5,100,17.11,7.28,3.58,0.308,-20.02,15,53.92,24.11,0.881,1.77,22.19,0
QQQ,1h,300,20,dip,3.68,2.6,0.243,-20.02,8,87.5,23.58,3.58,6.13,0.667,-8.84,3,100,17.21,8.13,3.99,0.334,-20.02,11,53.92,24.11,0.881,1.77,22.19,0
QQQ,1h,300,25,dip,1.36,0.97,0.14,-20.07,7,85.71,22.89,2.22,3.78,0.448,-8.84,3,100,16.54,4.85,2.4,0.233,-20.07,10,53.92,24.11,0.881,1.77,22.19,0
QQQ,1h,300,30,dip,2.23,1.58,0.179,-19.64,6,83.33,22.44,2.31,3.94,0.465,-8.84,2,100,15.58,5.4,2.67,0.251,-19.64,8,53.92,24.11,0.881,1.77,22.19,0
QQQ,1h,300,40,dip,10.27,7.21,0.528,-18.47,6,83.33,22.89,1.66,2.82,0.353,-8.84,1,100,14.82,13.31,6.46,0.494,-18.47,7,53.92,24.11,0.881,1.77,22.19,0
QQQ,1h,300,50,dip,5.73,4.04,0.337,-18.47,6,83.33,23.22,1.61,2.74,0.343,-8.84,2,50,15.3,10.11,4.94,0.401,-18.47,8,53.92,24.11,0.881,1.77,22.19,0
QQQ,1h,300,60,dip,6.16,4.34,0.358,-18.58,5,60,23.09,2.29,3.91,0.458,-8.84,1,100,17.02,12.45,6.05,0.473,-18.58,6,53.92,24.11,0.881,1.77,22.19,0
QQQ,1h,300,75,dip,7.16,5.05,0.403,-17.45,6,50,23.67,4.39,7.54,0.82,-8.84,1,100,17.78,17.01,8.19,0.608,-17.45,7,53.92,24.11,0.881,1.77,22.19,0
QQQ,1h,300,100,dip,0.46,0.33,0.096,-19.44,4,75,23.54,-1.1,-1.86,-0.152,-8.87,1,0,17.97,6.27,3.09,0.281,-19.44,5,53.92,24.11,0.881,1.77,22.19,0
QQQ,1h,300,125,dip,-3.76,-2.69,-0.109,-16.7,4,25,23.5,-1.24,-2.08,-0.181,-8.3,1,0,18.45,1.84,0.92,0.135,-16.7,5,53.92,24.11,0.881,1.77,22.19,0
QQQ,1h,300,150,dip,6.17,4.36,0.361,-16.16,4,100,23.38,1.94,3.3,0.395,-6.72,2,50,19.69,16.74,8.06,0.602,-16.16,6,53.92,24.11,0.881,1.77,22.19,0
QQQ,1h,300,200,dip,13.74,9.6,0.703,-15.88,4,100,23.01,-0.37,-0.63,-0.015,-7.87,1,0,23.8,24.14,11.44,0.815,-15.88,5,53.92,24.11,0.881,1.77,22.19,0
QQQ,1h,300,250,dip,8.15,5.74,0.457,-15.88,5,60,24.53,0.29,0.49,0.099,-6.71,1,100,23.8,18.95,9.08,0.673,-15.88,6,53.92,24.11,0.881,1.77,22.19,0
IWM,1d,2,3,trend,-48.03,-3.49,-0.151,-69.54,879,46.19,54.12,-9.99,-1.32,0.004,-40.16,382,43.46,51.71,-51.98,-2.75,-0.096,-69.54,1261,745.87,8.44,0.446,0.478,99.87,0
IWM,1d,2,4,trend,14.58,0.74,0.125,-46.56,597,44.56,54.64,-16.74,-2.29,-0.061,-40.9,275,41.45,52.46,-2.68,-0.1,0.071,-46.56,873,745.87,8.44,0.446,0.478,99.87,0
IWM,1d,2,5,trend,-28.69,-1.82,-0.044,-56.45,503,41.55,55.05,-20.86,-2.91,-0.104,-40.98,226,38.5,53.87,-42.98,-2.11,-0.059,-58.64,729,745.87,8.44,0.446,0.478,99.87,0
IWM,1d,2,7,trend,-31.69,-2.05,-0.061,-61.27,411,37.23,56.12,19.56,2.28,0.222,-40.21,176,41.48,54.07,-18,-0.75,0.028,-61.27,588,745.87,8.44,0.446,0.478,99.87,0
IWM,1d,2,9,trend,-21.12,-1.28,-0.005,-55.07,346,36.71,57.07,-0.35,-0.04,0.076,-44.05,145,40,54.58,-21.08,-0.89,0.021,-55.07,492,745.87,8.44,0.446,0.478,99.87,0
IWM,1d,2,12,trend,11.88,0.61,0.116,-49.12,294,38.1,57.35,19.8,2.31,0.223,-37.78,120,39.17,56.34,32,1.06,0.145,-49.12,415,745.87,8.44,0.446,0.478,99.87,0
IWM,1d,2,15,trend,71.27,2.96,0.271,-49.74,246,38.62,57.91,-1.55,-0.2,0.068,-42.19,109,38.53,56.44,66.09,1.94,0.202,-49.74,356,745.87,8.44,0.446,0.478,99.87,0
IWM,1d,2,20,trend,47.43,2.13,0.218,-42.9,198,35.86,58.9,57.37,5.9,0.444,-29.46,81,39.51,57.29,112.48,2.9,0.267,-42.9,282,745.87,8.44,0.446,0.478,99.87,0
IWM,1d,2,25,trend,11.03,0.57,0.112,-50.78,178,34.27,60.03,28.68,3.24,0.281,-36.93,78,41.03,58,32.65,1.08,0.147,-50.78,258,745.87,8.44,0.446,0.478,99.87,0
IWM,1d,2,30,trend,13.01,0.67,0.118,-45.77,166,36.14,60.59,46.46,4.94,0.385,-33.89,70,32.86,58.85,56.74,1.72,0.189,-45.77,238,745.87,8.44,0.446,0.478,99.87,0
IWM,1d,2,40,trend,12.37,0.63,0.116,-40.59,147,33.33,61.62,33.12,3.68,0.304,-41.58,59,35.59,59.91,41.42,1.32,0.163,-41.58,207,745.87,8.44,0.446,0.478,99.87,0
IWM,1d,2,50,trend,37.1,1.73,0.192,-39.48,131,32.06,63.26,33.53,3.72,0.305,-41.21,47,27.66,61.57,83.07,2.32,0.229,-41.21,178,745.87,8.44,0.446,0.478,99.87,0
IWM,1d,2,60,trend,58.76,2.54,0.247,-37.68,104,36.54,63.56,31.29,3.5,0.298,-37.6,44,34.09,57.55,116.51,2.98,0.272,-37.68,149,745.87,8.44,0.446,0.478,99.87,0
IWM,1d,2,75,trend,82.95,3.33,0.299,-29.36,110,32.73,64.55,34.24,3.79,0.318,-37.03,39,25.64,57.49,156.22,3.64,0.315,-37.03,150,745.87,8.44,0.446,0.478,99.87,0
IWM,1d,2,100,trend,128.54,4.59,0.386,-32.17,77,29.87,66.19,36.63,4.02,0.328,-33.81,41,29.27,59.51,211.53,4.41,0.365,-33.81,119,745.87,8.44,0.446,0.478,99.87,0
IWM,1d,2,125,trend,108.58,4.07,0.352,-36.14,78,26.92,66.41,59.06,6.04,0.447,-29.8,27,33.33,62.22,219.51,4.51,0.371,-36.14,106,745.87,8.44,0.446,0.478,99.87,0
IWM,1d,2,150,trend,158.8,5.29,0.435,-27.69,65,33.85,67.1,43.05,4.63,0.369,-32.84,25,20,59.51,234.89,4.69,0.385,-32.84,94,745.87,8.44,0.446,0.478,99.87,0
IWM,1d,2,200,trend,118.47,4.33,0.369,-36.24,56,37.5,68.28,71.56,7.06,0.515,-25.57,17,29.41,60.92,223.88,4.56,0.376,-36.24,80,745.87,8.44,0.446,0.478,99.87,1
IWM,1d,2,250,trend,135.31,4.75,0.398,-28.73,46,32.61,67.92,68.15,6.79,0.508,-24,11,27.27,55.38,237.88,4.73,0.388,-32.03,66,745.87,8.44,0.446,0.478,99.87,1
IWM,1d,2,300,trend,144.07,4.96,0.406,-27.89,34,32.35,69.23,83.84,8,0.583,-19.4,12,33.33,55.99,255.11,4.93,0.397,-37.86,56,745.87,8.44,0.446,0.478,99.87,1
IWM,1d,3,2,dip,146.58,5.02,0.369,-36.57,879,59.5,45.69,40.43,4.38,0.329,-38.52,383,57.18,47.94,246.28,4.83,0.357,-47.4,1262,745.87,8.44,0.446,0.478,99.87,0
IWM,1d,3,4,trend,-1.66,-0.09,0.071,-52.65,689,46.15,53.51,2.82,0.35,0.101,-43.01,319,44.83,51.91,1.53,0.06,0.081,-52.65,1009,745.87,8.44,0.446,0.478,99.87,0
IWM,1d,3,5,trend,0.85,0.05,0.08,-50.39,496,43.55,54.57,-9.79,-1.29,0,-40.02,231,41.99,53.37,-8.08,-0.32,0.058,-50.39,727,745.87,8.44,0.446,0.478,99.87,0
IWM,1d,3,7,trend,10.21,0.53,0.112,-51.04,365,42.74,56.36,-2.43,-0.31,0.058,-44.09,152,44.08,54.23,7.97,0.29,0.097,-51.04,518,745.87,8.44,0.446,0.478,99.87,0
IWM,1d,3,9,trend,-8.29,-0.47,0.047,-55.21,301,39.53,57.2,-21.23,-2.97,-0.113,-49,124,37.9,54.33,-28.85,-1.28,-0.006,-55.21,426,745.87,8.44,0.446,0.478,99.87,0
IWM,1d,3,12,trend,18.51,0.93,0.137,-50.24,251,43.82,57.5,0.61,0.08,0.085,-42.28,104,39.42,56.39,17.45,0.61,0.117,-50.24,356,745.87,8.44,0.446,0.478,99.87,0
IWM,1d,3,15,trend,31.69,1.5,0.175,-49.18,207,36.23,58.11,1.78,0.22,0.096,-36.59,91,39.56,56.99,29.13,0.97,0.14,-49.18,299,745.87,8.44,0.446,0.478,99.87,0
IWM,1d,3,20,trend,20.62,1.02,0.143,-46.12,181,36.46,59.16,41.82,4.51,0.356,-35.38,70,38.57,58.05,68.92,2.01,0.208,-46.12,252,745.87,8.44,0.446,0.478,99.87,0
IWM,1d,3,25,trend,21.99,1.08,0.147,-45.24,151,35.76,59.75,54.26,5.63,0.429,-35.18,63,46.03,58.15,71.65,2.07,0.212,-45.24,216,745.87,8.44,0.446,0.478,99.87,0
IWM,1d,3,30,trend,39.53,1.82,0.197,-38.45,137,37.23,60.65,40.85,4.42,0.351,-38.11,54,37.04,59.66,81.8,2.29,0.226,-38.45,193,745.87,8.44,0.446,0.478,99.87,0
IWM,1d,3,40,trend,25.1,1.22,0.157,-34.24,121,33.88,62.07,47.47,5.03,0.387,-34.03,46,36.96,60.26,74.42,2.13,0.217,-34.24,168,745.87,8.44,0.446,0.478,99.87,0
IWM,1d,3,50,trend,77.08,3.15,0.289,-31.61,107,38.32,63.39,34.25,3.79,0.31,-34.71,41,31.71,61.72,137.73,3.34,0.295,-34.71,148,745.87,8.44,0.446,0.478,99.87,0
IWM,1d,3,60,trend,119.42,4.36,0.37,-34.57,85,38.82,63.54,23.35,2.69,0.248,-38.25,36,36.11,57.49,181.39,4,0.34,-38.25,122,745.87,8.44,0.446,0.478,99.87,0
IWM,1d,3,75,trend,118.21,4.32,0.369,-26.85,86,32.56,64.47,42.86,4.61,0.368,-33.38,32,31.25,57.44,224.5,4.57,0.378,-33.38,119,745.87,8.44,0.446,0.478,99.87,0
IWM,1d,3,100,trend,254.12,7.1,0.552,-31.05,57,31.58,65.89,46,4.9,0.383,-32.87,35,34.29,59.26,415.8,6.42,0.494,-32.87,93,745.87,8.44,0.446,0.478,99.87,0
IWM,1d,3,125,trend,139.47,4.85,0.404,-31.57,64,32.81,66.36,48.12,5.09,0.391,-24.43,25,32,62.27,241.78,4.77,0.388,-31.57,90,745.87,8.44,0.446,0.478,99.87,0
IWM,1d,3,150,trend,184.2,5.83,0.467,-25.5,56,33.93,67.36,35.25,3.89,0.323,-36.42,22,18.18,59.51,241.21,4.77,0.388,-36.42,82,745.87,8.44,0.446,0.478,99.87,0
IWM,1d,3,200,trend,128.23,4.58,0.385,-34.97,42,28.57,68.24,76.65,7.45,0.535,-23.65,14,28.57,60.81,249.65,4.87,0.395,-35.04,62,745.87,8.44,0.446,0.478,99.87,1
IWM,1d,3,250,trend,196.65,6.08,0.486,-26.69,38,36.84,67.85,74.24,7.27,0.537,-24.23,10,30,55.38,322.14,5.62,0.445,-34.14,54,745.87,8.44,0.446,0.478,99.87,1
IWM,1d,3,300,trend,196.29,6.07,0.477,-22.56,25,36,69.21,75.39,7.36,0.539,-21.14,10,30,55.99,313.35,5.53,0.434,-39.7,43,745.87,8.44,0.446,0.478,99.87,1
IWM,1d,4,2,dip,57.03,2.48,0.227,-41.22,598,61.87,45.11,72.62,7.14,0.468,-31.21,276,60.14,47.18,172.62,3.88,0.303,-41.22,874,745.87,8.44,0.446,0.478,99.87,0
IWM,1d,4,3,dip,67.7,2.84,0.247,-39.22,690,61.45,46.25,34.7,3.84,0.296,-36.63,320,55,47.69,127.19,3.16,0.263,-44.6,1010,745.87,8.44,0.446,0.478,99.87,0
IWM,1d,4,5,trend,-19.26,-1.15,0.001,-52.85,623,46.55,54.25,15.09,1.79,0.191,-32.87,281,44.84,52.72,-7.95,-0.31,0.058,-52.85,905,745.87,8.44,0.446,0.478,99.87,0
IWM,1d,4,7,trend,-5.4,-0.3,0.057,-57.69,363,41.87,55.95,-2.08,-0.27,0.062,-48.57,149,44.3,53.42,-8.77,-0.35,0.054,-57.69,513,745.87,8.44,0.446,0.478,99.87,0
IWM,1d,4,9,trend,-40.67,-2.79,-0.111,-65.98,296,41.55,57.01,-9.37,-1.24,-0.001,-41.28,118,38.14,54.23,-47.04,-2.38,-0.081,-65.98,415,745.87,8.44,0.446,0.478,99.87,0
IWM,1d,4,12,trend,12.62,0.65,0.118,-51.09,237,40.93,57.09,-2.93,-0.37,0.057,-37.22,98,33.67,56.09,5.32,0.2,0.089,-51.09,336,745.87,8.44,0.446,0.478,99.87,0
IWM,1d,4,15,trend,7.72,0.4,0.101,-51.05,194,38.14,57.65,23.68,2.72,0.246,-34.62,87,41.38,56.24,28.67,0.96,0.139,-51.05,282,745.87,8.44,0.446,0.478,99.87,0
IWM,1d,4,20,trend,7.22,0.38,0.099,-49.05,159,38.36,59.08,78.89,7.62,0.538,-36.6,61,42.62,57.95,83.21,2.32,0.228,-49.05,221,745.87,8.44,0.446,0.478,99.87,1
IWM,1d,4,25,trend,46.27,2.08,0.215,-39.27,135,39.26,59.77,48.63,5.13,0.396,-39.72,56,42.86,57.95,96.2,2.59,0.246,-39.72,193,745.87,8.44,0.446,0.478,99.87,0
IWM,1d,4,30,trend,67.06,2.82,0.265,-37.54,122,42.62,60.26,32.34,3.6,0.3,-40.25,49,36.73,59.21,107.14,2.8,0.259,-40.25,173,745.87,8.44,0.446,0.478,99.87,0
IWM,1d,4,40,trend,61.68,2.64,0.254,-25.99,106,38.68,62.01,69.7,6.91,0.492,-30.94,40,40,60.41,159.41,3.68,0.317,-30.94,147,745.87,8.44,0.446,0.478,99.87,1
IWM,1d,4,50,trend,108.65,4.07,0.351,-30.11,89,39.33,63.11,47.59,5.04,0.384,-32.39,36,33.33,61.27,207.96,4.36,0.361,-32.39,125,745.87,8.44,0.446,0.478,99.87,0
IWM,1d,4,60,trend,142.45,4.92,0.406,-32.72,73,45.21,63.71,36.38,4,0.325,-36.01,33,42.42,58.2,243.77,4.8,0.388,-36.01,107,745.87,8.44,0.446,0.478,99.87,0
IWM,1d,4,75,trend,113.49,4.2,0.359,-30.73,70,38.57,64.68,40.43,4.38,0.353,-34.64,29,41.38,57.49,211.51,4.41,0.366,-34.64,100,745.87,8.44,0.446,0.478,99.87,0
IWM,1d,4,100,trend,265.88,7.29,0.563,-22.58,49,36.73,66.13,34.16,3.78,0.317,-31.41,27,29.63,58.7,393.39,6.24,0.483,-31.41,77,745.87,8.44,0.446,0.478,99.87,0
IWM,1d,4,125,trend,191.64,5.98,0.479,-26.25,48,37.5,66.36,49.11,5.18,0.397,-27.86,23,30.43,61.97,316.7,5.57,0.439,-28.59,72,745.87,8.44,0.446,0.478,99.87,0
IWM,1d,4,150,trend,194.4,6.03,0.48,-26.62,45,33.33,67.31,25.19,2.88,0.26,-36.76,20,20,59.46,222.27,4.54,0.373,-36.76,69,745.87,8.44,0.446,0.478,99.87,0
IWM,1d,4,200,trend,141.4,4.9,0.406,-35.49,35,34.29,68.37,60.18,6.13,0.458,-27.65,13,23.08,60.92,251.05,4.88,0.396,-35.49,53,745.87,8.44,0.446,0.478,99.87,0
IWM,1d,4,250,trend,128.87,4.59,0.386,-27.89,35,25.71,67.79,72.83,7.16,0.53,-23.96,9,44.44,55.28,214.68,4.45,0.368,-36.76,50,745.87,8.44,0.446,0.478,99.87,1
IWM,1d,4,300,trend,168.01,5.49,0.436,-25.77,23,39.13,69.23,76.48,7.44,0.544,-20.92,8,37.5,55.94,280.47,5.2,0.411,-37.64,38,745.87,8.44,0.446,0.478,99.87,1
IWM,1d,5,2,dip,182.63,5.8,0.407,-41.57,503,67,44.7,95.68,8.85,0.551,-32.14,227,61.67,45.72,453.06,6.71,0.451,-41.57,730,745.87,8.44,0.446,0.478,99.87,1
IWM,1d,5,3,dip,106.28,4.01,0.311,-40.82,496,64.52,45.19,70.65,6.99,0.458,-32.18,232,60.34,46.23,252.01,4.89,0.357,-40.82,728,745.87,8.44,0.446,0.478,99.87,0
IWM,1d,5,4,dip,116.11,4.27,0.327,-45.25,623,60.67,45.49,25.78,2.94,0.25,-38.32,282,56.38,46.83,177.37,3.95,0.307,-45.25,906,745.87,8.44,0.446,0.478,99.87,0
IWM,1d,5,7,trend,-52.18,-3.92,-0.19,-67.67,399,40.6,55.17,-13.53,-1.82,-0.037,-47.56,178,46.63,53.27,-59.27,-3.35,-0.146,-68.7,578,745.87,8.44,0.446,0.478,99.87,0
IWM,1d,5,9,trend,-44.99,-3.19,-0.139,-66.68,289,41.18,56.58,5.88,0.72,0.125,-35.01,117,46.15,54.02,-43.88,-2.17,-0.067,-66.68,407,745.87,8.44,0.446,0.478,99.87,0
IWM,1d,5,12,trend,-24.69,-1.53,-0.027,-59.02,216,41.67,57.12,9.97,1.21,0.155,-34.9,96,39.58,55.63,-20.01,-0.84,0.022,-59.02,313,745.87,8.44,0.446,0.478,99.87,0
IWM,1d,5,15,trend,25.3,1.23,0.157,-46.08,174,40.23,57.35,24.48,2.81,0.252,-38.01,80,47.5,56.69,52.8,1.62,0.182,-46.08,255,745.87,8.44,0.446,0.478,99.87,0
IWM,1d,5,20,trend,41.81,1.91,0.203,-48.67,141,39.72,58.73,45.42,4.84,0.376,-40.28,62,46.77,58,99.79,2.66,0.25,-48.67,204,745.87,8.44,0.446,0.478,99.87,0
IWM,1d,5,25,trend,85.36,3.41,0.304,-37.15,122,43.44,59.53,37.47,4.1,0.33,-42.32,54,46.3,58.45,130.95,3.23,0.287,-42.32,178,745.87,8.44,0.446,0.478,99.87,0
IWM,1d,5,30,trend,62.95,2.68,0.257,-35.53,113,41.59,60.09,44.73,4.78,0.372,-41.03,49,38.78,59,125.56,3.14,0.282,-41.03,163,745.87,8.44,0.446,0.478,99.87,0
IWM,1d,5,40,trend,95.95,3.72,0.326,-24.73,96,40.63,61.99,56.44,5.82,0.428,-37.41,37,37.84,60.56,206.55,4.34,0.359,-37.41,133,745.87,8.44,0.446,0.478,99.87,0
IWM,1d,5,50,trend,169.7,5.53,0.446,-26.69,77,45.45,63.24,44.45,4.76,0.366,-33.64,33,30.3,61.32,289.58,5.3,0.419,-33.64,110,745.87,8.44,0.446,0.478,99.87,0
IWM,1d,5,60,trend,207.77,6.29,0.495,-23.85,64,48.44,63.84,25.5,2.91,0.26,-40.12,29,37.93,58.15,302.73,5.43,0.428,-40.12,94,745.87,8.44,0.446,0.478,99.87,0
IWM,1d,5,75,trend,124.71,4.49,0.378,-27.29,66,43.94,64.64,25.53,2.91,0.263,-37.13,27,25.93,57.39,197.15,4.22,0.354,-37.13,94,745.87,8.44,0.446,0.478,99.87,0
IWM,1d,5,100,trend,244.07,6.93,0.538,-23.54,45,40,66.17,30.2,3.39,0.292,-30.29,25,28,58.85,350.3,5.88,0.459,-30.29,71,745.87,8.44,0.446,0.478,99.87,0
IWM,1d,5,125,trend,232.57,6.74,0.531,-23.99,46,39.13,66.19,33.05,3.67,0.306,-34.2,19,26.32,62.07,316.71,5.57,0.44,-34.2,66,745.87,8.44,0.446,0.478,99.87,0
IWM,1d,5,150,trend,219.71,6.51,0.51,-27.3,40,37.5,67.51,13.69,1.63,0.182,-40.22,20,20,59.05,215.14,4.45,0.368,-40.22,64,745.87,8.44,0.446,0.478,99.87,0
IWM,1d,5,200,trend,178.22,5.71,0.459,-32.19,32,37.5,68.41,48.75,5.14,0.398,-28.55,12,33.33,60.92,297.33,5.38,0.427,-32.19,47,745.87,8.44,0.446,0.478,99.87,0
IWM,1d,5,250,trend,160.4,5.33,0.434,-25.23,30,36.67,67.9,79.63,7.68,0.561,-22.3,8,37.5,55.28,275.99,5.15,0.413,-35.77,43,745.87,8.44,0.446,0.478,99.87,1
IWM,1d,5,300,trend,195.95,6.06,0.472,-26.65,18,55.56,69.3,76.68,7.46,0.544,-25.09,8,50,55.99,332.46,5.71,0.443,-34.75,32,745.87,8.44,0.446,0.478,99.87,1
IWM,1d,7,2,dip,229.29,6.68,0.454,-39.2,412,67.72,43.62,37.54,4.11,0.307,-41.79,177,65.54,45.52,355.5,5.92,0.408,-48.77,589,745.87,8.44,0.446,0.478,99.87,0
IWM,1d,7,3,dip,119.85,4.37,0.332,-45.61,366,68.03,43.36,73.46,7.21,0.46,-45.28,153,64.05,45.37,283.53,5.23,0.373,-49.65,519,745.87,8.44,0.446,0.478,99.87,0
IWM,1d,7,4,dip,156.75,5.25,0.377,-46.05,364,67.03,43.77,73.21,7.19,0.458,-44.36,150,64.67,46.13,356.65,5.93,0.408,-47.76,514,745.87,8.44,0.446,0.478,99.87,0
IWM,1d,7,5,dip,386.4,8.96,0.569,-47.33,400,64.25,44.55,89.43,8.41,0.519,-40.25,179,64.8,46.28,846.13,8.9,0.559,-47.33,579,745.87,8.44,0.446,0.478,99.87,1
IWM,1d,7,9,trend,-52.13,-3.92,-0.186,-61.28,336,41.96,55.93,36.28,3.99,0.323,-26.58,150,50,53.67,-37.15,-1.75,-0.036,-61.28,487,745.87,8.44,0.446,0.478,99.87,0
IWM,1d,7,12,trend,-4.33,-0.24,0.061,-39.75,224,43.75,56.94,38.82,4.23,0.339,-28.91,96,42.71,55.48,30.11,1,0.142,-39.75,321,745.87,8.44,0.446,0.478,99.87,0
IWM,1d,7,15,trend,78.42,3.19,0.286,-38.08,165,43.64,56.68,45.5,4.85,0.372,-39.3,72,48.61,56.09,153.29,3.59,0.307,-39.3,238,745.87,8.44,0.446,0.478,99.87,0
IWM,1d,7,20,trend,62.57,2.67,0.253,-37.69,130,47.69,58.67,73.67,7.22,0.512,-31.4,56,42.86,58.15,165.31,3.77,0.32,-37.69,187,745.87,8.44,0.446,0.478,99.87,1
IWM,1d,7,25,trend,121.73,4.42,0.366,-31.68,110,48.18,59.92,55.78,5.76,0.426,-36.31,46,41.3,58.55,235.64,4.7,0.378,-36.31,157,745.87,8.44,0.446,0.478,99.87,0
IWM,1d,7,30,trend,117.96,4.32,0.368,-24.62,96,45.83,59.85,33.23,3.69,0.306,-35.2,44,38.64,58.4,193.59,4.17,0.35,-35.2,141,745.87,8.44,0.446,0.478,99.87,0
IWM,1d,7,40,trend,134.75,4.74,0.395,-31.72,82,46.34,61.56,48.02,5.08,0.385,-35.58,34,35.29,60.56,247.49,4.84,0.391,-35.58,116,745.87,8.44,0.446,0.478,99.87,0
IWM,1d,7,50,trend,198.36,6.11,0.481,-23.25,71,43.66,63.54,40.6,4.4,0.346,-34.62,30,36.67,61.22,319.48,5.59,0.437,-34.62,101,745.87,8.44,0.446,0.478,99.87,0
IWM,1d,7,60,trend,97.02,3.75,0.324,-34.95,59,38.98,64.19,58.22,5.97,0.438,-32.05,22,40.91,58.55,232.12,4.66,0.375,-34.95,82,745.87,8.44,0.446,0.478,99.87,0
IWM,1d,7,75,trend,128.16,4.58,0.382,-25.78,57,33.33,64.55,30.58,3.43,0.294,-34.2,23,47.83,57.39,208.61,4.37,0.361,-34.2,81,745.87,8.44,0.446,0.478,99.87,0
IWM,1d,7,100,trend,271.04,7.37,0.569,-21.65,37,45.95,66.04,27.34,3.1,0.273,-32.61,22,27.27,58.9,368.9,6.04,0.469,-32.61,60,745.87,8.44,0.446,0.478,99.87,0
IWM,1d,7,125,trend,194.84,6.04,0.483,-23.67,36,50,66.28,26.42,3.01,0.265,-35.56,17,23.53,61.87,248.4,4.85,0.393,-35.56,54,745.87,8.44,0.446,0.478,99.87,0
IWM,1d,7,150,trend,182.61,5.8,0.461,-30.99,33,48.48,67.36,37.81,4.13,0.337,-36.03,17,29.41,61.02,249.28,4.86,0.392,-36.03,53,745.87,8.44,0.446,0.478,99.87,0
IWM,1d,7,200,trend,150,5.1,0.414,-38.71,28,42.86,68.41,68.69,6.83,0.504,-29.35,12,41.67,60.51,282.36,5.22,0.416,-38.71,43,745.87,8.44,0.446,0.478,99.87,1
IWM,1d,7,250,trend,191.15,5.97,0.471,-26.58,24,41.67,67.96,89.63,8.42,0.616,-22.49,6,50,54.88,356.54,5.93,0.462,-27.94,35,745.87,8.44,0.446,0.478,99.87,1
IWM,1d,7,300,trend,223.74,6.58,0.503,-24.4,18,61.11,69.12,85.16,8.09,0.593,-25.54,6,66.67,55.84,411.4,6.39,0.486,-25.9,30,745.87,8.44,0.446,0.478,99.87,1
IWM,1d,9,2,dip,214.26,6.41,0.441,-40.58,347,70.32,42.65,74.13,7.26,0.465,-41.77,145,69.66,44.52,441.32,6.62,0.446,-48.82,493,745.87,8.44,0.446,0.478,99.87,0
IWM,1d,9,3,dip,185.28,5.85,0.411,-40.13,302,66.89,42.52,122.32,10.62,0.627,-41.09,124,74.19,44.72,549.98,7.36,0.483,-46.66,427,745.87,8.44,0.446,0.478,99.87,1
IWM,1d,9,4,dip,338.53,8.35,0.542,-39.15,297,67.68,42.69,94.63,8.78,0.535,-41.28,118,66.95,44.82,774.68,8.58,0.543,-45.76,416,745.87,8.44,0.446,0.478,99.87,1
IWM,1d,9,5,dip,378.96,8.87,0.57,-40.88,290,66.21,43.1,70.2,6.95,0.446,-38.95,118,71.19,45.47,736.96,8.4,0.536,-42.35,408,745.87,8.44,0.446,0.478,99.87,0
IWM,1d,9,7,dip,420.22,9.36,0.599,-39.83,337,60.24,43.75,27.1,3.08,0.254,-40.85,151,57.62,45.82,578.86,7.54,0.493,-42.48,488,745.87,8.44,0.446,0.478,99.87,0
IWM,1d,9,12,trend,39.85,1.84,0.196,-39.33,246,46.75,56.1,48.87,5.16,0.398,-34.35,104,46.15,54.68,103.13,2.73,0.252,-39.33,351,745.87,8.44,0.446,0.478,99.87,0
IWM,1d,9,15,trend,63.06,2.69,0.253,-38.47,167,43.11,56.43,42.76,4.6,0.357,-33.09,74,44.59,56.44,118.74,3.02,0.271,-38.47,242,745.87,8.44,0.446,0.478,99.87,0
IWM,1d,9,20,trend,138.13,4.82,0.393,-26.07,122,51.64,58.06,53.17,5.53,0.406,-35.72,49,46.94,58.7,243.08,4.79,0.381,-35.72,172,745.87,8.44,0.446,0.478,99.87,0
IWM,1d,9,25,trend,167.27,5.48,0.438,-22.7,96,46.88,60.03,59.43,6.07,0.443,-37.27,40,45,58.85,305.84,5.46,0.426,-37.27,137,745.87,8.44,0.446,0.478,99.87,0
IWM,1d,9,30,trend,173.88,5.62,0.453,-22.56,86,48.84,59.83,32.87,3.66,0.305,-40.53,40,42.5,58.5,263.9,5.02,0.404,-40.53,126,745.87,8.44,0.446,0.478,99.87,0
IWM,1d,9,40,trend,227.16,6.64,0.517,-27.3,74,45.95,61.43,29.2,3.29,0.279,-40.39,32,31.25,60.46,322.7,5.62,0.438,-40.39,106,745.87,8.44,0.446,0.478,99.87,0
IWM,1d,9,50,trend,227.52,6.65,0.512,-22.1,62,48.39,63.3,46.23,4.92,0.375,-33.76,29,37.93,61.52,378.93,6.12,0.467,-33.76,91,745.87,8.44,0.446,0.478,99.87,0
IWM,1d,9,60,trend,135.32,4.75,0.387,-29.42,49,38.78,64.42,51.13,5.36,0.401,-31.66,22,45.45,58.7,269.28,5.08,0.399,-31.66,72,745.87,8.44,0.446,0.478,99.87,0
IWM,1d,9,75,trend,216.27,6.45,0.505,-25.03,45,37.78,64.38,22.91,2.64,0.245,-35.34,21,38.1,57.44,302.76,5.43,0.429,-35.34,67,745.87,8.44,0.446,0.478,99.87,0
IWM,1d,9,100,trend,202.16,6.18,0.491,-24.86,37,45.95,66.13,41.87,4.52,0.356,-30.05,17,29.41,59.51,320.86,5.61,0.44,-30.05,55,745.87,8.44,0.446,0.478,99.87,0
IWM,1d,9,125,trend,228.17,6.66,0.524,-20.9,29,51.72,66.28,37.31,4.09,0.329,-33.92,15,33.33,61.87,325.05,5.65,0.443,-33.92,45,745.87,8.44,0.446,0.478,99.87,0
IWM,1d,9,150,trend,172.43,5.59,0.444,-28.84,29,44.83,67.36,27.41,3.11,0.274,-36.39,16,25,60.97,218.97,4.5,0.368,-36.39,48,745.87,8.44,0.446,0.478,99.87,0
IWM,1d,9,200,trend,167.96,5.49,0.44,-36.53,28,46.43,68.52,58.46,5.99,0.453,-28.16,10,30,60.31,276.04,5.16,0.411,-36.53,41,745.87,8.44,0.446,0.478,99.87,0
IWM,1d,9,250,trend,267.56,7.32,0.558,-26.55,19,47.37,67.72,82.41,7.89,0.584,-24.87,6,50,54.73,463.28,6.78,0.515,-26.55,30,745.87,8.44,0.446,0.478,99.87,1
IWM,1d,9,300,trend,212.14,6.37,0.49,-26.34,13,53.85,69.15,80.9,7.78,0.572,-25.75,6,50,55.78,328.99,5.68,0.441,-34.7,25,745.87,8.44,0.446,0.478,99.87,1
IWM,1d,12,2,dip,134.12,4.72,0.346,-43.65,295,70.51,42.32,46.88,4.98,0.352,-38.56,120,70.83,42.71,252.42,4.9,0.353,-44.09,416,745.87,8.44,0.446,0.478,99.87,0
IWM,1d,12,3,dip,130.95,4.65,0.344,-42.8,252,69.84,42.04,78.28,7.58,0.481,-38.95,104,68.27,42.66,321.91,5.62,0.392,-42.8,357,745.87,8.44,0.446,0.478,99.87,1
IWM,1d,12,4,dip,150.42,5.11,0.369,-44.23,238,68.49,42.43,86.31,8.18,0.509,-38.95,98,68.37,42.91,388.32,6.2,0.422,-44.23,337,745.87,8.44,0.446,0.478,99.87,1
IWM,1d,12,5,dip,284.04,7.57,0.501,-40.56,217,68.2,42.41,64.85,6.52,0.428,-39.59,96,66.67,43.36,560.96,7.43,0.486,-42.38,314,745.87,8.44,0.446,0.478,99.87,0
IWM,1d,12,7,dip,192.59,6,0.418,-48.4,225,66.67,42.69,28.11,3.18,0.262,-36.63,96,63.54,43.46,293.29,5.33,0.379,-48.4,322,745.87,8.44,0.446,0.478,99.87,0
IWM,1d,12,9,dip,96.36,3.73,0.294,-50.72,247,60.32,43.49,25.6,2.92,0.248,-34.35,104,58.65,44.16,144.75,3.46,0.278,-50.72,352,745.87,8.44,0.446,0.478,99.87,0
IWM,1d,12,15,trend,117.34,4.3,0.358,-35.41,214,55.14,56.17,65.76,6.59,0.472,-27.89,92,48.91,55.63,243.12,4.79,0.382,-35.41,307,745.87,8.44,0.446,0.478,99.87,0
IWM,1d,12,20,trend,165.76,5.45,0.439,-26.48,121,52.89,57.14,23.37,2.69,0.243,-37.03,51,39.22,58.1,222.29,4.54,0.368,-37.03,173,745.87,8.44,0.446,0.478,99.87,0
IWM,1d,12,25,trend,206.34,6.26,0.488,-24.15,90,50,59.62,50.89,5.34,0.395,-30.68,40,47.5,59.21,364.11,6,0.457,-30.68,131,745.87,8.44,0.446,0.478,99.87,0
IWM,1d,12,30,trend,167.58,5.49,0.442,-25.6,76,53.95,59.81,32.64,3.63,0.298,-40.77,36,41.67,59.26,253.58,4.91,0.393,-40.77,113,745.87,8.44,0.446,0.478,99.87,0
IWM,1d,12,40,trend,179.96,5.74,0.455,-31.02,69,49.28,61.71,53.85,5.59,0.415,-29.39,32,37.5,59.56,330.71,5.7,0.442,-31.02,101,745.87,8.44,0.446,0.478,99.87,0
IWM,1d,12,50,trend,228.34,6.66,0.506,-18.68,52,50,63.35,57.79,5.93,0.43,-27.75,26,46.15,62.22,418.09,6.44,0.481,-27.75,78,745.87,8.44,0.446,0.478,99.87,0
IWM,1d,12,60,trend,209.34,6.32,0.485,-31.31,44,45.45,64.64,30.67,3.44,0.288,-30.74,21,38.1,58.65,325.18,5.65,0.432,-31.31,66,745.87,8.44,0.446,0.478,99.87,0
IWM,1d,12,75,trend,199.31,6.13,0.48,-21.99,42,47.62,64.68,19.91,2.32,0.224,-39.67,19,36.84,58,263.76,5.02,0.4,-39.67,62,745.87,8.44,0.446,0.478,99.87,0
IWM,1d,12,100,trend,201.84,6.18,0.487,-26.93,33,51.52,66.17,22.44,2.59,0.24,-36,17,29.41,59.46,259.06,4.97,0.398,-36,51,745.87,8.44,0.446,0.478,99.87,0
IWM,1d,12,125,trend,250.33,7.04,0.539,-24.08,27,55.56,66.41,47.99,5.08,0.387,-29.63,14,28.57,61.67,395.9,6.27,0.476,-29.63,42,745.87,8.44,0.446,0.478,99.87,0
IWM,1d,12,150,trend,165.35,5.44,0.435,-27.75,29,41.38,67.01,30.85,3.46,0.296,-32.84,13,30.77,60.92,233.76,4.68,0.379,-32.84,43,745.87,8.44,0.446,0.478,99.87,0
IWM,1d,12,200,trend,164.99,5.43,0.431,-33.34,22,50,68.89,62.49,6.33,0.469,-22.25,8,37.5,60.26,279.96,5.2,0.409,-35.24,33,745.87,8.44,0.446,0.478,99.87,0
IWM,1d,12,250,trend,237.32,6.82,0.522,-27.15,17,58.82,67.72,86.8,8.21,0.604,-22.48,5,60,54.58,361.76,5.98,0.461,-35.73,27,745.87,8.44,0.446,0.478,99.87,1
IWM,1d,12,300,trend,270.28,7.36,0.55,-24.4,12,58.33,69.21,77.81,7.54,0.557,-27.42,5,60,55.68,384.07,6.17,0.467,-39.51,23,745.87,8.44,0.446,0.478,99.87,1
IWM,1d,15,2,dip,62.35,2.66,0.236,-41.96,247,70.45,41.66,81.29,7.81,0.491,-38.56,109,70.64,42.56,201.29,4.27,0.32,-41.96,357,745.87,8.44,0.446,0.478,99.87,1
IWM,1d,15,3,dip,119.11,4.35,0.328,-49.86,208,75,41.44,79.19,7.65,0.487,-38.95,91,71.43,42,310.95,5.51,0.386,-49.86,300,745.87,8.44,0.446,0.478,99.87,1
IWM,1d,15,4,dip,175.69,5.66,0.397,-40.72,195,72.31,41.87,48.17,5.09,0.358,-37.48,87,66.67,42.76,326.47,5.66,0.393,-40.72,283,745.87,8.44,0.446,0.478,99.87,0
IWM,1d,15,5,dip,142.76,4.93,0.357,-45.88,175,70.29,42.17,45.64,4.86,0.346,-36.63,80,66.25,42.25,270.94,5.1,0.363,-45.88,256,745.87,8.44,0.446,0.478,99.87,0
IWM,1d,15,7,dip,71.39,2.97,0.253,-49.15,166,66.27,42.8,26.33,3,0.252,-37.46,72,66.67,42.81,127.13,3.16,0.263,-49.15,239,745.87,8.44,0.446,0.478,99.87,0
IWM,1d,15,9,dip,84.88,3.39,0.275,-48.88,168,63.69,42.99,35.77,3.94,0.302,-36.77,74,66.22,42.4,158.67,3.67,0.289,-48.88,243,745.87,8.44,0.446,0.478,99.87,0
IWM,1d,15,12,dip,33.39,1.58,0.177,-56.19,215,59.53,43.36,14.25,1.7,0.184,-36.42,92,58.7,43.06,55.19,1.68,0.183,-56.19,308,745.87,8.44,0.446,0.478,99.87,0
IWM,1d,15,20,trend,82.64,3.32,0.295,-35.79,142,51.41,57.5,34.48,3.81,0.308,-34.49,60,45,58.05,146.64,3.49,0.3,-35.79,203,745.87,8.44,0.446,0.478,99.87,0
IWM,1d,15,25,trend,159.57,5.31,0.429,-19.84,89,48.31,59.12,74.34,7.28,0.504,-29.33,42,54.76,59.26,365.2,6.01,0.459,-29.33,132,745.87,8.44,0.446,0.478,99.87,1
IWM,1d,15,30,trend,99.81,3.83,0.33,-31.05,79,44.3,60.18,70.86,7,0.489,-33.69,35,42.86,59.51,246.99,4.83,0.386,-33.69,115,745.87,8.44,0.446,0.478,99.87,1
IWM,1d,15,40,trend,101.81,3.88,0.332,-31.07,64,42.19,61.51,25.1,2.87,0.254,-28.79,29,37.93,60.11,152.45,3.58,0.306,-31.07,93,745.87,8.44,0.446,0.478,99.87,0
IWM,1d,15,50,trend,132.98,4.7,0.381,-26.47,49,51.02,63.41,39.83,4.33,0.337,-28.71,25,44,62.53,225.76,4.58,0.366,-28.71,74,745.87,8.44,0.446,0.478,99.87,0
IWM,1d,15,60,trend,136.99,4.79,0.387,-34.87,42,47.62,64.6,32.54,3.62,0.3,-34.15,19,36.84,58.8,222.04,4.54,0.364,-34.87,62,745.87,8.44,0.446,0.478,99.87,0
IWM,1d,15,75,trend,216.41,6.45,0.497,-25.68,40,45,64.86,24.23,2.78,0.252,-36.85,18,38.89,57.8,296.45,5.37,0.42,-36.85,59,745.87,8.44,0.446,0.478,99.87,0
IWM,1d,15,100,trend,166.1,5.45,0.435,-26.96,32,46.88,66.34,13.23,1.58,0.178,-37.34,17,29.41,59.46,189.28,4.11,0.341,-37.34,50,745.87,8.44,0.446,0.478,99.87,0
IWM,1d,15,125,trend,243.07,6.92,0.534,-24.83,27,48.15,66.52,45.93,4.89,0.378,-29.38,13,38.46,61.82,382.07,6.15,0.471,-30.11,41,745.87,8.44,0.446,0.478,99.87,0
IWM,1d,15,150,trend,143.09,4.94,0.402,-32.9,26,46.15,66.84,26.66,3.03,0.267,-31.34,13,30.77,61.17,198.62,4.24,0.35,-32.9,40,745.87,8.44,0.446,0.478,99.87,0
IWM,1d,15,200,trend,173.16,5.6,0.438,-31.53,20,50,68.97,49.85,5.24,0.4,-23.11,8,37.5,60.16,280.65,5.2,0.406,-34.39,30,745.87,8.44,0.446,0.478,99.87,0
IWM,1d,15,250,trend,207.08,6.28,0.487,-27.38,15,53.33,67.92,85.56,8.12,0.598,-21.88,5,60,54.53,336.3,5.75,0.444,-34.98,24,745.87,8.44,0.446,0.478,99.87,1
IWM,1d,15,300,trend,265.01,7.28,0.542,-24.4,10,60,69.32,62.35,6.31,0.482,-32.04,5,60,55.58,331.14,5.7,0.437,-39.82,20,745.87,8.44,0.446,0.478,99.87,1
IWM,1d,20,2,dip,100.46,3.85,0.298,-43.85,199,76.38,40.62,22.07,2.55,0.228,-38.85,82,69.51,41.55,158.25,3.67,0.287,-43.85,283,745.87,8.44,0.446,0.478,99.87,0
IWM,1d,20,3,dip,150.07,5.1,0.365,-47.08,182,78.57,40.36,29.38,3.31,0.268,-36.82,70,67.14,40.9,236.76,4.72,0.343,-47.08,253,745.87,8.44,0.446,0.478,99.87,0
IWM,1d,20,4,dip,188.86,5.92,0.407,-41.3,160,76.25,40.45,4.11,0.51,0.122,-37.48,61,62.3,40.95,222.26,4.54,0.333,-41.3,222,745.87,8.44,0.446,0.478,99.87,0
IWM,1d,20,5,dip,119.66,4.36,0.326,-43.95,142,72.54,40.77,27.93,3.16,0.259,-36.63,62,67.74,40.9,196.88,4.22,0.316,-43.95,205,745.87,8.44,0.446,0.478,99.87,0
IWM,1d,20,7,dip,94.86,3.69,0.291,-47.86,131,68.7,40.79,16.38,1.93,0.197,-34.39,56,66.07,39.54,129,3.19,0.264,-47.86,188,745.87,8.44,0.446,0.478,99.87,0
IWM,1d,20,9,dip,33.62,1.59,0.178,-53.83,123,64.23,41.35,33.07,3.68,0.292,-34.35,49,71.43,38.98,79.38,2.24,0.214,-53.83,173,745.87,8.44,0.446,0.478,99.87,0
IWM,1d,20,12,dip,26.15,1.27,0.16,-61.69,122,66.39,41.91,63.93,6.44,0.44,-34.35,51,66.67,39.49,100.71,2.68,0.237,-61.69,174,745.87,8.44,0.446,0.478,99.87,0
IWM,1d,20,15,dip,70.96,2.95,0.252,-48.6,143,66.43,41.96,48.96,5.16,0.372,-34.35,60,66.67,39.49,141.64,3.41,0.276,-48.6,204,745.87,8.44,0.446,0.478,99.87,0
IWM,1d,20,25,trend,84.34,3.37,0.3,-35.98,118,50,58.95,109.65,9.8,0.652,-25.74,54,50,59.76,276.23,5.16,0.406,-35.98,173,745.87,8.44,0.446,0.478,99.87,1
IWM,1d,20,30,trend,66.98,2.82,0.263,-34.22,77,41.56,60.07,94.12,8.74,0.592,-29.46,37,54.05,60.21,208.26,4.37,0.356,-34.22,115,745.87,8.44,0.446,0.478,99.87,1
IWM,1d,20,40,trend,51.1,2.26,0.225,-42.09,64,43.75,61.19,31.68,3.54,0.294,-37.64,30,40,59.51,98.97,2.65,0.247,-42.09,94,745.87,8.44,0.446,0.478,99.87,0
IWM,1d,20,50,trend,102.96,3.91,0.331,-30.22,50,50,63.2,37.98,4.15,0.327,-34.99,22,40.91,62.68,180.04,3.99,0.329,-34.99,72,745.87,8.44,0.446,0.478,99.87,0
IWM,1d,20,60,trend,99.29,3.81,0.322,-33.3,40,42.5,64.75,34.55,3.82,0.307,-38.96,21,38.1,63.63,168.15,3.81,0.317,-38.96,61,745.87,8.44,0.446,0.478,99.87,0
IWM,1d,20,75,trend,194.03,6.03,0.468,-30.99,35,45.71,65.03,23.24,2.68,0.245,-34.82,17,29.41,58.45,257.82,4.96,0.392,-34.82,53,745.87,8.44,0.446,0.478,99.87,0
IWM,1d,20,100,trend,129.44,4.61,0.378,-33.72,31,51.61,66.47,17.5,2.06,0.207,-35.42,16,37.5,59.56,156.88,3.65,0.31,-35.42,48,745.87,8.44,0.446,0.478,99.87,0
IWM,1d,20,125,trend,135.79,4.76,0.389,-36.05,24,50,66.15,13.8,1.65,0.182,-35.88,14,35.71,61.77,167.48,3.8,0.32,-36.05,39,745.87,8.44,0.446,0.478,99.87,0
IWM,1d,20,150,trend,146.15,5.01,0.404,-33.03,24,50,66.9,22.37,2.58,0.239,-31.42,12,41.67,59.46,183.72,4.04,0.334,-33.37,37,745.87,8.44,0.446,0.478,99.87,0
IWM,1d,20,200,trend,174.87,5.64,0.437,-30.88,16,56.25,69.08,36.88,4.05,0.325,-32.87,8,50,60.26,227.2,4.6,0.365,-46.69,26,745.87,8.44,0.446,0.478,99.87,0
IWM,1d,20,250,trend,229.18,6.68,0.508,-24.4,12,58.33,68.28,65.17,6.55,0.499,-26.2,5,60,54.43,270.98,5.1,0.4,-44.64,20,745.87,8.44,0.446,0.478,99.87,1
IWM,1d,20,300,trend,256.24,7.14,0.53,-31.72,9,66.67,69.49,55.02,5.69,0.442,-32.64,5,60,55.33,267.29,5.06,0.393,-45.09,18,745.87,8.44,0.446,0.478,99.87,0
IWM,1d,25,2,dip,168.73,5.51,0.386,-45.9,179,78.77,39.11,52.8,5.5,0.379,-38.56,78,70.51,39.74,319.63,5.59,0.387,-45.9,259,745.87,8.44,0.446,0.478,99.87,0
IWM,1d,25,3,dip,152.65,5.16,0.368,-48.6,152,76.32,39.39,29.78,3.35,0.27,-38.95,63,68.25,39.59,241.07,4.77,0.345,-48.6,217,745.87,8.44,0.446,0.478,99.87,0
IWM,1d,25,4,dip,114.8,4.24,0.32,-51.49,136,75,39.37,35.98,3.96,0.303,-37.48,56,69.64,39.74,206.73,4.35,0.324,-51.49,194,745.87,8.44,0.446,0.478,99.87,0
IWM,1d,25,5,dip,74.45,3.07,0.257,-54.46,123,70.73,39.59,47.37,5.02,0.356,-36.63,54,72.22,39.24,168.86,3.82,0.296,-54.46,179,745.87,8.44,0.446,0.478,99.87,0
IWM,1d,25,7,dip,47.43,2.13,0.207,-49.84,111,69.37,39.18,30.44,3.41,0.276,-36.77,46,67.39,39.08,89.05,2.45,0.224,-49.84,158,745.87,8.44,0.446,0.478,99.87,0
IWM,1d,25,9,dip,26.9,1.3,0.162,-52.67,97,64.95,39.05,28.54,3.22,0.266,-34.35,40,65,38.73,63.39,1.88,0.194,-52.67,138,745.87,8.44,0.446,0.478,99.87,0
IWM,1d,25,12,dip,12.17,0.62,0.125,-62.7,91,68.13,39.41,35.98,3.96,0.307,-34.35,40,72.5,38.33,44.74,1.41,0.168,-62.7,132,745.87,8.44,0.446,0.478,99.87,0
IWM,1d,25,15,dip,34.82,1.63,0.18,-56.04,90,67.78,39.87,16.31,1.93,0.197,-34.35,42,66.67,38.18,46.71,1.47,0.171,-56.04,133,745.87,8.44,0.446,0.478,99.87,0
IWM,1d,25,20,dip,78.34,3.19,0.265,-48.53,119,66.39,40,-5.53,-0.72,0.052,-40.83,54,59.26,37.53,67.99,1.99,0.2,-48.53,174,745.87,8.44,0.446,0.478,99.87,0
IWM,1d,25,30,trend,21.77,1.07,0.147,-44.88,102,47.06,60.03,44.89,4.8,0.367,-35.39,45,48.89,59.36,65.46,1.93,0.201,-44.88,148,745.87,8.44,0.446,0.478,99.87,0
IWM,1d,25,40,trend,26.69,1.29,0.161,-38.69,64,43.75,61.02,17.3,2.04,0.205,-38.7,30,36.67,59.61,48.62,1.52,0.174,-38.7,94,745.87,8.44,0.446,0.478,99.87,0
IWM,1d,25,50,trend,126.44,4.53,0.367,-33.34,48,47.92,62.98,2.29,0.29,0.101,-45.14,24,45.83,62.83,131.63,3.24,0.282,-45.14,72,745.87,8.44,0.446,0.478,99.87,0
IWM,1d,25,60,trend,56.5,2.46,0.235,-39.77,41,41.46,64.75,62.27,6.31,0.449,-35.92,18,38.89,63.78,153.95,3.6,0.303,-39.77,59,745.87,8.44,0.446,0.478,99.87,0
IWM,1d,25,75,trend,99.95,3.83,0.325,-35.15,35,45.71,64.7,40.01,4.34,0.341,-43.76,18,38.89,59.31,172.87,3.88,0.322,-43.76,54,745.87,8.44,0.446,0.478,99.87,0
IWM,1d,25,100,trend,124.98,4.5,0.368,-28.41,29,48.28,66.58,4.25,0.53,0.113,-41.77,16,37.5,59.31,125.56,3.14,0.277,-41.77,46,745.87,8.44,0.446,0.478,99.87,0
IWM,1d,25,125,trend,116.12,4.27,0.356,-34.2,23,52.17,66.04,11.06,1.33,0.163,-38.69,13,38.46,60.97,131.81,3.24,0.284,-38.69,37,745.87,8.44,0.446,0.478,99.87,0
IWM,1d,25,150,trend,93.01,3.63,0.312,-42.18,24,50,66.75,10.16,1.23,0.157,-34.19,10,30,59.21,107.6,2.81,0.256,-42.18,35,745.87,8.44,0.446,0.478,99.87,0
IWM,1d,25,200,trend,161.8,5.36,0.416,-38.86,16,50,69.28,22.12,2.56,0.235,-33.96,8,50,60.21,190.64,4.13,0.334,-45.85,26,745.87,8.44,0.446,0.478,99.87,0
IWM,1d,25,250,trend,164.96,5.43,0.423,-30.05,12,50,69.71,56.86,5.85,0.456,-29.06,5,60,54.43,201.41,4.28,0.345,-40.13,20,745.87,8.44,0.446,0.478,99.87,0
IWM,1d,25,300,trend,244.25,6.94,0.516,-28.04,8,62.5,69.6,41.42,4.48,0.366,-33.72,5,60,55.18,214.36,4.44,0.354,-49.06,16,745.87,8.44,0.446,0.478,99.87,0
IWM,1d,30,2,dip,167.85,5.49,0.384,-46.18,167,78.44,38.55,35.55,3.92,0.3,-38.56,70,75.71,38.88,263.77,5.02,0.358,-46.18,239,745.87,8.44,0.446,0.478,99.87,0
IWM,1d,30,3,dip,124.63,4.49,0.332,-47.79,138,75.36,38.49,43.84,4.7,0.341,-38.95,54,74.07,38.03,231.04,4.65,0.339,-47.79,194,745.87,8.44,0.446,0.478,99.87,0
IWM,1d,30,4,dip,93.56,3.65,0.288,-51.46,123,73.98,38.85,54.01,5.61,0.388,-37.48,49,73.47,38.48,201.56,4.28,0.32,-51.46,174,745.87,8.44,0.446,0.478,99.87,0
IWM,1d,30,5,dip,100.61,3.85,0.298,-52.3,114,74.56,39.03,39.89,4.33,0.322,-36.63,49,75.51,38.63,180.28,3.99,0.305,-52.3,164,745.87,8.44,0.446,0.478,99.87,0
IWM,1d,30,7,dip,52.53,2.32,0.217,-55.21,97,72.16,39.24,53.08,5.53,0.382,-36.77,44,72.73,39.19,120.32,3.04,0.255,-55.21,142,745.87,8.44,0.446,0.478,99.87,0
IWM,1d,30,9,dip,25.34,1.23,0.159,-51.6,87,70.11,39.24,54.42,5.64,0.39,-34.35,40,67.5,39.03,84.65,2.35,0.219,-51.6,127,745.87,8.44,0.446,0.478,99.87,0
IWM,1d,30,12,dip,30.59,1.46,0.171,-56.46,77,67.53,39.22,53.99,5.61,0.393,-34.35,36,77.78,38.18,94.14,2.55,0.23,-56.46,114,745.87,8.44,0.446,0.478,99.87,0
IWM,1d,30,15,dip,77.26,3.15,0.263,-52.89,80,71.25,38.81,17.56,2.06,0.205,-36.76,35,68.57,37.88,100.75,2.68,0.237,-52.89,116,745.87,8.44,0.446,0.478,99.87,0
IWM,1d,30,20,dip,104.4,3.96,0.307,-51.66,78,66.67,38.85,4.77,0.59,0.124,-40.83,37,59.46,37.02,117.25,2.99,0.254,-51.66,116,745.87,8.44,0.446,0.478,99.87,0
IWM,1d,30,25,dip,178.85,5.72,0.407,-52.63,103,66.02,38.83,36.87,4.04,0.31,-38.77,45,66.67,37.73,298.8,5.39,0.384,-52.63,149,745.87,8.44,0.446,0.478,99.87,0
IWM,1d,30,40,trend,59.77,2.57,0.243,-33.24,70,47.14,60.87,14.06,1.68,0.183,-34.5,34,44.12,59.31,82.23,2.3,0.224,-34.5,104,745.87,8.44,0.446,0.478,99.87,0
IWM,1d,30,50,trend,115.64,4.26,0.347,-33.76,49,51.02,62.59,8.35,1.02,0.144,-49.15,26,34.62,61.92,133.64,3.27,0.283,-49.15,75,745.87,8.44,0.446,0.478,99.87,0
IWM,1d,30,60,trend,69.52,2.9,0.262,-41.84,37,43.24,63.82,57.35,5.89,0.425,-40.97,17,35.29,63.93,166.74,3.79,0.314,-41.84,54,745.87,8.44,0.446,0.478,99.87,0
IWM,1d,30,75,trend,76.47,3.13,0.282,-34.82,36,41.67,63.91,76.72,7.46,0.519,-25.94,14,35.71,60.36,199.29,4.25,0.346,-34.82,51,745.87,8.44,0.446,0.478,99.87,1
IWM,1d,30,100,trend,162.98,5.39,0.425,-32.47,25,48,66.32,36.12,3.97,0.32,-31.54,13,46.15,59.86,244.81,4.81,0.38,-32.47,39,745.87,8.44,0.446,0.478,99.87,0
IWM,1d,30,125,trend,118.72,4.34,0.359,-31.49,24,50,66.15,10.55,1.27,0.16,-36.27,11,36.36,61.17,135.69,3.31,0.287,-38.2,36,745.87,8.44,0.446,0.478,99.87,0
IWM,1d,30,150,trend,78.11,3.18,0.282,-43.38,23,43.48,66.82,15.07,1.79,0.19,-33.96,10,40,59.41,100.19,2.67,0.246,-43.38,34,745.87,8.44,0.446,0.478,99.87,0
IWM,1d,30,200,trend,165.76,5.45,0.421,-36.95,13,61.54,69.25,14.81,1.76,0.188,-39.66,7,57.14,60.46,181.5,4.01,0.325,-47.66,22,745.87,8.44,0.446,0.478,99.87,0
IWM,1d,30,250,trend,133.25,4.7,0.377,-29.01,15,46.67,69.49,64.73,6.51,0.497,-23.27,5,60,54.58,166.21,3.79,0.313,-45.34,23,745.87,8.44,0.446,0.478,99.87,1
IWM,1d,30,300,trend,292.96,7.71,0.562,-27.17,7,71.43,69.86,39.01,4.25,0.351,-35.39,5,60,55.03,248.29,4.85,0.376,-49.51,14,745.87,8.44,0.446,0.478,99.87,0
IWM,1d,40,2,dip,176.22,5.67,0.393,-46.04,147,82.31,37.06,50.28,5.28,0.373,-38.56,59,77.97,37.73,319.4,5.59,0.388,-46.04,207,745.87,8.44,0.446,0.478,99.87,0
IWM,1d,40,3,dip,158.8,5.29,0.373,-51.02,122,81.15,37.04,37.79,4.13,0.312,-38.95,46,71.74,37.37,260.29,4.98,0.355,-51.02,169,745.87,8.44,0.446,0.478,99.87,0
IWM,1d,40,4,dip,103.16,3.92,0.302,-52.31,107,78.5,37.08,20.76,2.41,0.223,-37.48,40,72.5,37.17,147.56,3.5,0.279,-52.31,148,745.87,8.44,0.446,0.478,99.87,0
IWM,1d,40,5,dip,69.66,2.91,0.249,-50.96,97,76.29,37.11,31.47,3.52,0.281,-36.63,37,70.27,37.02,113.04,2.91,0.248,-50.96,134,745.87,8.44,0.446,0.478,99.87,0
IWM,1d,40,7,dip,46.94,2.11,0.206,-48.87,83,72.29,37.52,38.61,4.21,0.319,-36.77,34,70.59,36.92,95.7,2.58,0.231,-48.87,117,745.87,8.44,0.446,0.478,99.87,0
IWM,1d,40,9,dip,8.42,0.44,0.115,-58.09,75,66.67,37.62,58.85,6.02,0.414,-34.35,32,75,36.97,65.85,1.94,0.197,-58.09,107,745.87,8.44,0.446,0.478,99.87,0
IWM,1d,40,12,dip,26.5,1.28,0.161,-52.86,70,64.29,37.3,31.15,3.49,0.281,-34.35,32,71.88,37.78,62.5,1.86,0.193,-52.86,102,745.87,8.44,0.446,0.478,99.87,0
IWM,1d,40,15,dip,78.69,3.2,0.266,-54.05,65,70.77,37.47,64.15,6.46,0.439,-34.35,29,65.52,37.12,183.31,4.03,0.309,-54.05,94,745.87,8.44,0.446,0.478,99.87,0
IWM,1d,40,20,dip,128.18,4.58,0.341,-51.11,65,76.92,37.71,53.33,5.55,0.389,-40.83,30,66.67,37.58,243.28,4.79,0.35,-51.11,95,745.87,8.44,0.446,0.478,99.87,0
IWM,1d,40,25,dip,173.8,5.62,0.4,-47.45,65,72.31,37.82,69.08,6.86,0.459,-36.78,30,73.33,37.32,362.4,5.98,0.416,-47.45,95,745.87,8.44,0.446,0.478,99.87,0
IWM,1d,40,30,dip,111.79,4.16,0.321,-45.46,71,70.42,37.86,71.13,7.02,0.469,-34.35,34,67.65,37.47,266.1,5.05,0.367,-45.46,105,745.87,8.44,0.446,0.478,99.87,0
IWM,1d,40,50,trend,67.25,2.83,0.259,-41.9,69,52.17,62.31,38.72,4.22,0.332,-40.76,31,45.16,60.71,132.01,3.25,0.282,-41.9,100,745.87,8.44,0.446,0.478,99.87,0
IWM,1d,40,60,trend,37.16,1.73,0.189,-49.69,41,46.34,62.87,48.1,5.09,0.381,-34.43,19,52.63,62.93,103.12,2.73,0.25,-49.69,60,745.87,8.44,0.446,0.478,99.87,0
IWM,1d,40,75,trend,42.39,1.94,0.202,-54.96,33,60.61,64.06,14.17,1.69,0.184,-34.61,13,30.77,64.19,62.57,1.86,0.196,-54.96,46,745.87,8.44,0.446,0.478,99.87,0
IWM,1d,40,100,trend,97.91,3.77,0.321,-43.59,21,52.38,66.13,23.5,2.7,0.243,-33.41,10,40,60.87,139.93,3.38,0.29,-43.59,32,745.87,8.44,0.446,0.478,99.87,0
IWM,1d,40,125,trend,117.5,4.31,0.356,-40.38,20,50,66.36,3.55,0.44,0.113,-36.74,10,30,60.66,128.37,3.18,0.277,-44.54,31,745.87,8.44,0.446,0.478,99.87,0
IWM,1d,40,150,trend,127.3,4.56,0.373,-36,18,44.44,65.83,9.52,1.16,0.154,-38.89,8,25,60.31,143.5,3.44,0.292,-42.92,27,745.87,8.44,0.446,0.478,99.87,0
IWM,1d,40,200,trend,86.86,3.45,0.295,-40.85,14,57.14,68.48,6.39,0.79,0.133,-44.85,6,50,59.86,98.38,2.63,0.241,-47.73,21,745.87,8.44,0.446,0.478,99.87,0
IWM,1d,40,250,trend,156.34,5.24,0.409,-27.66,11,63.64,69.45,50.94,5.34,0.422,-27.48,5,40,54.58,144.82,3.46,0.292,-49.12,18,745.87,8.44,0.446,0.478,99.87,0
IWM,1d,40,300,trend,255.17,7.12,0.523,-27.01,6,66.67,69.92,31.51,3.52,0.303,-35.75,5,40,54.58,184.46,4.05,0.326,-51.52,14,745.87,8.44,0.446,0.478,99.87,0
IWM,1d,50,2,dip,130.79,4.64,0.339,-45.63,131,83.21,35.42,50.95,5.34,0.376,-38.56,47,74.47,35.87,235.47,4.7,0.341,-45.63,178,745.87,8.44,0.446,0.478,99.87,0
IWM,1d,50,3,dip,81.15,3.28,0.268,-47.41,107,78.5,35.25,48.54,5.13,0.365,-36.42,41,78.05,35.66,163.82,3.75,0.292,-47.41,148,745.87,8.44,0.446,0.478,99.87,0
IWM,1d,50,4,dip,57.1,2.48,0.226,-48.25,89,79.78,35.53,35.93,3.95,0.305,-36.82,36,72.22,36.12,109.36,2.84,0.245,-48.25,125,745.87,8.44,0.446,0.478,99.87,0
IWM,1d,50,5,dip,23.31,1.14,0.154,-51.28,77,76.62,35.4,39.38,4.28,0.322,-37.48,33,72.73,36.07,68.5,2,0.2,-51.28,110,745.87,8.44,0.446,0.478,99.87,0
IWM,1d,50,7,dip,11.34,0.58,0.123,-53.92,71,70.42,35.08,43.86,4.7,0.343,-36.63,30,73.33,36.12,56.88,1.72,0.185,-53.92,101,745.87,8.44,0.446,0.478,99.87,0
IWM,1d,50,9,dip,2.59,0.14,0.098,-56.6,62,74.19,35.3,38.48,4.2,0.319,-34.35,29,75.86,35.81,39.15,1.26,0.16,-56.6,91,745.87,8.44,0.446,0.478,99.87,0
IWM,1d,50,12,dip,2.92,0.16,0.098,-63.8,52,75,35.23,30.61,3.43,0.278,-34.39,26,69.23,35.01,29.84,1,0.146,-63.8,78,745.87,8.44,0.446,0.478,99.87,0
IWM,1d,50,15,dip,44.77,2.03,0.202,-52.63,49,75.51,35.14,46.02,4.9,0.359,-34.35,25,60,34.61,106.34,2.79,0.244,-52.63,74,745.87,8.44,0.446,0.478,99.87,0
IWM,1d,50,20,dip,75.27,3.09,0.261,-47.77,51,72.55,35.68,46.84,4.97,0.362,-38.6,22,72.73,34.31,154.07,3.6,0.288,-47.77,73,745.87,8.44,0.446,0.478,99.87,0
IWM,1d,50,25,dip,54.41,2.39,0.223,-46.78,49,67.35,35.83,93.15,8.67,0.557,-38.26,24,83.33,34,201.21,4.27,0.325,-46.78,73,745.87,8.44,0.446,0.478,99.87,1
IWM,1d,50,30,dip,60.93,2.62,0.236,-45.84,50,74,36.14,84.3,8.03,0.523,-36.47,26,73.08,34.76,195.66,4.2,0.322,-45.84,76,745.87,8.44,0.446,0.478,99.87,1
IWM,1d,50,40,dip,102.81,3.91,0.307,-41.07,70,62.86,36.44,37.12,4.07,0.313,-34.35,31,67.74,35.66,189.28,4.11,0.316,-41.07,101,745.87,8.44,0.446,0.478,99.87,0
IWM,1d,50,60,trend,68.87,2.88,0.261,-58.15,45,53.33,63.04,41.06,4.44,0.345,-27.93,24,54.17,61.72,138.21,3.35,0.287,-58.15,69,745.87,8.44,0.446,0.478,99.87,0
IWM,1d,50,75,trend,56.53,2.46,0.234,-49,32,53.13,63.39,27.65,3.13,0.265,-35.49,14,42.86,64.99,99.81,2.66,0.244,-49,46,745.87,8.44,0.446,0.478,99.87,0
IWM,1d,50,100,trend,126.97,4.55,0.374,-37.11,22,50,65.05,31.04,3.47,0.284,-35.95,9,55.56,60.26,198.29,4.23,0.342,-40,32,745.87,8.44,0.446,0.478,99.87,0
IWM,1d,50,125,trend,127.4,4.56,0.371,-39.73,18,61.11,65.96,4.49,0.56,0.121,-39.59,9,44.44,59.31,139.37,3.37,0.288,-43.09,28,745.87,8.44,0.446,0.478,99.87,0
IWM,1d,50,150,trend,87.98,3.48,0.301,-40.97,15,53.33,65.83,0.67,0.08,0.094,-42.24,7,57.14,59.05,87.26,2.41,0.229,-46.61,23,745.87,8.44,0.446,0.478,99.87,0
IWM,1d,50,200,trend,81.93,3.3,0.286,-40.9,12,75,67.21,-0.61,-0.08,0.086,-42.99,6,50,60.01,69.93,2.03,0.205,-50.41,19,745.87,8.44,0.446,0.478,99.87,0
IWM,1d,50,250,trend,188.27,5.91,0.449,-27.17,12,75,69.4,24.4,2.8,0.257,-39.36,5,40,54.83,152.62,3.58,0.297,-43.8,18,745.87,8.44,0.446,0.478,99.87,0
IWM,1d,50,300,trend,232.49,6.74,0.498,-26.09,6,66.67,70.4,21.27,2.47,0.235,-41.51,5,40,54.43,161.25,3.71,0.305,-48.06,12,745.87,8.44,0.446,0.478,99.87,0
IWM,1d,60,2,dip,102.22,3.89,0.301,-45.51,105,80,34.71,45.52,4.85,0.348,-38.56,45,82.22,35.87,188.51,4.1,0.31,-45.51,150,745.87,8.44,0.446,0.478,99.87,0
IWM,1d,60,3,dip,50.59,2.25,0.213,-46.76,86,80.23,34.71,56.39,5.81,0.398,-36.42,37,78.38,35.92,130.68,3.22,0.265,-46.76,123,745.87,8.44,0.446,0.478,99.87,0
IWM,1d,60,4,dip,43.8,1.99,0.2,-45.82,74,74.32,34.52,41.96,4.53,0.335,-36.42,34,70.59,35.21,99.94,2.66,0.236,-45.82,108,745.87,8.44,0.446,0.478,99.87,0
IWM,1d,60,5,dip,14.51,0.74,0.131,-53.5,65,75.38,34.39,54.57,5.66,0.392,-36.61,30,76.67,35.21,73.36,2.11,0.206,-53.5,95,745.87,8.44,0.446,0.478,99.87,0
IWM,1d,60,7,dip,74.09,3.05,0.258,-44.76,60,71.67,34.48,21.95,2.54,0.23,-34.35,23,65.22,34.76,106.32,2.79,0.243,-44.76,83,745.87,8.44,0.446,0.478,99.87,0
IWM,1d,60,9,dip,44.94,2.03,0.202,-51.21,49,73.47,34.2,29.83,3.35,0.274,-34.35,23,69.57,34.51,84.51,2.35,0.22,-51.21,72,745.87,8.44,0.446,0.478,99.87,0
IWM,1d,60,12,dip,10.99,0.57,0.12,-51.28,44,75,33.96,49.08,5.17,0.373,-34.35,22,63.64,34.46,61.51,1.84,0.192,-51.28,66,745.87,8.44,0.446,0.478,99.87,0
IWM,1d,60,15,dip,43.52,1.98,0.2,-46.2,42,73.81,33.96,50.11,5.27,0.377,-34.35,20,70,34.21,111.75,2.89,0.249,-46.2,62,745.87,8.44,0.446,0.478,99.87,0
IWM,1d,60,20,dip,68.83,2.88,0.25,-44.94,40,77.5,33.76,48.95,5.16,0.373,-34.35,21,66.67,33.25,151.27,3.56,0.287,-44.94,61,745.87,8.44,0.446,0.478,99.87,0
IWM,1d,60,25,dip,114.79,4.24,0.327,-42.83,41,75.61,33.7,23.53,2.71,0.24,-35.34,18,66.67,32.95,166.03,3.78,0.299,-42.83,59,745.87,8.44,0.446,0.478,99.87,0
IWM,1d,60,30,dip,107.75,4.05,0.316,-39.37,38,76.32,34.84,25.86,2.95,0.254,-36.74,17,64.71,32.65,165.66,3.78,0.299,-39.37,55,745.87,8.44,0.446,0.478,99.87,0
IWM,1d,60,40,dip,144.94,4.98,0.364,-32.39,42,64.29,35.58,28.87,3.26,0.27,-34.91,19,57.89,33.3,232,4.66,0.345,-34.91,61,745.87,8.44,0.446,0.478,99.87,0
IWM,1d,60,50,dip,113.5,4.2,0.324,-35.97,46,52.17,35.19,33.41,3.71,0.292,-31.99,24,45.83,34.21,202,4.28,0.325,-35.97,70,745.87,8.44,0.446,0.478,99.87,0
IWM,1d,60,75,trend,83.07,3.34,0.288,-47.01,40,52.5,63.95,1.43,0.18,0.099,-41.83,20,40,63.83,85.69,2.38,0.226,-47.01,60,745.87,8.44,0.446,0.478,99.87,0
IWM,1d,60,100,trend,170.41,5.55,0.446,-28.07,21,57.14,64.04,-9.2,-1.21,0.023,-41.87,10,30,61.07,150.88,3.55,0.301,-46.64,32,745.87,8.44,0.446,0.478,99.87,0
IWM,1d,60,125,trend,132.48,4.68,0.387,-43.9,18,66.67,64.77,-3.07,-0.39,0.069,-41.04,8,50,59.36,135.38,3.3,0.285,-43.9,27,745.87,8.44,0.446,0.478,99.87,0
IWM,1d,60,150,trend,44.48,2.02,0.207,-46.69,15,53.33,65.42,-13.91,-1.87,-0.016,-41.08,7,42.86,58.35,18.86,0.66,0.122,-47.72,23,745.87,8.44,0.446,0.478,99.87,0
IWM,1d,60,200,trend,53.33,2.35,0.227,-41.67,12,58.33,66.54,-1.83,-0.23,0.078,-43.1,6,50,59.96,43.01,1.37,0.165,-49.64,19,745.87,8.44,0.446,0.478,99.87,0
IWM,1d,60,250,trend,84.38,3.38,0.292,-39.31,11,54.55,68.78,12.24,1.47,0.172,-44.35,5,40,54.83,56.21,1.71,0.186,-44.35,17,745.87,8.44,0.446,0.478,99.87,0
IWM,1d,60,300,trend,181.63,5.78,0.438,-33.26,5,80,70.46,45.33,4.84,0.381,-33.53,5,40,54.18,174.09,3.9,0.314,-47.08,11,745.87,8.44,0.446,0.478,99.87,0
IWM,1d,75,2,dip,82.28,3.31,0.27,-50.11,111,77.48,33.68,43.19,4.64,0.337,-36.61,40,77.5,35.92,154.77,3.61,0.284,-50.11,151,745.87,8.44,0.446,0.478,99.87,0
IWM,1d,75,3,dip,57.29,2.49,0.226,-50.95,87,79.31,33.76,35.29,3.89,0.299,-36.61,33,81.82,35.92,108.79,2.83,0.244,-50.95,120,745.87,8.44,0.446,0.478,99.87,0
IWM,1d,75,4,dip,63.89,2.72,0.238,-50.95,71,77.46,33.55,38.13,4.17,0.313,-36.42,30,73.33,35.87,122.52,3.08,0.257,-50.95,101,745.87,8.44,0.446,0.478,99.87,0
IWM,1d,75,5,dip,49.92,2.22,0.212,-51.99,67,79.1,33.57,52.77,5.5,0.38,-34.35,28,75,35.92,125.13,3.13,0.259,-51.99,95,745.87,8.44,0.446,0.478,99.87,0
IWM,1d,75,7,dip,50.86,2.26,0.214,-50.76,58,77.59,33.64,50.08,5.26,0.37,-34.35,24,75,35.81,122.55,3.08,0.257,-50.76,82,745.87,8.44,0.446,0.478,99.87,0
IWM,1d,75,9,dip,12.18,0.63,0.125,-52.46,46,76.09,33.76,59.11,6.04,0.41,-34.35,22,68.18,35.71,76.19,2.17,0.209,-52.46,68,745.87,8.44,0.446,0.478,99.87,0
IWM,1d,75,12,dip,15.79,0.8,0.134,-53.52,43,74.42,33.42,65.17,6.54,0.438,-34.35,20,70,35.06,91.02,2.49,0.226,-53.52,63,745.87,8.44,0.446,0.478,99.87,0
IWM,1d,75,15,dip,13.6,0.69,0.128,-49.17,41,68.29,33.2,60.34,6.15,0.418,-34.35,19,68.42,35.21,82,2.3,0.216,-49.17,60,745.87,8.44,0.446,0.478,99.87,0
IWM,1d,75,20,dip,26.96,1.3,0.162,-48.95,36,72.22,32.97,63.5,6.41,0.434,-34.35,18,77.78,34.46,109.67,2.85,0.247,-48.95,54,745.87,8.44,0.446,0.478,99.87,0
IWM,1d,75,25,dip,91.22,3.58,0.289,-44.73,36,75,33.25,46.35,4.93,0.36,-37,19,73.68,33.5,181.27,4,0.31,-44.73,55,745.87,8.44,0.446,0.478,99.87,0
IWM,1d,75,30,dip,124.04,4.47,0.336,-44.87,37,72.97,34,16.55,1.95,0.199,-36.16,15,66.67,32.39,166.45,3.79,0.298,-44.87,52,745.87,8.44,0.446,0.478,99.87,0
IWM,1d,75,40,dip,142.52,4.92,0.361,-34.82,34,58.82,34.26,67.59,6.74,0.463,-26.7,13,69.23,31.94,329.49,5.69,0.401,-34.82,47,745.87,8.44,0.446,0.478,99.87,0
IWM,1d,75,50,dip,126.6,4.54,0.345,-31.48,33,63.64,34.8,51.62,5.4,0.393,-28.75,14,57.14,30.84,258.48,4.96,0.367,-31.48,47,745.87,8.44,0.446,0.478,99.87,0
IWM,1d,75,60,dip,97.5,3.76,0.302,-31.86,41,68.29,34.07,90.62,8.49,0.569,-23.35,20,60,31.59,290.41,5.31,0.388,-31.86,61,745.87,8.44,0.446,0.478,99.87,1
IWM,1d,75,100,trend,118.13,4.32,0.362,-37.06,25,60,63.78,-21.46,-3.01,-0.07,-42.26,13,30.77,65.39,71.33,2.06,0.208,-48.94,38,745.87,8.44,0.446,0.478,99.87,0
IWM,1d,75,125,trend,113.44,4.2,0.348,-36.46,18,50,64.17,6.96,0.85,0.139,-41.08,8,50,59.66,121.64,3.07,0.267,-46.58,27,745.87,8.44,0.446,0.478,99.87,0
IWM,1d,75,150,trend,64.19,2.73,0.251,-35.49,16,50,65.01,-0.68,-0.09,0.089,-41.08,8,50,58.95,55.6,1.69,0.185,-48.81,25,745.87,8.44,0.446,0.478,99.87,0
IWM,1d,75,200,trend,89.85,3.54,0.3,-39.09,11,54.55,67.25,-14.33,-1.93,-0.012,-41.08,7,28.57,58.7,60.22,1.8,0.191,-47.08,19,745.87,8.44,0.446,0.478,99.87,0
IWM,1d,75,250,trend,142.72,4.93,0.388,-37.46,12,58.33,68.82,23.8,2.73,0.25,-38.53,5,40,54.43,106.26,2.79,0.248,-48.18,19,745.87,8.44,0.446,0.478,99.87,0
IWM,1d,75,300,trend,267.13,7.31,0.528,-31.03,5,80,69.88,48.56,5.13,0.399,-30.33,5,40,53.12,255.33,4.93,0.371,-50.82,11,745.87,8.44,0.446,0.478,99.87,0
IWM,1d,100,2,dip,50.93,2.26,0.215,-51.1,77,83.12,30.34,41.82,4.51,0.333,-36.42,42,78.57,33.5,116.22,2.97,0.253,-51.1,119,745.87,8.44,0.446,0.478,99.87,0
IWM,1d,100,3,dip,1.1,0.06,0.092,-52.46,57,70.18,30.62,33.68,3.74,0.292,-34.35,36,80.56,33.75,36.52,1.19,0.156,-52.46,93,745.87,8.44,0.446,0.478,99.87,0
IWM,1d,100,4,dip,-1.21,-0.07,0.085,-55.06,49,71.43,30.38,46.88,4.98,0.355,-34.35,28,82.14,34.31,45.48,1.43,0.169,-55.06,77,745.87,8.44,0.446,0.478,99.87,0
IWM,1d,100,5,dip,4.57,0.24,0.102,-56.77,45,75.56,30.31,51.71,5.41,0.378,-34.35,26,80.77,34.15,59.05,1.78,0.188,-56.77,71,745.87,8.44,0.446,0.478,99.87,0
IWM,1d,100,7,dip,0.75,0.04,0.091,-53.71,37,75.68,30.42,57.28,5.89,0.405,-34.35,23,82.61,34,59.26,1.78,0.188,-53.71,60,745.87,8.44,0.446,0.478,99.87,0
IWM,1d,100,9,dip,19.4,0.97,0.143,-53.71,37,72.97,30.29,42.03,4.53,0.335,-34.35,18,72.22,33.4,72.29,2.09,0.205,-53.71,55,745.87,8.44,0.446,0.478,99.87,0
IWM,1d,100,12,dip,21.85,1.08,0.149,-53.71,33,75.76,30.21,64.66,6.5,0.439,-34.35,18,83.33,33.4,105.86,2.78,0.243,-53.71,51,745.87,8.44,0.446,0.478,99.87,0
IWM,1d,100,15,dip,37.92,1.76,0.187,-51.85,32,71.88,30.01,81.18,7.8,0.506,-34.35,18,83.33,33.35,154.98,3.62,0.289,-51.85,50,745.87,8.44,0.446,0.478,99.87,1
IWM,1d,100,20,dip,55.37,2.42,0.225,-50.4,31,67.74,29.84,72.77,7.15,0.474,-30.82,17,70.59,33.15,179.23,3.97,0.31,-50.4,48,745.87,8.44,0.446,0.478,99.87,0
IWM,1d,100,25,dip,61.19,2.62,0.237,-49.05,29,72.41,29.71,91.56,8.56,0.549,-26.93,17,76.47,33.25,223.5,4.56,0.343,-49.05,46,745.87,8.44,0.446,0.478,99.87,1
IWM,1d,100,30,dip,40.23,1.85,0.193,-49.47,25,76,29.91,46.44,4.94,0.361,-29.42,14,78.57,32.55,115.98,2.97,0.255,-49.47,39,745.87,8.44,0.446,0.478,99.87,0
IWM,1d,100,40,dip,98.28,3.78,0.3,-39.19,22,68.18,31.69,58.36,5.98,0.424,-27.08,10,80,31.29,231.69,4.66,0.347,-39.19,32,745.87,8.44,0.446,0.478,99.87,0
IWM,1d,100,50,dip,72.69,3.01,0.256,-43.26,23,69.57,32.77,51.87,5.42,0.403,-24.3,9,66.67,31.64,166.79,3.79,0.3,-43.26,32,745.87,8.44,0.446,0.478,99.87,0
IWM,1d,100,60,dip,42.68,1.95,0.198,-60.74,21,61.9,31.87,113.43,10.05,0.675,-22.38,10,80,30.58,211.86,4.41,0.336,-60.74,31,745.87,8.44,0.446,0.478,99.87,1
IWM,1d,100,75,dip,73.31,3.03,0.257,-54.64,26,65.38,34,144.89,11.98,0.801,-22.38,12,83.33,29.28,346.4,5.84,0.413,-54.64,38,745.87,8.44,0.446,0.478,99.87,1
IWM,1d,100,125,trend,106.56,4.01,0.329,-33.67,21,61.9,64.45,-6.37,-0.83,0.053,-43.63,14,42.86,62.37,95.43,2.58,0.236,-50.15,35,745.87,8.44,0.446,0.478,99.87,0
IWM,1d,100,150,trend,134.74,4.74,0.369,-33.85,17,52.94,64.98,-6.25,-0.81,0.054,-41.08,10,20,59.46,117.02,2.98,0.257,-45.88,28,745.87,8.44,0.446,0.478,99.87,0
IWM,1d,100,200,trend,63.92,2.72,0.245,-38.78,11,45.45,67.49,13.41,1.6,0.18,-41.08,7,57.14,59.91,72.62,2.09,0.206,-49.97,19,745.87,8.44,0.446,0.478,99.87,0
IWM,1d,100,250,trend,140.03,4.87,0.381,-35.24,9,66.67,68.74,62.76,6.35,0.469,-27.62,5,80,54.33,162.73,3.73,0.3,-50.22,15,745.87,8.44,0.446,0.478,99.87,0
IWM,1d,100,300,trend,169.99,5.54,0.418,-33.12,6,66.67,69.38,66.77,6.67,0.486,-27.51,4,100,55.23,210.99,4.4,0.337,-48.87,11,745.87,8.44,0.446,0.478,99.87,1
IWM,1d,125,2,dip,67.37,2.83,0.246,-50.95,78,82.05,30.1,25.24,2.88,0.248,-34.35,28,71.43,30.63,116.98,2.98,0.253,-50.95,106,745.87,8.44,0.446,0.478,99.87,0
IWM,1d,125,3,dip,46.86,2.11,0.206,-50.95,64,87.5,30.12,34.74,3.84,0.298,-34.35,26,73.08,30.63,104.83,2.76,0.241,-50.95,90,745.87,8.44,0.446,0.478,99.87,0
IWM,1d,125,4,dip,22.93,1.13,0.152,-51.83,48,81.25,30.12,34.24,3.79,0.295,-34.35,24,75,30.89,71.67,2.07,0.204,-51.83,72,745.87,8.44,0.446,0.478,99.87,0
IWM,1d,125,5,dip,10.06,0.52,0.118,-51.99,46,76.09,30.25,53.82,5.59,0.389,-34.35,20,75,30.73,76.1,2.17,0.209,-51.99,66,745.87,8.44,0.446,0.478,99.87,0
IWM,1d,125,7,dip,22.51,1.11,0.151,-51.49,36,66.67,30.14,62.34,6.31,0.429,-34.35,18,83.33,30.89,108.37,2.83,0.245,-51.49,54,745.87,8.44,0.446,0.478,99.87,0
IWM,1d,125,9,dip,11.5,0.59,0.122,-53.71,29,72.41,30.12,48.02,5.08,0.365,-34.35,16,75,30.84,73.43,2.11,0.207,-53.71,45,745.87,8.44,0.446,0.478,99.87,0
IWM,1d,125,12,dip,5.39,0.29,0.104,-56.91,27,77.78,29.95,35.48,3.91,0.304,-34.35,15,80,30.94,50.18,1.56,0.176,-56.91,42,745.87,8.44,0.446,0.478,99.87,0
IWM,1d,125,15,dip,4.41,0.23,0.101,-51.38,27,74.07,29.8,35.09,3.87,0.301,-30.82,14,71.43,30.63,50.05,1.55,0.176,-51.38,41,745.87,8.44,0.446,0.478,99.87,0
IWM,1d,125,20,dip,56.59,2.46,0.227,-49.05,24,75,30.08,69.89,6.93,0.465,-29.34,15,80,30.28,178.42,3.96,0.309,-49.05,39,745.87,8.44,0.446,0.478,99.87,0
IWM,1d,125,25,dip,67.84,2.85,0.25,-48.52,23,78.26,30.14,78.34,7.58,0.503,-26.93,13,92.31,30.94,216.19,4.47,0.338,-48.52,36,745.87,8.44,0.446,0.478,99.87,1
IWM,1d,125,30,dip,67.72,2.85,0.249,-47.39,24,79.17,29.95,80.14,7.72,0.518,-30.18,11,90.91,30.68,215.25,4.45,0.338,-47.39,35,745.87,8.44,0.446,0.478,99.87,1
IWM,1d,125,40,dip,79.48,3.22,0.272,-39.29,20,70,29.6,86.42,8.19,0.56,-27,10,90,30.89,246.64,4.83,0.362,-39.29,30,745.87,8.44,0.446,0.478,99.87,1
IWM,1d,125,50,dip,68.52,2.87,0.252,-46.61,18,61.11,29.84,86.12,8.17,0.563,-22.38,9,88.89,31.89,225.04,4.58,0.349,-46.61,27,745.87,8.44,0.446,0.478,99.87,1
IWM,1d,125,60,dip,76.84,3.14,0.265,-57.74,17,70.59,30.83,98.39,9.04,0.616,-23.38,8,87.5,31.54,254.85,4.92,0.366,-57.74,26,745.87,8.44,0.446,0.478,99.87,1
IWM,1d,125,75,dip,89.05,3.52,0.289,-61.45,17,70.59,31.09,89.8,8.43,0.603,-24.14,8,87.5,30.84,269.85,5.09,0.381,-61.45,26,745.87,8.44,0.446,0.478,99.87,1
IWM,1d,125,100,dip,94.5,3.68,0.299,-54.28,21,76.19,32.84,104.65,9.47,0.677,-27.3,13,69.23,31.24,315.15,5.55,0.41,-54.28,35,745.87,8.44,0.446,0.478,99.87,1
IWM,1d,125,150,trend,111.01,4.13,0.333,-35.75,18,61.11,64.53,54.4,5.64,0.38,-42.15,12,66.67,60.16,218.14,4.49,0.342,-48.57,31,745.87,8.44,0.446,0.478,99.87,0
IWM,1d,125,200,trend,34.65,1.63,0.18,-46.86,14,50,66.9,32.8,3.65,0.282,-41.08,7,71.43,60.31,60.6,1.81,0.19,-51.55,22,745.87,8.44,0.446,0.478,99.87,0
IWM,1d,125,250,trend,193.19,6.01,0.446,-31.03,8,75,68.8,84.02,8.01,0.568,-27.51,3,100,55.08,305.42,5.46,0.394,-47.08,12,745.87,8.44,0.446,0.478,99.87,1
IWM,1d,125,300,trend,221.87,6.55,0.475,-31.03,5,80,69.34,78.94,7.63,0.544,-27.51,3,100,54.28,327.53,5.67,0.406,-47.33,9,745.87,8.44,0.446,0.478,99.87,1
IWM,1d,150,2,dip,34.8,1.63,0.18,-50.95,65,83.08,29.32,38.97,4.25,0.318,-34.35,26,80.77,30.99,106.61,2.79,0.243,-50.95,94,745.87,8.44,0.446,0.478,99.87,0
IWM,1d,150,3,dip,24.65,1.2,0.156,-50.95,56,82.14,29.04,47.51,5.03,0.358,-34.35,23,78.26,30.99,106.66,2.79,0.243,-50.95,82,745.87,8.44,0.446,0.478,99.87,0
IWM,1d,150,4,dip,23.14,1.14,0.152,-50.95,45,80,29.06,60.8,6.18,0.416,-34.35,21,85.71,30.99,124.46,3.12,0.26,-50.95,69,745.87,8.44,0.446,0.478,99.87,0
IWM,1d,150,5,dip,14.07,0.72,0.129,-49.97,40,72.5,28.87,77.07,7.49,0.481,-34.35,21,90.48,31.39,130.92,3.23,0.266,-49.97,64,745.87,8.44,0.446,0.478,99.87,1
IWM,1d,150,7,dip,29.71,1.42,0.168,-49.05,33,75.76,29,44.13,4.73,0.343,-34.35,16,87.5,31.39,110.55,2.87,0.248,-49.05,52,745.87,8.44,0.446,0.478,99.87,0
IWM,1d,150,9,dip,31.74,1.51,0.173,-49.49,29,79.31,28.98,54.34,5.64,0.388,-34.35,15,73.33,31.34,126.01,3.14,0.262,-49.49,47,745.87,8.44,0.446,0.478,99.87,0
IWM,1d,150,12,dip,34.66,1.63,0.18,-49.74,29,72.41,29.3,51.29,5.37,0.376,-30.82,12,91.67,31.34,116.34,2.97,0.254,-49.74,42,745.87,8.44,0.446,0.478,99.87,0
IWM,1d,150,15,dip,48.47,2.17,0.21,-49.05,26,80.77,29.43,54.87,5.68,0.396,-27.24,12,91.67,31.04,144.22,3.45,0.28,-49.05,39,745.87,8.44,0.446,0.478,99.87,0
IWM,1d,150,20,dip,47.19,2.12,0.208,-48.02,24,70.83,29.28,68.22,6.79,0.459,-27.37,12,83.33,30.63,158.35,3.67,0.293,-48.02,36,745.87,8.44,0.446,0.478,99.87,0
IWM,1d,150,25,dip,87.72,3.48,0.287,-43.36,24,79.17,29.37,82.59,7.9,0.525,-26.93,10,90,30.78,253.92,4.91,0.365,-43.36,34,745.87,8.44,0.446,0.478,99.87,1
IWM,1d,150,30,dip,107.65,4.04,0.319,-42.5,23,82.61,29.22,73.99,7.25,0.495,-29.18,10,80,30.53,274.65,5.14,0.378,-42.5,33,745.87,8.44,0.446,0.478,99.87,1
IWM,1d,150,40,dip,68.96,2.89,0.252,-40.82,18,66.67,29.95,86.53,8.19,0.561,-24.34,8,87.5,29.43,220.61,4.52,0.344,-40.82,26,745.87,8.44,0.446,0.478,99.87,1
IWM,1d,150,50,dip,93.88,3.66,0.299,-39.19,14,78.57,28.59,103.18,9.37,0.632,-22.38,7,85.71,30.68,295.86,5.36,0.395,-39.19,22,745.87,8.44,0.446,0.478,99.87,1
IWM,1d,150,60,dip,161.83,5.36,0.399,-39.19,14,71.43,28.87,139.76,11.68,0.772,-22.38,7,85.71,31.79,547.33,7.35,0.511,-39.19,22,745.87,8.44,0.446,0.478,99.87,1
IWM,1d,150,75,dip,121.98,4.42,0.348,-54.16,15,73.33,29.04,102.07,9.29,0.657,-22.38,8,87.5,30.99,375.84,6.1,0.447,-54.16,24,745.87,8.44,0.446,0.478,99.87,1
IWM,1d,150,100,dip,62.71,2.68,0.246,-48.85,16,56.25,29.75,117.33,10.3,0.759,-22.38,10,80,30.03,256.7,4.94,0.388,-48.85,27,745.87,8.44,0.446,0.478,99.87,1
IWM,1d,150,125,dip,72.1,2.99,0.266,-41.72,17,64.71,29.88,29.41,3.31,0.299,-35.23,11,45.45,32.24,130.8,3.23,0.282,-41.72,30,745.87,8.44,0.446,0.478,99.87,0
IWM,1d,150,200,trend,97.3,3.76,0.305,-40.91,13,61.54,66.21,12.8,1.53,0.176,-41.08,7,57.14,55.73,123.78,3.1,0.262,-47.42,21,745.87,8.44,0.446,0.478,99.87,0
IWM,1d,150,250,trend,172.58,5.59,0.421,-30.74,9,66.67,67.9,59.89,6.11,0.468,-27.51,4,75,51.81,260.12,4.98,0.37,-41.81,14,745.87,8.44,0.446,0.478,99.87,0
IWM,1d,150,300,trend,177.07,5.68,0.423,-29.84,5,80,68.8,58.65,6,0.453,-27.51,3,100,53.67,261.91,5,0.369,-41.58,9,745.87,8.44,0.446,0.478,99.87,0
IWM,1d,200,2,dip,67.51,2.84,0.248,-50.95,56,80.36,26.69,15.83,1.87,0.194,-34.35,16,87.5,28.42,125.6,3.14,0.262,-50.95,79,745.87,8.44,0.446,0.478,99.87,0
IWM,1d,200,3,dip,60.16,2.59,0.234,-50.95,42,85.71,26.71,12.07,1.45,0.171,-34.35,13,69.23,28.47,109.74,2.85,0.247,-50.95,61,745.87,8.44,0.446,0.478,99.87,0
IWM,1d,200,4,dip,52.7,2.32,0.219,-50.95,35,85.71,26.58,21.47,2.49,0.227,-34.35,12,75,28.32,111.17,2.88,0.248,-50.95,52,745.87,8.44,0.446,0.478,99.87,0
IWM,1d,200,5,dip,34.68,1.63,0.18,-51.99,32,84.38,26.52,30.96,3.47,0.279,-34.35,11,81.82,28.32,90.34,2.47,0.226,-51.99,46,745.87,8.44,0.446,0.478,99.87,0
IWM,1d,200,7,dip,48.39,2.16,0.211,-49.05,28,75,26.48,13.52,1.62,0.18,-34.35,11,72.73,28.67,95.82,2.58,0.233,-49.05,42,745.87,8.44,0.446,0.478,99.87,0
IWM,1d,200,9,dip,39.15,1.81,0.19,-49.05,28,75,26.35,21.14,2.45,0.225,-32.91,9,77.78,28.87,100.61,2.68,0.238,-49.05,40,745.87,8.44,0.446,0.478,99.87,0
IWM,1d,200,12,dip,40.65,1.87,0.194,-50.5,22,77.27,25.94,18.58,2.18,0.21,-29.17,7,85.71,28.82,98.93,2.64,0.237,-50.5,32,745.87,8.44,0.446,0.478,99.87,0
IWM,1d,200,15,dip,39.38,1.82,0.192,-50.5,20,75,25.79,28.26,3.19,0.266,-27.34,7,85.71,28.87,103.09,2.73,0.242,-50.5,29,745.87,8.44,0.446,0.478,99.87,0
IWM,1d,200,20,dip,34.67,1.63,0.18,-50.5,16,75,25.61,49.25,5.19,0.377,-27.12,8,87.5,29.48,129.7,3.21,0.27,-50.5,25,745.87,8.44,0.446,0.478,99.87,0
IWM,1d,200,25,dip,37.35,1.74,0.187,-46.94,16,75,25.38,67.87,6.76,0.467,-26.93,8,87.5,29.33,151.21,3.56,0.292,-46.94,25,745.87,8.44,0.446,0.478,99.87,0
IWM,1d,200,30,dip,37.26,1.73,0.187,-46.59,13,61.54,25.33,74.92,7.32,0.509,-26.93,7,85.71,28.92,163.41,3.74,0.304,-46.59,21,745.87,8.44,0.446,0.478,99.87,1
IWM,1d,200,40,dip,93.39,3.64,0.302,-41.98,13,69.23,25.96,90.75,8.5,0.585,-24.34,6,83.33,28.47,270.96,5.1,0.386,-41.98,20,745.87,8.44,0.446,0.478,99.87,1
IWM,1d,200,50,dip,105.03,3.97,0.321,-40.97,11,81.82,27.1,105.89,9.55,0.648,-22.38,6,83.33,28.22,347,5.85,0.428,-40.97,18,745.87,8.44,0.446,0.478,99.87,1
IWM,1d,200,60,dip,148.38,5.06,0.383,-39.79,11,90.91,27.62,104.82,9.48,0.66,-22.38,6,83.33,28.07,442.28,6.63,0.474,-39.79,18,745.87,8.44,0.446,0.478,99.87,1
IWM,1d,200,75,dip,103.87,3.94,0.322,-52.67,10,80,26.71,128.28,10.99,0.765,-22.38,7,85.71,29.07,391.36,6.23,0.459,-52.67,18,745.87,8.44,0.446,0.478,99.87,1
IWM,1d,200,100,dip,133.08,4.7,0.38,-36.85,10,90,26.07,72.49,7.13,0.562,-22.38,7,85.71,27.92,350.2,5.88,0.456,-36.85,18,745.87,8.44,0.446,0.478,99.87,1
IWM,1d,200,125,dip,171.31,5.56,0.438,-36.35,13,84.62,27.15,45.56,4.86,0.415,-25.09,7,57.14,27.21,362.69,5.99,0.469,-36.35,21,745.87,8.44,0.446,0.478,99.87,0
IWM,1d,200,150,dip,92.79,3.63,0.312,-55.42,12,91.67,27.64,69.28,6.88,0.534,-22.38,7,57.14,31.19,245.74,4.82,0.389,-55.42,20,745.87,8.44,0.446,0.478,99.87,1
IWM,1d,200,250,trend,194.14,6.03,0.444,-28.92,11,63.64,67.08,25.81,2.94,0.269,-27.81,5,80,49.45,174.97,3.91,0.311,-46.41,17,745.87,8.44,0.446,0.478,99.87,0
IWM,1d,200,300,trend,205.96,6.26,0.457,-28.92,6,66.67,67.55,37.58,4.11,0.34,-30.98,4,75,51.31,231.56,4.65,0.351,-45.46,11,745.87,8.44,0.446,0.478,99.87,0
IWM,1d,250,2,dip,57.94,2.51,0.23,-51.1,47,82.98,26.22,17.5,2.06,0.204,-34.35,11,90.91,28.02,120.66,3.05,0.257,-51.1,66,745.87,8.44,0.446,0.478,99.87,0
IWM,1d,250,3,dip,23.65,1.16,0.153,-54.65,39,74.36,26.26,18.63,2.18,0.21,-34.35,10,80,27.97,75.16,2.15,0.209,-54.65,54,745.87,8.44,0.446,0.478,99.87,0
IWM,1d,250,4,dip,66.62,2.81,0.247,-54.52,36,83.33,26.13,19.74,2.3,0.217,-34.35,9,88.89,28.07,144.58,3.45,0.28,-54.52,50,745.87,8.44,0.446,0.478,99.87,0
IWM,1d,250,5,dip,47.33,2.12,0.208,-54.24,31,83.87,26.02,12.91,1.55,0.176,-34.35,8,87.5,28.02,106.42,2.79,0.244,-54.24,43,745.87,8.44,0.446,0.478,99.87,0
IWM,1d,250,7,dip,31.33,1.49,0.172,-53.71,25,80,25.94,5,0.62,0.126,-34.35,6,66.67,28.37,69.85,2.03,0.202,-53.71,35,745.87,8.44,0.446,0.478,99.87,0
IWM,1d,250,9,dip,4.33,0.23,0.099,-54.07,20,60,26.11,10.81,1.31,0.163,-32.91,6,66.67,28.42,38.06,1.23,0.158,-54.07,30,745.87,8.44,0.446,0.478,99.87,0
IWM,1d,250,12,dip,13.48,0.69,0.125,-56.23,18,61.11,26.05,20.22,2.35,0.22,-26.93,5,80,28.47,68.32,2,0.201,-56.23,27,745.87,8.44,0.446,0.478,99.87,0
IWM,1d,250,15,dip,27.07,1.31,0.161,-54.98,16,68.75,25.79,20.5,2.38,0.222,-26.93,5,80,28.47,81.81,2.29,0.218,-54.98,24,745.87,8.44,0.446,0.478,99.87,0
IWM,1d,250,20,dip,16.88,0.85,0.134,-53.71,13,69.23,25.33,56.17,5.79,0.412,-26.93,5,80,28.47,111.09,2.88,0.251,-53.71,20,745.87,8.44,0.446,0.478,99.87,0
IWM,1d,250,25,dip,37.84,1.76,0.188,-53.71,12,66.67,24.88,62.31,6.31,0.443,-26.93,5,80,28.42,146.61,3.49,0.287,-53.71,19,745.87,8.44,0.446,0.478,99.87,0
IWM,1d,250,30,dip,60.75,2.61,0.239,-53.04,14,71.43,25.03,68.34,6.8,0.479,-26.93,5,80,28.22,186.49,4.08,0.322,-53.04,22,745.87,8.44,0.446,0.478,99.87,1
IWM,1d,250,40,dip,42.61,1.94,0.2,-55.97,10,80,24.92,93.66,8.71,0.597,-24.83,5,80,28.12,204.09,4.31,0.337,-55.97,17,745.87,8.44,0.446,0.478,99.87,1
IWM,1d,250,50,dip,30.84,1.47,0.171,-55.97,11,81.82,24.8,128.17,10.98,0.738,-22.38,5,80,27.77,204.41,4.32,0.339,-55.97,17,745.87,8.44,0.446,0.478,99.87,1
IWM,1d,250,60,dip,103.56,3.93,0.318,-55.97,10,80,25.25,144.18,11.94,0.81,-22.38,5,100,27.62,389.91,6.22,0.45,-55.97,16,745.87,8.44,0.446,0.478,99.87,1
IWM,1d,250,75,dip,56.98,2.48,0.233,-57.1,11,90.91,24.92,111.49,9.93,0.717,-22.38,5,80,27.82,276.2,5.16,0.395,-57.1,18,745.87,8.44,0.446,0.478,99.87,1
IWM,1d,250,100,dip,63.42,2.7,0.247,-55.97,8,87.5,24.51,57.73,5.93,0.477,-22.38,5,80,27.67,204.4,4.32,0.349,-55.97,14,745.87,8.44,0.446,0.478,99.87,0
IWM,1d,250,125,dip,24.48,1.19,0.154,-55.97,7,85.71,21.13,33.04,3.67,0.328,-22.38,3,66.67,26.76,83.98,2.34,0.23,-55.97,11,745.87,8.44,0.446,0.478,99.87,0
IWM,1d,250,150,dip,35.95,1.68,0.186,-54.6,8,62.5,21.58,52.94,5.51,0.438,-22.38,4,75,30.03,110.07,2.86,0.262,-54.6,13,745.87,8.44,0.446,0.478,99.87,0
IWM,1d,250,200,dip,48.89,2.18,0.218,-54.27,10,60,25.49,125.59,10.83,0.748,-22.38,5,80,32.7,224.74,4.57,0.366,-54.27,16,745.87,8.44,0.446,0.478,99.87,1
IWM,1d,250,300,trend,238.02,6.83,0.491,-28.92,7,85.71,68.05,48.73,5.14,0.406,-27.51,5,80,50.3,263.63,5.02,0.371,-45.53,13,745.87,8.44,0.446,0.478,99.87,0
IWM,1d,300,2,dip,54.65,2.39,0.225,-53.71,34,85.29,22.53,12.16,1.46,0.171,-34.35,12,75,27.36,112.72,2.91,0.252,-53.71,55,745.87,8.44,0.446,0.478,99.87,0
IWM,1d,300,3,dip,28.04,1.35,0.164,-55.4,25,76,22.53,17.85,2.1,0.206,-34.35,10,90,27.36,84.56,2.35,0.221,-55.4,42,745.87,8.44,0.446,0.478,99.87,0
IWM,1d,300,4,dip,41.89,1.92,0.198,-53.71,23,78.26,22.51,14.93,1.77,0.188,-34.35,8,87.5,27.36,101.72,2.7,0.241,-53.71,37,745.87,8.44,0.446,0.478,99.87,0
IWM,1d,300,5,dip,29.26,1.4,0.167,-54.34,18,77.78,22.45,12.43,1.49,0.173,-34.35,8,75,27.26,78.75,2.23,0.214,-54.34,31,745.87,8.44,0.446,0.478,99.87,0
IWM,1d,300,7,dip,18.67,0.93,0.139,-55.34,18,72.22,22.6,8.12,0.99,0.146,-34.35,6,66.67,27.36,52.16,1.61,0.179,-55.34,29,745.87,8.44,0.446,0.478,99.87,0
IWM,1d,300,9,dip,24.92,1.21,0.156,-56.79,13,76.92,22.53,16.53,1.95,0.198,-30.82,6,83.33,27.31,84.11,2.34,0.221,-56.79,24,745.87,8.44,0.446,0.478,99.87,0
IWM,1d,300,12,dip,6.5,0.34,0.102,-56.95,12,83.33,22.45,25.75,2.94,0.252,-25.87,5,80,27.31,65.21,1.92,0.197,-56.95,22,745.87,8.44,0.446,0.478,99.87,0
IWM,1d,300,15,dip,8.32,0.43,0.108,-55.97,10,80,22.29,41.72,4.5,0.338,-23.72,5,80,27.36,86.2,2.39,0.224,-55.97,19,745.87,8.44,0.446,0.478,99.87,0
IWM,1d,300,20,dip,8.69,0.45,0.109,-56.34,9,66.67,22.08,64.24,6.47,0.454,-22.38,5,100,27.52,114.31,2.94,0.257,-56.34,17,745.87,8.44,0.446,0.478,99.87,0
IWM,1d,300,25,dip,11.86,0.61,0.118,-55.97,7,71.43,21.91,96.09,8.88,0.598,-22.38,5,80,27.62,149.17,3.53,0.292,-55.97,15,745.87,8.44,0.446,0.478,99.87,1
IWM,1d,300,30,dip,-2.95,-0.16,0.07,-55.97,6,50,21.6,106.44,9.59,0.641,-22.38,5,100,27.72,123,3.09,0.267,-55.97,13,745.87,8.44,0.446,0.478,99.87,1
IWM,1d,300,40,dip,11,0.57,0.116,-55.97,6,83.33,23.57,129.82,11.09,0.742,-22.38,5,80,28.07,181.9,4.01,0.321,-55.97,14,745.87,8.44,0.446,0.478,99.87,1
IWM,1d,300,50,dip,18.08,0.91,0.137,-55.97,6,83.33,22.94,143.75,11.91,0.792,-22.38,5,80,28.12,206.39,4.34,0.341,-55.97,12,745.87,8.44,0.446,0.478,99.87,1
IWM,1d,300,60,dip,40.08,1.85,0.194,-55.97,5,80,22.7,88.59,8.35,0.607,-22.38,5,80,28.27,193.47,4.17,0.335,-55.97,11,745.87,8.44,0.446,0.478,99.87,1
IWM,1d,300,75,dip,24.56,1.2,0.155,-57.32,5,80,23.11,76.24,7.42,0.559,-23.53,5,80,29.12,162.41,3.73,0.31,-57.32,11,745.87,8.44,0.446,0.478,99.87,1
IWM,1d,300,100,dip,58,2.51,0.237,-55.97,5,80,23.63,54.13,5.62,0.457,-22.38,4,75,26.76,180.03,3.99,0.33,-55.97,10,745.87,8.44,0.446,0.478,99.87,0
IWM,1d,300,125,dip,13.79,0.7,0.122,-56.96,4,75,20.59,37.87,4.14,0.361,-23.5,3,66.67,27.62,75.1,2.15,0.217,-56.96,8,745.87,8.44,0.446,0.478,99.87,0
IWM,1d,300,150,dip,31.1,1.48,0.173,-54.27,4,75,20.78,55.5,5.74,0.463,-22.38,3,66.67,28.22,105.13,2.76,0.257,-54.27,8,745.87,8.44,0.446,0.478,99.87,0
IWM,1d,300,200,dip,27.75,1.34,0.164,-54.27,5,60,23.37,86.82,8.22,0.611,-22.38,4,50,30.68,140.66,3.39,0.296,-54.27,10,745.87,8.44,0.446,0.478,99.87,1
IWM,1d,300,250,dip,15.68,0.79,0.128,-54.27,6,66.67,23.03,75.61,7.37,0.556,-22.79,5,40,31.64,119.25,3.02,0.273,-54.27,12,745.87,8.44,0.446,0.478,99.87,1
IWM,1h,2,3,trend,-12.71,-9.22,-0.542,-25.1,439,36.67,52.09,-15.41,-24.65,-2.034,-16.25,192,35.94,49.95,-26.15,-14.09,-0.937,-34.99,632,27.9,13.11,0.677,0.764,8.16,0
IWM,1h,2,4,trend,-11.51,-8.33,-0.471,-25.05,317,34.7,52.71,-20.96,-32.81,-2.872,-21.51,143,31.47,51.77,-31.62,-17.33,-1.168,-38.24,462,27.9,13.11,0.677,0.764,8.16,0
IWM,1h,2,5,trend,1.5,1.06,0.146,-20.59,258,37.21,52.63,-8.63,-14.15,-1.056,-13.46,114,32.46,52.73,-8.76,-4.49,-0.214,-20.59,373,27.9,13.11,0.677,0.764,8.16,0
IWM,1h,2,7,trend,-4.07,-2.91,-0.092,-24.8,198,34.34,51.35,-3.96,-6.61,-0.425,-11.1,81,33.33,53.68,-9.36,-4.8,-0.222,-24.8,280,27.9,13.11,0.677,0.764,8.16,0
IWM,1h,2,9,trend,-16.75,-12.23,-0.726,-26.94,172,33.72,51.56,-8.77,-14.38,-1.076,-13.39,61,29.51,53.3,-26.26,-14.15,-0.895,-33.15,234,27.9,13.11,0.677,0.764,8.16,0
IWM,1h,2,12,trend,-8.01,-5.77,-0.294,-23.84,149,34.23,51.39,-15.8,-25.24,-2.16,-17.5,62,25.81,53.21,-25.39,-13.65,-0.878,-32.46,212,27.9,13.11,0.677,0.764,8.16,0
IWM,1h,2,15,trend,-12.37,-8.97,-0.51,-27.07,128,30.47,50.9,-10.25,-16.71,-1.278,-16.65,55,23.64,53.59,-24.24,-12.98,-0.819,-32.33,184,27.9,13.11,0.677,0.764,8.16,0
IWM,1h,2,20,trend,-0.51,-0.36,0.056,-21.65,98,37.76,51.6,-5.46,-9.06,-0.665,-14.78,48,20.83,51.48,-10.84,-5.58,-0.3,-21.65,148,27.9,13.11,0.677,0.764,8.16,0
IWM,1h,2,25,trend,-5.56,-3.99,-0.19,-22.82,86,27.91,52.63,-4.2,-7,-0.494,-12.04,41,17.07,51.39,-14.06,-7.31,-0.434,-23.62,129,27.9,13.11,0.677,0.764,8.16,0
IWM,1h,2,30,trend,-2.87,-2.05,-0.059,-21.93,74,29.73,54.43,0.2,0.34,0.092,-10,37,24.32,51.1,-7.78,-3.98,-0.196,-21.93,113,27.9,13.11,0.677,0.764,8.16,0
IWM,1h,2,40,trend,6.74,4.75,0.4,-16.66,66,33.33,54.88,0.28,0.47,0.101,-9.82,32,25,49.28,1.43,0.71,0.121,-18.32,100,27.9,13.11,0.677,0.764,8.16,0
IWM,1h,2,50,trend,2.2,1.56,0.18,-13.72,60,30,53.28,3.63,6.22,0.534,-7.77,22,27.27,48.71,0.58,0.29,0.091,-15.98,85,27.9,13.11,0.677,0.764,8.16,0
IWM,1h,2,60,trend,2.64,1.87,0.202,-14.99,55,27.27,52.91,5.81,10.02,0.825,-6.12,20,25,46.7,2.67,1.33,0.164,-15.39,77,27.9,13.11,0.677,0.764,8.16,1
IWM,1h,2,75,trend,3.03,2.15,0.221,-14.12,48,16.67,54.18,11.23,19.71,1.52,-3.83,13,38.46,45.74,10.39,5.07,0.427,-16.49,62,27.9,13.11,0.677,0.764,8.16,1
IWM,1h,2,100,trend,5.56,3.93,0.347,-12.74,45,31.11,56.44,9.04,15.76,1.252,-5.16,13,38.46,47.94,10.61,5.18,0.437,-14.19,59,27.9,13.11,0.677,0.764,8.16,1
IWM,1h,2,125,trend,7.48,5.27,0.438,-11.59,39,35.9,60.91,10.53,18.45,1.381,-7.17,10,40,49.67,13.41,6.5,0.523,-16.64,52,27.9,13.11,0.677,0.764,8.16,1
IWM,1h,2,150,trend,16.39,11.4,0.843,-13.75,28,28.57,61.4,7.79,13.52,1.036,-6.03,14,35.71,52.82,20.84,9.94,0.748,-18.14,43,27.9,13.11,0.677,0.764,8.16,1
IWM,1h,2,200,trend,9.16,6.43,0.546,-12.48,23,21.74,55.91,-0.5,-0.85,-0.034,-6.31,9,33.33,38.37,14.34,6.94,0.574,-15.46,35,27.9,13.11,0.677,0.764,8.16,0
IWM,1h,2,250,trend,10,7.02,0.573,-10.36,19,31.58,57.75,0.78,1.32,0.201,-4.81,4,50,32.06,14.56,7.04,0.566,-10.94,25,27.9,13.11,0.677,0.764,8.16,0
IWM,1h,2,300,trend,14.93,10.41,0.814,-7.14,16,18.75,56.81,-0.51,-0.87,-0.195,-3.05,2,50,13.01,23.58,11.19,0.842,-9.2,21,27.9,13.11,0.677,0.764,8.16,0
IWM,1h,3,2,dip,-18.82,-13.79,-0.827,-27.76,439,54.67,47.66,-0.22,-0.37,0.044,-11.77,192,53.65,49.67,-18.64,-9.82,-0.578,-27.76,632,27.9,13.11,0.677,0.764,8.16,0
IWM,1h,3,4,trend,-8.79,-6.34,-0.335,-22.78,360,37.78,51.76,-10.38,-16.91,-1.306,-14.49,151,33.11,51.48,-20.57,-10.89,-0.672,-28.87,512,27.9,13.11,0.677,0.764,8.16,0
IWM,1h,3,5,trend,-9.53,-6.88,-0.346,-23.91,265,36.23,51.68,1.11,1.89,0.204,-9.76,107,33.64,52.73,-10,-5.14,-0.247,-23.91,373,27.9,13.11,0.677,0.764,8.16,0
IWM,1h,3,7,trend,-8.83,-6.36,-0.308,-22.54,189,35.98,50.82,-10.14,-16.53,-1.241,-12.12,77,32.47,53.4,-20.44,-10.82,-0.627,-26.45,267,27.9,13.11,0.677,0.764,8.16,0
IWM,1h,3,9,trend,-19.98,-14.67,-0.879,-25.4,163,36.2,51.03,-9.75,-15.92,-1.185,-13.25,58,31.03,53.4,-29.88,-16.29,-1.032,-34.48,222,27.9,13.11,0.677,0.764,8.16,0
IWM,1h,3,12,trend,-12.67,-9.19,-0.531,-29.76,135,36.3,51.89,-14.23,-22.86,-1.906,-15.31,53,26.42,53.01,-27.85,-15.08,-0.991,-35.08,189,27.9,13.11,0.677,0.764,8.16,0
IWM,1h,3,15,trend,-9.41,-6.79,-0.362,-28.25,117,37.61,51.23,-9.48,-15.5,-1.147,-16.41,51,25.49,53.59,-21.01,-11.14,-0.681,-29.39,169,27.9,13.11,0.677,0.764,8.16,0
IWM,1h,3,20,trend,-0.85,-0.61,0.039,-25.58,90,40,51.68,-4.37,-7.28,-0.514,-14.23,40,22.5,51.48,-10.16,-5.22,-0.279,-25.58,132,27.9,13.11,0.677,0.764,8.16,0
IWM,1h,3,25,trend,1,0.71,0.122,-20.02,73,32.88,52.58,-3.42,-5.72,-0.384,-12.07,35,20,51.77,-7.59,-3.88,-0.191,-20.02,110,27.9,13.11,0.677,0.764,8.16,0
IWM,1h,3,30,trend,-0.43,-0.3,0.056,-20.8,66,34.85,54.02,1.6,2.72,0.271,-7.64,32,21.88,50.91,-4.16,-2.1,-0.068,-20.8,100,27.9,13.11,0.677,0.764,8.16,0
IWM,1h,3,40,trend,-2.06,-1.47,-0.024,-23.16,57,33.33,55.13,1.92,3.26,0.311,-7.71,27,29.63,48.71,-4.39,-2.22,-0.08,-23.16,86,27.9,13.11,0.677,0.764,8.16,0
IWM,1h,3,50,trend,3.02,2.14,0.221,-12.58,53,35.85,53.04,8.46,14.72,1.157,-5.26,18,38.89,48.33,7.37,3.63,0.325,-12.58,72,27.9,13.11,0.677,0.764,8.16,1
IWM,1h,3,60,trend,4.53,3.2,0.298,-11.09,47,25.53,53.32,8.34,14.5,1.16,-5.29,16,31.25,46.51,8.46,4.15,0.367,-13.92,65,27.9,13.11,0.677,0.764,8.16,1
IWM,1h,3,75,trend,4.88,3.45,0.311,-15.05,44,22.73,54.18,12.87,22.71,1.741,-4.21,12,50,46.32,13.75,6.67,0.536,-15.05,57,27.9,13.11,0.677,0.764,8.16,1
IWM,1h,3,100,trend,4.09,2.89,0.275,-13.8,36,27.78,56.44,9.18,16.01,1.279,-4.38,10,50,47.75,9.51,4.65,0.401,-13.8,47,27.9,13.11,0.677,0.764,8.16,1
IWM,1h,3,125,trend,8.4,5.91,0.482,-11.49,30,40,60.87,9.55,16.68,1.265,-7.39,9,44.44,49.86,13.29,6.45,0.52,-16.7,41,27.9,13.11,0.677,0.764,8.16,1
IWM,1h,3,150,trend,16.7,11.62,0.854,-12.9,23,21.74,61.53,6.32,10.91,0.865,-6.95,13,38.46,52.92,19.22,9.2,0.7,-17.99,37,27.9,13.11,0.677,0.764,8.16,1
IWM,1h,3,200,trend,8.44,5.94,0.511,-12.01,21,28.57,55.95,-1.24,-2.09,-0.159,-7.09,8,25,38.28,14.16,6.86,0.573,-13.73,32,27.9,13.11,0.677,0.764,8.16,0
IWM,1h,3,250,trend,8.04,5.66,0.481,-9.22,18,33.33,57.79,1.71,2.91,0.387,-4.61,3,66.67,32.25,14.22,6.88,0.557,-12.6,23,27.9,13.11,0.677,0.764,8.16,0
IWM,1h,3,300,trend,15.88,11.06,0.855,-7.02,13,30.77,56.69,-0.29,-0.49,-0.103,-3.05,2,50,12.92,25.32,11.97,0.891,-7.95,18,27.9,13.11,0.677,0.764,8.16,0
IWM,1h,4,2,dip,-6.74,-4.84,-0.227,-21.08,317,58.36,47.01,15.71,27.99,1.874,-7.79,144,59.72,47.46,8.39,4.12,0.338,-21.08,462,27.9,13.11,0.677,0.764,8.16,1
IWM,1h,4,3,dip,-14.07,-10.23,-0.581,-26.18,360,50.83,47.95,2.27,3.87,0.349,-7.04,152,54.61,47.66,-12.13,-6.27,-0.339,-26.18,512,27.9,13.11,0.677,0.764,8.16,0
IWM,1h,4,5,trend,-16.89,-12.34,-0.707,-25.17,311,38.26,51.44,-1.67,-2.81,-0.134,-12.26,132,37.12,51.67,-19.6,-10.35,-0.594,-29.69,444,27.9,13.11,0.677,0.764,8.16,0
IWM,1h,4,7,trend,-13.47,-9.78,-0.524,-23.93,189,38.1,51.35,-7.7,-12.67,-0.89,-12.22,78,32.05,52.06,-22.45,-11.95,-0.696,-27.25,268,27.9,13.11,0.677,0.764,8.16,0
IWM,1h,4,9,trend,-14.24,-10.36,-0.603,-25.82,144,38.19,51.52,-8.53,-14,-1.065,-12.14,56,28.57,53.21,-23.83,-12.75,-0.802,-29.37,201,27.9,13.11,0.677,0.764,8.16,0
IWM,1h,4,12,trend,-9.54,-6.89,-0.377,-28.62,121,38.84,51.68,-11.21,-18.21,-1.467,-14.56,51,29.41,52.25,-22.64,-12.06,-0.77,-28.84,173,27.9,13.11,0.677,0.764,8.16,0
IWM,1h,4,15,trend,0.55,0.39,0.104,-27.06,102,42.16,50.7,-10.08,-16.44,-1.228,-17.11,48,31.25,53.4,-13.12,-6.8,-0.376,-27.06,151,27.9,13.11,0.677,0.764,8.16,0
IWM,1h,4,20,trend,-2.89,-2.07,-0.06,-25.27,81,37.04,50.74,-8.24,-13.53,-1.056,-17.45,39,23.08,50.62,-16.09,-8.41,-0.513,-25.85,122,27.9,13.11,0.677,0.764,8.16,0
IWM,1h,4,25,trend,-3.68,-2.63,-0.097,-20.93,64,37.5,52.34,-5.01,-8.32,-0.593,-13.65,36,22.22,51.1,-13.61,-7.06,-0.413,-23.77,102,27.9,13.11,0.677,0.764,8.16,0
IWM,1h,4,30,trend,-0.25,-0.18,0.065,-19.03,61,36.07,53.73,1.05,1.78,0.2,-8.77,30,26.67,50.24,-4.65,-2.36,-0.085,-19.03,93,27.9,13.11,0.677,0.764,8.16,0
IWM,1h,4,40,trend,-1.46,-1.04,0.003,-22.39,50,40,54.84,0.3,0.5,0.103,-9.71,24,29.17,48.13,-5.03,-2.55,-0.106,-22.39,75,27.9,13.11,0.677,0.764,8.16,0
IWM,1h,4,50,trend,2,1.42,0.17,-12.71,46,32.61,55.17,6.02,10.39,0.853,-6.21,14,35.71,47.85,3.91,1.94,0.208,-16.39,61,27.9,13.11,0.677,0.764,8.16,1
IWM,1h,4,60,trend,2.72,1.93,0.207,-10.03,41,31.71,53.2,5.78,9.97,0.831,-6.33,16,31.25,46.51,4.7,2.33,0.237,-14.44,58,27.9,13.11,0.677,0.764,8.16,1
IWM,1h,4,75,trend,4.82,3.41,0.305,-15.3,37,29.73,54.51,9.95,17.39,1.376,-3.77,10,50,46.12,11.06,5.39,0.445,-15.3,48,27.9,13.11,0.677,0.764,8.16,1
IWM,1h,4,100,trend,3.75,2.65,0.258,-11.77,35,31.43,56.4,8.07,14.03,1.14,-4.43,10,50,47.85,10.75,5.24,0.448,-13.46,46,27.9,13.11,0.677,0.764,8.16,1
IWM,1h,4,125,trend,7.94,5.59,0.46,-10.88,28,35.71,60.95,8.35,14.52,1.123,-7.32,9,44.44,49.67,11.78,5.74,0.471,-15.98,39,27.9,13.11,0.677,0.764,8.16,1
IWM,1h,4,150,trend,17.15,11.92,0.875,-13.4,20,25,61.32,7.71,13.38,1.036,-6.41,12,41.67,52.73,21.59,10.28,0.772,-18.31,33,27.9,13.11,0.677,0.764,8.16,1
IWM,1h,4,200,trend,8.61,6.05,0.516,-11.12,14,28.57,56.23,1.23,2.09,0.253,-4.79,8,37.5,38.09,17.2,8.27,0.669,-12.86,25,27.9,13.11,0.677,0.764,8.16,0
IWM,1h,4,250,trend,8.62,6.06,0.508,-9.98,16,25,57.88,-0.98,-1.64,-0.38,-3.01,2,50,13.97,16.62,8.01,0.632,-11.94,20,27.9,13.11,0.677,0.764,8.16,0
IWM,1h,4,300,trend,18.47,12.82,0.97,-6.7,11,27.27,56.69,0.05,0.08,0.04,-3.01,1,100,12.82,30.13,14.1,1.025,-6.7,15,27.9,13.11,0.677,0.764,8.16,0
IWM,1h,5,2,dip,-13.34,-9.69,-0.572,-24.09,258,60.08,46.76,4.87,8.37,0.671,-7.23,115,53.91,46.41,-10.25,-5.27,-0.285,-24.09,373,27.9,13.11,0.677,0.764,8.16,0
IWM,1h,5,3,dip,-4.25,-3.05,-0.118,-22.95,265,54.34,47.74,-4.38,-7.29,-0.508,-8.81,107,52.34,46.41,-9.58,-4.92,-0.26,-22.95,372,27.9,13.11,0.677,0.764,8.16,0
IWM,1h,5,4,dip,0.1,0.07,0.081,-25.07,311,53.38,48.07,-4.57,-7.61,-0.526,-9.18,132,50,47.46,-5.66,-2.88,-0.123,-25.07,443,27.9,13.11,0.677,0.764,8.16,0
IWM,1h,5,7,trend,-14.97,-10.9,-0.604,-31.22,201,40.8,51.6,-14.71,-23.59,-1.954,-15.51,81,30.86,51.39,-29.58,-16.11,-1.013,-34.24,283,27.9,13.11,0.677,0.764,8.16,0
IWM,1h,5,9,trend,-11.06,-8.01,-0.454,-26.92,151,39.74,51.64,-6.16,-10.19,-0.733,-9.65,60,33.33,52.25,-17.96,-9.44,-0.571,-26.92,212,27.9,13.11,0.677,0.764,8.16,0
IWM,1h,5,12,trend,-6.09,-4.37,-0.211,-27.15,119,40.34,51.64,-6.79,-11.22,-0.826,-12.7,48,31.25,52.82,-14.64,-7.62,-0.448,-27.15,168,27.9,13.11,0.677,0.764,8.16,0
IWM,1h,5,15,trend,-10.11,-7.3,-0.399,-29.67,96,37.5,51.35,-17.76,-28.14,-2.451,-20.3,46,26.09,53.01,-28.08,-15.22,-0.997,-34.27,143,27.9,13.11,0.677,0.764,8.16,0
IWM,1h,5,20,trend,-4.32,-3.09,-0.13,-23.74,75,32,51.03,-8.04,-13.22,-1.032,-17.24,37,24.32,50.81,-16.92,-8.87,-0.549,-25.72,114,27.9,13.11,0.677,0.764,8.16,0
IWM,1h,5,25,trend,-0.3,-0.21,0.062,-20.71,60,38.33,52.26,-5.6,-9.28,-0.686,-14.79,33,24.24,50.33,-8.74,-4.48,-0.24,-20.71,95,27.9,13.11,0.677,0.764,8.16,0
IWM,1h,5,30,trend,4.94,3.49,0.302,-18.75,55,40,53.65,-0.81,-1.37,-0.04,-9.55,28,25,50.05,0.58,0.29,0.093,-18.75,85,27.9,13.11,0.677,0.764,8.16,0
IWM,1h,5,40,trend,7.79,5.49,0.435,-18.25,46,43.48,54.92,-2.38,-3.98,-0.255,-12.12,23,26.09,48.42,1.12,0.56,0.111,-18.25,70,27.9,13.11,0.677,0.764,8.16,0
IWM,1h,5,50,trend,1.97,1.4,0.169,-13.73,41,34.15,55.33,4.77,8.2,0.693,-6.48,14,35.71,47.94,2.95,1.47,0.174,-15.56,56,27.9,13.11,0.677,0.764,8.16,0
IWM,1h,5,60,trend,5.69,4.02,0.355,-10.17,35,40,52.95,4.02,6.9,0.595,-7.27,15,33.33,46.79,8.59,4.21,0.374,-10.17,51,27.9,13.11,0.677,0.764,8.16,0
IWM,1h,5,75,trend,1.01,0.72,0.121,-15.21,35,28.57,54.39,7.77,13.49,1.098,-4.34,10,50,46.12,7.52,3.7,0.333,-15.21,46,27.9,13.11,0.677,0.764,8.16,1
IWM,1h,5,100,trend,6.38,4.5,0.385,-10.86,31,35.48,56.48,7.38,12.8,1.057,-4.15,8,50,47.66,12.83,6.23,0.516,-12.5,40,27.9,13.11,0.677,0.764,8.16,1
IWM,1h,5,125,trend,8.66,6.09,0.494,-11.09,26,42.31,60.91,8.99,15.68,1.201,-5.86,9,55.56,49.67,15.62,7.54,0.601,-14.53,37,27.9,13.11,0.677,0.764,8.16,1
IWM,1h,5,150,trend,19.85,13.75,0.991,-11.63,18,33.33,61.53,8.66,15.07,1.141,-7.11,11,45.45,52.63,25.49,12.04,0.883,-16.14,30,27.9,13.11,0.677,0.764,8.16,1
IWM,1h,5,200,trend,6.7,4.73,0.419,-11.17,13,30.77,56.28,-0.74,-1.25,-0.075,-5.84,8,37.5,38.18,10.6,5.17,0.454,-12.56,23,27.9,13.11,0.677,0.764,8.16,0
IWM,1h,5,250,trend,11.74,8.22,0.657,-10.12,15,20,58.04,-1.25,-2.1,-0.495,-3.01,2,0,13.97,23.08,10.96,0.84,-10.12,19,27.9,13.11,0.677,0.764,8.16,0
IWM,1h,5,300,trend,20.74,14.36,1.078,-6.88,10,30,56.44,-0.01,-0.02,0.015,-3.01,1,0,12.92,31.82,14.84,1.078,-6.88,13,27.9,13.11,0.677,0.764,8.16,0
IWM,1h,7,2,dip,-1.46,-1.04,0.013,-20.64,198,57.07,48.03,3.87,6.63,0.537,-5.9,81,60.49,45.45,1.08,0.54,0.111,-20.64,279,27.9,13.11,0.677,0.764,8.16,0
IWM,1h,7,3,dip,4.81,3.4,0.289,-18.29,189,56.61,48.56,11.54,20.28,1.418,-5.69,77,63.64,45.74,16.97,8.17,0.589,-18.29,266,27.9,13.11,0.677,0.764,8.16,1
IWM,1h,7,4,dip,10.43,7.31,0.521,-18.57,189,59.26,48.03,8.46,14.72,1.068,-6.28,78,57.69,47.08,19.85,9.49,0.667,-18.57,267,27.9,13.11,0.677,0.764,8.16,1
IWM,1h,7,5,dip,10.71,7.51,0.538,-14.57,201,57.21,47.74,16.96,30.32,1.872,-5.3,81,58.02,47.75,29.56,13.85,0.916,-14.57,282,27.9,13.11,0.677,0.764,8.16,1
IWM,1h,7,9,trend,-12.76,-9.26,-0.548,-29.48,166,41.57,51.35,-8.34,-13.7,-1.098,-9.35,70,32.86,50.72,-21.79,-11.58,-0.745,-29.48,237,27.9,13.11,0.677,0.764,8.16,0
IWM,1h,7,12,trend,-2.55,-1.82,-0.038,-28.74,114,40.35,51.48,-11.58,-18.79,-1.551,-13.31,47,36.17,51.96,-15.63,-8.16,-0.484,-28.74,162,27.9,13.11,0.677,0.764,8.16,0
IWM,1h,7,15,trend,-1.09,-0.78,0.031,-27.23,95,40,51.52,-11.98,-19.41,-1.643,-15.56,46,30.43,51.96,-14.51,-7.55,-0.434,-27.23,142,27.9,13.11,0.677,0.764,8.16,0
IWM,1h,7,20,trend,3.79,2.68,0.251,-19.86,69,39.13,51.03,-4.61,-7.66,-0.557,-14.08,35,25.71,50.62,-4.26,-2.16,-0.077,-19.86,106,27.9,13.11,0.677,0.764,8.16,0
IWM,1h,7,25,trend,6.32,4.46,0.366,-18.45,56,37.5,51.89,-10.48,-17.07,-1.379,-16.53,31,22.58,48.8,-6.56,-3.34,-0.163,-20.79,88,27.9,13.11,0.677,0.764,8.16,0
IWM,1h,7,30,trend,3.77,2.67,0.253,-15.86,50,38,52.99,-8.41,-13.8,-1.111,-15.35,26,19.23,49.47,-7.07,-3.6,-0.188,-18.42,77,27.9,13.11,0.677,0.764,8.16,0
IWM,1h,7,40,trend,8.74,6.15,0.498,-12.75,41,43.9,54.84,-1.47,-2.47,-0.137,-10.27,20,30,47.27,5.83,2.88,0.277,-12.75,62,27.9,13.11,0.677,0.764,8.16,0
IWM,1h,7,50,trend,4.52,3.19,0.297,-11.22,34,35.29,55.17,3.15,5.39,0.481,-7.34,14,35.71,47.46,6.49,3.2,0.301,-14.19,49,27.9,13.11,0.677,0.764,8.16,0
IWM,1h,7,60,trend,2.74,1.94,0.209,-10.84,34,35.29,52.79,4.43,7.61,0.656,-6.7,14,35.71,46.41,7.3,3.59,0.332,-11.18,48,27.9,13.11,0.677,0.764,8.16,0
IWM,1h,7,75,trend,6.48,4.57,0.384,-12.85,31,29.03,54.43,5.9,10.17,0.863,-4.34,9,55.56,46.22,12.76,6.2,0.508,-12.85,40,27.9,13.11,0.677,0.764,8.16,1
IWM,1h,7,100,trend,4.6,3.25,0.3,-11.32,29,31.03,55.74,7.83,13.59,1.111,-5.16,6,66.67,47.85,12.79,6.21,0.517,-12.2,35,27.9,13.11,0.677,0.764,8.16,1
IWM,1h,7,125,trend,14.49,10.11,0.757,-9.45,23,47.83,60.95,9.46,16.51,1.249,-5.14,9,44.44,49.28,25.32,11.97,0.894,-10.87,32,27.9,13.11,0.677,0.764,8.16,1
IWM,1h,7,150,trend,21.12,14.61,1.043,-9.74,15,33.33,61.36,10.51,18.4,1.368,-5.11,9,44.44,52.44,33.84,15.72,1.134,-11.25,24,27.9,13.11,0.677,0.764,8.16,1
IWM,1h,7,200,trend,10,7.02,0.581,-9.42,11,36.36,56.32,3.92,6.72,0.674,-4.37,7,57.14,38.66,24.52,11.61,0.891,-9.49,19,27.9,13.11,0.677,0.764,8.16,0
IWM,1h,7,250,trend,12.5,8.75,0.693,-8.89,12,25,57.67,-1.55,-2.61,-0.609,-3.01,2,0,14.16,25.07,11.86,0.901,-8.89,15,27.9,13.11,0.677,0.764,8.16,0
IWM,1h,7,300,trend,20.5,14.19,1.068,-6.37,11,45.45,56.23,0.31,0.53,0.152,-3.01,1,100,12.92,31.07,14.51,1.057,-7.18,14,27.9,13.11,0.677,0.764,8.16,0
IWM,1h,9,2,dip,17.15,11.93,0.789,-15.52,172,61.05,47.83,8.89,15.5,1.115,-4.99,60,63.33,45.26,31.3,14.61,0.966,-15.52,233,27.9,13.11,0.677,0.764,8.16,1
IWM,1h,9,3,dip,23.2,16.01,1.02,-14.62,163,63.19,48.36,10.47,18.34,1.325,-4.99,57,63.16,45.17,40.08,18.39,1.19,-14.62,221,27.9,13.11,0.677,0.764,8.16,1
IWM,1h,9,4,dip,17.61,12.23,0.788,-18.01,144,60.42,47.87,9.26,16.15,1.146,-5.42,55,60,45.36,32.25,15.03,0.97,-18.01,200,27.9,13.11,0.677,0.764,8.16,1
IWM,1h,9,5,dip,12.39,8.67,0.58,-18.07,151,58.28,47.7,7.68,13.33,0.966,-5.5,60,55,46.79,21.11,10.07,0.68,-18.07,211,27.9,13.11,0.677,0.764,8.16,1
IWM,1h,9,7,dip,12.54,8.77,0.585,-17.03,166,57.23,47.99,8.87,15.45,1.078,-6.28,71,57.75,48.33,23.21,11.02,0.731,-17.03,237,27.9,13.11,0.677,0.764,8.16,1
IWM,1h,9,12,trend,11.68,8.18,0.597,-16.41,123,49.59,51.07,-12.99,-20.97,-1.772,-14.89,56,33.93,51,-4.85,-2.46,-0.095,-18.21,180,27.9,13.11,0.677,0.764,8.16,0
IWM,1h,9,15,trend,2.07,1.47,0.172,-19.6,92,42.39,50.66,-9.66,-15.78,-1.187,-15.42,43,27.91,51.96,-6.75,-3.44,-0.162,-19.6,136,27.9,13.11,0.677,0.764,8.16,0
IWM,1h,9,20,trend,0.81,0.57,0.112,-18.02,69,36.23,49.92,-8.05,-13.23,-1.014,-15.27,36,25,51.39,-10.01,-5.15,-0.301,-23.29,106,27.9,13.11,0.677,0.764,8.16,0
IWM,1h,9,25,trend,12.72,8.9,0.658,-15.13,54,44.44,51.23,-5.69,-9.43,-0.692,-10.45,26,30.77,49.09,3.72,1.85,0.2,-16.15,81,27.9,13.11,0.677,0.764,8.16,0
IWM,1h,9,30,trend,3.98,2.82,0.268,-17.9,45,40,52.79,-9.55,-15.6,-1.248,-13.88,24,16.67,48.9,-7.08,-3.61,-0.199,-17.9,70,27.9,13.11,0.677,0.764,8.16,0
IWM,1h,9,40,trend,-1.93,-1.38,-0.034,-14.39,37,37.84,54.92,-0.6,-1.02,-0.02,-10.47,20,35,47.08,-2.52,-1.27,-0.03,-14.39,57,27.9,13.11,0.677,0.764,8.16,0
IWM,1h,9,50,trend,4.71,3.33,0.306,-12.39,31,38.71,55.37,2.77,4.72,0.43,-7.83,14,42.86,47.27,7.61,3.74,0.34,-12.98,45,27.9,13.11,0.677,0.764,8.16,0
IWM,1h,9,60,trend,3.73,2.64,0.26,-10.93,32,40.63,52.79,0.96,1.63,0.192,-7.9,13,38.46,46.12,4.73,2.34,0.241,-13.37,45,27.9,13.11,0.677,0.764,8.16,0
IWM,1h,9,75,trend,2.28,1.62,0.184,-13.8,27,40.74,54.31,7.02,12.15,1.006,-4.88,8,37.5,46.32,9.46,4.63,0.4,-15.51,35,27.9,13.11,0.677,0.764,8.16,1
IWM,1h,9,100,trend,-0.59,-0.42,0.036,-12.05,26,38.46,55.78,7.49,13,1.049,-4.57,5,60,48.23,6.86,3.38,0.318,-15.69,31,27.9,13.11,0.677,0.764,8.16,1
IWM,1h,9,125,trend,1.85,1.32,0.165,-9.5,21,28.57,60.83,11.56,20.32,1.538,-3.95,6,66.67,48.61,13.63,6.61,0.558,-12.2,27,27.9,13.11,0.677,0.764,8.16,1
IWM,1h,9,150,trend,17.5,12.16,0.883,-11.14,15,40,61.32,9.92,17.34,1.305,-4.99,8,50,51.87,29.15,13.67,1,-12.03,23,27.9,13.11,0.677,0.764,8.16,1
IWM,1h,9,200,trend,12.95,9.05,0.72,-8.47,11,45.45,56.56,4.18,7.17,0.713,-4.37,3,33.33,39.23,27.04,12.73,0.961,-8.58,15,27.9,13.11,0.677,0.764,8.16,0
IWM,1h,9,250,trend,17.36,12.07,0.914,-9.57,10,30,57.83,-3.31,-5.54,-1.314,-3.97,2,0,14.16,27.81,13.08,0.978,-9.57,13,27.9,13.11,0.677,0.764,8.16,0
IWM,1h,9,300,trend,20,13.85,1.054,-5.78,9,33.33,55.95,-0.36,-0.6,-0.131,-3.3,1,0,12.92,32.13,14.97,1.094,-6.41,12,27.9,13.11,0.677,0.764,8.16,0
IWM,1h,12,2,dip,8.98,6.31,0.458,-19.93,149,59.73,47.99,17.35,31.06,1.972,-4.99,61,70.49,45.26,33.24,15.46,0.993,-19.93,211,27.9,13.11,0.677,0.764,8.16,1
IWM,1h,12,3,dip,16.68,11.6,0.746,-17.02,135,57.78,47.46,16.44,29.36,1.891,-4.99,52,67.31,45.45,41.56,19.01,1.172,-17.02,188,27.9,13.11,0.677,0.764,8.16,1
IWM,1h,12,4,dip,14.56,10.16,0.659,-14.85,121,59.5,47.66,12.98,22.92,1.524,-5.76,50,64,46.12,34.58,16.04,1.001,-14.85,172,27.9,13.11,0.677,0.764,8.16,1
IWM,1h,12,5,dip,10.6,7.44,0.513,-17.99,119,61.34,47.7,8.02,13.92,1.001,-6.23,47,57.45,45.55,22.71,10.79,0.721,-17.99,167,27.9,13.11,0.677,0.764,8.16,1
IWM,1h,12,7,dip,6.83,4.81,0.365,-17.1,114,57.89,47.83,13.92,24.65,1.634,-5.1,47,65.96,46.32,24.5,11.6,0.767,-17.1,162,27.9,13.11,0.677,0.764,8.16,1
IWM,1h,12,9,dip,-7.82,-5.63,-0.258,-25.18,123,52.85,48.2,14.73,26.15,1.711,-5.82,56,64.29,47.18,8,3.93,0.319,-25.18,180,27.9,13.11,0.677,0.764,8.16,1
IWM,1h,12,15,trend,-10.86,-7.85,-0.474,-22.57,104,34.62,50.12,-6.67,-11.01,-0.832,-11.51,49,36.73,51.39,-14.83,-7.72,-0.486,-24.06,154,27.9,13.11,0.677,0.764,8.16,0
IWM,1h,12,20,trend,-7.24,-5.21,-0.307,-23.2,72,40.28,50.21,-12.34,-19.97,-1.597,-14.95,36,25,51.48,-18.69,-9.84,-0.673,-29.66,108,27.9,13.11,0.677,0.764,8.16,0
IWM,1h,12,25,trend,0.08,0.05,0.074,-18.28,48,39.58,50.7,-2.54,-4.25,-0.281,-7.99,23,30.43,47.75,-3.12,-1.58,-0.048,-18.28,72,27.9,13.11,0.677,0.764,8.16,0
IWM,1h,12,30,trend,0.19,0.13,0.08,-17.53,44,43.18,52.01,-4.21,-7.02,-0.527,-9.01,24,33.33,46.79,-4.03,-2.04,-0.083,-17.53,68,27.9,13.11,0.677,0.764,8.16,0
IWM,1h,12,40,trend,2.06,1.46,0.174,-9.81,34,47.06,55.29,2.7,4.6,0.433,-6.32,18,27.78,45.65,4.8,2.38,0.244,-13.1,52,27.9,13.11,0.677,0.764,8.16,0
IWM,1h,12,50,trend,-0.96,-0.69,0.016,-12.02,30,40,55.21,6.54,11.31,0.974,-5.18,10,50,45.74,5.52,2.73,0.272,-14.84,40,27.9,13.11,0.677,0.764,8.16,1
IWM,1h,12,60,trend,-2.7,-1.93,-0.08,-12.79,30,33.33,52.71,4.91,8.44,0.729,-5.03,12,41.67,45.45,2.08,1.03,0.144,-14.99,42,27.9,13.11,0.677,0.764,8.16,0
IWM,1h,12,75,trend,2.49,1.77,0.194,-13.62,24,33.33,54.02,4.88,8.39,0.729,-5.14,7,42.86,46.41,7.49,3.68,0.333,-16.59,31,27.9,13.11,0.677,0.764,8.16,0
IWM,1h,12,100,trend,-7.47,-5.38,-0.365,-13.27,24,29.17,55.33,6.4,11.05,0.905,-4.54,5,60,48.42,-1.55,-0.78,0.002,-16.64,29,27.9,13.11,0.677,0.764,8.16,1
IWM,1h,12,125,trend,2.48,1.76,0.198,-9.45,18,38.89,60.87,12.08,21.27,1.622,-4.6,4,100,48.52,14.86,7.18,0.6,-10.36,22,27.9,13.11,0.677,0.764,8.16,1
IWM,1h,12,150,trend,21.09,14.59,1.032,-10.45,13,38.46,61.44,12.97,22.9,1.711,-4.76,5,80,51.96,36.79,16.99,1.214,-10.96,18,27.9,13.11,0.677,0.764,8.16,1
IWM,1h,12,200,trend,12.62,8.83,0.702,-9.21,9,44.44,56.81,0.51,0.87,0.135,-5.51,3,66.67,38.56,22.08,10.51,0.811,-9.29,13,27.9,13.11,0.677,0.764,8.16,0
IWM,1h,12,250,trend,19.64,13.61,1.013,-7.7,8,37.5,58.12,-2.28,-3.82,-0.951,-3.95,1,0,12.73,30.79,14.39,1.061,-7.7,10,27.9,13.11,0.677,0.764,8.16,0
IWM,1h,12,300,trend,20.94,14.49,1.095,-5.71,7,42.86,55.66,-1.55,-2.6,-0.626,-3.95,1,0,12.92,33.35,15.51,1.128,-6.41,9,27.9,13.11,0.677,0.764,8.16,0
IWM,1h,15,2,dip,17.41,12.1,0.782,-18.26,129,66.67,48.07,11.01,19.32,1.388,-4.99,54,68.52,44.88,35.8,16.56,1.063,-18.26,184,27.9,13.11,0.677,0.764,8.16,1
IWM,1h,15,3,dip,14.93,10.41,0.682,-18.92,117,66.67,48.11,10.82,18.97,1.381,-5.4,50,66,44.78,32.44,15.11,0.977,-18.92,168,27.9,13.11,0.677,0.764,8.16,1
IWM,1h,15,4,dip,5.44,3.84,0.311,-18.71,102,61.76,48.65,11.96,21.04,1.508,-4.64,47,63.83,44.98,23.05,10.95,0.741,-18.71,150,27.9,13.11,0.677,0.764,8.16,1
IWM,1h,15,5,dip,18.34,12.73,0.811,-17.88,96,63.54,47.95,22.69,41.3,2.492,-5.44,45,64.44,45.26,49.51,22.31,1.348,-17.88,142,27.9,13.11,0.677,0.764,8.16,1
IWM,1h,15,7,dip,7.65,5.38,0.402,-19.41,95,61.05,47.74,14.78,26.24,1.706,-5.8,46,69.57,46.22,25.81,12.19,0.806,-19.41,142,27.9,13.11,0.677,0.764,8.16,1
IWM,1h,15,9,dip,4.73,3.34,0.279,-21.99,92,53.26,48.56,11.85,20.85,1.455,-6.64,43,69.77,46.12,16.21,7.81,0.547,-21.99,136,27.9,13.11,0.677,0.764,8.16,1
IWM,1h,15,12,dip,18,12.5,0.771,-17.79,104,56.73,49.06,7.42,12.86,0.94,-5.62,49,65.31,46.6,24.32,11.52,0.742,-17.79,154,27.9,13.11,0.677,0.764,8.16,1
IWM,1h,15,20,trend,-2.08,-1.49,-0.032,-19.16,75,45.33,50.16,-4.56,-7.59,-0.529,-12.42,38,28.95,51.29,-6.79,-3.46,-0.18,-22.84,114,27.9,13.11,0.677,0.764,8.16,0
IWM,1h,15,25,trend,7.59,5.34,0.431,-16.19,55,43.64,50.94,0.97,1.65,0.193,-7.58,26,34.62,48.61,8.63,4.23,0.367,-16.19,81,27.9,13.11,0.677,0.764,8.16,0
IWM,1h,15,30,trend,0.42,0.3,0.088,-12.83,41,36.59,52.3,-0.41,-0.69,0.009,-7.91,21,28.57,46.51,-1.23,-0.62,0.018,-19.36,62,27.9,13.11,0.677,0.764,8.16,0
IWM,1h,15,40,trend,7.73,5.44,0.462,-9.31,33,45.45,54.47,4.99,8.58,0.752,-6.29,16,37.5,45.55,13.18,6.4,0.542,-13.66,49,27.9,13.11,0.677,0.764,8.16,0
IWM,1h,15,50,trend,-0.49,-0.35,0.042,-12.69,29,41.38,53.28,10.96,19.22,1.555,-4.99,11,45.45,45.45,9.04,4.43,0.397,-14.54,40,27.9,13.11,0.677,0.764,8.16,1
IWM,1h,15,60,trend,0.12,0.08,0.074,-13.4,31,41.94,52.42,8.61,14.99,1.214,-4.53,10,60,45.17,8.74,4.28,0.384,-14.13,41,27.9,13.11,0.677,0.764,8.16,1
IWM,1h,15,75,trend,7.22,5.09,0.419,-13.71,23,30.43,53.73,5.31,9.14,0.793,-6.05,6,50,45.45,11.51,5.61,0.467,-14.41,29,27.9,13.11,0.677,0.764,8.16,1
IWM,1h,15,100,trend,-6.27,-4.51,-0.29,-13.19,23,30.43,55.09,7.43,12.88,1.037,-5.69,5,20,48.13,0.69,0.34,0.091,-13.79,28,27.9,13.11,0.677,0.764,8.16,1
IWM,1h,15,125,trend,2.37,1.68,0.192,-9.59,17,35.29,60.66,13.4,23.69,1.776,-4.87,4,75,48.61,14.64,7.08,0.59,-10.38,21,27.9,13.11,0.677,0.764,8.16,1
IWM,1h,15,150,trend,16.56,11.52,0.88,-8.85,11,36.36,61.57,12.31,21.68,1.63,-5.22,4,75,52.34,30.9,14.44,1.09,-8.85,15,27.9,13.11,0.677,0.764,8.16,1
IWM,1h,15,200,trend,13.28,9.28,0.731,-8.24,9,33.33,56.52,1.22,2.07,0.249,-5.85,4,50,38.47,24.23,11.48,0.873,-8.24,14,27.9,13.11,0.677,0.764,8.16,0
IWM,1h,15,250,trend,20.52,14.21,1.053,-7.08,9,44.44,58.45,-2.88,-4.82,-1.225,-3.95,1,0,12.63,29.35,13.76,1.019,-7.08,11,27.9,13.11,0.677,0.764,8.16,0
IWM,1h,15,300,trend,22.4,15.47,1.163,-5.69,5,60,55.46,-1.76,-2.96,-0.719,-3.95,1,0,12.92,34.12,15.84,1.151,-6.41,7,27.9,13.11,0.677,0.764,8.16,0
IWM,1h,20,2,dip,7.48,5.27,0.396,-21.12,99,67.68,47.33,7.87,13.66,0.994,-6.65,48,68.75,46.32,20.79,9.92,0.682,-21.12,148,27.9,13.11,0.677,0.764,8.16,1
IWM,1h,20,3,dip,8.89,6.25,0.451,-19.09,91,67.03,47.25,7.66,13.29,0.97,-6.41,40,72.5,46.32,22.2,10.56,0.715,-19.09,132,27.9,13.11,0.677,0.764,8.16,1
IWM,1h,20,4,dip,12.47,8.73,0.589,-19.96,82,64.63,48.15,13.03,23.01,1.547,-6.32,39,79.49,47.08,32.52,15.14,0.967,-19.96,122,27.9,13.11,0.677,0.764,8.16,1
IWM,1h,20,5,dip,14.98,10.44,0.674,-20.07,76,65.79,47.87,13.06,23.07,1.56,-5.54,37,70.27,46.89,35.14,16.28,1.017,-20.07,114,27.9,13.11,0.677,0.764,8.16,1
IWM,1h,20,7,dip,6.64,4.68,0.355,-24.08,70,60,47.79,9.48,16.55,1.166,-6.12,36,72.22,46.99,18.19,8.73,0.595,-24.08,107,27.9,13.11,0.677,0.764,8.16,1
IWM,1h,20,9,dip,9.44,6.63,0.459,-24.66,70,64.29,48.85,14.02,24.83,1.685,-5.44,37,70.27,46.12,25.34,11.98,0.767,-24.66,107,27.9,13.11,0.677,0.764,8.16,1
IWM,1h,20,12,dip,18.07,12.55,0.756,-21.75,72,65.28,48.93,18.02,32.32,2.129,-4.6,36,75,46.32,37.87,17.45,1.036,-21.75,108,27.9,13.11,0.677,0.764,8.16,1
IWM,1h,20,15,dip,11.81,8.27,0.542,-26.71,75,61.33,48.89,9.71,16.97,1.215,-6.74,37,72.97,46.22,19.87,9.5,0.625,-26.71,113,27.9,13.11,0.677,0.764,8.16,1
IWM,1h,20,25,trend,11.61,8.13,0.636,-11.33,68,44.12,51.76,1.06,1.79,0.204,-7.83,34,44.12,48.13,10.02,4.9,0.422,-19.36,103,27.9,13.11,0.677,0.764,8.16,0
IWM,1h,20,30,trend,7.32,5.15,0.438,-9.4,43,41.86,52.46,3.45,5.9,0.532,-6.92,23,43.48,47.94,11.09,5.41,0.466,-12.66,66,27.9,13.11,0.677,0.764,8.16,0
IWM,1h,20,40,trend,-3.49,-2.49,-0.133,-12.89,30,40,52.91,2.11,3.59,0.362,-6.55,14,50,44.4,-3.06,-1.55,-0.06,-13.8,44,27.9,13.11,0.677,0.764,8.16,0
IWM,1h,20,50,trend,-3,-2.14,-0.096,-16.06,27,33.33,52.99,6.76,11.7,1.049,-4.26,9,55.56,43.54,4.46,2.21,0.235,-16.06,36,27.9,13.11,0.677,0.764,8.16,1
IWM,1h,20,60,trend,-9.65,-6.97,-0.476,-16.72,29,31.03,52.67,7.17,12.42,1.073,-4.17,8,62.5,44.59,-3.11,-1.57,-0.059,-16.72,37,27.9,13.11,0.677,0.764,8.16,1
IWM,1h,20,75,trend,3.14,2.22,0.226,-17.01,23,30.43,53.28,4.23,7.25,0.651,-5.72,6,50,44.78,7.56,3.72,0.337,-17.01,29,27.9,13.11,0.677,0.764,8.16,0
IWM,1h,20,100,trend,-0.92,-0.66,0.016,-12.87,21,52.38,55.17,3.13,5.34,0.479,-6.97,5,20,47.85,2.18,1.08,0.148,-12.87,26,27.9,13.11,0.677,0.764,8.16,0
IWM,1h,20,125,trend,7.64,5.38,0.457,-10.02,17,47.06,61.03,7.82,13.58,1.069,-7.47,4,50,48.8,16.14,7.78,0.633,-10.02,21,27.9,13.11,0.677,0.764,8.16,1
IWM,1h,20,150,trend,11.1,7.78,0.617,-9.98,10,40,61.44,7.86,13.65,1.046,-7.08,5,40,52.44,19.91,9.52,0.742,-9.98,15,27.9,13.11,0.677,0.764,8.16,1
IWM,1h,20,200,trend,13.25,9.26,0.729,-7.18,8,37.5,56.48,0.17,0.29,0.08,-6.18,2,50,38.56,18.94,9.08,0.718,-7.73,11,27.9,13.11,0.677,0.764,8.16,0
IWM,1h,20,250,trend,21.98,15.19,1.114,-5.69,5,60,58.86,-3.16,-5.29,-1.348,-4.07,1,0,12.54,34.07,15.82,1.152,-6.14,7,27.9,13.11,0.677,0.764,8.16,0
IWM,1h,20,300,trend,18.92,13.12,0.999,-7.54,4,50,56.07,-2.81,-4.7,-1.189,-4.07,1,0,12.82,29,13.6,1.003,-7.54,6,27.9,13.11,0.677,0.764,8.16,0
IWM,1h,25,2,dip,14.87,10.37,0.673,-22.24,87,71.26,46.31,9.15,15.95,1.218,-6.72,40,77.5,44.4,28.21,13.25,0.858,-22.24,129,27.9,13.11,0.677,0.764,8.16,1
IWM,1h,25,3,dip,9.1,6.4,0.453,-24.14,74,67.57,46.35,9.05,15.77,1.213,-6.81,34,73.53,44.02,21.98,10.47,0.702,-24.14,110,27.9,13.11,0.677,0.764,8.16,1
IWM,1h,25,4,dip,15.74,10.96,0.701,-23.5,65,69.23,46.55,9.72,16.97,1.306,-6.3,35,71.43,44.59,31.84,14.85,0.944,-23.5,102,27.9,13.11,0.677,0.764,8.16,1
IWM,1h,25,5,dip,12.35,8.64,0.573,-23.29,61,68.85,46.64,10.8,18.94,1.408,-5.97,32,68.75,45.36,25.86,12.21,0.789,-23.29,95,27.9,13.11,0.677,0.764,8.16,1
IWM,1h,25,7,dip,5.74,4.05,0.319,-25.77,57,64.91,46.92,16.59,29.63,2.08,-4.38,31,77.42,46.7,23.75,11.26,0.734,-25.77,89,27.9,13.11,0.677,0.764,8.16,1
IWM,1h,25,9,dip,-0.36,-0.26,0.071,-26.73,55,58.18,47.42,11.34,19.91,1.505,-6.02,26,80.77,46.41,12.04,5.86,0.428,-26.73,82,27.9,13.11,0.677,0.764,8.16,1
IWM,1h,25,12,dip,12.92,9.04,0.577,-20.11,49,67.35,47.91,9.86,17.23,1.277,-5.56,23,69.57,47.56,21.14,10.08,0.648,-20.11,73,27.9,13.11,0.677,0.764,8.16,1
IWM,1h,25,15,dip,4.23,2.99,0.256,-24.98,56,60.71,47.58,6.39,11.04,0.866,-5.86,26,53.85,46.41,6.94,3.42,0.283,-24.98,82,27.9,13.11,0.677,0.764,8.16,1
IWM,1h,25,20,dip,-0.88,-0.63,0.052,-30.01,67,64.18,47.09,5.07,8.71,0.698,-5.81,34,58.82,46.7,2.98,1.48,0.172,-30.01,103,27.9,13.11,0.677,0.764,8.16,0
IWM,1h,25,30,trend,-4.37,-3.13,-0.188,-14.26,55,40,52.87,4.82,8.28,0.706,-6.46,30,46.67,47.37,-0.04,-0.02,0.061,-14.26,86,27.9,13.11,0.677,0.764,8.16,0
IWM,1h,25,40,trend,3.53,2.5,0.256,-11.14,34,47.06,54.59,5.86,10.11,0.903,-5.86,15,46.67,43.16,6.55,3.23,0.313,-12.63,49,27.9,13.11,0.677,0.764,8.16,1
IWM,1h,25,50,trend,1.84,1.31,0.164,-15.38,26,38.46,53.04,4.13,7.08,0.671,-5.11,9,55.56,42.58,3.1,1.54,0.183,-15.38,35,27.9,13.11,0.677,0.764,8.16,0
IWM,1h,25,60,trend,-10.64,-7.69,-0.543,-18.17,25,40,52.58,2.97,5.07,0.484,-5.11,7,42.86,43.92,-11.53,-5.95,-0.407,-19.58,33,27.9,13.11,0.677,0.764,8.16,0
IWM,1h,25,75,trend,-2.51,-1.79,-0.068,-16.98,21,33.33,52.95,2.64,4.51,0.432,-6.26,6,33.33,44.02,0.93,0.47,0.101,-16.98,27,27.9,13.11,0.677,0.764,8.16,0
IWM,1h,25,100,trend,1.93,1.37,0.169,-14.55,17,41.18,54.92,2.36,4.02,0.38,-8.55,5,20,47.08,4.34,2.15,0.229,-14.55,22,27.9,13.11,0.677,0.764,8.16,0
IWM,1h,25,125,trend,7.74,5.45,0.459,-9.72,13,38.46,61.36,6.4,11.05,0.876,-8.22,4,50,49.19,12.76,6.2,0.512,-9.82,17,27.9,13.11,0.677,0.764,8.16,1
IWM,1h,25,150,trend,11.01,7.72,0.614,-8.97,10,40,60.95,8.25,14.34,1.077,-6.73,4,50,51.58,16.83,8.1,0.634,-11.7,14,27.9,13.11,0.677,0.764,8.16,1
IWM,1h,25,200,trend,16.55,11.52,0.885,-6.52,6,50,56.44,-0.22,-0.37,0.016,-5.65,3,33.33,38.28,24.63,11.66,0.894,-6.52,10,27.9,13.11,0.677,0.764,8.16,0
IWM,1h,25,250,trend,21.61,14.94,1.092,-6.08,5,60,59.11,-2.98,-4.99,-1.269,-4.04,1,0,12.54,30.76,14.38,1.047,-6.73,7,27.9,13.11,0.677,0.764,8.16,0
IWM,1h,25,300,trend,18.07,12.55,0.96,-8.09,4,50,55.87,-2.77,-4.64,-1.173,-4.04,1,0,12.92,28.03,13.18,0.973,-8.09,6,27.9,13.11,0.677,0.764,8.16,0
IWM,1h,30,2,dip,12.68,8.87,0.59,-22.18,74,72.97,44.3,3.83,6.55,0.562,-6.36,37,62.16,44.59,21.04,10.04,0.678,-22.18,113,27.9,13.11,0.677,0.764,8.16,0
IWM,1h,30,3,dip,10.97,7.69,0.525,-22.55,66,68.18,44.71,3.34,5.71,0.495,-7.17,32,59.38,44.69,18.3,8.78,0.605,-22.55,100,27.9,13.11,0.677,0.764,8.16,0
IWM,1h,30,4,dip,11.45,8.02,0.543,-22.24,61,63.93,45,4.22,7.23,0.608,-6.41,29,51.72,45.36,19.99,9.56,0.649,-22.24,92,27.9,13.11,0.677,0.764,8.16,0
IWM,1h,30,5,dip,6.7,4.72,0.358,-22.2,55,63.64,45.08,6.36,10.99,0.876,-6.04,28,53.57,45.55,14.77,7.14,0.507,-22.2,85,27.9,13.11,0.677,0.764,8.16,1
IWM,1h,30,7,dip,8.82,6.2,0.437,-23.72,50,64,45.65,16.18,28.87,2.021,-4.82,26,73.08,45.93,25.73,12.15,0.775,-23.72,77,27.9,13.11,0.677,0.764,8.16,1
IWM,1h,30,9,dip,8.98,6.31,0.437,-21.27,45,73.33,45.94,18.23,32.72,2.256,-4.75,24,79.17,46.41,26.49,12.49,0.783,-21.27,70,27.9,13.11,0.677,0.764,8.16,1
IWM,1h,30,12,dip,14.22,9.92,0.624,-18.99,45,71.11,46.19,12.04,21.19,1.527,-4.94,24,66.67,48.33,23.83,11.3,0.714,-18.99,69,27.9,13.11,0.677,0.764,8.16,1
IWM,1h,30,15,dip,14.43,10.07,0.616,-25.28,41,70.73,45.9,8.79,15.3,1.149,-4.69,21,66.67,48.42,21.19,10.1,0.637,-25.28,63,27.9,13.11,0.677,0.764,8.16,1
IWM,1h,30,20,dip,7.01,4.94,0.357,-26.43,43,72.09,45.82,5.4,9.29,0.733,-5.12,23,60.87,46.6,7.42,3.65,0.293,-26.43,67,27.9,13.11,0.677,0.764,8.16,0
IWM,1h,30,25,dip,17.46,12.13,0.703,-21.97,54,61.11,45.78,3.69,6.31,0.528,-7.44,30,53.33,46.99,15.63,7.55,0.495,-21.97,86,27.9,13.11,0.677,0.764,8.16,0
IWM,1h,30,40,trend,2.99,2.12,0.227,-14.68,34,47.06,54.55,0.39,0.66,0.115,-7.63,19,42.11,44.31,2.43,1.21,0.158,-14.68,53,27.9,13.11,0.677,0.764,8.16,0
IWM,1h,30,50,trend,-3.8,-2.72,-0.14,-17.51,26,46.15,53.61,3.98,6.81,0.645,-6.05,8,37.5,42.11,-0.45,-0.22,0.048,-17.51,35,27.9,13.11,0.677,0.764,8.16,0
IWM,1h,30,60,trend,-3.86,-2.76,-0.146,-20.37,24,45.83,52.38,0.93,1.57,0.19,-6.71,7,14.29,42.78,-5.61,-2.85,-0.154,-20.37,32,27.9,13.11,0.677,0.764,8.16,0
IWM,1h,30,75,trend,1.93,1.37,0.168,-16.23,19,36.84,52.58,1.21,2.05,0.232,-7.04,6,16.67,43.64,2.97,1.48,0.178,-16.23,27,27.9,13.11,0.677,0.764,8.16,0
IWM,1h,30,100,trend,5.82,4.11,0.372,-11.62,18,38.89,54.96,3.58,6.12,0.543,-9.24,5,20,45.84,9.6,4.7,0.42,-11.62,23,27.9,13.11,0.677,0.764,8.16,0
IWM,1h,30,125,trend,7.47,5.26,0.444,-11.22,11,36.36,61.16,5.67,9.78,0.783,-8.13,4,50,49.09,11.73,5.71,0.472,-11.22,16,27.9,13.11,0.677,0.764,8.16,1
IWM,1h,30,150,trend,6.88,4.85,0.415,-11.13,8,50,60.54,6.04,10.42,0.819,-7.8,4,25,51.67,11.5,5.61,0.464,-11.13,13,27.9,13.11,0.677,0.764,8.16,1
IWM,1h,30,200,trend,19.59,13.58,1.023,-6.16,7,57.14,56.6,0.86,1.46,0.191,-5.04,2,50,38.37,30.15,14.11,1.055,-6.16,10,27.9,13.11,0.677,0.764,8.16,0
IWM,1h,30,250,trend,24.84,17.1,1.234,-5.69,4,75,58.98,-3.08,-5.15,-1.3,-4.32,1,0,12.44,31.8,14.83,1.07,-6.6,6,27.9,13.11,0.677,0.764,8.16,0
IWM,1h,30,300,trend,21.62,14.94,1.121,-6.93,4,50,55.66,-3.32,-5.55,-1.388,-4.22,1,0,12.92,29.45,13.8,1.012,-6.93,6,27.9,13.11,0.677,0.764,8.16,0
IWM,1h,40,2,dip,4.4,3.11,0.262,-23.64,67,70.15,43.36,4.7,8.08,0.664,-6.68,32,65.63,46.32,12.73,6.18,0.444,-23.64,101,27.9,13.11,0.677,0.764,8.16,0
IWM,1h,40,3,dip,15.01,10.47,0.673,-19.18,58,74.14,43.11,2.91,4.96,0.443,-6.54,27,66.67,46.79,21.62,10.3,0.688,-19.18,87,27.9,13.11,0.677,0.764,8.16,0
IWM,1h,40,4,dip,15.29,10.66,0.676,-18.17,51,74.51,43.36,4.95,8.51,0.692,-5.95,24,66.67,47.37,24.08,11.41,0.741,-18.17,76,27.9,13.11,0.677,0.764,8.16,0
IWM,1h,40,5,dip,5.9,4.17,0.323,-18.39,47,70.21,43.27,9.4,16.4,1.237,-5.51,23,73.91,46.99,17.24,8.29,0.567,-18.39,71,27.9,13.11,0.677,0.764,8.16,1
IWM,1h,40,7,dip,5.43,3.83,0.302,-21.78,42,73.81,43.31,11.29,19.83,1.512,-4.71,20,70,44.59,12.9,6.27,0.444,-21.78,63,27.9,13.11,0.677,0.764,8.16,1
IWM,1h,40,9,dip,17.67,12.28,0.735,-22.13,38,81.58,43.19,10.54,18.46,1.415,-5.48,20,65,44.59,23.54,11.17,0.699,-22.13,58,27.9,13.11,0.677,0.764,8.16,1
IWM,1h,40,12,dip,13.6,9.5,0.595,-23.89,34,79.41,42.74,7.07,12.25,0.963,-5.04,18,55.56,45.84,15.64,7.55,0.506,-23.89,53,27.9,13.11,0.677,0.764,8.16,1
IWM,1h,40,15,dip,7.75,5.45,0.383,-25.65,33,75.76,43.56,4.98,8.57,0.69,-4.98,16,43.75,45.93,7.47,3.67,0.293,-25.65,50,27.9,13.11,0.677,0.764,8.16,0
IWM,1h,40,20,dip,17.82,12.38,0.724,-20.44,30,73.33,43.07,8.19,14.24,1.065,-4.69,14,42.86,46.99,23.21,11.02,0.68,-20.44,45,27.9,13.11,0.677,0.764,8.16,1
IWM,1h,40,25,dip,11.98,8.39,0.524,-22.37,34,70.59,43.44,4.19,7.18,0.573,-6.57,15,53.33,50.62,14.15,6.85,0.461,-22.37,50,27.9,13.11,0.677,0.764,8.16,0
IWM,1h,40,30,dip,10.39,7.29,0.473,-21.9,34,64.71,43.36,10.42,18.25,1.307,-4.77,19,57.89,49.09,15.88,7.66,0.508,-21.9,54,27.9,13.11,0.677,0.764,8.16,1
IWM,1h,40,50,trend,-0.39,-0.28,0.046,-17.51,32,40.63,54.14,3.87,6.64,0.621,-6.9,13,30.77,43.16,5.54,2.74,0.275,-17.51,46,27.9,13.11,0.677,0.764,8.16,0
IWM,1h,40,60,trend,19.88,13.77,0.979,-13.43,23,52.17,53.61,4.87,8.37,0.733,-8.36,8,50,43.25,25.6,12.09,0.909,-13.43,32,27.9,13.11,0.677,0.764,8.16,0
IWM,1h,40,75,trend,5.49,3.88,0.34,-16.59,20,40,53.81,4.04,6.92,0.622,-7.37,9,33.33,42.68,9.75,4.77,0.413,-16.59,29,27.9,13.11,0.677,0.764,8.16,0
IWM,1h,40,100,trend,10.38,7.28,0.589,-8.54,14,42.86,55.21,7.36,12.76,1.011,-8.81,4,50,45.45,18.51,8.88,0.709,-8.81,18,27.9,13.11,0.677,0.764,8.16,1
IWM,1h,40,125,trend,5.56,3.92,0.348,-13.15,12,50,60.71,9.34,16.3,1.211,-8.24,4,50,49.19,15.42,7.45,0.596,-13.15,16,27.9,13.11,0.677,0.764,8.16,1
IWM,1h,40,150,trend,9.05,6.36,0.525,-10.18,9,44.44,60.54,6.86,11.88,0.934,-6.35,3,66.67,52.54,16.53,7.97,0.642,-10.18,12,27.9,13.11,0.677,0.764,8.16,1
IWM,1h,40,200,trend,27.93,19.16,1.402,-5.69,4,75,56.28,-2.5,-4.19,-1.093,-4.04,1,0,11.67,40.92,18.74,1.367,-5.72,6,27.9,13.11,0.677,0.764,8.16,0
IWM,1h,40,250,trend,25.35,17.44,1.255,-5.69,4,75,58.53,-3.23,-5.4,-1.382,-4.7,1,0,12.15,36.05,16.67,1.206,-6.13,6,27.9,13.11,0.677,0.764,8.16,0
IWM,1h,40,300,trend,18.6,12.91,0.981,-8.07,5,40,56.15,-3.37,-5.62,-1.424,-4.7,1,0,12.82,25.28,11.95,0.889,-8.07,7,27.9,13.11,0.677,0.764,8.16,0
IWM,1h,50,2,dip,7.08,4.99,0.365,-24.36,61,78.69,42.9,4.93,8.48,0.719,-5.81,22,68.18,43.64,12.85,6.24,0.446,-24.36,86,27.9,13.11,0.677,0.764,8.16,0
IWM,1h,50,3,dip,7.01,4.94,0.362,-25.83,54,70.37,43.11,1.93,3.29,0.348,-6.19,18,61.11,41.24,7.27,3.58,0.294,-25.83,73,27.9,13.11,0.677,0.764,8.16,0
IWM,1h,50,4,dip,9.87,6.93,0.466,-24.97,46,78.26,42.74,4.47,7.67,0.715,-5.86,14,57.14,41.63,13.21,6.41,0.452,-24.97,61,27.9,13.11,0.677,0.764,8.16,0
IWM,1h,50,5,dip,10.55,7.4,0.489,-24.66,41,80.49,42.58,5.71,9.85,0.888,-5.84,14,57.14,41.53,14.95,7.23,0.495,-24.66,56,27.9,13.11,0.677,0.764,8.16,1
IWM,1h,50,7,dip,8.76,6.16,0.423,-25.19,34,82.35,42.7,7.11,12.31,1.094,-5.19,14,64.29,41.82,12.05,5.86,0.418,-25.19,49,27.9,13.11,0.677,0.764,8.16,1
IWM,1h,50,9,dip,8.94,6.29,0.43,-24.9,31,77.42,42.49,8.29,14.42,1.261,-4.87,14,64.29,41.82,11.42,5.56,0.401,-24.9,45,27.9,13.11,0.677,0.764,8.16,1
IWM,1h,50,12,dip,15.24,10.62,0.649,-24.56,30,73.33,42.62,4.41,7.56,0.67,-5.99,10,60,43.06,14.23,6.89,0.468,-24.56,40,27.9,13.11,0.677,0.764,8.16,0
IWM,1h,50,15,dip,14.94,10.42,0.638,-24.9,29,82.76,42.66,-0.41,-0.7,0.006,-5.63,11,36.36,43.16,10.58,5.17,0.374,-24.9,41,27.9,13.11,0.677,0.764,8.16,0
IWM,1h,50,20,dip,17.85,12.4,0.733,-21.08,27,77.78,42.86,2.76,4.7,0.434,-6.32,9,55.56,44.69,15.64,7.55,0.499,-21.08,37,27.9,13.11,0.677,0.764,8.16,0
IWM,1h,50,25,dip,12.18,8.53,0.542,-20.5,26,73.08,42.74,5.33,9.18,0.775,-5.4,9,66.67,45.45,17.1,8.23,0.54,-20.5,36,27.9,13.11,0.677,0.764,8.16,1
IWM,1h,50,30,dip,19.47,13.5,0.79,-20.85,27,74.07,42.08,6.79,11.75,0.968,-7.16,8,62.5,45.74,22.07,10.5,0.661,-20.85,36,27.9,13.11,0.677,0.764,8.16,1
IWM,1h,50,40,dip,15.58,10.86,0.659,-22.14,33,60.61,41.35,5.46,9.4,0.732,-6.96,13,61.54,49.28,14.65,7.09,0.477,-22.14,47,27.9,13.11,0.677,0.764,8.16,0
IWM,1h,50,60,trend,20.31,14.07,0.994,-10.5,26,57.69,53.77,1.03,1.75,0.206,-7.58,13,30.77,45.17,18.73,8.98,0.699,-10.56,40,27.9,13.11,0.677,0.764,8.16,0
IWM,1h,50,75,trend,13.12,9.17,0.688,-14.73,20,45,53.28,3.88,6.65,0.633,-6.7,6,50,43.54,16.05,7.74,0.623,-14.73,26,27.9,13.11,0.677,0.764,8.16,0
IWM,1h,50,100,trend,9.45,6.63,0.552,-9.55,13,46.15,55.29,0.96,1.62,0.193,-9.06,5,40,46.22,10.49,5.12,0.451,-9.55,18,27.9,13.11,0.677,0.764,8.16,0
IWM,1h,50,125,trend,9.45,6.64,0.537,-10.99,10,50,59.93,7.26,12.59,0.989,-6.8,4,75,49.76,17.4,8.37,0.664,-10.99,14,27.9,13.11,0.677,0.764,8.16,1
IWM,1h,50,150,trend,8.62,6.06,0.499,-10.77,9,33.33,60.83,12.28,21.63,1.56,-5.35,4,75,54.64,21.96,10.45,0.804,-10.77,13,27.9,13.11,0.677,0.764,8.16,1
IWM,1h,50,200,trend,23.91,16.48,1.235,-5.69,4,75,56.19,-2.98,-4.99,-1.381,-4.22,1,0,11.39,34.86,16.16,1.206,-5.69,6,27.9,13.11,0.677,0.764,8.16,0
IWM,1h,50,250,trend,16.72,11.63,0.892,-7.29,4,75,57.88,-3.59,-5.99,-1.649,-4.79,1,0,11.67,25.55,12.07,0.918,-7.29,6,27.9,13.11,0.677,0.764,8.16,0
IWM,1h,50,300,trend,20.45,14.16,1.066,-5.87,3,66.67,56.23,-3.45,-5.77,-1.462,-4.77,1,0,12.92,26.42,12.46,0.922,-7.3,5,27.9,13.11,0.677,0.764,8.16,0
IWM,1h,60,2,dip,7.15,5.04,0.367,-24.4,56,80.36,43.23,2.77,4.73,0.464,-6.15,20,65,42.97,11.52,5.61,0.409,-24.4,78,27.9,13.11,0.677,0.764,8.16,0
IWM,1h,60,3,dip,6.24,4.4,0.331,-24.12,48,77.08,42.82,2.3,3.92,0.393,-6.65,16,75,43.06,7.09,3.49,0.287,-24.12,66,27.9,13.11,0.677,0.764,8.16,0
IWM,1h,60,4,dip,8.74,6.15,0.424,-24.64,42,80.95,42.9,4.45,7.64,0.708,-6.09,16,75,42.97,11.72,5.71,0.412,-24.64,59,27.9,13.11,0.677,0.764,8.16,0
IWM,1h,60,5,dip,6.46,4.55,0.339,-24.25,36,80.56,43.11,5.88,10.14,0.912,-6.29,15,73.33,42.58,8.64,4.24,0.328,-24.25,52,27.9,13.11,0.677,0.764,8.16,1
IWM,1h,60,7,dip,10.08,7.07,0.471,-24.36,35,80,43.19,7.01,12.14,1.069,-6.62,14,71.43,42.78,10.78,5.26,0.383,-24.36,49,27.9,13.11,0.677,0.764,8.16,1
IWM,1h,60,9,dip,9.8,6.88,0.461,-24.1,33,81.82,43.15,9.09,15.85,1.345,-6.75,13,69.23,42.87,14.45,6.99,0.477,-24.1,46,27.9,13.11,0.677,0.764,8.16,1
IWM,1h,60,12,dip,16.99,11.82,0.71,-24.61,31,80.65,43.15,5.78,9.96,0.892,-6.13,12,58.33,43.35,17.49,8.41,0.552,-24.61,43,27.9,13.11,0.677,0.764,8.16,1
IWM,1h,60,15,dip,13.44,9.39,0.593,-23.67,31,80.65,43.36,1.86,3.16,0.325,-8.64,10,60,43.44,10.23,5,0.369,-23.67,42,27.9,13.11,0.677,0.764,8.16,0
IWM,1h,60,20,dip,26.83,18.43,1.023,-21.16,29,79.31,43.03,2.47,4.21,0.406,-6.95,8,62.5,43.73,25.12,11.88,0.726,-21.16,38,27.9,13.11,0.677,0.764,8.16,0
IWM,1h,60,25,dip,29.39,20.13,1.096,-20.48,25,76,43.03,6.78,11.73,0.996,-7.97,7,71.43,44.11,38.27,17.62,1.017,-20.48,34,27.9,13.11,0.677,0.764,8.16,1
IWM,1h,60,30,dip,20.52,14.2,0.823,-19.27,25,76,43.15,9.06,15.79,1.325,-7.97,7,85.71,44.98,29.95,14.02,0.845,-19.27,33,27.9,13.11,0.677,0.764,8.16,1
IWM,1h,60,40,dip,-3.84,-2.75,-0.072,-24.66,24,62.5,41.76,7.7,13.36,1.162,-8.54,8,75,43.64,-2.96,-1.49,-0.003,-24.66,33,27.9,13.11,0.677,0.764,8.16,1
IWM,1h,60,50,dip,-4.15,-2.97,-0.087,-27.79,27,48.15,41.43,9.48,16.54,1.236,-7.09,13,61.54,46.22,2.08,1.04,0.146,-27.79,41,27.9,13.11,0.677,0.764,8.16,1
IWM,1h,60,75,trend,10.65,7.47,0.569,-14.37,24,50,53.94,0.36,0.61,0.11,-8.61,8,37.5,43.54,12.29,5.98,0.495,-14.37,32,27.9,13.11,0.677,0.764,8.16,0
IWM,1h,60,100,trend,15.31,10.67,0.831,-8.41,13,69.23,55.29,9.26,16.15,1.232,-6.07,4,50,47.46,25.99,12.27,0.947,-8.41,17,27.9,13.11,0.677,0.764,8.16,1
IWM,1h,60,125,trend,3.47,2.46,0.24,-12.68,10,50,59.56,12.04,21.19,1.512,-5.35,4,75,51.58,16.89,8.13,0.62,-12.68,14,27.9,13.11,0.677,0.764,8.16,1
IWM,1h,60,150,trend,14.55,10.15,0.772,-7.86,9,44.44,60.13,12.61,22.24,1.586,-5.35,2,50,55.02,25.41,12.01,0.887,-7.86,11,27.9,13.11,0.677,0.764,8.16,1
IWM,1h,60,200,trend,17.19,11.95,0.929,-7.49,4,75,55.91,-3.41,-5.69,-1.572,-4.7,1,0,11.2,27.85,13.09,1.001,-7.49,6,27.9,13.11,0.677,0.764,8.16,0
IWM,1h,60,250,trend,15.34,10.69,0.829,-6.96,4,75,57.51,-3.51,-5.86,-1.619,-4.77,1,0,11.48,24.97,11.81,0.901,-7.33,6,27.9,13.11,0.677,0.764,8.16,0
IWM,1h,60,300,trend,22.17,15.31,1.14,-5.77,3,66.67,56.07,-2.35,-3.94,-0.938,-4.77,1,0,12.92,28.14,13.22,0.968,-7.18,5,27.9,13.11,0.677,0.764,8.16,0
IWM,1h,75,2,dip,8.45,5.94,0.416,-23.04,49,81.63,41.76,-1.4,-2.36,-0.149,-8.47,13,76.92,43.92,6.39,3.15,0.269,-23.04,63,27.9,13.11,0.677,0.764,8.16,0
IWM,1h,75,3,dip,7.05,4.97,0.365,-22.3,45,77.78,41.76,-1.34,-2.25,-0.138,-8.49,12,58.33,43.25,3.86,1.92,0.197,-22.3,58,27.9,13.11,0.677,0.764,8.16,0
IWM,1h,75,4,dip,8.01,5.64,0.401,-21.32,38,76.32,41.43,0.71,1.2,0.162,-7.97,10,80,42.58,7.54,3.71,0.301,-21.32,49,27.9,13.11,0.677,0.764,8.16,0
IWM,1h,75,5,dip,11.94,8.36,0.546,-21.5,36,86.11,41.51,2.65,4.53,0.447,-7.97,10,80,42.49,10.93,5.33,0.392,-21.5,47,27.9,13.11,0.677,0.764,8.16,0
IWM,1h,75,7,dip,6.78,4.78,0.355,-23.22,32,78.13,41.43,3.54,6.06,0.576,-7.97,9,77.78,42.3,6.61,3.26,0.274,-23.22,41,27.9,13.11,0.677,0.764,8.16,0
IWM,1h,75,9,dip,11.7,8.19,0.54,-22.8,28,78.57,41.55,2.58,4.41,0.435,-9.02,8,75,42.2,10.49,5.12,0.38,-22.8,36,27.9,13.11,0.677,0.764,8.16,0
IWM,1h,75,12,dip,11.68,8.18,0.539,-23.42,25,80,41.76,4.55,7.81,0.716,-8.55,7,71.43,42.01,12.86,6.24,0.442,-23.42,32,27.9,13.11,0.677,0.764,8.16,0
IWM,1h,75,15,dip,7.65,5.38,0.39,-23.65,23,78.26,41.96,4.24,7.28,0.667,-9.06,6,66.67,42.97,9.77,4.78,0.361,-23.65,30,27.9,13.11,0.677,0.764,8.16,0
IWM,1h,75,20,dip,12.37,8.66,0.564,-22.43,23,82.61,42.29,5.52,9.52,0.84,-8.08,6,66.67,43.35,14.27,6.91,0.478,-22.43,30,27.9,13.11,0.677,0.764,8.16,1
IWM,1h,75,25,dip,19.19,13.31,0.781,-22.01,21,80.95,42.49,8.44,14.68,1.232,-7.97,6,83.33,43.83,22.09,10.51,0.658,-22.01,28,27.9,13.11,0.677,0.764,8.16,1
IWM,1h,75,30,dip,13.64,9.53,0.595,-21.85,20,75,42.78,9.97,17.43,1.436,-7.97,6,83.33,43.92,19.08,9.14,0.591,-21.85,28,27.9,13.11,0.677,0.764,8.16,1
IWM,1h,75,40,dip,9.82,6.9,0.469,-21.93,21,80.95,41.35,8.43,14.67,1.267,-7.97,9,66.67,44.21,11.61,5.66,0.408,-21.93,30,27.9,13.11,0.677,0.764,8.16,1
IWM,1h,75,50,dip,2.62,1.86,0.193,-24.06,20,70,41.67,6.7,11.59,1.009,-7.95,6,83.33,41.63,6.08,3,0.259,-24.06,27,27.9,13.11,0.677,0.764,8.16,1
IWM,1h,75,60,dip,3,2.13,0.209,-23.24,24,62.5,40.81,10.64,18.64,1.465,-8,8,75,44.02,7.39,3.63,0.296,-23.24,33,27.9,13.11,0.677,0.764,8.16,1
IWM,1h,75,100,trend,4.74,3.35,0.305,-9.52,17,52.94,55.05,10.31,18.05,1.357,-5.87,5,40,47.08,15.5,7.48,0.594,-9.52,24,27.9,13.11,0.677,0.764,8.16,1
IWM,1h,75,125,trend,0.08,0.06,0.079,-17.2,11,63.64,58.94,17.46,31.27,2.079,-5.35,4,75,52.44,14.14,6.85,0.52,-17.2,16,27.9,13.11,0.677,0.764,8.16,1
IWM,1h,75,150,trend,12.93,9.04,0.665,-11.2,9,44.44,60.91,10.67,18.7,1.356,-5.35,2,50,56.27,23.63,11.21,0.804,-11.2,12,27.9,13.11,0.677,0.764,8.16,1
IWM,1h,75,200,trend,18.05,12.53,0.968,-7.18,4,75,55.74,10.7,18.75,1.35,-5.35,2,50,57.22,30.68,14.34,1.083,-7.18,6,27.9,13.11,0.677,0.764,8.16,1
IWM,1h,75,250,trend,21.73,15.02,1.112,-6.1,3,66.67,57.67,-2.01,-3.37,-0.866,-4.77,1,0,11.29,25.96,12.25,0.914,-7.06,5,27.9,13.11,0.677,0.764,8.16,0
IWM,1h,75,300,trend,21.78,15.06,1.123,-5.91,3,66.67,56.32,-1.18,-1.99,-0.457,-4.77,1,0,13.11,25.57,12.08,0.891,-7.44,5,27.9,13.11,0.677,0.764,8.16,0
IWM,1h,100,2,dip,6.38,4.5,0.336,-23.01,46,80.43,39.21,-0.17,-0.28,0.03,-7.97,13,76.92,40.48,6.7,3.3,0.276,-23.01,60,27.9,13.11,0.677,0.764,8.16,0
IWM,1h,100,3,dip,9.06,6.36,0.438,-21.91,37,81.08,39.21,0.07,0.11,0.066,-7.99,10,70,40.67,9.34,4.57,0.349,-21.91,48,27.9,13.11,0.677,0.764,8.16,0
IWM,1h,100,4,dip,10.06,7.06,0.474,-22.45,36,88.89,39.21,1.09,1.85,0.219,-7.99,10,70,40.57,8.75,4.29,0.332,-22.45,47,27.9,13.11,0.677,0.764,8.16,0
IWM,1h,100,5,dip,7.84,5.52,0.393,-22.99,32,84.38,39.13,2.27,3.87,0.392,-7.97,8,62.5,40.67,7.51,3.69,0.298,-22.99,41,27.9,13.11,0.677,0.764,8.16,0
IWM,1h,100,7,dip,9.94,6.98,0.468,-22.6,30,83.33,39.87,2.09,3.57,0.368,-8.08,6,66.67,40.48,8.2,4.03,0.315,-22.6,36,27.9,13.11,0.677,0.764,8.16,0
IWM,1h,100,9,dip,16.11,11.21,0.684,-23.3,27,77.78,39.83,2.55,4.34,0.441,-7.97,5,80,40,14.76,7.14,0.486,-23.3,32,27.9,13.11,0.677,0.764,8.16,0
IWM,1h,100,12,dip,25.03,17.23,0.953,-22.42,25,80,40.24,3.49,5.98,0.583,-7.97,5,80,39.71,24.85,11.76,0.718,-22.42,30,27.9,13.11,0.677,0.764,8.16,0
IWM,1h,100,15,dip,23.77,16.39,0.919,-23.55,24,83.33,40.44,2.59,4.42,0.439,-7.97,5,80,39.9,22.41,10.66,0.663,-23.55,29,27.9,13.11,0.677,0.764,8.16,0
IWM,1h,100,20,dip,17.21,11.96,0.712,-23.55,22,77.27,40.28,6.98,12.09,1.097,-7.97,5,80,40.1,20.75,9.9,0.628,-23.55,27,27.9,13.11,0.677,0.764,8.16,1
IWM,1h,100,25,dip,14.46,10.09,0.618,-23.45,18,77.78,40.36,8.86,15.44,1.364,-7.97,5,80,40.48,18.8,9.01,0.581,-23.45,23,27.9,13.11,0.677,0.764,8.16,1
IWM,1h,100,30,dip,9.75,6.84,0.456,-25.37,19,73.68,40.2,9.41,16.42,1.458,-7.97,5,80,41.24,12.57,6.11,0.428,-25.37,24,27.9,13.11,0.677,0.764,8.16,1
IWM,1h,100,40,dip,6.14,4.33,0.326,-26.67,15,66.67,39.66,2.87,4.9,0.552,-7.95,4,75,37.42,5.16,2.55,0.232,-26.67,19,27.9,13.11,0.677,0.764,8.16,0
IWM,1h,100,50,dip,6.32,4.46,0.332,-25.85,14,64.29,39.25,9.47,16.52,1.51,-8.26,5,80,38.09,11.89,5.79,0.409,-25.85,19,27.9,13.11,0.677,0.764,8.16,1
IWM,1h,100,60,dip,0.53,0.37,0.111,-25.33,14,64.29,39.01,1.83,3.11,0.378,-8.14,4,75,36.75,-2.13,-1.07,0.024,-25.33,18,27.9,13.11,0.677,0.764,8.16,0
IWM,1h,100,75,dip,10.95,7.68,0.513,-22.85,18,72.22,38.88,0.09,0.15,0.062,-8.45,5,80,36.08,6.64,3.27,0.276,-22.85,25,27.9,13.11,0.677,0.764,8.16,0
IWM,1h,100,125,trend,-3.91,-2.8,-0.11,-20.37,15,40,55.21,9.6,16.76,1.257,-5.35,4,75,52.82,4.82,2.39,0.234,-20.37,19,27.9,13.11,0.677,0.764,8.16,1
IWM,1h,100,150,trend,8.39,5.9,0.466,-12.79,9,66.67,51.31,8.56,14.89,1.111,-6.11,2,50,56.94,18.23,8.75,0.649,-12.79,11,27.9,13.11,0.677,0.764,8.16,1
IWM,1h,100,200,trend,18.85,13.08,1.024,-6.21,4,75,53.4,9.25,16.14,1.182,-7.14,2,50,58.18,29.84,13.97,1.072,-7.14,6,27.9,13.11,0.677,0.764,8.16,1
IWM,1h,100,250,trend,14.9,10.39,0.804,-9.11,3,66.67,56.77,-2.71,-4.54,-1.205,-4.77,1,0,11.77,19.09,9.15,0.705,-9.11,5,27.9,13.11,0.677,0.764,8.16,0
IWM,1h,100,300,trend,17.43,12.12,0.924,-7.31,3,66.67,55.91,-2.62,-4.39,-0.991,-4.77,1,0,15.12,18.23,8.75,0.671,-7.58,5,27.9,13.11,0.677,0.764,8.16,0
IWM,1h,125,2,dip,4.24,3,0.256,-23.68,39,74.36,33.88,-0.28,-0.47,0.008,-7.95,11,81.82,37.99,3.96,1.96,0.2,-23.68,52,27.9,13.11,0.677,0.764,8.16,0
IWM,1h,125,3,dip,4.39,3.11,0.262,-24.19,30,83.33,33.88,0.73,1.24,0.17,-7.95,10,80,37.8,5.35,2.65,0.24,-24.19,41,27.9,13.11,0.677,0.764,8.16,0
IWM,1h,125,4,dip,5.08,3.59,0.289,-24.13,28,78.57,33.8,1.85,3.15,0.347,-7.95,10,90,37.99,7.04,3.46,0.287,-24.13,39,27.9,13.11,0.677,0.764,8.16,0
IWM,1h,125,5,dip,4.62,3.27,0.271,-24.42,26,80.77,33.8,1.69,2.87,0.322,-7.95,10,90,37.89,3.71,1.84,0.193,-24.42,37,27.9,13.11,0.677,0.764,8.16,0
IWM,1h,125,7,dip,-0.36,-0.26,0.074,-24.34,23,69.57,33.72,1.32,2.25,0.264,-7.95,9,77.78,38.56,-3.75,-1.9,-0.028,-24.34,32,27.9,13.11,0.677,0.764,8.16,0
IWM,1h,125,9,dip,12.27,8.59,0.544,-23.16,21,76.19,33.84,-1.22,-2.06,-0.137,-8.43,6,83.33,39.14,6.78,3.34,0.276,-23.16,27,27.9,13.11,0.677,0.764,8.16,0
IWM,1h,125,12,dip,11.99,8.39,0.536,-24.17,18,72.22,33.8,-0.98,-1.66,-0.116,-7.97,4,75,36.08,6.28,3.1,0.262,-24.17,22,27.9,13.11,0.677,0.764,8.16,0
IWM,1h,125,15,dip,12.32,8.62,0.548,-23.96,16,75,33.92,-1.17,-1.96,-0.149,-7.97,4,75,35.79,6.62,3.26,0.272,-23.96,21,27.9,13.11,0.677,0.764,8.16,0
IWM,1h,125,20,dip,7.29,5.14,0.369,-24.52,16,81.25,33.35,3.07,5.25,0.584,-7.95,4,75,35.22,5.72,2.82,0.248,-24.52,21,27.9,13.11,0.677,0.764,8.16,0
IWM,1h,125,25,dip,6.99,4.93,0.36,-22.5,12,66.67,32.81,3.6,6.16,0.705,-7.95,4,75,34.45,8.67,4.25,0.332,-22.5,17,27.9,13.11,0.677,0.764,8.16,0
IWM,1h,125,30,dip,7.61,5.36,0.383,-21.78,11,63.64,32.9,3.94,6.76,0.776,-7.95,4,75,34.26,9.97,4.87,0.367,-21.78,16,27.9,13.11,0.677,0.764,8.16,1
IWM,1h,125,40,dip,9.63,6.76,0.458,-20.45,13,61.54,33.92,0.84,1.42,0.205,-8.09,4,75,33.59,6.65,3.28,0.275,-20.45,17,27.9,13.11,0.677,0.764,8.16,0
IWM,1h,125,50,dip,6.36,4.48,0.336,-23.23,10,70,34.37,-0.67,-1.13,-0.095,-8.15,4,50,32.63,5.41,2.67,0.24,-23.23,15,27.9,13.11,0.677,0.764,8.16,0
IWM,1h,125,60,dip,13.33,9.31,0.61,-19.58,10,80,34.37,-1.96,-3.29,-0.35,-8.12,4,75,31.77,6.65,3.28,0.279,-19.58,15,27.9,13.11,0.677,0.764,8.16,0
IWM,1h,125,75,dip,17.1,11.89,0.776,-16.63,12,66.67,34.62,-5.72,-9.48,-1.123,-8.33,4,50,30.53,9.08,4.45,0.358,-16.63,17,27.9,13.11,0.677,0.764,8.16,0
IWM,1h,125,100,dip,19.89,13.78,0.851,-13.4,15,60,37.74,-2.09,-3.51,-0.408,-6.67,4,75,29,16.83,8.1,0.565,-13.4,20,27.9,13.11,0.677,0.764,8.16,0
IWM,1h,125,150,trend,10.53,7.39,0.623,-8.56,11,63.64,52.71,9.47,16.52,1.212,-5.45,2,50,57.7,15.47,7.47,0.605,-8.56,14,27.9,13.11,0.677,0.764,8.16,1
IWM,1h,125,200,trend,18.67,12.95,1.003,-7.31,6,50,54.88,5.67,9.77,0.762,-7.09,2,50,59.14,25.4,12,0.93,-7.31,8,27.9,13.11,0.677,0.764,8.16,0
IWM,1h,125,250,trend,9.07,6.37,0.537,-9.83,3,66.67,55.58,-5.51,-9.14,-2.412,-5.76,1,0,12.34,9.5,4.65,0.406,-9.83,5,27.9,13.11,0.677,0.764,8.16,0
IWM,1h,125,300,trend,8.03,5.65,0.486,-10.64,3,66.67,54.84,-4.49,-7.47,-1.895,-5.77,1,0,13.4,7.2,3.54,0.32,-11.4,5,27.9,13.11,0.677,0.764,8.16,0
IWM,1h,150,2,dip,-1.9,-1.35,0.009,-26.06,28,71.43,31.91,1.17,1.99,0.259,-7.39,14,85.71,32.15,-0.81,-0.41,0.058,-26.06,43,27.9,13.11,0.677,0.764,8.16,0
IWM,1h,150,3,dip,-1.6,-1.14,0.021,-25.02,23,73.91,31.75,2.7,4.6,0.523,-7.39,13,92.31,32.06,1.23,0.61,0.12,-25.02,37,27.9,13.11,0.677,0.764,8.16,0
IWM,1h,150,4,dip,-2.18,-1.56,-0.004,-25.23,20,75,31.67,1.52,2.58,0.317,-7.39,12,91.67,32.15,-0.83,-0.41,0.057,-25.23,33,27.9,13.11,0.677,0.764,8.16,0
IWM,1h,150,5,dip,-4.16,-2.98,-0.088,-25.65,18,72.22,31.46,0.75,1.28,0.182,-7.77,11,81.82,32.25,-3.56,-1.8,-0.028,-25.65,30,27.9,13.11,0.677,0.764,8.16,0
IWM,1h,150,7,dip,-3.75,-2.68,-0.069,-24.84,16,75,32.44,-0.85,-1.43,-0.105,-7.74,9,77.78,32.34,-7.91,-4.04,-0.162,-24.84,25,27.9,13.11,0.677,0.764,8.16,0
IWM,1h,150,9,dip,-0.42,-0.3,0.07,-24.1,16,75,32.4,0.48,0.81,0.132,-7.39,8,75,32.73,-4.1,-2.07,-0.041,-24.1,24,27.9,13.11,0.677,0.764,8.16,0
IWM,1h,150,12,dip,-3.35,-2.4,-0.054,-24.96,14,78.57,32.24,-2.17,-3.65,-0.332,-7.95,5,80,32.34,-9.11,-4.67,-0.202,-24.96,19,27.9,13.11,0.677,0.764,8.16,0
IWM,1h,150,15,dip,0.33,0.23,0.102,-24.56,11,63.64,32.03,-1.27,-2.14,-0.174,-7.95,4,50,31.77,-5.03,-2.55,-0.065,-24.56,16,27.9,13.11,0.677,0.764,8.16,0
IWM,1h,150,20,dip,6.11,4.31,0.327,-22.78,10,70,32.03,2.45,4.18,0.501,-7.95,5,60,31.39,4.39,2.17,0.212,-22.78,16,27.9,13.11,0.677,0.764,8.16,0
IWM,1h,150,25,dip,6.19,4.37,0.33,-24,10,70,32.53,1.73,2.94,0.379,-7.95,4,75,31.96,7.27,3.58,0.294,-24,15,27.9,13.11,0.677,0.764,8.16,0
IWM,1h,150,30,dip,10.66,7.47,0.495,-21.85,9,66.67,32.85,4.25,7.28,0.847,-7.95,4,75,31.48,12.69,6.16,0.441,-21.85,14,27.9,13.11,0.677,0.764,8.16,1
IWM,1h,150,40,dip,8.32,5.85,0.409,-22.38,10,60,32.85,-0.74,-1.25,-0.112,-7.97,3,66.67,29.95,7.95,3.91,0.31,-22.38,13,27.9,13.11,0.677,0.764,8.16,0
IWM,1h,150,50,dip,8.45,5.94,0.416,-21.88,10,70,32.94,-4.9,-8.15,-1.057,-8.53,4,75,27.46,2.74,1.36,0.165,-21.88,14,27.9,13.11,0.677,0.764,8.16,0
IWM,1h,150,60,dip,2.12,1.51,0.173,-24.49,9,55.56,33.51,-4.61,-7.67,-1.009,-7.74,2,50,26.89,-0.6,-0.3,0.065,-24.49,12,27.9,13.11,0.677,0.764,8.16,0
IWM,1h,150,75,dip,3.38,2.39,0.224,-21.94,10,60,32.4,-3.15,-5.27,-0.681,-6.67,2,50,26.03,0.57,0.28,0.097,-21.94,13,27.9,13.11,0.677,0.764,8.16,0
IWM,1h,150,100,dip,8.11,5.71,0.437,-15.35,9,77.78,32.85,-2.01,-3.38,-0.428,-6.67,2,50,24.4,5.62,2.77,0.258,-15.35,12,27.9,13.11,0.677,0.764,8.16,0
IWM,1h,150,125,dip,-2.44,-1.75,-0.016,-24.55,12,50,33.96,-3,-5.02,-0.679,-6.67,2,50,23.35,-0.55,-0.28,0.064,-24.55,15,27.9,13.11,0.677,0.764,8.16,0
IWM,1h,150,200,trend,5.65,3.99,0.355,-11.83,5,60,57.05,3.78,6.47,0.531,-7.83,2,50,60.19,9.65,4.72,0.407,-11.83,7,27.9,13.11,0.677,0.764,8.16,0
IWM,1h,150,250,trend,10.15,7.12,0.593,-10.5,3,66.67,54.76,-5.02,-8.35,-2.107,-5.5,1,0,12.73,11.57,5.64,0.482,-10.5,5,27.9,13.11,0.677,0.764,8.16,0
IWM,1h,150,300,trend,11.81,8.27,0.676,-9.61,3,66.67,53.57,-6.51,-10.76,-2.606,-6.69,1,0,13.78,7.29,3.59,0.324,-11.08,5,27.9,13.11,0.677,0.764,8.16,0
IWM,1h,200,2,dip,-1.03,-0.73,0.043,-23.99,24,79.17,29.61,1,1.69,0.24,-6.81,10,90,24.88,-0.46,-0.23,0.067,-23.99,36,27.9,13.11,0.677,0.764,8.16,0
IWM,1h,200,3,dip,-0.13,-0.09,0.08,-23.55,22,81.82,29.57,1.87,3.19,0.413,-6.81,9,88.89,24.98,0.06,0.03,0.084,-23.55,33,27.9,13.11,0.677,0.764,8.16,0
IWM,1h,200,4,dip,0.79,0.56,0.118,-23.55,15,80,29.25,-0.61,-1.04,-0.085,-6.97,9,88.89,25.17,-1.48,-0.74,0.035,-23.55,26,27.9,13.11,0.677,0.764,8.16,0
IWM,1h,200,5,dip,2.71,1.92,0.197,-23.18,14,85.71,29.2,1.19,2.01,0.279,-6.81,9,77.78,24.98,4.65,2.3,0.22,-23.18,24,27.9,13.11,0.677,0.764,8.16,0
IWM,1h,200,7,dip,0.26,0.18,0.095,-23.36,12,75,29.12,-2.82,-4.72,-0.582,-6.81,8,50,24.4,-6.24,-3.18,-0.118,-23.36,20,27.9,13.11,0.677,0.764,8.16,0
IWM,1h,200,9,dip,-2.14,-1.53,-0.007,-23.36,12,66.67,28.84,-1.76,-2.95,-0.352,-6.87,4,75,23.73,-7.46,-3.81,-0.16,-23.36,16,27.9,13.11,0.677,0.764,8.16,0
IWM,1h,200,12,dip,-1.35,-0.96,0.026,-23.96,10,70,28.55,1.72,2.92,0.406,-6.67,4,75,24.31,-3.2,-1.62,-0.02,-23.96,14,27.9,13.11,0.677,0.764,8.16,0
IWM,1h,200,15,dip,-2.16,-1.54,-0.009,-24.04,10,80,28.79,0.37,0.62,0.119,-6.67,5,60,24.31,-5.21,-2.64,-0.087,-24.04,15,27.9,13.11,0.677,0.764,8.16,0
IWM,1h,200,20,dip,-2.01,-1.44,-0.003,-23,9,77.78,28.75,1.57,2.67,0.383,-6.67,3,66.67,23.92,-0.64,-0.32,0.061,-23,12,27.9,13.11,0.677,0.764,8.16,0
IWM,1h,200,25,dip,-4.42,-3.17,-0.108,-23.96,7,71.43,28.75,0,0,0.036,-6.67,4,75,23.83,-4.92,-2.5,-0.075,-23.96,11,27.9,13.11,0.677,0.764,8.16,0
IWM,1h,200,30,dip,-7.72,-5.56,-0.257,-24.29,8,50,28.51,-1.63,-2.73,-0.344,-6.67,3,66.67,23.25,-9.69,-4.98,-0.235,-24.29,11,27.9,13.11,0.677,0.764,8.16,0
IWM,1h,200,40,dip,-13.52,-9.82,-0.526,-24.58,5,40,28.67,-2.48,-4.16,-0.548,-6.67,2,50,23.35,-16.29,-8.52,-0.465,-24.58,7,27.9,13.11,0.677,0.764,8.16,0
IWM,1h,200,50,dip,-9.4,-6.79,-0.332,-23.89,5,40,28.63,-2.63,-4.4,-0.582,-6.67,2,50,23.44,-11.25,-5.8,-0.286,-23.89,7,27.9,13.11,0.677,0.764,8.16,0
IWM,1h,200,60,dip,-4.29,-3.07,-0.1,-23.95,5,60,28.84,-2.6,-4.35,-0.577,-6.67,2,50,23.16,-6.46,-3.29,-0.124,-23.95,7,27.9,13.11,0.677,0.764,8.16,0
IWM,1h,200,75,dip,-5.12,-3.67,-0.137,-23.05,5,40,28.75,-3.85,-6.43,-0.891,-6.77,2,50,23.35,-8.61,-4.41,-0.196,-23.05,7,27.9,13.11,0.677,0.764,8.16,0
IWM,1h,200,100,dip,-1.12,-0.8,0.037,-20.6,5,60,30.68,-2.66,-4.46,-0.608,-6.88,2,50,22.11,-3.5,-1.77,-0.028,-20.6,7,27.9,13.11,0.677,0.764,8.16,0
IWM,1h,200,125,dip,-1.68,-1.2,0.011,-20.54,7,57.14,28.59,-1.68,-2.82,-0.383,-5.68,2,50,20.19,-0.79,-0.4,0.056,-20.54,9,27.9,13.11,0.677,0.764,8.16,0
IWM,1h,200,150,dip,6.03,4.25,0.336,-20.54,6,66.67,27.69,-0.18,-0.31,-0.014,-4.84,2,50,18.66,8.94,4.38,0.349,-20.54,8,27.9,13.11,0.677,0.764,8.16,0
IWM,1h,200,250,trend,6.49,4.58,0.403,-12.55,4,50,53.86,3.98,6.82,0.552,-6.37,2,50,61.44,8.89,4.36,0.378,-12.55,6,27.9,13.11,0.677,0.764,8.16,0
IWM,1h,200,300,trend,8.22,5.78,0.485,-10.49,3,66.67,52.38,-4.62,-7.68,-1.632,-6.14,1,0,13.01,10.89,5.31,0.436,-10.49,5,27.9,13.11,0.677,0.764,8.16,0
IWM,1h,250,2,dip,-0.21,-0.15,0.076,-22.83,20,75,27.6,-1.57,-2.65,-0.331,-6.81,5,80,21.34,1.68,0.84,0.132,-22.83,26,27.9,13.11,0.677,0.764,8.16,0
IWM,1h,250,3,dip,1.59,1.13,0.151,-22.83,19,89.47,27.48,-3.16,-5.28,-0.719,-6.81,4,75,21.05,2.1,1.04,0.145,-22.83,24,27.9,13.11,0.677,0.764,8.16,0
IWM,1h,250,4,dip,1.29,0.92,0.138,-22.83,17,82.35,27.4,-4.26,-7.1,-1.012,-6.97,3,66.67,20.96,0.35,0.18,0.091,-22.83,21,27.9,13.11,0.677,0.764,8.16,0
IWM,1h,250,5,dip,-1.52,-1.08,0.018,-22.83,16,87.5,27.19,-4,-6.66,-0.945,-6.81,3,66.67,20.96,-4.89,-2.48,-0.078,-22.83,20,27.9,13.11,0.677,0.764,8.16,0
IWM,1h,250,7,dip,-1.33,-0.95,0.026,-22.85,13,84.62,27.11,-3.7,-6.18,-0.877,-6.87,3,66.67,20.77,-5.48,-2.78,-0.095,-22.85,16,27.9,13.11,0.677,0.764,8.16,0
IWM,1h,250,9,dip,-5.12,-3.67,-0.142,-22.83,11,81.82,26.91,-1.95,-3.27,-0.444,-6.67,3,66.67,20.77,-7.22,-3.68,-0.154,-22.83,14,27.9,13.11,0.677,0.764,8.16,0
IWM,1h,250,12,dip,-6.67,-4.79,-0.213,-22.08,8,75,26.58,-2.2,-3.7,-0.51,-6.67,2,50,20.48,-9.02,-4.63,-0.216,-22.08,11,27.9,13.11,0.677,0.764,8.16,0
IWM,1h,250,15,dip,-7.51,-5.4,-0.252,-22.09,9,77.78,26.33,-1.52,-2.56,-0.338,-6.67,2,50,20.48,-8.17,-4.18,-0.186,-22.09,12,27.9,13.11,0.677,0.764,8.16,0
IWM,1h,250,20,dip,-8.1,-5.84,-0.28,-22.21,5,60,25.88,-1.98,-3.32,-0.447,-6.67,2,50,20.38,-10.91,-5.62,-0.282,-22.21,8,27.9,13.11,0.677,0.764,8.16,0
IWM,1h,250,25,dip,-7.57,-5.45,-0.257,-21.34,5,60,25.55,-1.6,-2.69,-0.357,-6.67,2,50,20.48,-8.4,-4.3,-0.201,-21.34,8,27.9,13.11,0.677,0.764,8.16,0
IWM,1h,250,30,dip,-10.4,-7.52,-0.39,-21.6,4,25,25.55,-1.5,-2.52,-0.333,-6.67,2,50,20.57,-9.57,-4.91,-0.242,-21.6,7,27.9,13.11,0.677,0.764,8.16,0
IWM,1h,250,40,dip,-7.07,-5.08,-0.237,-22.22,4,75,25.84,-1.99,-3.35,-0.459,-6.67,2,50,20.48,-8.76,-4.49,-0.21,-22.22,7,27.9,13.11,0.677,0.764,8.16,0
IWM,1h,250,50,dip,0.48,0.34,0.103,-21.87,4,75,26.37,-1.14,-1.92,-0.244,-6.67,2,50,20.48,-0.45,-0.23,0.066,-21.87,7,27.9,13.11,0.677,0.764,8.16,0
IWM,1h,250,60,dip,2.2,1.56,0.177,-22.01,4,75,26.66,-1.03,-1.74,-0.219,-6.67,2,50,20.38,0.52,0.26,0.096,-22.01,7,27.9,13.11,0.677,0.764,8.16,0
IWM,1h,250,75,dip,-4.22,-3.02,-0.105,-20.68,3,66.67,26.29,-2.74,-4.59,-0.639,-6.9,2,50,20.48,-1.36,-0.69,0.035,-20.68,6,27.9,13.11,0.677,0.764,8.16,0
IWM,1h,250,100,dip,2.33,1.65,0.182,-21.56,3,66.67,26.87,-1.1,-1.85,-0.255,-6.7,2,50,18.95,5.2,2.57,0.241,-21.56,6,27.9,13.11,0.677,0.764,8.16,0
IWM,1h,250,125,dip,6.13,4.32,0.338,-19.87,3,66.67,27.65,1.37,2.32,0.397,-4.67,2,50,17.8,12.64,6.14,0.457,-19.87,6,27.9,13.11,0.677,0.764,8.16,0
IWM,1h,250,150,dip,6.76,4.77,0.364,-19.37,3,66.67,28.1,0.93,1.57,0.29,-4.78,2,50,16.56,12.32,5.99,0.444,-19.37,6,27.9,13.11,0.677,0.764,8.16,0
IWM,1h,250,200,dip,8.29,5.83,0.427,-17.66,4,100,29.2,-2.83,-4.74,-0.981,-5.47,2,0,14.07,12.86,6.25,0.467,-17.66,7,27.9,13.11,0.677,0.764,8.16,0
IWM,1h,250,300,trend,12.5,8.74,0.683,-10.56,3,66.67,50.86,-3.96,-6.6,-1.338,-5.6,1,0,11.87,14.07,6.81,0.528,-10.56,5,27.9,13.11,0.677,0.764,8.16,0
IWM,1h,300,2,dip,-3.73,-2.67,-0.078,-22.83,17,82.35,28.01,-3.75,-6.26,-0.897,-6.81,3,66.67,20.38,-4.88,-2.47,-0.079,-22.83,22,27.9,13.11,0.677,0.764,8.16,0
IWM,1h,300,3,dip,-4.32,-3.1,-0.104,-22.83,14,92.86,28.1,-3.96,-6.61,-0.95,-6.81,3,66.67,20.48,-6.01,-3.06,-0.116,-22.83,19,27.9,13.11,0.677,0.764,8.16,0
IWM,1h,300,4,dip,-6.06,-4.35,-0.183,-22.83,11,90.91,28.06,-4.17,-6.96,-1.001,-6.81,2,50,20.57,-9.09,-4.66,-0.223,-22.83,16,27.9,13.11,0.677,0.764,8.16,0
IWM,1h,300,5,dip,-7.75,-5.58,-0.258,-22.83,10,80,28.26,-4.56,-7.58,-1.102,-6.81,2,50,20.38,-10.06,-5.17,-0.256,-22.83,14,27.9,13.11,0.677,0.764,8.16,0
IWM,1h,300,7,dip,-7.93,-5.71,-0.266,-23.5,11,54.55,28.38,-4.73,-7.86,-1.146,-7.04,2,50,20.29,-9.91,-5.09,-0.251,-23.5,15,27.9,13.11,0.677,0.764,8.16,0
IWM,1h,300,9,dip,-7.01,-5.04,-0.223,-23.26,9,66.67,28.63,-4.01,-6.69,-0.97,-6.67,2,50,20.19,-10.12,-5.2,-0.257,-23.26,13,27.9,13.11,0.677,0.764,8.16,0
IWM,1h,300,12,dip,-7.85,-5.65,-0.261,-22.62,7,57.14,28.79,-3.03,-5.07,-0.726,-6.67,2,50,20.1,-10.94,-5.64,-0.285,-22.62,10,27.9,13.11,0.677,0.764,8.16,0
IWM,1h,300,15,dip,-4.94,-3.54,-0.133,-22.36,5,60,28.92,-2.75,-4.6,-0.65,-6.67,2,50,19.9,-7.56,-3.86,-0.17,-22.36,8,27.9,13.11,0.677,0.764,8.16,0
IWM,1h,300,20,dip,-2.14,-1.53,-0.009,-20.83,4,75,28.26,-1.84,-3.09,-0.424,-6.67,2,50,19.62,-3.87,-1.96,-0.046,-20.83,7,27.9,13.11,0.677,0.764,8.16,0
IWM,1h,300,25,dip,-1.43,-1.02,0.021,-20.75,4,75,28.47,-1.97,-3.32,-0.46,-6.67,2,50,19.23,-3.14,-1.58,-0.023,-20.75,7,27.9,13.11,0.677,0.764,8.16,0
IWM,1h,300,30,dip,-2.79,-2,-0.038,-21.68,4,75,28.63,-1.23,-2.06,-0.274,-6.67,2,50,18.95,-2.69,-1.36,-0.008,-21.68,7,27.9,13.11,0.677,0.764,8.16,0
IWM,1h,300,40,dip,-0.72,-0.51,0.052,-20.6,5,80,28.01,-1.37,-2.31,-0.31,-6.67,2,50,18.95,0.15,0.08,0.083,-20.6,8,27.9,13.11,0.677,0.764,8.16,0
IWM,1h,300,50,dip,-2.61,-1.86,-0.031,-21.46,3,66.67,27.77,-0.78,-1.31,-0.163,-6.67,2,50,18.56,-1.12,-0.56,0.042,-21.46,6,27.9,13.11,0.677,0.764,8.16,0
IWM,1h,300,60,dip,-4.62,-3.31,-0.122,-21.58,3,66.67,27.77,-1.6,-2.68,-0.401,-6.67,2,50,17.89,-3.1,-1.57,-0.024,-21.58,6,27.9,13.11,0.677,0.764,8.16,0
IWM,1h,300,75,dip,-3.26,-2.33,-0.061,-20.77,3,66.67,27.28,-3.2,-5.35,-0.868,-7.68,2,50,17.13,-0.02,-0.01,0.077,-20.77,6,27.9,13.11,0.677,0.764,8.16,0
IWM,1h,300,100,dip,-1.76,-1.26,0.005,-21.12,3,66.67,27.24,-1.3,-2.19,-0.356,-6.31,2,50,14.35,3.98,1.97,0.204,-21.12,6,27.9,13.11,0.677,0.764,8.16,0
IWM,1h,300,125,dip,9.61,6.75,0.48,-20.73,3,66.67,27.81,-3.1,-5.18,-1.025,-5.21,2,50,11.29,17.71,8.51,0.609,-20.73,6,27.9,13.11,0.677,0.764,8.16,0
IWM,1h,300,150,dip,5,3.53,0.294,-20.56,3,66.67,28.63,-1,-1.69,-0.328,-3.98,2,50,11.1,16.6,8,0.579,-20.56,6,27.9,13.11,0.677,0.764,8.16,0
IWM,1h,300,200,dip,7.49,5.27,0.402,-17.63,3,66.67,28.84,-3.39,-5.66,-1.334,-5.18,2,0,10.81,11.78,5.74,0.449,-17.63,6,27.9,13.11,0.677,0.764,8.16,0
IWM,1h,300,250,dip,3.4,2.41,0.229,-17.15,3,66.67,30.35,-3.87,-6.46,-1.852,-4.8,2,0,8.42,8.67,4.25,0.357,-17.15,6,27.9,13.11,0.677,0.764,8.16,0
DIA,1d,2,3,trend,-43.86,-2.84,-0.186,-67.39,926,45.25,54.55,3.04,0.35,0.089,-26.27,397,44.08,54.25,-42.69,-1.92,-0.104,-67.39,1323,1083.51,8.99,0.526,0.641,139.25,0
DIA,1d,2,4,trend,-8.28,-0.43,0.021,-56.91,663,42.53,56.17,-6.53,-0.78,-0.014,-26.28,291,45.7,56.14,-16.81,-0.64,0.002,-56.91,955,1083.51,8.99,0.526,0.641,139.25,0
DIA,1d,2,5,trend,-12.37,-0.66,0.001,-52.17,542,43.17,56.33,7.82,0.88,0.134,-30.69,230,46.96,57.76,-8.33,-0.3,0.032,-52.17,773,1083.51,8.99,0.526,0.641,139.25,0
DIA,1d,2,7,trend,5.4,0.26,0.081,-51.08,426,41.08,57.68,23.86,2.52,0.278,-24.94,179,45.25,58.26,23.3,0.73,0.121,-51.08,606,1083.51,8.99,0.526,0.641,139.25,0
DIA,1d,2,9,trend,16.42,0.76,0.124,-46.83,355,40.85,57.78,34.36,3.49,0.365,-26.37,151,47.02,58.82,51.19,1.45,0.184,-46.83,506,1083.51,8.99,0.526,0.641,139.25,0
DIA,1d,2,12,trend,19.55,0.89,0.135,-44.48,301,38.54,58.9,73.3,6.59,0.641,-16.26,117,47.01,61.27,100.25,2.45,0.271,-44.48,418,1083.51,8.99,0.526,0.641,139.25,1
DIA,1d,2,15,trend,76.92,2.88,0.311,-36.19,268,40.67,58.86,56.85,5.37,0.532,-21.15,101,51.49,62.56,161.59,3.41,0.357,-36.19,372,1083.51,8.99,0.526,0.641,139.25,0
DIA,1d,2,20,trend,64.61,2.51,0.283,-31.83,232,43.53,60.31,44.17,4.34,0.456,-22.4,90,46.67,64.13,127.27,2.9,0.319,-31.83,324,1083.51,8.99,0.526,0.641,139.25,0
DIA,1d,2,25,trend,39.14,1.66,0.205,-37.89,194,34.02,61.34,45.83,4.48,0.47,-22.92,73,46.58,65,93.33,2.32,0.266,-37.89,269,1083.51,8.99,0.526,0.641,139.25,0
DIA,1d,2,30,trend,53.19,2.15,0.25,-39.59,175,34.29,62.29,57.69,5.43,0.551,-16.37,61,44.26,66.53,128.18,2.92,0.32,-39.59,239,1083.51,8.99,0.526,0.641,139.25,0
DIA,1d,2,40,trend,62.11,2.44,0.28,-36.43,150,31.33,62.98,95.98,8.13,0.777,-11.3,44,47.73,68.33,205.88,3.97,0.418,-36.43,196,1083.51,8.99,0.526,0.641,139.25,1
DIA,1d,2,50,trend,63.14,2.47,0.283,-33.74,135,34.81,63.95,68.79,6.27,0.615,-16.02,46,39.13,69.81,161.8,3.41,0.367,-33.74,185,1083.51,8.99,0.526,0.641,139.25,0
DIA,1d,2,60,trend,76.19,2.86,0.317,-34,121,33.06,64.86,57.72,5.43,0.546,-17.02,39,38.46,68.37,155.5,3.32,0.357,-34,163,1083.51,8.99,0.526,0.641,139.25,0
DIA,1d,2,75,trend,128.22,4.2,0.434,-42.88,105,29.52,66.38,52,4.98,0.503,-19.93,41,39.02,69.3,231.98,4.27,0.439,-42.88,148,1083.51,8.99,0.526,0.641,139.25,0
DIA,1d,2,100,trend,118.89,3.98,0.412,-46.72,98,26.53,68.1,25.96,2.72,0.301,-21.01,41,34.15,69.11,162.39,3.42,0.36,-46.72,145,1083.51,8.99,0.526,0.641,139.25,0
DIA,1d,2,125,trend,106.43,3.68,0.387,-49.99,98,28.57,68.86,31.65,3.25,0.344,-20.24,33,33.33,70.68,154.33,3.31,0.349,-49.99,136,1083.51,8.99,0.526,0.641,139.25,0
DIA,1d,2,150,trend,105.09,3.64,0.383,-52,83,26.51,69.89,35.95,3.63,0.372,-25.25,29,27.59,72.3,156.17,3.33,0.348,-52,117,1083.51,8.99,0.526,0.641,139.25,0
DIA,1d,2,200,trend,83.38,3.07,0.35,-46.53,76,22.37,66.24,44.11,4.33,0.428,-24.36,25,32,73.82,146.69,3.2,0.345,-46.53,103,1083.51,8.99,0.526,0.641,139.25,0
DIA,1d,2,250,trend,110.93,3.79,0.419,-40.7,55,20,65.83,39.17,3.91,0.392,-25.67,19,31.58,71.75,172.16,3.55,0.375,-40.7,77,1083.51,8.99,0.526,0.641,139.25,0
DIA,1d,2,300,trend,118.26,3.96,0.426,-44.45,49,20.41,67.19,39.93,3.98,0.387,-28.74,16,37.5,72.9,208.71,4.01,0.405,-44.45,69,1083.51,8.99,0.526,0.641,139.25,0
DIA,1d,3,2,dip,191.91,5.48,0.449,-22.35,925,59.46,45.33,41.59,4.12,0.369,-30.77,397,58.19,45.57,320.88,5.14,0.43,-30.77,1323,1083.51,8.99,0.526,0.641,139.25,0
DIA,1d,3,4,trend,41.94,1.76,0.207,-45.27,751,48.47,55.26,17.63,1.9,0.224,-20.59,328,48.78,56,57.68,1.6,0.195,-45.27,1080,1083.51,8.99,0.526,0.641,139.25,0
DIA,1d,3,5,trend,30.5,1.33,0.171,-44.83,537,45.44,56.57,24.13,2.54,0.277,-16.8,229,46.29,56.69,51.33,1.45,0.182,-44.83,767,1083.51,8.99,0.526,0.641,139.25,0
DIA,1d,3,7,trend,2.05,0.1,0.067,-46.6,386,42.23,56.83,14.33,1.57,0.194,-27.08,166,43.98,58.17,9.94,0.33,0.086,-46.6,553,1083.51,8.99,0.526,0.641,139.25,0
DIA,1d,3,9,trend,15.34,0.71,0.119,-46.72,326,42.64,57.95,5.64,0.64,0.113,-25.94,138,44.93,58.54,17.78,0.57,0.107,-46.72,464,1083.51,8.99,0.526,0.641,139.25,0
DIA,1d,3,12,trend,21.31,0.97,0.142,-42.32,256,39.84,58.25,44.33,4.35,0.445,-18.13,107,48.6,61.03,70.16,1.87,0.221,-42.32,364,1083.51,8.99,0.526,0.641,139.25,0
DIA,1d,3,15,trend,41.23,1.73,0.21,-34.71,217,40.55,58.55,57.77,5.44,0.544,-17.66,93,48.39,62.05,112.25,2.66,0.293,-34.71,312,1083.51,8.99,0.526,0.641,139.25,0
DIA,1d,3,20,trend,52.47,2.12,0.245,-27.59,186,43.55,60.13,48.07,4.66,0.483,-19.42,74,44.59,63.76,113.62,2.68,0.296,-27.59,262,1083.51,8.99,0.526,0.641,139.25,0
DIA,1d,3,25,trend,72.94,2.77,0.303,-33.71,168,39.88,61.34,26.69,2.79,0.314,-18.56,63,42.86,65,104.51,2.52,0.284,-33.71,233,1083.51,8.99,0.526,0.641,139.25,0
DIA,1d,3,30,trend,97.02,3.44,0.366,-27.25,142,39.44,62.27,48.32,4.68,0.482,-15.68,55,41.82,66.39,181.57,3.67,0.388,-27.25,199,1083.51,8.99,0.526,0.641,139.25,0
DIA,1d,3,40,trend,62.06,2.43,0.278,-37.8,128,35.94,62.84,81.04,7.14,0.686,-13.75,39,43.59,68.42,177.03,3.61,0.383,-37.8,169,1083.51,8.99,0.526,0.641,139.25,1
DIA,1d,3,50,trend,93.27,3.34,0.361,-35.59,111,36.04,63.89,89.59,7.71,0.741,-12.09,35,45.71,69.39,243.38,4.39,0.454,-35.59,148,1083.51,8.99,0.526,0.641,139.25,1
DIA,1d,3,60,trend,76.02,2.86,0.317,-38.19,103,34.95,64.72,89.88,7.73,0.743,-14.99,32,46.88,68.7,207.95,4,0.417,-38.19,138,1083.51,8.99,0.526,0.641,139.25,1
DIA,1d,3,75,trend,135.01,4.35,0.449,-42.12,87,34.48,66.34,73.19,6.59,0.645,-19.2,29,44.83,69.16,281.99,4.78,0.485,-42.12,119,1083.51,8.99,0.526,0.641,139.25,1
DIA,1d,3,100,trend,100.52,3.53,0.372,-46.94,82,26.83,68.34,28,2.91,0.318,-23.04,36,33.33,69.25,138.52,3.08,0.33,-46.94,122,1083.51,8.99,0.526,0.641,139.25,0
DIA,1d,3,125,trend,105.79,3.66,0.383,-49.82,77,29.87,69.09,49.59,4.79,0.477,-18.91,28,39.29,70.91,177.1,3.62,0.374,-49.82,109,1083.51,8.99,0.526,0.641,139.25,0
DIA,1d,3,150,trend,95.92,3.41,0.36,-50.92,71,21.13,69.92,38.88,3.89,0.396,-19.98,25,36,72.07,161.46,3.41,0.353,-50.92,99,1083.51,8.99,0.526,0.641,139.25,0
DIA,1d,3,200,trend,82.23,3.03,0.344,-45.62,62,22.58,66.19,44.53,4.37,0.434,-24.72,21,33.33,73.82,140.23,3.1,0.336,-45.62,85,1083.51,8.99,0.526,0.641,139.25,0
DIA,1d,3,250,trend,111.18,3.79,0.419,-38.15,45,24.44,65.69,41.36,4.1,0.41,-25.07,14,28.57,71.47,173.84,3.57,0.377,-38.15,62,1083.51,8.99,0.526,0.641,139.25,0
DIA,1d,3,300,trend,96.08,3.41,0.37,-38.97,41,24.39,67.25,36.17,3.65,0.375,-21.2,13,38.46,64.36,185.51,3.72,0.377,-38.97,56,1083.51,8.99,0.526,0.641,139.25,0
DIA,1d,4,2,dip,144.98,4.56,0.382,-26.6,662,63.44,43.71,80.06,7.07,0.544,-30.08,292,64.04,43.54,350.94,5.39,0.436,-31.13,955,1083.51,8.99,0.526,0.641,139.25,0
DIA,1d,4,3,dip,42.44,1.78,0.195,-33.94,750,58,44.62,40.61,4.04,0.345,-35.1,329,56.84,43.63,104.75,2.53,0.246,-37.46,1080,1083.51,8.99,0.526,0.641,139.25,0
DIA,1d,4,5,trend,137.37,4.4,0.426,-27.91,651,52.53,55.86,5.1,0.58,0.108,-17.8,284,45.77,56.05,135.08,3.02,0.316,-27.91,936,1083.51,8.99,0.526,0.641,139.25,0
DIA,1d,4,7,trend,45.48,1.88,0.218,-31.41,384,44.27,57.76,33.03,3.37,0.354,-16.14,162,48.15,58.08,85.15,2.17,0.244,-31.41,547,1083.51,8.99,0.526,0.641,139.25,0
DIA,1d,4,9,trend,0.79,0.04,0.06,-46.53,305,41.97,57.64,16.38,1.78,0.218,-20.04,126,46.03,58.59,13.52,0.44,0.095,-46.53,431,1083.51,8.99,0.526,0.641,139.25,0
DIA,1d,4,12,trend,10.76,0.51,0.102,-37.06,243,41.15,57.99,40.06,3.99,0.411,-20.17,100,48,60.48,50.96,1.45,0.184,-37.06,344,1083.51,8.99,0.526,0.641,139.25,0
DIA,1d,4,15,trend,19.08,0.87,0.134,-39.42,205,42.93,58.35,98.28,8.27,0.787,-14.08,80,57.5,62.97,126.67,2.89,0.313,-39.42,287,1083.51,8.99,0.526,0.641,139.25,1
DIA,1d,4,20,trend,33.17,1.44,0.184,-32.21,173,41.62,59.89,72.91,6.57,0.656,-17.53,67,55.22,63.99,122.09,2.82,0.309,-32.21,242,1083.51,8.99,0.526,0.641,139.25,1
DIA,1d,4,25,trend,63.33,2.47,0.277,-27.08,148,43.24,61.32,35.16,3.56,0.384,-21.25,55,49.09,65.28,106.06,2.55,0.286,-27.08,205,1083.51,8.99,0.526,0.641,139.25,0
DIA,1d,4,30,trend,136.16,4.37,0.447,-22.91,124,38.71,62.49,64.42,5.94,0.593,-14.74,44,54.55,65.88,278.62,4.75,0.482,-22.91,169,1083.51,8.99,0.526,0.641,139.25,0
DIA,1d,4,40,trend,60.9,2.4,0.273,-33.21,110,40,63.24,47.79,4.64,0.466,-16.7,37,40.54,68.42,131.32,2.97,0.323,-33.21,148,1083.51,8.99,0.526,0.641,139.25,0
DIA,1d,4,50,trend,113.69,3.86,0.404,-36.78,101,38.61,64.11,71.12,6.44,0.624,-13.27,32,46.88,69.39,246.61,4.43,0.453,-36.78,135,1083.51,8.99,0.526,0.641,139.25,0
DIA,1d,4,60,trend,91.2,3.28,0.354,-36.89,92,33.7,64.76,64.11,5.92,0.583,-15.12,30,50,68.61,198.48,3.88,0.405,-36.89,124,1083.51,8.99,0.526,0.641,139.25,0
DIA,1d,4,75,trend,124.1,4.1,0.426,-39.74,80,38.75,66.38,57.76,5.44,0.545,-19.71,27,48.15,69.07,242.3,4.38,0.45,-39.74,109,1083.51,8.99,0.526,0.641,139.25,0
DIA,1d,4,100,trend,98.87,3.48,0.368,-46.68,73,28.77,68.46,32.52,3.32,0.356,-22.28,31,41.94,69.07,147.97,3.22,0.342,-46.68,108,1083.51,8.99,0.526,0.641,139.25,0
DIA,1d,4,125,trend,97.32,3.44,0.365,-47.26,62,25.81,68.96,44.53,4.37,0.437,-20.17,24,37.5,71.05,160.09,3.39,0.354,-47.26,90,1083.51,8.99,0.526,0.641,139.25,0
DIA,1d,4,150,trend,155.81,4.79,0.481,-43.41,56,26.79,69.83,38.82,3.88,0.392,-21.6,22,27.27,72.11,234.48,4.3,0.429,-43.41,80,1083.51,8.99,0.526,0.641,139.25,0
DIA,1d,4,200,trend,125.39,4.13,0.443,-39.75,51,27.45,66.48,61.03,5.69,0.539,-21.6,19,31.58,73.55,239.66,4.35,0.443,-39.75,72,1083.51,8.99,0.526,0.641,139.25,0
DIA,1d,4,250,trend,121.72,4.05,0.44,-35.5,39,23.08,65.79,50.76,4.88,0.474,-20.69,14,35.71,71.51,219.54,4.13,0.424,-35.5,56,1083.51,8.99,0.526,0.641,139.25,0
DIA,1d,4,300,trend,108.59,3.73,0.398,-37.04,39,20.51,67.1,61.89,5.75,0.558,-20.87,12,33.33,64.31,269.54,4.66,0.455,-37.04,52,1083.51,8.99,0.526,0.641,139.25,0
DIA,1d,5,2,dip,196.49,5.56,0.448,-23.8,541,66.36,43.55,67.97,6.21,0.489,-30.08,231,63.2,41.92,409.09,5.84,0.465,-31.25,773,1083.51,8.99,0.526,0.641,139.25,0
DIA,1d,5,3,dip,98.55,3.48,0.311,-31.54,536,61.38,43.29,50.07,4.83,0.397,-36.36,230,62.61,42.94,207.93,4,0.345,-36.64,767,1083.51,8.99,0.526,0.641,139.25,0
DIA,1d,5,4,dip,-4.8,-0.24,0.054,-46.53,650,56,44,66.02,6.06,0.476,-31.25,284,61.62,43.58,61.93,1.69,0.189,-46.53,935,1083.51,8.99,0.526,0.641,139.25,0
DIA,1d,5,7,trend,-3.57,-0.18,0.042,-53.31,421,44.42,57.5,18.16,1.96,0.235,-30.97,173,49.71,57.99,11.04,0.37,0.089,-53.31,595,1083.51,8.99,0.526,0.641,139.25,0
DIA,1d,5,9,trend,-23.58,-1.33,-0.06,-54.8,307,40.39,57.46,36.46,3.68,0.381,-24.16,130,50,58.31,3.54,0.12,0.067,-54.8,437,1083.51,8.99,0.526,0.641,139.25,0
DIA,1d,5,12,trend,17.1,0.79,0.126,-42.43,233,42.92,58.11,64.95,5.98,0.583,-17.75,95,53.68,60.8,92.85,2.31,0.26,-42.43,329,1083.51,8.99,0.526,0.641,139.25,0
DIA,1d,5,15,trend,19.49,0.89,0.135,-41.53,194,43.3,58.37,93.28,7.95,0.754,-15.32,74,58.11,62.56,128.13,2.92,0.313,-41.53,270,1083.51,8.99,0.526,0.641,139.25,1
DIA,1d,5,20,trend,40.9,1.72,0.21,-36.81,157,38.85,59.64,65.28,6.01,0.597,-16.9,64,53.13,64.36,117.79,2.75,0.302,-36.81,223,1083.51,8.99,0.526,0.641,139.25,0
DIA,1d,5,25,trend,86.1,3.14,0.336,-30.23,132,40.91,61.22,70.82,6.42,0.636,-17.41,47,51.06,65.37,200.77,3.91,0.406,-30.23,181,1083.51,8.99,0.526,0.641,139.25,0
DIA,1d,5,30,trend,169.94,5.07,0.508,-17.33,113,44.25,61.93,58.07,5.46,0.546,-15.68,41,51.22,66.16,319.95,5.13,0.514,-17.33,155,1083.51,8.99,0.526,0.641,139.25,0
DIA,1d,5,40,trend,77.86,2.91,0.32,-31.66,97,43.3,62.94,45.82,4.48,0.454,-18.29,35,40,68.28,159.35,3.38,0.361,-31.66,132,1083.51,8.99,0.526,0.641,139.25,0
DIA,1d,5,50,trend,86.77,3.16,0.342,-37.75,92,35.87,64.11,61.53,5.73,0.563,-13.59,30,46.67,69.71,180.01,3.65,0.384,-37.75,124,1083.51,8.99,0.526,0.641,139.25,0
DIA,1d,5,60,trend,123.4,4.09,0.426,-37.85,85,40,64.62,59.24,5.55,0.552,-13.58,27,51.85,68.56,238.89,4.35,0.447,-37.85,114,1083.51,8.99,0.526,0.641,139.25,0
DIA,1d,5,75,trend,122.89,4.07,0.421,-41.82,73,32.88,66.44,52.07,4.99,0.506,-19.37,25,48,69.11,218.55,4.12,0.425,-41.82,100,1083.51,8.99,0.526,0.641,139.25,0
DIA,1d,5,100,trend,104.25,3.62,0.378,-41.47,64,29.69,68.16,36.59,3.69,0.387,-21.74,26,38.46,68.51,160.04,3.39,0.356,-41.47,93,1083.51,8.99,0.526,0.641,139.25,0
DIA,1d,5,125,trend,101.82,3.56,0.375,-44.21,56,30.36,68.9,46.81,4.56,0.453,-21.16,21,38.1,71.24,165.28,3.46,0.36,-44.21,81,1083.51,8.99,0.526,0.641,139.25,0
DIA,1d,5,150,trend,125.24,4.13,0.424,-46.6,48,29.17,69.79,42.93,4.24,0.422,-24.02,20,25,72.16,206.77,3.98,0.402,-46.6,70,1083.51,8.99,0.526,0.641,139.25,0
DIA,1d,5,200,trend,133.53,4.32,0.438,-42.69,47,27.66,71.29,50.33,4.85,0.474,-21.7,17,41.18,73.73,223.58,4.18,0.415,-42.69,66,1083.51,8.99,0.526,0.641,139.25,0
DIA,1d,5,250,trend,112.81,3.83,0.421,-35.63,35,28.57,65.69,39.03,3.9,0.391,-23.88,13,38.46,71.65,192.9,3.82,0.397,-35.63,51,1083.51,8.99,0.526,0.641,139.25,0
DIA,1d,5,300,trend,117.94,3.96,0.419,-37,32,18.75,66.96,67.09,6.14,0.601,-18.91,12,50,64.22,291.99,4.88,0.476,-37,46,1083.51,8.99,0.526,0.641,139.25,0
DIA,1d,7,2,dip,160.8,4.89,0.404,-22.96,426,67.84,41.69,59.69,5.59,0.442,-32.21,180,67.78,41.37,325.74,5.18,0.421,-32.64,607,1083.51,8.99,0.526,0.641,139.25,0
DIA,1d,7,3,dip,180.86,5.28,0.427,-28.02,386,67.88,42.52,75.73,6.77,0.52,-33.27,167,66.47,41.46,405.67,5.81,0.461,-33.92,554,1083.51,8.99,0.526,0.641,139.25,0
DIA,1d,7,4,dip,111.67,3.81,0.33,-39.57,383,63.71,42.09,51.58,4.95,0.399,-35.5,163,66.26,41.51,224.15,4.18,0.353,-39.57,547,1083.51,8.99,0.526,0.641,139.25,0
DIA,1d,7,5,dip,205.45,5.72,0.459,-33.94,420,63.81,42.34,68.4,6.24,0.48,-42.51,174,62.64,41.6,410.23,5.84,0.463,-42.51,595,1083.51,8.99,0.526,0.641,139.25,0
DIA,1d,7,9,trend,-2.48,-0.13,0.047,-55.44,355,44.79,57.14,50.6,4.87,0.477,-19.2,157,54.14,58.73,47.54,1.36,0.175,-55.44,514,1083.51,8.99,0.526,0.641,139.25,0
DIA,1d,7,12,trend,6.6,0.32,0.085,-51.87,223,45.74,57.68,127.12,10,0.951,-15.09,99,59.6,60.06,138.34,3.07,0.326,-51.87,323,1083.51,8.99,0.526,0.641,139.25,1
DIA,1d,7,15,trend,84.92,3.11,0.328,-26.32,176,50.57,57.91,100.29,8.4,0.802,-14,73,53.42,62.19,267.71,4.64,0.463,-26.32,250,1083.51,8.99,0.526,0.641,139.25,1
DIA,1d,7,20,trend,115.41,3.9,0.397,-26.6,139,48.92,59.5,60.72,5.67,0.557,-16.55,53,50.94,64.87,232.28,4.27,0.431,-26.6,195,1083.51,8.99,0.526,0.641,139.25,0
DIA,1d,7,25,trend,128.95,4.21,0.428,-28.02,112,47.32,60.9,52.48,5.02,0.509,-15.71,45,51.11,65.24,239.66,4.35,0.442,-28.02,159,1083.51,8.99,0.526,0.641,139.25,0
DIA,1d,7,30,trend,103.48,3.6,0.381,-23.73,98,44.9,61.87,46.53,4.54,0.464,-13.54,39,48.72,65.88,189.83,3.78,0.397,-23.73,138,1083.51,8.99,0.526,0.641,139.25,0
DIA,1d,7,40,trend,82.43,3.04,0.331,-31.61,83,50.6,62.86,52.73,5.04,0.502,-16.24,34,47.06,68.24,178.63,3.64,0.382,-31.61,117,1083.51,8.99,0.526,0.641,139.25,0
DIA,1d,7,50,trend,130.49,4.25,0.438,-30.27,76,43.42,63.97,60.34,5.64,0.555,-15.37,28,53.57,69.3,269.83,4.66,0.474,-30.27,105,1083.51,8.99,0.526,0.641,139.25,0
DIA,1d,7,60,trend,170.37,5.08,0.51,-33.55,69,43.48,64.68,67.46,6.17,0.605,-14.63,26,53.85,68.61,333.08,5.24,0.522,-33.55,97,1083.51,8.99,0.526,0.641,139.25,0
DIA,1d,7,75,trend,137.64,4.41,0.449,-35.13,66,33.33,66.34,40.1,3.99,0.414,-21.26,24,50,69.44,215.71,4.09,0.42,-35.13,92,1083.51,8.99,0.526,0.641,139.25,0
DIA,1d,7,100,trend,108.24,3.72,0.388,-39.32,55,30.91,67.97,36.91,3.72,0.39,-18.12,22,45.45,68.47,155.07,3.32,0.35,-39.32,80,1083.51,8.99,0.526,0.641,139.25,0
DIA,1d,7,125,trend,143.11,4.52,0.46,-39.16,49,32.65,68.96,55,5.22,0.514,-19.22,14,50,70.64,238.62,4.34,0.437,-39.16,67,1083.51,8.99,0.526,0.641,139.25,0
DIA,1d,7,150,trend,107.08,3.69,0.384,-48.11,44,25,69.81,60.4,5.64,0.543,-22.19,16,43.75,72.35,204.18,3.95,0.399,-48.11,62,1083.51,8.99,0.526,0.641,139.25,0
DIA,1d,7,200,trend,147.71,4.62,0.464,-38.78,41,26.83,70.85,67.96,6.21,0.584,-16.29,16,37.5,73.64,275.41,4.72,0.46,-38.78,59,1083.51,8.99,0.526,0.641,139.25,0
DIA,1d,7,250,trend,154.81,4.77,0.51,-27.28,28,28.57,65.71,53.76,5.12,0.524,-21.49,10,40,62.88,297.54,4.93,0.493,-27.28,40,1083.51,8.99,0.526,0.641,139.25,0
DIA,1d,7,300,trend,145.62,4.58,0.476,-30.16,27,22.22,66.88,65.15,6,0.591,-19.2,9,44.44,64.17,309.6,5.04,0.488,-30.16,37,1083.51,8.99,0.526,0.641,139.25,0
DIA,1d,9,2,dip,147.84,4.63,0.382,-27.79,355,68.17,41.27,46.04,4.5,0.371,-37.49,151,66.89,40.54,277.34,4.74,0.389,-37.49,507,1083.51,8.99,0.526,0.641,139.25,0
DIA,1d,9,3,dip,158.47,4.84,0.402,-28.21,326,69.33,41.08,88.66,7.65,0.573,-38.7,138,67.39,40.81,408.35,5.83,0.464,-38.7,465,1083.51,8.99,0.526,0.641,139.25,0
DIA,1d,9,4,dip,203.32,5.68,0.453,-35.33,305,69.18,41.39,73.73,6.62,0.507,-36.16,126,69.05,40.77,448.71,6.11,0.479,-36.16,432,1083.51,8.99,0.526,0.641,139.25,0
DIA,1d,9,5,dip,299.6,7.14,0.555,-31.28,307,67.1,41.55,49.65,4.79,0.391,-39.93,131,66.41,41.23,498.02,6.43,0.504,-39.93,438,1083.51,8.99,0.526,0.641,139.25,0
DIA,1d,9,7,dip,222.67,6.01,0.476,-30.97,354,62.99,42.66,33.59,3.42,0.304,-29.42,158,57.59,40.77,317.66,5.11,0.417,-30.97,514,1083.51,8.99,0.526,0.641,139.25,0
DIA,1d,9,12,trend,60.44,2.38,0.263,-32.43,262,51.53,57.2,88.07,7.61,0.721,-15.24,109,57.8,60.25,201.68,3.92,0.396,-32.43,373,1083.51,8.99,0.526,0.641,139.25,1
DIA,1d,9,15,trend,93.25,3.34,0.345,-32.94,188,47.34,57.97,71.72,6.48,0.624,-15.04,69,63.77,61.96,227.24,4.22,0.422,-32.94,258,1083.51,8.99,0.526,0.641,139.25,0
DIA,1d,9,20,trend,158.38,4.84,0.476,-21.76,125,46.4,59.89,24,2.53,0.283,-19.25,50,50,64.45,217.58,4.11,0.416,-21.76,176,1083.51,8.99,0.526,0.641,139.25,0
DIA,1d,9,25,trend,140.71,4.47,0.451,-21.74,104,49.04,61.06,28.24,2.93,0.32,-18.59,40,45,65.19,209.87,4.02,0.413,-21.74,145,1083.51,8.99,0.526,0.641,139.25,0
DIA,1d,9,30,trend,105.71,3.66,0.387,-29.74,91,50.55,61.73,39.38,3.93,0.411,-14.43,36,50,65.56,176.65,3.61,0.382,-29.74,128,1083.51,8.99,0.526,0.641,139.25,0
DIA,1d,9,40,trend,94.92,3.38,0.361,-30.84,75,48,62.98,45.96,4.49,0.454,-16.34,30,46.67,68.01,184.51,3.71,0.389,-30.84,105,1083.51,8.99,0.526,0.641,139.25,0
DIA,1d,9,50,trend,147.46,4.62,0.468,-27.97,71,45.07,63.77,53.55,5.11,0.505,-17.34,25,56,69.21,279.99,4.76,0.479,-27.97,96,1083.51,8.99,0.526,0.641,139.25,0
DIA,1d,9,60,trend,186.68,5.39,0.539,-25.73,56,48.21,64.9,57.85,5.44,0.532,-18.22,24,45.83,69.16,324.06,5.16,0.514,-25.73,82,1083.51,8.99,0.526,0.641,139.25,0
DIA,1d,9,75,trend,159.4,4.86,0.487,-34.16,55,38.18,66.28,36.69,3.7,0.387,-22.07,21,47.62,69.39,242.15,4.38,0.444,-34.16,78,1083.51,8.99,0.526,0.641,139.25,0
DIA,1d,9,100,trend,117.94,3.96,0.41,-36.63,50,38,67.47,59.11,5.54,0.548,-16.74,18,44.44,68.65,218.54,4.12,0.42,-36.63,71,1083.51,8.99,0.526,0.641,139.25,0
DIA,1d,9,125,trend,137.52,4.4,0.449,-37.32,40,37.5,68.9,58.72,5.51,0.534,-16.5,13,46.15,70.59,241.02,4.37,0.438,-37.32,56,1083.51,8.99,0.526,0.641,139.25,0
DIA,1d,9,150,trend,146.38,4.59,0.465,-41.98,38,28.95,69.67,62.11,5.77,0.548,-17.33,13,46.15,72.21,268.42,4.65,0.458,-41.98,53,1083.51,8.99,0.526,0.641,139.25,0
DIA,1d,9,200,trend,164.72,4.97,0.492,-35.28,32,31.25,70.97,53.08,5.07,0.478,-20.28,14,42.86,74.05,280.02,4.76,0.459,-35.28,48,1083.51,8.99,0.526,0.641,139.25,0
DIA,1d,9,250,trend,143.19,4.53,0.483,-29.53,26,30.77,65.81,54.83,5.21,0.53,-22.81,8,50,62.88,270.7,4.67,0.466,-29.53,36,1083.51,8.99,0.526,0.641,139.25,0
DIA,1d,9,300,trend,173.82,5.15,0.531,-31.28,22,27.27,66.58,72.81,6.56,0.641,-17.4,7,42.86,64.13,359.51,5.46,0.522,-31.28,30,1083.51,8.99,0.526,0.641,139.25,1
DIA,1d,12,2,dip,156.97,4.81,0.395,-28.66,301,72.76,40.13,17.94,1.94,0.204,-39.3,117,65.81,38.09,215.96,4.09,0.347,-39.3,419,1083.51,8.99,0.526,0.641,139.25,0
DIA,1d,12,3,dip,167.46,5.02,0.41,-27.74,257,71.21,40.76,43.86,4.31,0.36,-38.49,107,72.9,38.27,297.21,4.92,0.402,-38.49,365,1083.51,8.99,0.526,0.641,139.25,0
DIA,1d,12,4,dip,197.52,5.58,0.444,-35.86,244,69.67,41.02,49.5,4.78,0.39,-35.68,100,70,38.83,358.62,5.45,0.434,-35.86,345,1083.51,8.99,0.526,0.641,139.25,0
DIA,1d,12,5,dip,183.06,5.32,0.43,-35.03,234,68.38,40.88,28.56,2.96,0.27,-36.47,95,65.26,38.46,263.28,4.6,0.381,-36.47,330,1083.51,8.99,0.526,0.641,139.25,0
DIA,1d,12,7,dip,212.22,5.84,0.463,-33.2,224,67.41,40.96,-6.12,-0.73,0.026,-34.36,99,62.63,39.15,193.72,3.83,0.329,-34.36,324,1083.51,8.99,0.526,0.641,139.25,0
DIA,1d,12,9,dip,97.96,3.46,0.308,-42.21,263,61.22,41.43,11.02,1.22,0.156,-34.27,110,59.09,39.15,118.53,2.76,0.26,-42.21,374,1083.51,8.99,0.526,0.641,139.25,0
DIA,1d,12,15,trend,140.98,4.48,0.448,-35.52,215,53.95,57.95,23.74,2.5,0.283,-17.48,83,59.04,61.08,182.68,3.69,0.383,-35.52,300,1083.51,8.99,0.526,0.641,139.25,0
DIA,1d,12,20,trend,120.3,4.01,0.406,-26.35,126,46.03,59.93,4.58,0.52,0.103,-23.4,52,48.08,64.13,128.99,2.93,0.312,-26.35,179,1083.51,8.99,0.526,0.641,139.25,0
DIA,1d,12,25,trend,144.33,4.55,0.454,-21.77,95,45.26,61.32,32.11,3.29,0.35,-19.58,39,48.72,65.1,226.38,4.21,0.427,-21.77,135,1083.51,8.99,0.526,0.641,139.25,0
DIA,1d,12,30,trend,106.57,3.68,0.386,-28.88,84,47.62,61.81,22.18,2.35,0.268,-19.92,36,50,65.24,139.55,3.09,0.333,-28.88,122,1083.51,8.99,0.526,0.641,139.25,0
DIA,1d,12,40,trend,72.04,2.74,0.3,-43.01,72,50,63.14,45.02,4.41,0.445,-18.8,27,51.85,67.22,149.49,3.24,0.344,-43.01,99,1083.51,8.99,0.526,0.641,139.25,0
DIA,1d,12,50,trend,150.93,4.69,0.468,-26.02,63,42.86,63.95,37.7,3.78,0.387,-19.99,22,45.45,69.53,245.52,4.42,0.443,-26.02,85,1083.51,8.99,0.526,0.641,139.25,0
DIA,1d,12,60,trend,152.12,4.71,0.474,-22.14,52,46.15,64.8,48.34,4.69,0.46,-17.33,22,50,71.19,271.73,4.68,0.468,-22.14,74,1083.51,8.99,0.526,0.641,139.25,0
DIA,1d,12,75,trend,204.75,5.71,0.559,-25.63,49,42.86,66.01,60.04,5.61,0.55,-15.29,19,52.63,70.08,370.68,5.55,0.543,-25.63,69,1083.51,8.99,0.526,0.641,139.25,0
DIA,1d,12,100,trend,140.98,4.48,0.454,-34.92,43,46.51,66.78,64.73,5.97,0.568,-16.55,16,43.75,72.07,269.25,4.66,0.464,-34.92,61,1083.51,8.99,0.526,0.641,139.25,0
DIA,1d,12,125,trend,153.16,4.74,0.476,-33.33,37,40.54,68.64,59.14,5.54,0.53,-17.7,13,53.85,70.68,261.83,4.58,0.453,-33.33,52,1083.51,8.99,0.526,0.641,139.25,0
DIA,1d,12,150,trend,108.12,3.72,0.386,-46.93,36,30.56,69.61,71.38,6.46,0.608,-17.66,11,63.64,71.7,234.57,4.3,0.426,-46.93,49,1083.51,8.99,0.526,0.641,139.25,0
DIA,1d,12,200,trend,160.84,4.89,0.485,-36.22,30,30,70.72,60.13,5.62,0.52,-21.32,11,45.45,73.78,301.29,4.96,0.474,-36.22,41,1083.51,8.99,0.526,0.641,139.25,0
DIA,1d,12,250,trend,182.62,5.31,0.555,-27.87,23,30.43,65.71,56.21,5.32,0.548,-18.54,8,50,62.97,324.17,5.16,0.506,-27.87,32,1083.51,8.99,0.526,0.641,139.25,0
DIA,1d,12,300,trend,161.93,4.91,0.508,-31.79,18,33.33,66.74,56.93,5.37,0.524,-21.76,6,50,63.99,283.82,4.8,0.462,-31.79,25,1083.51,8.99,0.526,0.641,139.25,0
DIA,1d,15,2,dip,76.74,2.88,0.267,-33.01,269,72.12,39.79,35.54,3.59,0.313,-36.59,102,70.59,36.66,150.23,3.25,0.291,-36.59,373,1083.51,8.99,0.526,0.641,139.25,0
DIA,1d,15,3,dip,135.38,4.36,0.364,-33.52,218,73.85,40.11,36.04,3.64,0.315,-34.44,94,68.09,37.17,231.43,4.26,0.357,-34.44,313,1083.51,8.99,0.526,0.641,139.25,0
DIA,1d,15,4,dip,185.61,5.37,0.431,-32.07,206,73.3,40.28,9.87,1.1,0.148,-34.66,81,62.96,36.2,222.48,4.16,0.35,-34.66,288,1083.51,8.99,0.526,0.641,139.25,0
DIA,1d,15,5,dip,188.41,5.42,0.436,-35.7,195,72.82,40.27,13.65,1.5,0.174,-34.36,75,65.33,36.57,227.02,4.22,0.355,-35.7,271,1083.51,8.99,0.526,0.641,139.25,0
DIA,1d,15,7,dip,88.22,3.2,0.289,-38.54,177,66.1,40.7,9.87,1.1,0.148,-31.39,73,67.12,36.93,105.41,2.54,0.244,-38.54,251,1083.51,8.99,0.526,0.641,139.25,0
DIA,1d,15,9,dip,76.04,2.86,0.267,-44.57,189,62.43,40.62,29.71,3.07,0.278,-31.39,69,66.67,37.12,126.68,2.89,0.268,-44.57,259,1083.51,8.99,0.526,0.641,139.25,0
DIA,1d,15,12,dip,35.35,1.52,0.176,-46.53,216,57.87,40.62,75.56,6.75,0.514,-32.21,84,66.67,38.13,147.1,3.2,0.287,-46.53,301,1083.51,8.99,0.526,0.641,139.25,0
DIA,1d,15,20,trend,97.17,3.44,0.36,-23.26,147,44.9,59.7,18.71,2.01,0.235,-18.28,56,53.57,64.13,138.63,3.08,0.328,-23.26,204,1083.51,8.99,0.526,0.641,139.25,0
DIA,1d,15,25,trend,152.29,4.72,0.467,-20.37,102,51.96,61.85,30.73,3.16,0.334,-20.54,40,50,65.24,226.74,4.21,0.424,-20.54,143,1083.51,8.99,0.526,0.641,139.25,0
DIA,1d,15,30,trend,113.35,3.85,0.397,-31.08,87,49.43,62.23,37.59,3.78,0.389,-17.03,34,47.06,65.65,185.34,3.72,0.385,-31.08,122,1083.51,8.99,0.526,0.641,139.25,0
DIA,1d,15,40,trend,98.03,3.46,0.361,-33.21,70,47.14,63.18,41.26,4.09,0.416,-19.02,25,44,67.27,179.74,3.65,0.377,-33.21,95,1083.51,8.99,0.526,0.641,139.25,0
DIA,1d,15,50,trend,104.09,3.62,0.375,-29.78,59,47.46,63.57,36.49,3.68,0.377,-21.48,22,40.91,69.39,176.88,3.61,0.373,-29.78,81,1083.51,8.99,0.526,0.641,139.25,0
DIA,1d,15,60,trend,111.46,3.8,0.393,-27.47,50,46,64.7,48.17,4.67,0.456,-16.93,19,52.63,71.38,209.18,4.01,0.408,-27.47,69,1083.51,8.99,0.526,0.641,139.25,0
DIA,1d,15,75,trend,146.37,4.59,0.463,-29.31,42,47.62,66.09,73.84,6.63,0.617,-14.67,17,52.94,70.73,315.06,5.08,0.498,-29.31,60,1083.51,8.99,0.526,0.641,139.25,0
DIA,1d,15,100,trend,101.2,3.54,0.371,-34.85,46,43.48,67.08,55.55,5.26,0.502,-18.12,14,50,72.07,194.95,3.84,0.391,-34.85,61,1083.51,8.99,0.526,0.641,139.25,0
DIA,1d,15,125,trend,135.18,4.35,0.442,-36.03,35,40,68.58,59.64,5.58,0.537,-17.66,12,50,70.54,257.79,4.54,0.45,-36.03,49,1083.51,8.99,0.526,0.641,139.25,0
DIA,1d,15,150,trend,123.55,4.09,0.417,-41.59,35,37.14,69.65,71.91,6.49,0.6,-21.22,9,55.56,71.61,278.65,4.75,0.46,-41.59,46,1083.51,8.99,0.526,0.641,139.25,0
DIA,1d,15,200,trend,180.08,5.26,0.515,-38.13,27,40.74,70.6,63.63,5.89,0.545,-21.68,8,62.5,73.22,356.82,5.44,0.512,-38.13,35,1083.51,8.99,0.526,0.641,139.25,0
DIA,1d,15,250,trend,201.87,5.66,0.586,-22.5,20,45,65.51,69.01,6.28,0.621,-15.96,7,57.14,62.79,353,5.41,0.518,-29.09,28,1083.51,8.99,0.526,0.641,139.25,0
DIA,1d,15,300,trend,174.7,5.16,0.529,-23.84,18,44.44,66.56,81.27,7.15,0.681,-21.41,6,66.67,63.94,319.97,5.13,0.482,-28.08,25,1083.51,8.99,0.526,0.641,139.25,1
DIA,1d,20,2,dip,98.35,3.47,0.305,-34.28,233,76.39,38.35,52.4,5.02,0.401,-33.54,90,67.78,34.21,205.1,3.96,0.335,-34.28,325,1083.51,8.99,0.526,0.641,139.25,0
DIA,1d,20,3,dip,128.2,4.2,0.353,-38.23,187,73.8,38.5,49.57,4.79,0.385,-34.59,74,64.86,34.53,252.6,4.49,0.369,-38.23,263,1083.51,8.99,0.526,0.641,139.25,0
DIA,1d,20,4,dip,165.38,4.98,0.403,-33.93,174,71.84,38.74,29.17,3.02,0.272,-33.78,67,68.66,34.3,247.4,4.44,0.365,-33.93,243,1083.51,8.99,0.526,0.641,139.25,0
DIA,1d,20,5,dip,152.73,4.73,0.387,-34.31,158,70.89,38.98,36.34,3.67,0.32,-32.24,64,68.75,33.89,258.23,4.55,0.375,-34.31,224,1083.51,8.99,0.526,0.641,139.25,0
DIA,1d,20,7,dip,67.5,2.6,0.249,-41.04,140,67.14,39.1,40.83,4.06,0.343,-31.39,54,68.52,34.16,140.78,3.11,0.282,-41.04,196,1083.51,8.99,0.526,0.641,139.25,0
DIA,1d,20,9,dip,41.38,1.74,0.191,-46.1,126,72.22,38.66,84.81,7.39,0.563,-31.09,50,76,33.8,156.59,3.34,0.297,-46.1,177,1083.51,8.99,0.526,0.641,139.25,0
DIA,1d,20,12,dip,68.84,2.64,0.252,-42.96,127,68.5,38.56,115.93,9.35,0.687,-31.09,52,75,34.07,261.49,4.58,0.379,-42.96,180,1083.51,8.99,0.526,0.641,139.25,1
DIA,1d,20,15,dip,80.87,3,0.275,-42.36,148,68.24,38.78,90.27,7.76,0.585,-31.09,56,69.64,33.98,230.99,4.26,0.357,-42.36,205,1083.51,8.99,0.526,0.641,139.25,0
DIA,1d,20,25,trend,234.84,6.21,0.598,-24.27,117,59.83,61.26,85.51,7.44,0.703,-19.17,47,53.19,65.56,497.52,6.43,0.617,-24.27,165,1083.51,8.99,0.526,0.641,139.25,1
DIA,1d,20,30,trend,152.95,4.73,0.47,-24.75,87,45.98,62.31,68.2,6.22,0.602,-15.55,35,54.29,66.07,304.99,5,0.493,-24.75,123,1083.51,8.99,0.526,0.641,139.25,0
DIA,1d,20,40,trend,94.23,3.36,0.353,-21.89,67,44.78,62.31,45.31,4.44,0.44,-22.16,24,45.83,67.64,178.5,3.63,0.375,-22.16,91,1083.51,8.99,0.526,0.641,139.25,0
DIA,1d,20,50,trend,87.65,3.19,0.333,-33.29,55,45.45,63.97,55.39,5.25,0.499,-18.22,20,55,69.62,194.32,3.83,0.387,-33.29,75,1083.51,8.99,0.526,0.641,139.25,0
DIA,1d,20,60,trend,83.05,3.06,0.324,-30.51,46,45.65,65.29,74.47,6.68,0.608,-17.25,17,58.82,71.98,217.15,4.1,0.409,-30.51,63,1083.51,8.99,0.526,0.641,139.25,0
DIA,1d,20,75,trend,87.66,3.19,0.338,-38.39,37,45.95,65.77,53.29,5.09,0.497,-16.67,14,50,67.59,180.47,3.66,0.375,-38.39,52,1083.51,8.99,0.526,0.641,139.25,0
DIA,1d,20,100,trend,138.1,4.42,0.446,-32.66,37,45.95,66.94,30.37,3.13,0.322,-24.78,12,50,68.93,201.48,3.92,0.394,-32.66,50,1083.51,8.99,0.526,0.641,139.25,0
DIA,1d,20,125,trend,105.83,3.66,0.377,-40.6,30,36.67,68.54,42.03,4.16,0.407,-21.22,11,45.45,70.87,182.32,3.68,0.371,-40.6,43,1083.51,8.99,0.526,0.641,139.25,0
DIA,1d,20,150,trend,146.87,4.6,0.458,-38.68,32,40.63,69.67,63.28,5.86,0.536,-27.45,7,71.43,71.75,290.64,4.86,0.463,-38.68,40,1083.51,8.99,0.526,0.641,139.25,0
DIA,1d,20,200,trend,191.45,5.47,0.527,-37.66,23,43.48,70.8,60.6,5.66,0.5,-28.08,7,85.71,73.22,360.28,5.46,0.503,-37.66,30,1083.51,8.99,0.526,0.641,139.25,0
DIA,1d,20,250,trend,135.97,4.37,0.459,-32.04,14,35.71,65.81,83.1,7.28,0.706,-16.76,6,66.67,62.6,250.69,4.47,0.425,-32.41,21,1083.51,8.99,0.526,0.641,139.25,1
DIA,1d,20,300,trend,144.78,4.56,0.471,-34.04,15,40,66.66,66.35,6.09,0.59,-21.77,6,66.67,64.17,216.92,4.1,0.39,-34.04,22,1083.51,8.99,0.526,0.641,139.25,0
DIA,1d,25,2,dip,147.67,4.62,0.379,-31.63,195,76.41,37.3,52.86,5.05,0.405,-33.54,73,72.6,33.24,286.35,4.82,0.39,-33.54,270,1083.51,8.99,0.526,0.641,139.25,0
DIA,1d,25,3,dip,105.58,3.66,0.317,-33.94,169,72.78,37.3,75.91,6.78,0.509,-33.78,63,76.19,33.19,281.36,4.78,0.387,-33.94,234,1083.51,8.99,0.526,0.641,139.25,0
DIA,1d,25,4,dip,120.38,4.01,0.34,-37.69,149,75.17,37.3,66.47,6.1,0.467,-33.78,55,70.91,32.92,286.89,4.83,0.39,-37.69,206,1083.51,8.99,0.526,0.641,139.25,0
DIA,1d,25,5,dip,95.51,3.4,0.3,-38.19,133,70.68,37.38,32.99,3.37,0.297,-34.36,47,65.96,32.83,170.52,3.53,0.307,-38.19,182,1083.51,8.99,0.526,0.641,139.25,0
DIA,1d,25,7,dip,66.45,2.57,0.246,-37.12,113,69.91,37.36,49.51,4.78,0.39,-31.39,45,73.33,32.92,151.49,3.27,0.291,-37.12,160,1083.51,8.99,0.526,0.641,139.25,0
DIA,1d,25,9,dip,57.13,2.28,0.227,-41.72,105,74.29,37.46,78.84,6.98,0.534,-31.09,40,82.5,32.96,175.58,3.6,0.313,-41.72,146,1083.51,8.99,0.526,0.641,139.25,0
DIA,1d,25,12,dip,55.36,2.22,0.223,-45.75,96,69.79,37.16,74.49,6.68,0.514,-31.09,39,82.05,33.01,162.9,3.43,0.302,-45.75,136,1083.51,8.99,0.526,0.641,139.25,0
DIA,1d,25,15,dip,48.74,2,0.209,-44.45,103,63.11,36.57,76.41,6.81,0.529,-31.09,40,77.5,32.83,159.3,3.38,0.301,-44.45,144,1083.51,8.99,0.526,0.641,139.25,0
DIA,1d,25,20,dip,10.8,0.51,0.108,-48.47,118,61.02,37.12,26.4,2.76,0.26,-36.36,47,63.83,32.36,39,1.15,0.151,-48.47,166,1083.51,8.99,0.526,0.641,139.25,0
DIA,1d,25,30,trend,86.58,3.16,0.328,-29.35,112,50.89,62.29,55.67,5.27,0.513,-18.86,41,46.34,66.81,180.38,3.66,0.371,-29.35,154,1083.51,8.99,0.526,0.641,139.25,0
DIA,1d,25,40,trend,64.63,2.51,0.276,-31.81,68,48.53,62.11,41.15,4.08,0.405,-21.66,26,50,67.82,135.36,3.03,0.319,-31.81,94,1083.51,8.99,0.526,0.641,139.25,0
DIA,1d,25,50,trend,131.29,4.27,0.42,-31.26,53,49.06,63.47,75.01,6.72,0.615,-17.58,21,47.62,69.71,291.26,4.87,0.468,-31.26,74,1083.51,8.99,0.526,0.641,139.25,0
DIA,1d,25,60,trend,94.96,3.38,0.346,-36.03,41,39.02,64.98,65.38,6.02,0.55,-22.2,16,43.75,72.16,220.15,4.14,0.406,-36.03,57,1083.51,8.99,0.526,0.641,139.25,0
DIA,1d,25,75,trend,106.74,3.68,0.381,-32.2,37,51.35,65.71,42.23,4.18,0.412,-23.35,14,42.86,67.36,203.89,3.95,0.398,-32.2,52,1083.51,8.99,0.526,0.641,139.25,0
DIA,1d,25,100,trend,112.91,3.84,0.395,-35.83,34,47.06,66.4,35,3.55,0.358,-21.48,11,45.45,69.25,176.98,3.61,0.367,-35.83,46,1083.51,8.99,0.526,0.641,139.25,0
DIA,1d,25,125,trend,131.02,4.26,0.427,-35.48,26,46.15,68.4,43.36,4.27,0.407,-27.45,10,60,70.91,220.65,4.14,0.405,-35.48,37,1083.51,8.99,0.526,0.641,139.25,0
DIA,1d,25,150,trend,184.82,5.35,0.512,-35.1,25,40,69.92,56.97,5.38,0.481,-28.08,8,62.5,71.79,341.08,5.31,0.49,-35.1,34,1083.51,8.99,0.526,0.641,139.25,0
DIA,1d,25,200,trend,232.17,6.16,0.581,-40.41,20,40,70.83,46.85,4.56,0.399,-31.06,6,83.33,73.18,368.63,5.53,0.497,-40.41,26,1083.51,8.99,0.526,0.641,139.25,0
DIA,1d,25,250,trend,167.49,5.02,0.515,-25.9,14,35.71,65.93,82.67,7.25,0.706,-20.3,6,66.67,62.14,289.7,4.85,0.453,-31.34,21,1083.51,8.99,0.526,0.641,139.25,1
DIA,1d,25,300,trend,194.76,5.53,0.554,-26.73,13,46.15,66.84,97.32,8.21,0.763,-17.6,4,75,64.5,318.93,5.12,0.465,-33.11,18,1083.51,8.99,0.526,0.641,139.25,1
DIA,1d,30,2,dip,130.15,4.24,0.353,-32.79,176,73.86,36.35,41.67,4.13,0.348,-33.54,61,72.13,31.67,239.35,4.35,0.36,-33.54,240,1083.51,8.99,0.526,0.641,139.25,0
DIA,1d,30,3,dip,84.02,3.08,0.278,-44.15,143,76.22,36.35,51.71,4.96,0.401,-33.54,55,74.55,31.81,185.18,3.72,0.319,-44.15,200,1083.51,8.99,0.526,0.641,139.25,0
DIA,1d,30,4,dip,56.87,2.27,0.225,-46.56,125,76,36.13,38.82,3.88,0.33,-33.78,44,70.45,32.27,119.86,2.78,0.259,-46.56,170,1083.51,8.99,0.526,0.641,139.25,0
DIA,1d,30,5,dip,39.83,1.68,0.187,-44.82,114,71.05,36.31,44.92,4.4,0.365,-34.36,41,78.05,31.99,102.68,2.49,0.24,-44.82,156,1083.51,8.99,0.526,0.641,139.25,0
DIA,1d,30,7,dip,90.45,3.26,0.29,-45.28,99,76.77,36.39,57.32,5.4,0.43,-32.24,39,76.92,32.23,202.25,3.93,0.333,-45.28,139,1083.51,8.99,0.526,0.641,139.25,0
DIA,1d,30,9,dip,88.39,3.21,0.286,-46.48,92,78.26,36.51,66.26,6.08,0.474,-31.39,36,80.56,32.5,217.8,4.11,0.344,-46.48,129,1083.51,8.99,0.526,0.641,139.25,0
DIA,1d,30,12,dip,91.59,3.29,0.292,-38.21,85,70.59,36.39,90.68,7.78,0.586,-31.09,36,80.56,32.78,274.37,4.71,0.384,-38.21,123,1083.51,8.99,0.526,0.641,139.25,0
DIA,1d,30,15,dip,82.52,3.04,0.277,-42.36,88,73.86,36.01,69.51,6.32,0.494,-31.09,34,76.47,32.32,210.34,4.03,0.341,-42.36,123,1083.51,8.99,0.526,0.641,139.25,0
DIA,1d,30,20,dip,50.29,2.05,0.212,-44.72,88,67.05,36.01,39.23,3.92,0.336,-33.43,35,74.29,31.72,113.2,2.67,0.253,-44.72,124,1083.51,8.99,0.526,0.641,139.25,0
DIA,1d,30,25,dip,98.28,3.47,0.308,-46.51,112,69.64,35.99,51.52,4.94,0.408,-31.39,41,75.61,30.89,197.36,3.87,0.335,-46.51,155,1083.51,8.99,0.526,0.641,139.25,0
DIA,1d,30,40,trend,102.81,3.59,0.362,-34.51,73,53.42,62.94,47.71,4.63,0.453,-18.89,30,46.67,66.9,193.58,3.82,0.382,-34.51,104,1083.51,8.99,0.526,0.641,139.25,0
DIA,1d,30,50,trend,108.46,3.73,0.374,-36.67,53,47.17,63.67,35.87,3.62,0.363,-30.17,21,52.38,68.7,176.38,3.61,0.363,-36.67,74,1083.51,8.99,0.526,0.641,139.25,0
DIA,1d,30,60,trend,100.09,3.52,0.359,-39.11,47,40.43,64.23,38.87,3.89,0.379,-30.37,18,55.56,71.61,180.17,3.66,0.367,-39.11,65,1083.51,8.99,0.526,0.641,139.25,0
DIA,1d,30,75,trend,131.54,4.27,0.433,-35.96,34,44.12,65.33,37.34,3.75,0.37,-24.66,14,50,66.94,219.38,4.13,0.411,-35.96,49,1083.51,8.99,0.526,0.641,139.25,0
DIA,1d,30,100,trend,104.53,3.63,0.376,-38.32,32,53.13,66.4,42.17,4.17,0.409,-22.41,10,60,69.58,182.97,3.69,0.373,-38.32,43,1083.51,8.99,0.526,0.641,139.25,0
DIA,1d,30,125,trend,122.77,4.07,0.41,-47.54,22,45.45,68.1,52.62,5.03,0.456,-28.08,8,62.5,70.5,224.31,4.19,0.404,-47.54,32,1083.51,8.99,0.526,0.641,139.25,0
DIA,1d,30,150,trend,191.85,5.48,0.527,-39.8,26,42.31,69.21,43.91,4.32,0.385,-31.34,6,66.67,71.1,310.53,5.04,0.464,-39.8,33,1083.51,8.99,0.526,0.641,139.25,0
DIA,1d,30,200,trend,191.73,5.48,0.527,-44.31,18,50,70.72,32.98,3.37,0.308,-33.06,5,60,72.99,258.91,4.55,0.42,-44.31,23,1083.51,8.99,0.526,0.641,139.25,0
DIA,1d,30,250,trend,154.46,4.76,0.494,-33.67,14,42.86,65.93,42.73,4.22,0.361,-32.76,5,60,74.15,236.03,4.31,0.41,-33.67,19,1083.51,8.99,0.526,0.641,139.25,0
DIA,1d,30,300,trend,147.28,4.61,0.473,-36.66,10,40,66.68,92.82,7.92,0.743,-16.09,4,75,64.17,239.88,4.36,0.406,-36.66,15,1083.51,8.99,0.526,0.641,139.25,1
DIA,1d,40,2,dip,124.6,4.11,0.343,-38.87,151,81.46,35.28,17.51,1.89,0.201,-33.54,45,68.89,29.64,167.13,3.48,0.303,-38.87,197,1083.51,8.99,0.526,0.641,139.25,0
DIA,1d,40,3,dip,128.74,4.21,0.35,-44.11,129,82.17,35.4,27.98,2.91,0.269,-33.54,40,67.5,29.55,202.12,3.93,0.333,-44.11,170,1083.51,8.99,0.526,0.641,139.25,0
DIA,1d,40,4,dip,135.43,4.36,0.361,-42.79,111,81.08,35,56.35,5.33,0.427,-31.39,37,75.68,29.69,271.05,4.68,0.381,-42.79,149,1083.51,8.99,0.526,0.641,139.25,0
DIA,1d,40,5,dip,115.06,3.89,0.33,-41.32,98,75.51,35.28,58.84,5.52,0.441,-31.52,35,77.14,29.82,235.39,4.31,0.358,-41.32,133,1083.51,8.99,0.526,0.641,139.25,0
DIA,1d,40,7,dip,117.21,3.94,0.334,-39.32,84,80.95,35.34,52.91,5.06,0.41,-31.52,34,67.65,29.78,223.79,4.18,0.349,-39.32,118,1083.51,8.99,0.526,0.641,139.25,0
DIA,1d,40,9,dip,105.25,3.65,0.315,-38.61,76,76.32,35.22,63.96,5.91,0.468,-31.09,30,76.67,29.92,221.7,4.16,0.348,-38.61,106,1083.51,8.99,0.526,0.641,139.25,0
DIA,1d,40,12,dip,130.51,4.25,0.356,-38.79,73,79.45,35.04,63.03,5.84,0.463,-31.09,27,81.48,30.56,264.94,4.61,0.379,-38.79,100,1083.51,8.99,0.526,0.641,139.25,0
DIA,1d,40,15,dip,104.98,3.64,0.317,-38.58,71,73.24,34.96,64.2,5.93,0.47,-31.09,25,80,30.06,233.97,4.29,0.359,-38.58,96,1083.51,8.99,0.526,0.641,139.25,0
DIA,1d,40,20,dip,109.87,3.76,0.325,-42.77,67,76.12,35.83,63.93,5.91,0.474,-31.09,24,83.33,29.87,237.06,4.33,0.362,-42.77,92,1083.51,8.99,0.526,0.641,139.25,0
DIA,1d,40,25,dip,142.18,4.5,0.377,-37.43,68,72.06,36.07,67.61,6.18,0.494,-31.09,26,76.92,29.64,289.18,4.85,0.4,-37.43,95,1083.51,8.99,0.526,0.641,139.25,0
DIA,1d,40,30,dip,99.55,3.5,0.312,-38,73,67.12,35.2,56.09,5.31,0.435,-31.09,30,80,30.42,214.8,4.08,0.35,-38,105,1083.51,8.99,0.526,0.641,139.25,0
DIA,1d,40,50,trend,124.36,4.11,0.405,-40.63,68,57.35,63.4,43.37,4.27,0.417,-29.37,23,56.52,67.13,217.91,4.11,0.404,-40.63,91,1083.51,8.99,0.526,0.641,139.25,0
DIA,1d,40,60,trend,99.12,3.49,0.359,-45.3,46,50,63.71,32.34,3.31,0.327,-27.44,19,57.89,69.39,158.95,3.37,0.343,-45.3,65,1083.51,8.99,0.526,0.641,139.25,0
DIA,1d,40,75,trend,137.23,4.4,0.444,-41.28,29,51.72,65.55,30.19,3.11,0.306,-27.93,16,50,71.65,193.53,3.82,0.381,-41.28,45,1083.51,8.99,0.526,0.641,139.25,0
DIA,1d,40,100,trend,143.58,4.53,0.457,-41.32,31,48.39,66.86,24.41,2.57,0.257,-33.69,8,62.5,69.48,190.57,3.79,0.37,-41.32,40,1083.51,8.99,0.526,0.641,139.25,0
DIA,1d,40,125,trend,145.92,4.58,0.456,-45.1,21,47.62,67.69,45.73,4.47,0.396,-31.34,7,71.43,69.11,260.86,4.57,0.43,-45.1,29,1083.51,8.99,0.526,0.641,139.25,0
DIA,1d,40,150,trend,208.54,5.77,0.553,-43.66,21,47.62,68.78,19.29,2.07,0.218,-34.52,6,66.67,70.87,262.16,4.59,0.424,-43.66,29,1083.51,8.99,0.526,0.641,139.25,0
DIA,1d,40,200,trend,221.12,5.98,0.569,-38.47,15,53.33,70.04,47.89,4.65,0.391,-32.39,5,80,72.85,339.36,5.29,0.473,-38.47,20,1083.51,8.99,0.526,0.641,139.25,0
DIA,1d,40,250,trend,172.97,5.13,0.526,-28.56,12,58.33,65.75,44.72,4.39,0.37,-36.48,4,75,73.73,265.49,4.62,0.432,-36.68,16,1083.51,8.99,0.526,0.641,139.25,0
DIA,1d,40,300,trend,186.93,5.39,0.544,-30.82,10,50,66.46,100.7,8.43,0.8,-15.96,4,75,63.3,342.95,5.32,0.476,-36.84,15,1083.51,8.99,0.526,0.641,139.25,1
DIA,1d,50,2,dip,125.33,4.13,0.344,-37.53,136,79.41,34.29,35.86,3.62,0.317,-33.54,46,84.78,27.61,213.62,4.06,0.341,-37.53,186,1083.51,8.99,0.526,0.641,139.25,0
DIA,1d,50,3,dip,94.61,3.37,0.296,-40.37,112,77.68,34.33,22.56,2.39,0.234,-33.7,35,74.29,28.02,148.49,3.22,0.287,-40.37,149,1083.51,8.99,0.526,0.641,139.25,0
DIA,1d,50,4,dip,81.47,3.01,0.274,-40.51,102,77.45,34.09,35.35,3.58,0.313,-31.55,32,75,27.98,154.72,3.31,0.293,-40.51,136,1083.51,8.99,0.526,0.641,139.25,0
DIA,1d,50,5,dip,109.88,3.76,0.323,-38.17,93,77.42,34.09,43.73,4.3,0.362,-31.39,30,73.33,27.65,219.5,4.13,0.347,-38.17,125,1083.51,8.99,0.526,0.641,139.25,0
DIA,1d,50,7,dip,71.23,2.72,0.254,-41.37,77,76.62,34.21,44.15,4.34,0.365,-31.09,28,71.43,28.02,144.42,3.16,0.284,-41.37,106,1083.51,8.99,0.526,0.641,139.25,0
DIA,1d,50,9,dip,61.08,2.4,0.234,-41.87,72,70.83,34.39,51.87,4.97,0.408,-31.09,25,80,28.07,141.44,3.12,0.281,-41.87,97,1083.51,8.99,0.526,0.641,139.25,0
DIA,1d,50,12,dip,63.13,2.47,0.239,-39.6,64,71.88,34.19,70.16,6.37,0.5,-31.09,22,77.27,27.65,173.64,3.57,0.312,-39.6,86,1083.51,8.99,0.526,0.641,139.25,0
DIA,1d,50,15,dip,98.06,3.46,0.306,-43.42,59,79.66,34.55,71.66,6.48,0.509,-31.09,22,77.27,27.79,237.01,4.32,0.363,-43.42,82,1083.51,8.99,0.526,0.641,139.25,0
DIA,1d,50,20,dip,115.1,3.89,0.336,-38.35,55,74.55,34.07,49.86,4.81,0.403,-31.09,20,80,27.47,217.34,4.11,0.351,-38.35,76,1083.51,8.99,0.526,0.641,139.25,0
DIA,1d,50,25,dip,78.59,2.93,0.273,-45.88,53,67.92,34.55,34.04,3.46,0.313,-31.09,21,76.19,27.47,144,3.16,0.289,-45.88,75,1083.51,8.99,0.526,0.641,139.25,0
DIA,1d,50,30,dip,99.56,3.5,0.312,-38.25,53,73.58,34.33,71.19,6.44,0.516,-31.22,21,85.71,28.39,247.88,4.44,0.376,-38.25,75,1083.51,8.99,0.526,0.641,139.25,0
DIA,1d,50,40,dip,81.66,3.02,0.28,-48.76,68,66.18,34.57,62.66,5.81,0.474,-30.96,22,81.82,29.82,195.77,3.85,0.337,-48.76,91,1083.51,8.99,0.526,0.641,139.25,0
DIA,1d,50,60,trend,119.94,4,0.401,-39.78,57,50.88,63.55,34.02,3.46,0.335,-19.06,22,50,67.82,180.17,3.66,0.363,-39.78,79,1083.51,8.99,0.526,0.641,139.25,0
DIA,1d,50,75,trend,220.93,5.98,0.582,-30.81,30,60,65.57,18.79,2.02,0.219,-29.73,15,53.33,68.93,256.3,4.53,0.436,-30.81,45,1083.51,8.99,0.526,0.641,139.25,0
DIA,1d,50,100,trend,132.16,4.29,0.433,-41.97,25,48,66.74,15.61,1.7,0.192,-34.84,9,66.67,68.05,177.67,3.62,0.352,-41.97,35,1083.51,8.99,0.526,0.641,139.25,0
DIA,1d,50,125,trend,106.35,3.67,0.379,-45.32,20,50,67.45,24.43,2.57,0.254,-32.39,7,57.14,68.56,140.9,3.11,0.311,-45.32,28,1083.51,8.99,0.526,0.641,139.25,0
DIA,1d,50,150,trend,225.67,6.06,0.581,-37.34,19,47.37,68.32,25.32,2.66,0.256,-36.91,5,80,71.01,266.47,4.63,0.426,-37.78,26,1083.51,8.99,0.526,0.641,139.25,0
DIA,1d,50,200,trend,239.78,6.28,0.592,-40.85,15,66.67,70.06,50.99,4.9,0.396,-36.7,4,75,72.25,354.29,5.42,0.474,-40.85,19,1083.51,8.99,0.526,0.641,139.25,0
DIA,1d,50,250,trend,173.41,5.14,0.527,-26.27,14,57.14,65.55,77.21,6.87,0.52,-36.7,4,75,73.04,329.04,5.21,0.473,-37.94,18,1083.51,8.99,0.526,0.641,139.25,0
DIA,1d,50,300,trend,170.95,5.09,0.518,-26.96,10,50,66.17,117.43,9.44,0.884,-15.96,2,100,63.71,395.14,5.73,0.505,-36.7,13,1083.51,8.99,0.526,0.641,139.25,1
DIA,1d,60,2,dip,115,3.89,0.33,-41.68,121,80.17,33.34,47.75,4.64,0.382,-33.7,40,82.5,27.56,234.14,4.29,0.356,-41.68,164,1083.51,8.99,0.526,0.641,139.25,0
DIA,1d,60,3,dip,117.19,3.94,0.333,-41.46,103,79.61,33.46,23.76,2.51,0.243,-31.55,33,78.79,27.24,182.14,3.68,0.316,-41.46,139,1083.51,8.99,0.526,0.641,139.25,0
DIA,1d,60,4,dip,102.48,3.58,0.31,-41.53,93,75.27,33.42,43.55,4.29,0.359,-31.39,31,67.74,27.33,196.03,3.85,0.328,-41.53,125,1083.51,8.99,0.526,0.641,139.25,0
DIA,1d,60,5,dip,74.76,2.82,0.261,-46.34,86,77.91,33.56,48.25,4.68,0.386,-31.39,28,75,27.33,163.87,3.44,0.301,-46.34,115,1083.51,8.99,0.526,0.641,139.25,0
DIA,1d,60,7,dip,50.32,2.05,0.211,-44.8,70,81.43,33.46,42.79,4.22,0.357,-31.09,27,77.78,27.24,115.2,2.71,0.254,-44.8,98,1083.51,8.99,0.526,0.641,139.25,0
DIA,1d,60,9,dip,41.43,1.74,0.19,-47.57,57,73.68,33.22,49.97,4.82,0.398,-31.09,25,76,26.64,119.78,2.78,0.259,-47.57,83,1083.51,8.99,0.526,0.641,139.25,0
DIA,1d,60,12,dip,59.29,2.35,0.231,-44.08,52,76.92,33.28,58.04,5.46,0.445,-31.09,22,68.18,25.95,149.39,3.24,0.29,-44.08,75,1083.51,8.99,0.526,0.641,139.25,0
DIA,1d,60,15,dip,96.04,3.41,0.302,-40.34,50,80,33.32,56.63,5.35,0.438,-31.09,19,78.95,25.67,210.63,4.03,0.343,-40.34,70,1083.51,8.99,0.526,0.641,139.25,0
DIA,1d,60,20,dip,129.19,4.22,0.357,-41.87,46,82.61,32.71,35.25,3.57,0.322,-31.09,17,82.35,25.02,207.19,3.99,0.343,-41.87,64,1083.51,8.99,0.526,0.641,139.25,0
DIA,1d,60,25,dip,115.94,3.91,0.339,-43.96,41,78.05,32.98,42.85,4.23,0.368,-31.09,16,81.25,24.84,205.74,3.97,0.344,-43.96,58,1083.51,8.99,0.526,0.641,139.25,0
DIA,1d,60,30,dip,107.34,3.7,0.325,-43.19,47,74.47,33.72,69.72,6.34,0.516,-29.97,18,72.22,25.39,243.47,4.39,0.373,-43.19,66,1083.51,8.99,0.526,0.641,139.25,0
DIA,1d,60,40,dip,111.14,3.79,0.33,-45.19,46,73.91,34.19,78.58,6.97,0.566,-25.76,18,72.22,27.38,276.36,4.73,0.396,-45.19,65,1083.51,8.99,0.526,0.641,139.25,0
DIA,1d,60,50,dip,82.36,3.04,0.279,-35.9,57,70.18,34.25,71.56,6.47,0.538,-24.37,21,71.43,28.67,230.68,4.26,0.365,-35.9,79,1083.51,8.99,0.526,0.641,139.25,0
DIA,1d,60,75,trend,178.29,5.23,0.521,-37.12,38,57.89,65.41,18.83,2.02,0.214,-34.05,17,64.71,68.84,220.38,4.14,0.397,-37.12,55,1083.51,8.99,0.526,0.641,139.25,0
DIA,1d,60,100,trend,95.58,3.4,0.354,-41.88,24,54.17,66.78,31.69,3.25,0.303,-32.4,10,70,65.6,159.33,3.38,0.333,-41.88,35,1083.51,8.99,0.526,0.641,139.25,0
DIA,1d,60,125,trend,173.77,5.14,0.496,-31.08,20,60,67.29,20.63,2.2,0.226,-36.7,7,71.43,67.91,188.97,3.77,0.358,-38.45,28,1083.51,8.99,0.526,0.641,139.25,0
DIA,1d,60,150,trend,234.22,6.2,0.59,-30.69,16,62.5,67.89,53.54,5.11,0.411,-36.7,5,60,70.96,336.95,5.27,0.468,-40.46,22,1083.51,8.99,0.526,0.641,139.25,0
DIA,1d,60,200,trend,180.45,5.27,0.503,-39.54,15,60,69.94,63.21,5.85,0.453,-36.7,4,75,71.56,327.62,5.19,0.454,-39.54,19,1083.51,8.99,0.526,0.641,139.25,0
DIA,1d,60,250,trend,155.46,4.78,0.493,-29.18,11,45.45,65.49,63.86,5.9,0.452,-36.7,4,75,72.76,287.73,4.84,0.439,-36.7,15,1083.51,8.99,0.526,0.641,139.25,0
DIA,1d,60,300,trend,164.21,4.96,0.507,-31.8,10,40,65.71,93.94,8,0.759,-15.96,2,100,63.16,316.33,5.1,0.455,-36.7,13,1083.51,8.99,0.526,0.641,139.25,1
DIA,1d,75,2,dip,70.64,2.7,0.253,-48.42,105,82.86,31.76,52.95,5.06,0.411,-31.55,42,83.33,26.64,164.07,3.44,0.302,-48.42,149,1083.51,8.99,0.526,0.641,139.25,0
DIA,1d,75,3,dip,66.32,2.57,0.245,-47.36,87,83.91,31.78,36.18,3.65,0.318,-31.39,30,83.33,26.78,133.39,3,0.273,-47.36,120,1083.51,8.99,0.526,0.641,139.25,0
DIA,1d,75,4,dip,81.27,3.01,0.274,-48.97,80,85,31.6,49.64,4.79,0.391,-31.39,28,82.14,26.82,171.66,3.54,0.308,-48.97,110,1083.51,8.99,0.526,0.641,139.25,0
DIA,1d,75,5,dip,83.79,3.08,0.279,-49.6,73,83.56,31.54,55.62,5.27,0.422,-31.09,26,80.77,26.78,195.08,3.84,0.328,-49.6,101,1083.51,8.99,0.526,0.641,139.25,0
DIA,1d,75,7,dip,71.92,2.74,0.256,-49,66,81.82,31.62,71.09,6.44,0.5,-31.09,25,84,26.41,197.3,3.87,0.331,-49,93,1083.51,8.99,0.526,0.641,139.25,0
DIA,1d,75,9,dip,61.37,2.41,0.235,-49.36,55,78.18,31.7,75.66,6.76,0.521,-31.09,22,77.27,26.36,182.08,3.68,0.318,-49.36,79,1083.51,8.99,0.526,0.641,139.25,0
DIA,1d,75,12,dip,38.35,1.63,0.183,-49.3,49,75.51,31.97,49.02,4.74,0.394,-31.09,20,80,25.58,107.28,2.57,0.246,-49.3,70,1083.51,8.99,0.526,0.641,139.25,0
DIA,1d,75,15,dip,70.67,2.7,0.254,-50.08,42,85.71,31.88,35.18,3.56,0.317,-31.09,18,72.22,24.75,134.99,3.02,0.277,-50.08,61,1083.51,8.99,0.526,0.641,139.25,0
DIA,1d,75,20,dip,123.35,4.08,0.347,-50.68,37,86.49,32.15,54.75,5.2,0.432,-31.09,15,80,24.28,247.86,4.44,0.372,-50.68,53,1083.51,8.99,0.526,0.641,139.25,0
DIA,1d,75,25,dip,104.47,3.63,0.317,-47.45,37,86.49,32.17,61.67,5.74,0.473,-30.37,15,80,24.42,223.81,4.18,0.356,-47.45,53,1083.51,8.99,0.526,0.641,139.25,0
DIA,1d,75,30,dip,79.26,2.95,0.271,-46.84,34,85.29,32.49,65.86,6.05,0.503,-25.47,15,80,24.7,202.53,3.93,0.34,-46.84,50,1083.51,8.99,0.526,0.641,139.25,0
DIA,1d,75,40,dip,74.61,2.82,0.263,-44.81,29,68.97,32.17,77.89,6.92,0.583,-19.57,15,73.33,24.84,228.31,4.23,0.363,-44.81,45,1083.51,8.99,0.526,0.641,139.25,0
DIA,1d,75,50,dip,25.95,1.16,0.151,-45.29,30,60,31.99,94.26,8.02,0.674,-19.57,14,78.57,27.38,164.26,3.44,0.31,-45.29,45,1083.51,8.99,0.526,0.641,139.25,1
DIA,1d,75,60,dip,42.16,1.77,0.192,-45.88,38,60.53,32.11,99.14,8.33,0.752,-15.48,16,68.75,27.19,186.93,3.74,0.334,-45.88,55,1083.51,8.99,0.526,0.641,139.25,1
DIA,1d,75,100,trend,110.36,3.77,0.382,-45.65,28,53.57,66.24,26.92,2.81,0.269,-37.53,13,53.85,69.39,152.91,3.29,0.324,-45.65,41,1083.51,8.99,0.526,0.641,139.25,0
DIA,1d,75,125,trend,140.88,4.48,0.428,-45.83,18,55.56,67.85,52.23,5,0.408,-36.7,8,75,67.87,232.26,4.27,0.386,-45.83,27,1083.51,8.99,0.526,0.641,139.25,0
DIA,1d,75,150,trend,194.53,5.53,0.517,-40.16,15,66.67,67.55,45.02,4.41,0.363,-36.7,5,60,69.25,303.47,4.98,0.436,-40.16,21,1083.51,8.99,0.526,0.641,139.25,0
DIA,1d,75,200,trend,166.39,5,0.47,-41.71,13,61.54,68.99,58.03,5.46,0.426,-36.7,4,75,70.68,310.49,5.04,0.436,-41.71,17,1083.51,8.99,0.526,0.641,139.25,0
DIA,1d,75,250,trend,120.9,4.03,0.42,-38.72,10,60,64.42,75.29,6.74,0.497,-36.7,4,75,72.44,277.38,4.74,0.426,-38.72,14,1083.51,8.99,0.526,0.641,139.25,0
DIA,1d,75,300,trend,207.91,5.76,0.578,-28.81,9,44.44,64.76,89.54,7.71,0.734,-15.96,2,100,62.33,435.84,6.02,0.521,-36.7,12,1083.51,8.99,0.526,0.641,139.25,1
DIA,1d,100,2,dip,79.61,2.96,0.271,-46.83,98,87.76,29.86,75.31,6.74,0.522,-31.39,42,85.71,23.31,235.65,4.31,0.36,-46.83,146,1083.51,8.99,0.526,0.641,139.25,0
DIA,1d,100,3,dip,99.87,3.51,0.307,-46.66,82,87.8,29.62,74.57,6.68,0.521,-31.09,37,83.78,23.13,279.59,4.76,0.39,-46.66,123,1083.51,8.99,0.526,0.641,139.25,0
DIA,1d,100,4,dip,101.84,3.56,0.311,-47.06,73,82.19,29.46,68.48,6.25,0.493,-31.09,32,81.25,23.27,267.89,4.64,0.383,-47.06,109,1083.51,8.99,0.526,0.641,139.25,0
DIA,1d,100,5,dip,101.43,3.55,0.31,-46.62,64,82.81,29.74,65.78,6.05,0.479,-31.09,27,74.07,23.55,262.18,4.59,0.379,-46.62,94,1083.51,8.99,0.526,0.641,139.25,0
DIA,1d,100,7,dip,99.73,3.51,0.307,-48.03,55,87.27,29.94,69.6,6.33,0.496,-31.09,23,82.61,23.55,275.04,4.71,0.386,-48.03,81,1083.51,8.99,0.526,0.641,139.25,0
DIA,1d,100,9,dip,89.14,3.23,0.289,-48.1,50,86,30.39,43.69,4.3,0.366,-31.09,19,73.68,23.41,199.07,3.89,0.333,-48.1,72,1083.51,8.99,0.526,0.641,139.25,0
DIA,1d,100,12,dip,78.68,2.93,0.27,-48.63,43,86.05,30.51,41.18,4.09,0.354,-31.09,16,87.5,23.27,170.48,3.53,0.311,-48.63,62,1083.51,8.99,0.526,0.641,139.25,0
DIA,1d,100,15,dip,111.15,3.79,0.327,-47.63,46,84.78,30.17,49.27,4.76,0.402,-29.49,14,85.71,23.18,235.31,4.31,0.363,-47.63,62,1083.51,8.99,0.526,0.641,139.25,0
DIA,1d,100,20,dip,84.71,3.1,0.282,-47.46,37,81.08,30.27,74.68,6.69,0.543,-25.47,12,91.67,22.81,240.62,4.36,0.369,-47.46,50,1083.51,8.99,0.526,0.641,139.25,0
DIA,1d,100,25,dip,104.96,3.64,0.318,-46.77,34,85.29,30.79,66.08,6.07,0.502,-25.47,11,90.91,22.21,268.3,4.65,0.389,-46.77,46,1083.51,8.99,0.526,0.641,139.25,0
DIA,1d,100,30,dip,112.85,3.83,0.331,-45.44,32,81.25,30.75,62.46,5.8,0.482,-23.77,10,90,21.7,260.08,4.57,0.384,-45.44,43,1083.51,8.99,0.526,0.641,139.25,0
DIA,1d,100,40,dip,80.33,2.98,0.274,-44.47,31,70.97,30.41,91.36,7.83,0.694,-15.48,8,87.5,21.56,254.64,4.51,0.387,-44.47,40,1083.51,8.99,0.526,0.641,139.25,1
DIA,1d,100,50,dip,89.51,3.24,0.291,-43.76,25,80,30.55,95.49,8.1,0.736,-15.77,9,77.78,22.71,271.31,4.68,0.401,-43.76,35,1083.51,8.99,0.526,0.641,139.25,1
DIA,1d,100,60,dip,123.77,4.09,0.35,-43.27,24,83.33,30.45,79.21,7.01,0.639,-14.94,10,90,24.88,294.97,4.9,0.418,-43.27,35,1083.51,8.99,0.526,0.641,139.25,0
DIA,1d,100,75,dip,107.95,3.71,0.326,-43.5,28,75,30.91,83.38,7.3,0.667,-17.79,12,75,25.81,303.84,4.98,0.426,-43.5,41,1083.51,8.99,0.526,0.641,139.25,1
DIA,1d,100,125,trend,340.42,7.67,0.673,-36.32,26,65.38,66.38,57.08,5.38,0.417,-36.7,8,62.5,68.33,557.18,6.78,0.554,-36.7,35,1083.51,8.99,0.526,0.641,139.25,0
DIA,1d,100,150,trend,223.95,6.03,0.55,-40.88,19,68.42,67.13,60.16,5.62,0.431,-36.7,5,80,69.07,382.81,5.64,0.475,-40.88,25,1083.51,8.99,0.526,0.641,139.25,0
DIA,1d,100,200,trend,179.61,5.26,0.483,-43.04,11,81.82,68.5,87.8,7.59,0.552,-36.7,4,75,69.11,445.33,6.09,0.503,-43.04,15,1083.51,8.99,0.526,0.641,139.25,0
DIA,1d,100,250,trend,171.1,5.09,0.466,-45.42,11,63.64,70.4,77.5,6.89,0.501,-36.7,6,83.33,72.95,393.32,5.72,0.472,-45.42,17,1083.51,8.99,0.526,0.641,139.25,0
DIA,1d,100,300,trend,151.28,4.7,0.471,-35.64,7,57.14,64.17,90.21,7.75,0.742,-16.09,2,100,61.31,375.38,5.58,0.48,-36.7,10,1083.51,8.99,0.526,0.641,139.25,1
DIA,1d,125,2,dip,88.23,3.2,0.287,-48.1,98,86.73,28.45,74.06,6.65,0.52,-31.39,34,85.29,21.33,245.98,4.42,0.368,-48.1,137,1083.51,8.99,0.526,0.641,139.25,0
DIA,1d,125,3,dip,100.87,3.54,0.31,-47.89,77,87.01,28.2,54.2,5.16,0.425,-31.09,28,89.29,21.1,240.45,4.36,0.365,-47.89,109,1083.51,8.99,0.526,0.641,139.25,0
DIA,1d,125,4,dip,113.29,3.85,0.33,-48.48,62,91.94,28.33,60.37,5.64,0.46,-31.09,24,87.5,20.96,271.08,4.68,0.386,-48.48,90,1083.51,8.99,0.526,0.641,139.25,0
DIA,1d,125,5,dip,110.05,3.77,0.325,-48.16,56,85.71,28.39,58.45,5.49,0.45,-31.09,21,95.24,20.78,267.78,4.64,0.385,-48.16,81,1083.51,8.99,0.526,0.641,139.25,0
DIA,1d,125,7,dip,76.81,2.88,0.266,-49.01,49,91.84,28.31,50.49,4.86,0.406,-31.09,14,92.86,21.28,194.62,3.84,0.331,-49.01,67,1083.51,8.99,0.526,0.641,139.25,0
DIA,1d,125,9,dip,82.94,3.05,0.278,-48.13,40,85,28.37,49.72,4.8,0.403,-31.09,13,92.31,21.28,196.43,3.86,0.333,-48.13,56,1083.51,8.99,0.526,0.641,139.25,0
DIA,1d,125,12,dip,69.64,2.67,0.253,-48.89,37,86.49,28.61,49.33,4.77,0.404,-29.61,13,92.31,21.19,176.46,3.61,0.317,-48.89,52,1083.51,8.99,0.526,0.641,139.25,0
DIA,1d,125,15,dip,87.45,3.18,0.287,-46.44,35,82.86,28.63,45.18,4.42,0.38,-27.88,12,83.33,21.28,187.35,3.75,0.327,-46.44,49,1083.51,8.99,0.526,0.641,139.25,0
DIA,1d,125,20,dip,112.02,3.81,0.331,-47.25,30,83.33,28.61,61.06,5.69,0.473,-25.47,11,90.91,20.78,260.9,4.57,0.385,-47.25,43,1083.51,8.99,0.526,0.641,139.25,0
DIA,1d,125,25,dip,88.5,3.21,0.291,-46.98,26,84.62,28.71,62.53,5.8,0.496,-19.57,10,90,20.41,217.86,4.11,0.357,-46.98,37,1083.51,8.99,0.526,0.641,139.25,0
DIA,1d,125,30,dip,95.57,3.4,0.304,-46.47,22,86.36,28.97,55.38,5.25,0.467,-19.57,8,87.5,20.64,214.79,4.08,0.356,-46.47,32,1083.51,8.99,0.526,0.641,139.25,0
DIA,1d,125,40,dip,77.22,2.89,0.269,-43.72,21,80.95,29.32,58.25,5.48,0.506,-18,7,85.71,21.75,183.69,3.7,0.333,-43.72,29,1083.51,8.99,0.526,0.641,139.25,0
DIA,1d,125,50,dip,114.8,3.88,0.336,-43.83,20,85,29.6,90.35,7.76,0.706,-17.79,7,85.71,21.93,332.19,5.23,0.441,-43.83,28,1083.51,8.99,0.526,0.641,139.25,1
DIA,1d,125,60,dip,60.61,2.39,0.237,-43.27,20,70,29.74,110.72,9.04,0.855,-17.79,7,100,22.3,257.41,4.54,0.399,-43.27,28,1083.51,8.99,0.526,0.641,139.25,1
DIA,1d,125,75,dip,93.32,3.34,0.305,-47.49,18,77.78,29.09,64.39,5.94,0.629,-17.79,8,75,22.11,228.82,4.24,0.386,-47.49,27,1083.51,8.99,0.526,0.641,139.25,0
DIA,1d,125,100,dip,6.2,0.3,0.089,-51.18,26,57.69,30.43,55.57,5.27,0.634,-17.48,8,75,21.24,66.97,1.8,0.206,-51.18,35,1083.51,8.99,0.526,0.641,139.25,0
DIA,1d,125,150,trend,287.06,6.97,0.654,-20.48,25,64,66.03,77.41,6.88,0.504,-36.7,6,66.67,68.88,591.33,6.97,0.579,-36.7,32,1083.51,8.99,0.526,0.641,139.25,0
DIA,1d,125,200,trend,253.16,6.49,0.588,-37.43,13,76.92,69.11,62.2,5.78,0.438,-36.7,4,75,68.56,492.72,6.4,0.527,-37.43,17,1083.51,8.99,0.526,0.641,139.25,0
DIA,1d,125,250,trend,233.05,6.18,0.555,-35.15,9,77.78,69.94,79.65,7.04,0.689,-18.14,3,100,59.33,489.76,6.38,0.519,-36.7,12,1083.51,8.99,0.526,0.641,139.25,1
DIA,1d,125,300,trend,221.92,6,0.594,-25.14,8,50,63.81,98.73,8.3,0.799,-15.96,2,100,59.97,554.32,6.77,0.57,-36.7,10,1083.51,8.99,0.526,0.641,139.25,1
DIA,1d,150,2,dip,95.48,3.4,0.306,-47.03,82,87.8,26.16,69.46,6.32,0.505,-31.09,29,89.66,19.71,256.34,4.53,0.383,-47.03,116,1083.51,8.99,0.526,0.641,139.25,0
DIA,1d,150,3,dip,105.25,3.65,0.324,-46.87,70,91.43,26.1,66.65,6.11,0.491,-31.09,25,88,19.9,252.7,4.49,0.381,-46.87,98,1083.51,8.99,0.526,0.641,139.25,0
DIA,1d,150,4,dip,60.06,2.37,0.236,-48,55,87.27,26.2,66.43,6.09,0.491,-31.09,22,86.36,19.81,182.07,3.68,0.326,-48,79,1083.51,8.99,0.526,0.641,139.25,0
DIA,1d,150,5,dip,85.4,3.12,0.288,-46.87,47,91.49,26.22,62.03,5.76,0.468,-31.09,20,95,19.76,214.43,4.07,0.353,-46.87,69,1083.51,8.99,0.526,0.641,139.25,0
DIA,1d,150,7,dip,98.3,3.47,0.311,-47.94,43,86.05,26.18,47.62,4.63,0.392,-31.09,16,93.75,19.53,213.32,4.06,0.352,-47.94,61,1083.51,8.99,0.526,0.641,139.25,0
DIA,1d,150,9,dip,66.67,2.58,0.25,-48.72,37,86.49,26.3,42.79,4.22,0.368,-31.2,13,92.31,19.62,159.63,3.38,0.306,-48.72,52,1083.51,8.99,0.526,0.641,139.25,0
DIA,1d,150,12,dip,100.23,3.52,0.316,-49.04,35,85.71,26.34,36.06,3.64,0.328,-27.92,11,90.91,19.25,190.82,3.79,0.336,-49.04,48,1083.51,8.99,0.526,0.641,139.25,0
DIA,1d,150,15,dip,85.2,3.12,0.288,-47.81,34,82.35,26.28,33.83,3.44,0.317,-25.53,9,88.89,19.25,155.91,3.33,0.304,-47.81,45,1083.51,8.99,0.526,0.641,139.25,0
DIA,1d,150,20,dip,69.79,2.67,0.258,-48.06,31,87.1,26.22,46.54,4.54,0.405,-21.11,7,85.71,18.88,152.04,3.27,0.304,-48.06,39,1083.51,8.99,0.526,0.641,139.25,0
DIA,1d,150,25,dip,52.29,2.12,0.218,-47.21,25,88,27.09,49.09,4.75,0.431,-19.86,8,87.5,19.16,130.71,2.96,0.28,-47.21,34,1083.51,8.99,0.526,0.641,139.25,0
DIA,1d,150,30,dip,56.53,2.26,0.227,-48.19,26,84.62,27.74,60.44,5.64,0.521,-18.35,6,100,19.76,161.69,3.41,0.314,-48.19,33,1083.51,8.99,0.526,0.641,139.25,0
DIA,1d,150,40,dip,55.28,2.22,0.225,-47.7,21,76.19,28.12,100.82,8.43,0.772,-17.79,6,100,19.76,210.74,4.03,0.361,-47.7,29,1083.51,8.99,0.526,0.641,139.25,1
DIA,1d,150,50,dip,49.31,2.02,0.211,-47.86,19,78.95,28.53,95.8,8.12,0.783,-17.79,5,100,19.34,212.05,4.05,0.364,-47.86,26,1083.51,8.99,0.526,0.641,139.25,1
DIA,1d,150,60,dip,46.02,1.9,0.203,-48.57,16,81.25,28.97,73.39,6.6,0.699,-17.79,5,100,19.16,162.97,3.43,0.323,-48.57,22,1083.51,8.99,0.526,0.641,139.25,1
DIA,1d,150,75,dip,68.54,2.63,0.258,-48.57,15,80,29.24,71.33,6.45,0.727,-17.79,5,100,20.54,189.68,3.78,0.358,-48.57,21,1083.51,8.99,0.526,0.641,139.25,1
DIA,1d,150,100,dip,45.45,1.88,0.205,-48.57,19,63.16,29.5,48.39,4.69,0.587,-17.48,5,100,20.04,129.79,2.94,0.298,-48.57,25,1083.51,8.99,0.526,0.641,139.25,0
DIA,1d,150,125,dip,23.56,1.06,0.145,-53.99,25,60,30.41,26.91,2.81,0.386,-18.17,6,83.33,19.58,62.7,1.71,0.198,-53.99,32,1083.51,8.99,0.526,0.641,139.25,0
DIA,1d,150,200,trend,223.42,6.02,0.549,-31.85,14,78.57,68.05,81.29,7.15,0.518,-36.7,4,75,68.05,532.29,6.64,0.541,-36.7,20,1083.51,8.99,0.526,0.641,139.25,0
DIA,1d,150,250,trend,217.87,5.93,0.537,-31.8,10,60,68.98,84.16,7.35,0.723,-15.96,3,100,59.79,519.04,6.56,0.532,-36.7,13,1083.51,8.99,0.526,0.641,139.25,1
DIA,1d,150,300,trend,300.37,7.15,0.697,-17.59,6,66.67,63.47,65.8,6.05,0.608,-20.53,2,100,58.68,632.1,7.18,0.598,-36.7,8,1083.51,8.99,0.526,0.641,139.25,0
DIA,1d,200,2,dip,87.41,3.18,0.291,-46.87,76,89.47,25.07,62.49,5.8,0.478,-31.09,25,80,16.81,219.87,4.14,0.358,-46.87,103,1083.51,8.99,0.526,0.641,139.25,0
DIA,1d,200,3,dip,91.79,3.3,0.299,-46.87,62,93.55,25.13,62.8,5.82,0.478,-31.09,21,95.24,16.81,235.64,4.31,0.37,-46.87,85,1083.51,8.99,0.526,0.641,139.25,0
DIA,1d,200,4,dip,58.26,2.31,0.232,-46.87,51,92.16,24.81,43.81,4.31,0.376,-31.09,19,78.95,17.04,142.85,3.14,0.291,-46.87,72,1083.51,8.99,0.526,0.641,139.25,0
DIA,1d,200,5,dip,77.23,2.89,0.273,-46.87,46,91.3,24.73,55.08,5.23,0.44,-31.09,17,76.47,16.81,196.5,3.86,0.34,-46.87,65,1083.51,8.99,0.526,0.641,139.25,0
DIA,1d,200,7,dip,70.01,2.68,0.258,-47.14,40,90,25.15,39.51,3.94,0.352,-31.09,16,81.25,16.85,160.35,3.39,0.308,-47.14,58,1083.51,8.99,0.526,0.641,139.25,0
DIA,1d,200,9,dip,57.37,2.28,0.231,-48.5,31,90.32,25.01,54.92,5.22,0.446,-29.38,14,85.71,16.39,155.04,3.32,0.304,-48.5,47,1083.51,8.99,0.526,0.641,139.25,0
DIA,1d,200,12,dip,60.1,2.37,0.237,-47.01,29,86.21,25.27,52.13,4.99,0.435,-25.47,11,81.82,16.57,143.56,3.15,0.294,-47.01,40,1083.51,8.99,0.526,0.641,139.25,0
DIA,1d,200,15,dip,48.57,1.99,0.21,-47.01,26,84.62,25.37,44.02,4.33,0.384,-24.44,8,87.5,17.31,113.96,2.69,0.261,-47.01,34,1083.51,8.99,0.526,0.641,139.25,0
DIA,1d,200,20,dip,46.26,1.91,0.206,-48.57,22,77.27,25.11,48.91,4.73,0.436,-19.57,7,100,17.22,117.8,2.75,0.269,-48.57,29,1083.51,8.99,0.526,0.641,139.25,0
DIA,1d,200,25,dip,26.28,1.17,0.153,-48.57,19,84.21,24.99,66.89,6.13,0.572,-19.75,6,83.33,17.17,110.76,2.63,0.263,-48.57,25,1083.51,8.99,0.526,0.641,139.25,0
DIA,1d,200,30,dip,40.03,1.69,0.19,-48.57,17,88.24,25.05,91.61,7.84,0.729,-17.79,5,100,17.22,168.31,3.5,0.328,-48.57,22,1083.51,8.99,0.526,0.641,139.25,1
DIA,1d,200,40,dip,30.54,1.34,0.165,-48.57,14,85.71,25.58,72.29,6.52,0.639,-17.79,5,100,17.36,124.92,2.86,0.282,-48.57,19,1083.51,8.99,0.526,0.641,139.25,0
DIA,1d,200,50,dip,25.79,1.15,0.151,-48.57,14,78.57,25.39,76.53,6.82,0.73,-17.79,4,100,17.87,122.06,2.82,0.282,-48.57,18,1083.51,8.99,0.526,0.641,139.25,1
DIA,1d,200,60,dip,46.03,1.9,0.206,-48.57,14,78.57,25.35,54.79,5.21,0.596,-17.79,4,75,18.33,126.05,2.88,0.29,-48.57,18,1083.51,8.99,0.526,0.641,139.25,0
DIA,1d,200,75,dip,48.26,1.98,0.213,-48.57,12,83.33,26.12,53.17,5.08,0.601,-17.48,4,75,18.79,127.09,2.9,0.296,-48.57,16,1083.51,8.99,0.526,0.641,139.25,0
DIA,1d,200,100,dip,45.49,1.89,0.208,-48.57,10,70,26.28,21.02,2.24,0.304,-20.57,4,50,19.39,76.06,1.99,0.226,-48.57,14,1083.51,8.99,0.526,0.641,139.25,0
DIA,1d,200,125,dip,22,1,0.141,-48.57,13,69.23,26.91,40.63,4.04,0.534,-15.55,4,100,18.79,71.57,1.9,0.216,-48.57,17,1083.51,8.99,0.526,0.641,139.25,0
DIA,1d,200,150,dip,26.84,1.19,0.155,-48.57,14,71.43,27.72,20.23,2.16,0.316,-20.05,4,100,18.33,52.76,1.49,0.183,-48.57,20,1083.51,8.99,0.526,0.641,139.25,0
DIA,1d,200,250,trend,388.96,8.23,0.705,-16.44,11,72.73,68.99,56.73,5.36,0.411,-36.7,5,60,67.17,688.94,7.46,0.591,-36.7,17,1083.51,8.99,0.526,0.641,139.25,0
DIA,1d,200,300,trend,276.27,6.82,0.663,-24.16,7,71.43,64.56,62.82,5.82,0.59,-18.35,2,100,56.88,617.18,7.11,0.589,-36.7,9,1083.51,8.99,0.526,0.641,139.25,0
DIA,1d,250,2,dip,60.09,2.37,0.237,-48.07,55,89.09,23.84,64.58,5.96,0.503,-31.09,19,89.47,13.39,186.59,3.74,0.333,-48.07,77,1083.51,8.99,0.526,0.641,139.25,0
DIA,1d,250,3,dip,61.83,2.43,0.241,-48.09,45,88.89,23.98,63.01,5.84,0.491,-31.09,14,92.86,13.67,190.01,3.78,0.336,-48.09,62,1083.51,8.99,0.526,0.641,139.25,0
DIA,1d,250,4,dip,54.38,2.19,0.224,-48.09,39,87.18,23.86,51.39,4.93,0.43,-31.09,14,85.71,13.57,148.91,3.23,0.298,-48.09,56,1083.51,8.99,0.526,0.641,139.25,0
DIA,1d,250,5,dip,59.68,2.36,0.236,-48.57,35,85.71,23.94,61.47,5.72,0.486,-31.09,13,92.31,13.39,169.92,3.52,0.319,-48.57,51,1083.51,8.99,0.526,0.641,139.25,0
DIA,1d,250,7,dip,36.72,1.57,0.181,-48.57,28,85.71,23.88,38.5,3.86,0.353,-31.09,10,80,13.48,104.86,2.53,0.249,-48.57,40,1083.51,8.99,0.526,0.641,139.25,0
DIA,1d,250,9,dip,46.56,1.92,0.206,-48.57,26,76.92,23.76,44.29,4.35,0.39,-27.88,8,100,13.39,125.31,2.87,0.274,-48.57,36,1083.51,8.99,0.526,0.641,139.25,0
DIA,1d,250,12,dip,26.46,1.18,0.153,-48.57,23,78.26,23.84,46.7,4.55,0.414,-25.47,8,100,13.2,97.67,2.4,0.242,-48.57,32,1083.51,8.99,0.526,0.641,139.25,0
DIA,1d,250,15,dip,19.29,0.88,0.132,-48.57,20,90,24.02,52.25,5,0.472,-19.57,7,85.71,13.3,86.72,2.2,0.229,-48.57,28,1083.51,8.99,0.526,0.641,139.25,0
DIA,1d,250,20,dip,58.93,2.33,0.236,-48.57,14,85.71,23.68,50.24,4.84,0.505,-15.55,6,100,13.39,151.51,3.27,0.313,-48.57,21,1083.51,8.99,0.526,0.641,139.25,0
DIA,1d,250,25,dip,37.43,1.6,0.184,-48.57,14,85.71,23.55,50.23,4.84,0.508,-15.55,6,83.33,13.8,121.85,2.82,0.28,-48.57,21,1083.51,8.99,0.526,0.641,139.25,0
DIA,1d,250,30,dip,41.46,1.74,0.194,-48.57,14,85.71,23.49,57.5,5.42,0.568,-17.99,4,100,14.27,152.53,3.28,0.315,-48.57,19,1083.51,8.99,0.526,0.641,139.25,0
DIA,1d,250,40,dip,41.06,1.73,0.193,-48.57,12,83.33,23.55,54.9,5.21,0.558,-17.79,3,100,14.4,148.65,3.23,0.312,-48.57,16,1083.51,8.99,0.526,0.641,139.25,0
DIA,1d,250,50,dip,27.83,1.23,0.158,-48.57,14,71.43,23.64,30.01,3.09,0.379,-19.83,3,66.67,14.77,92.26,2.3,0.245,-48.57,18,1083.51,8.99,0.526,0.641,139.25,0
DIA,1d,250,60,dip,31.71,1.38,0.169,-48.57,11,72.73,23.53,38.37,3.84,0.479,-17.48,3,66.67,14.68,104.81,2.53,0.264,-48.57,15,1083.51,8.99,0.526,0.641,139.25,0
DIA,1d,250,75,dip,57.7,2.3,0.238,-48.57,10,90,24.24,26.47,2.76,0.378,-16.27,3,66.67,14.54,117.87,2.75,0.287,-48.57,14,1083.51,8.99,0.526,0.641,139.25,0
DIA,1d,250,100,dip,49.98,2.04,0.221,-48.57,10,80,24.44,29.39,3.04,0.427,-15.55,6,66.67,14.91,94.06,2.34,0.258,-48.57,16,1083.51,8.99,0.526,0.641,139.25,0
DIA,1d,250,125,dip,16.66,0.77,0.124,-48.57,8,75,24.44,33.45,3.41,0.481,-15.55,3,100,14.77,55.68,1.55,0.191,-48.57,11,1083.51,8.99,0.526,0.641,139.25,0
DIA,1d,250,150,dip,31.29,1.37,0.169,-48.57,10,80,26,21.34,2.27,0.34,-15.55,3,100,13.9,59.3,1.64,0.197,-48.57,13,1083.51,8.99,0.526,0.641,139.25,0
DIA,1d,250,200,dip,-18.84,-1.03,-0.018,-56.25,11,63.64,25.56,34.68,3.52,0.511,-15.55,5,80,16.44,18.44,0.59,0.108,-56.25,17,1083.51,8.99,0.526,0.641,139.25,0
DIA,1d,250,300,trend,242.24,6.32,0.603,-17.87,9,77.78,64.86,60.56,5.65,0.584,-18.02,2,100,54.29,571.35,6.86,0.562,-36.7,12,1083.51,8.99,0.526,0.641,139.25,0
DIA,1d,300,2,dip,58.85,2.33,0.236,-46.87,49,87.76,22.38,62.72,5.82,0.507,-25.47,16,93.75,12.19,160.04,3.39,0.313,-46.87,69,1083.51,8.99,0.526,0.641,139.25,0
DIA,1d,300,3,dip,78.37,2.92,0.279,-46.87,41,90.24,22.3,61.14,5.7,0.498,-26.4,13,100,12.1,185.33,3.72,0.338,-46.87,56,1083.51,8.99,0.526,0.641,139.25,0
DIA,1d,300,4,dip,68.08,2.62,0.257,-46.87,39,82.05,22.46,30.09,3.1,0.302,-27.66,12,75,12.1,121.51,2.81,0.273,-46.87,52,1083.51,8.99,0.526,0.641,139.25,0
DIA,1d,300,5,dip,62.86,2.46,0.246,-46.87,32,90.63,22.58,27.16,2.83,0.283,-32.74,12,91.67,12.14,111.17,2.64,0.26,-46.87,46,1083.51,8.99,0.526,0.641,139.25,0
DIA,1d,300,7,dip,48.22,1.98,0.211,-47.14,27,88.89,22.64,35.11,3.56,0.337,-27.88,9,100,12.1,108.28,2.59,0.256,-47.14,37,1083.51,8.99,0.526,0.641,139.25,0
DIA,1d,300,9,dip,33.76,1.46,0.174,-48.56,22,86.36,22.93,32.77,3.35,0.327,-25.47,7,71.43,12.05,87.23,2.21,0.229,-48.56,30,1083.51,8.99,0.526,0.641,139.25,0
DIA,1d,300,12,dip,42.5,1.78,0.197,-47.96,18,88.89,22.75,48.64,4.71,0.447,-23.37,6,100,12.14,128.69,2.92,0.283,-47.96,25,1083.51,8.99,0.526,0.641,139.25,0
DIA,1d,300,15,dip,32.41,1.41,0.17,-47.21,18,72.22,22.89,38.88,3.89,0.398,-19.57,6,100,12.1,103.68,2.51,0.255,-47.21,25,1083.51,8.99,0.526,0.641,139.25,0
DIA,1d,300,20,dip,46.21,1.91,0.207,-48.57,15,86.67,22.73,64.97,5.99,0.63,-15.55,6,100,11.77,165.58,3.46,0.331,-48.57,22,1083.51,8.99,0.526,0.641,139.25,0
DIA,1d,300,25,dip,27.83,1.23,0.158,-48.57,13,84.62,22.5,44.97,4.41,0.497,-15.98,4,100,11.4,112.03,2.65,0.271,-48.57,18,1083.51,8.99,0.526,0.641,139.25,0
DIA,1d,300,30,dip,56.08,2.24,0.232,-48.57,10,80,22.62,44.84,4.4,0.492,-16.95,4,75,11.63,167.7,3.49,0.336,-48.57,15,1083.51,8.99,0.526,0.641,139.25,0
DIA,1d,300,40,dip,19.16,0.88,0.132,-48.57,10,70,22.69,34.34,3.49,0.428,-16.11,4,75,12.37,81.97,2.11,0.231,-48.57,15,1083.51,8.99,0.526,0.641,139.25,0
DIA,1d,300,50,dip,29.38,1.29,0.163,-48.57,10,70,22.62,17.92,1.93,0.269,-18.22,2,50,11.77,67.3,1.81,0.208,-48.57,13,1083.51,8.99,0.526,0.641,139.25,0
DIA,1d,300,60,dip,30.78,1.35,0.167,-48.57,10,80,22.91,37.94,3.81,0.494,-15.55,2,100,12.19,96.12,2.38,0.255,-48.57,13,1083.51,8.99,0.526,0.641,139.25,0
DIA,1d,300,75,dip,16.05,0.74,0.122,-48.57,9,88.89,23.72,28.05,2.91,0.416,-15.55,2,100,12.7,57.58,1.6,0.193,-48.57,12,1083.51,8.99,0.526,0.641,139.25,0
DIA,1d,300,100,dip,38.39,1.63,0.19,-48.57,7,71.43,23.96,24.81,2.61,0.386,-15.55,2,100,13.16,72.86,1.93,0.223,-48.57,10,1083.51,8.99,0.526,0.641,139.25,0
DIA,1d,300,125,dip,9.62,0.46,0.1,-49.47,8,75,24,16.4,1.78,0.277,-15.55,2,50,13.9,27.59,0.85,0.131,-49.47,10,1083.51,8.99,0.526,0.641,139.25,0
DIA,1d,300,150,dip,-11.9,-0.63,0.017,-56.07,6,66.67,23.86,29.38,3.04,0.472,-15.55,2,100,14.31,13.98,0.46,0.097,-56.07,8,1083.51,8.99,0.526,0.641,139.25,0
DIA,1d,300,200,dip,-4.81,-0.25,0.046,-55.25,7,57.14,23.35,24.12,2.54,0.419,-15.55,2,100,14.31,18.16,0.58,0.108,-55.25,9,1083.51,8.99,0.526,0.641,139.25,0
DIA,1d,300,250,dip,-0.59,-0.03,0.061,-52.62,9,55.56,22.38,19.94,2.13,0.386,-15.55,2,100,13.9,19.75,0.63,0.112,-52.62,12,1083.51,8.99,0.526,0.641,139.25,0
DIA,1h,2,3,trend,-12.59,-9.13,-0.82,-15.63,445,38.88,51.03,-7.48,-12.31,-1.31,-10.29,198,33.84,49.67,-19.32,-10.19,-0.963,-23.62,643,20.67,9.87,0.758,0.653,4.95,0
DIA,1h,2,4,trend,-10.27,-7.42,-0.62,-11.28,316,33.54,52.13,-6.8,-11.22,-1.185,-9.56,144,31.94,50.33,-16.74,-8.77,-0.787,-19.64,461,20.67,9.87,0.758,0.653,4.95,0
DIA,1h,2,5,trend,-5.67,-4.07,-0.294,-11.27,258,34.11,51.44,-3.75,-6.25,-0.628,-7.1,122,32.79,49.47,-10.55,-5.43,-0.439,-17.51,382,20.67,9.87,0.758,0.653,4.95,0
DIA,1h,2,7,trend,-4.94,-3.54,-0.279,-10.64,196,33.16,51.15,-2.99,-5,-0.483,-6.49,90,32.22,49.67,-9.14,-4.69,-0.401,-16.31,288,20.67,9.87,0.758,0.653,4.95,0
DIA,1h,2,9,trend,-11.91,-8.63,-0.792,-17.95,155,31.61,50.74,-2.78,-4.66,-0.495,-5.79,70,34.29,49.57,-16.1,-8.42,-0.806,-22.66,226,20.67,9.87,0.758,0.653,4.95,0
DIA,1h,2,12,trend,-12.19,-8.83,-0.825,-18,140,34.29,50.74,-5.83,-9.66,-1.113,-6.47,61,29.51,49.76,-19.52,-10.3,-1.014,-24.85,202,20.67,9.87,0.758,0.653,4.95,0
DIA,1h,2,15,trend,-5.01,-3.59,-0.292,-16.13,119,35.29,51.72,-1.51,-2.54,-0.233,-4.39,50,34,50.62,-6.89,-3.51,-0.299,-16.23,170,20.67,9.87,0.758,0.653,4.95,0
DIA,1h,2,20,trend,-0.34,-0.25,0.029,-14.46,96,34.38,53.24,-7.66,-12.6,-1.398,-9.25,44,20.45,50.33,-9.33,-4.79,-0.43,-19.62,141,20.67,9.87,0.758,0.653,4.95,0
DIA,1h,2,25,trend,4.8,3.39,0.369,-11.79,83,39.76,55.62,-6.19,-10.23,-1.123,-8.19,42,19.05,49.38,-3.07,-1.55,-0.102,-15.28,126,20.67,9.87,0.758,0.653,4.95,0
DIA,1h,2,30,trend,0.46,0.33,0.083,-14.04,71,26.76,55.99,-7.51,-12.36,-1.399,-7.89,33,21.21,49.09,-8.42,-4.31,-0.395,-18.44,105,20.67,9.87,0.758,0.653,4.95,0
DIA,1h,2,40,trend,-4.68,-3.35,-0.289,-15.4,66,24.24,54.43,0.01,0.01,0.047,-5.5,26,23.08,47.75,-4.67,-2.37,-0.196,-15.4,92,20.67,9.87,0.758,0.653,4.95,0
DIA,1h,2,50,trend,-2.98,-2.13,-0.189,-13.82,59,27.12,53.24,2.67,4.55,0.534,-6.11,24,25,49.09,-0.39,-0.2,0.024,-13.82,83,20.67,9.87,0.758,0.653,4.95,0
DIA,1h,2,60,trend,-9.02,-6.5,-0.709,-12.81,61,21.31,52.99,5.98,10.33,1.099,-4.87,22,27.27,50.43,-3.57,-1.81,-0.156,-12.81,83,20.67,9.87,0.758,0.653,4.95,1
DIA,1h,2,75,trend,-0.88,-0.62,-0.031,-9.44,51,23.53,55.87,4.13,7.09,0.758,-5.02,19,31.58,53.4,3.22,1.6,0.223,-9.44,70,20.67,9.87,0.758,0.653,4.95,1
DIA,1h,2,100,trend,-3.84,-2.75,-0.263,-11.81,40,27.5,59.43,2.67,4.55,0.507,-5.58,17,35.29,56.08,-1.27,-0.64,-0.023,-11.81,57,20.67,9.87,0.758,0.653,4.95,0
DIA,1h,2,125,trend,2.07,1.47,0.204,-9.6,29,34.48,62.88,6.67,11.53,1.154,-5.39,11,45.45,58.37,8.87,4.35,0.498,-9.6,40,20.67,9.87,0.758,0.653,4.95,1
DIA,1h,2,150,trend,1.6,1.14,0.167,-8.95,30,26.67,64.56,5.01,8.62,0.946,-4.11,10,50,60.29,6.69,3.3,0.395,-10.14,40,20.67,9.87,0.758,0.653,4.95,1
DIA,1h,2,200,trend,5.23,3.69,0.458,-6.3,20,40,58.53,-1.01,-1.71,-0.215,-5.97,8,37.5,33.88,9.17,4.49,0.534,-6.57,29,20.67,9.87,0.758,0.653,4.95,0
DIA,1h,2,250,trend,10.4,7.3,0.832,-4.48,14,28.57,61.44,-2.35,-3.93,-0.747,-4.83,7,14.29,19.62,17.49,8.41,0.925,-4.83,22,20.67,9.87,0.758,0.653,4.95,0
DIA,1h,2,300,trend,8.21,5.77,0.663,-7.03,13,30.77,63.04,0.07,0.12,0.049,-4.02,4,25,19.71,14.93,7.22,0.797,-7.03,19,20.67,9.87,0.758,0.653,4.95,0
DIA,1h,3,2,dip,-22.11,-16.29,-1.59,-24.29,445,49.21,48.81,-11.38,-18.48,-1.917,-11.78,197,43.15,49.95,-30.83,-16.86,-1.673,-31.72,643,20.67,9.87,0.758,0.653,4.95,0
DIA,1h,3,4,trend,-9.5,-6.86,-0.581,-11.86,360,36.94,51.03,-12.21,-19.77,-2.245,-12.8,161,31.68,50.53,-20.91,-11.09,-1.041,-21.93,522,20.67,9.87,0.758,0.653,4.95,0
DIA,1h,3,5,trend,-5.35,-3.84,-0.283,-11.21,257,36.19,51.76,-5.84,-9.67,-0.986,-9.11,119,34.45,51.48,-10.38,-5.34,-0.441,-14.97,377,20.67,9.87,0.758,0.653,4.95,0
DIA,1h,3,7,trend,-7.09,-5.1,-0.412,-12.84,183,35.52,51.35,-6.88,-11.35,-1.323,-7.38,82,32.93,49.19,-14.96,-7.8,-0.705,-20.23,267,20.67,9.87,0.758,0.653,4.95,0
DIA,1h,3,9,trend,-13.31,-9.67,-0.91,-19.04,148,35.14,50.33,-3.52,-5.89,-0.656,-6.32,62,32.26,49.76,-18.6,-9.8,-0.96,-24.44,211,20.67,9.87,0.758,0.653,4.95,0
DIA,1h,3,12,trend,-12.34,-8.95,-0.833,-18.85,127,37.8,50.98,-3.83,-6.4,-0.682,-5.77,51,31.37,49.76,-18.09,-9.51,-0.918,-23.61,179,20.67,9.87,0.758,0.653,4.95,0
DIA,1h,3,15,trend,-3.61,-2.58,-0.194,-16.87,105,41.9,52.13,-3.57,-5.95,-0.617,-5.01,45,31.11,50.81,-9.31,-4.78,-0.421,-17.44,151,20.67,9.87,0.758,0.653,4.95,0
DIA,1h,3,20,trend,0.01,0,0.053,-15.85,92,32.61,53.28,-5.65,-9.36,-1.025,-6.96,37,27.03,50.24,-6.97,-3.55,-0.307,-16.75,130,20.67,9.87,0.758,0.653,4.95,0
DIA,1h,3,25,trend,7.02,4.95,0.514,-12.48,70,38.57,55.09,-5.51,-9.14,-0.993,-6.74,35,20,49.28,-0.29,-0.15,0.036,-14.09,106,20.67,9.87,0.758,0.653,4.95,0
DIA,1h,3,30,trend,3.52,2.49,0.294,-14.05,62,33.87,55.87,-6.16,-10.19,-1.142,-7.76,31,22.58,49.28,-4.27,-2.16,-0.173,-15.26,94,20.67,9.87,0.758,0.653,4.95,0
DIA,1h,3,40,trend,-2.25,-1.6,-0.109,-13.41,59,30.51,54.27,0.44,0.74,0.127,-5.15,22,22.73,47.27,-1.82,-0.91,-0.044,-13.41,81,20.67,9.87,0.758,0.653,4.95,0
DIA,1h,3,50,trend,-0.6,-0.43,0.002,-14.09,54,29.63,53.73,2.96,5.06,0.585,-6.04,19,26.32,48.71,2.35,1.17,0.171,-14.09,73,20.67,9.87,0.758,0.653,4.95,0
DIA,1h,3,60,trend,-8.8,-6.34,-0.722,-12.18,59,25.42,53.2,6.1,10.53,1.114,-4.55,20,40,50.43,-3.24,-1.63,-0.143,-12.74,79,20.67,9.87,0.758,0.653,4.95,1
DIA,1h,3,75,trend,-2.48,-1.77,-0.155,-10.17,43,25.58,55.82,6.89,11.92,1.236,-4.32,14,50,53.01,4.24,2.1,0.274,-10.17,57,20.67,9.87,0.758,0.653,4.95,1
DIA,1h,3,100,trend,-1.04,-0.74,-0.039,-10.77,37,29.73,59.23,3.33,5.7,0.615,-5.55,15,46.67,56.27,2.26,1.13,0.168,-10.77,52,20.67,9.87,0.758,0.653,4.95,0
DIA,1h,3,125,trend,6.16,4.35,0.51,-8.26,25,40,62.67,5.94,10.25,1.041,-4.68,9,55.56,58.18,12.47,6.06,0.675,-8.26,34,20.67,9.87,0.758,0.653,4.95,1
DIA,1h,3,150,trend,3.68,2.61,0.323,-9.17,28,32.14,64.4,5.37,9.25,1.015,-3.75,9,55.56,60,9.25,4.53,0.525,-9.17,37,20.67,9.87,0.758,0.653,4.95,1
DIA,1h,3,200,trend,4.45,3.14,0.398,-5.72,17,41.18,58.33,-0.82,-1.38,-0.168,-5.78,7,42.86,33.88,9.32,4.57,0.542,-5.78,25,20.67,9.87,0.758,0.653,4.95,0
DIA,1h,3,250,trend,10.69,7.49,0.851,-4.19,11,36.36,61.48,-2.61,-4.37,-0.841,-5.15,7,14.29,19.81,17.15,8.25,0.909,-5.15,19,20.67,9.87,0.758,0.653,4.95,0
DIA,1h,3,300,trend,9.49,6.66,0.755,-6.31,12,33.33,62.96,0.42,0.72,0.162,-4.06,3,33.33,20,17.14,8.25,0.898,-6.31,17,20.67,9.87,0.758,0.653,4.95,0
DIA,1h,4,2,dip,-11.56,-8.37,-0.793,-18.97,316,56.01,47.62,-6.21,-10.27,-1.065,-9.73,143,51.75,49.19,-16.68,-8.74,-0.847,-19.48,460,20.67,9.87,0.758,0.653,4.95,0
DIA,1h,4,3,dip,-16.77,-12.25,-1.17,-23.23,361,49.58,48.77,-2.49,-4.18,-0.392,-6.54,161,52.8,49,-18.49,-9.73,-0.932,-23.23,523,20.67,9.87,0.758,0.653,4.95,0
DIA,1h,4,5,trend,-14.94,-10.88,-0.999,-19.24,312,35.9,51.44,-10.94,-17.79,-1.898,-12.58,139,35.25,50.14,-23.5,-12.56,-1.201,-26.87,452,20.67,9.87,0.758,0.653,4.95,0
DIA,1h,4,7,trend,-5.61,-4.03,-0.31,-14.61,180,38.89,51.6,-6.67,-11.01,-1.188,-7.07,85,34.12,49.28,-13.49,-7,-0.611,-18.25,267,20.67,9.87,0.758,0.653,4.95,0
DIA,1h,4,9,trend,-10.01,-7.23,-0.65,-17.75,140,37.14,51.15,-6.2,-10.26,-1.171,-6.55,62,27.42,49.76,-17.43,-9.15,-0.876,-20.83,203,20.67,9.87,0.758,0.653,4.95,0
DIA,1h,4,12,trend,-14.04,-10.21,-0.982,-21.65,122,37.7,50.98,-6.03,-9.98,-1.106,-6.03,52,34.62,49.47,-21.52,-11.43,-1.138,-24.69,175,20.67,9.87,0.758,0.653,4.95,0
DIA,1h,4,15,trend,-4.33,-3.1,-0.249,-17.7,99,37.37,51.76,-2.56,-4.3,-0.432,-4.99,40,30,49.67,-7.46,-3.81,-0.333,-17.7,140,20.67,9.87,0.758,0.653,4.95,0
DIA,1h,4,20,trend,4.26,3.01,0.342,-12.26,84,30.95,52.91,-5.16,-8.57,-0.94,-6.57,35,31.43,49.86,-2.52,-1.27,-0.079,-12.37,120,20.67,9.87,0.758,0.653,4.95,0
DIA,1h,4,25,trend,9.42,6.62,0.68,-13.22,62,40.32,54.92,-4.52,-7.53,-0.827,-6.22,29,27.59,48.8,3.01,1.5,0.2,-13.22,92,20.67,9.87,0.758,0.653,4.95,0
DIA,1h,4,30,trend,3.79,2.68,0.315,-12.78,57,36.84,55.66,-7.52,-12.39,-1.431,-8.9,29,17.24,49.28,-5.41,-2.75,-0.237,-15.8,87,20.67,9.87,0.758,0.653,4.95,0
DIA,1h,4,40,trend,-3.43,-2.46,-0.195,-14.8,49,32.65,54.72,0.31,0.52,0.102,-4.9,20,25,47.08,-3.14,-1.58,-0.113,-14.8,69,20.67,9.87,0.758,0.653,4.95,0
DIA,1h,4,50,trend,-0.88,-0.63,-0.021,-13.22,47,31.91,53.81,4.08,7,0.781,-5,17,35.29,49.19,3.17,1.57,0.214,-13.22,64,20.67,9.87,0.758,0.653,4.95,1
DIA,1h,4,60,trend,-4.61,-3.3,-0.358,-10.42,49,26.53,52.95,5.59,9.64,1.033,-4.5,19,42.11,50.24,0.73,0.36,0.085,-10.42,68,20.67,9.87,0.758,0.653,4.95,1
DIA,1h,4,75,trend,-5.31,-3.81,-0.384,-12.97,40,25,55.7,4.6,7.9,0.851,-4.49,13,38.46,53.01,-0.95,-0.48,-0.006,-12.97,53,20.67,9.87,0.758,0.653,4.95,1
DIA,1h,4,100,trend,-1.67,-1.19,-0.091,-10.32,36,38.89,59.27,4.34,7.45,0.789,-5.59,12,50,56.46,2.6,1.29,0.186,-10.32,48,20.67,9.87,0.758,0.653,4.95,1
DIA,1h,4,125,trend,5.92,4.18,0.494,-8.17,21,47.62,62.63,6.37,11,1.108,-4.52,6,50,58.56,12.66,6.15,0.686,-8.29,27,20.67,9.87,0.758,0.653,4.95,1
DIA,1h,4,150,trend,4.58,3.24,0.388,-8.4,25,32,64.52,6.04,10.42,1.131,-3.55,7,57.14,60.19,10.9,5.32,0.605,-8.4,32,20.67,9.87,0.758,0.653,4.95,1
DIA,1h,4,200,trend,2.89,2.05,0.276,-5.95,17,41.18,58.49,-1.74,-2.93,-0.396,-6.65,7,42.86,34.07,6.69,3.3,0.406,-6.65,25,20.67,9.87,0.758,0.653,4.95,0
DIA,1h,4,250,trend,9.57,6.72,0.769,-4.67,12,33.33,61.44,-1.98,-3.32,-0.626,-4.69,7,28.57,19.9,16.77,8.07,0.89,-4.93,20,20.67,9.87,0.758,0.653,4.95,0
DIA,1h,4,300,trend,8.5,5.98,0.682,-5.6,9,44.44,62.8,0.39,0.66,0.154,-3.83,3,33.33,19.71,16.72,8.05,0.878,-5.6,13,20.67,9.87,0.758,0.653,4.95,0
DIA,1h,5,2,dip,-9.47,-6.84,-0.656,-18.61,258,56.59,48.28,-4.94,-8.21,-0.855,-7.39,122,51.64,49.76,-14.42,-7.5,-0.738,-18.61,381,20.67,9.87,0.758,0.653,4.95,0
DIA,1h,5,3,dip,-9.66,-6.98,-0.644,-19.37,257,53.31,47.95,-4.5,-7.49,-0.74,-7.21,118,53.39,47.94,-14.07,-7.31,-0.688,-19.37,376,20.67,9.87,0.758,0.653,4.95,0
DIA,1h,5,4,dip,-6.26,-4.49,-0.376,-13.9,312,51.28,48.32,-1.42,-2.39,-0.202,-7.16,138,50,49.28,-8.39,-4.29,-0.368,-13.9,452,20.67,9.87,0.758,0.653,4.95,0
DIA,1h,5,7,trend,-10.11,-7.3,-0.652,-17.55,190,37.89,51.44,-8.59,-14.1,-1.568,-8.99,91,30.77,49.86,-19.46,-10.27,-0.977,-23.33,283,20.67,9.87,0.758,0.653,4.95,0
DIA,1h,5,9,trend,-12,-8.69,-0.811,-19.86,147,42.18,51.23,-2.81,-4.71,-0.47,-5.81,60,35,49.38,-16.69,-8.74,-0.832,-20.45,208,20.67,9.87,0.758,0.653,4.95,0
DIA,1h,5,12,trend,-13.33,-9.68,-0.929,-21.4,116,38.79,51.03,-4.53,-7.55,-0.798,-5.53,48,33.33,49.76,-19.61,-10.36,-1.018,-23.12,165,20.67,9.87,0.758,0.653,4.95,0
DIA,1h,5,15,trend,-4.14,-2.96,-0.244,-19.23,88,37.5,51.6,-1.8,-3.02,-0.293,-5.01,40,32.5,49.67,-6.54,-3.33,-0.293,-19.23,129,20.67,9.87,0.758,0.653,4.95,0
DIA,1h,5,20,trend,4.39,3.11,0.356,-14.91,79,30.38,52.99,-4.99,-8.29,-0.901,-7.33,32,31.25,50.24,-2.65,-1.34,-0.089,-14.91,112,20.67,9.87,0.758,0.653,4.95,0
DIA,1h,5,25,trend,4.65,3.28,0.368,-12.84,60,38.33,55.17,-7.39,-12.18,-1.381,-7.93,28,25,49.28,-4.45,-2.25,-0.18,-14.48,89,20.67,9.87,0.758,0.653,4.95,0
DIA,1h,5,30,trend,1.18,0.84,0.133,-14.24,53,35.85,55.7,-7.51,-12.36,-1.409,-8.36,27,22.22,49.86,-7.7,-3.93,-0.361,-17.67,81,20.67,9.87,0.758,0.653,4.95,0
DIA,1h,5,40,trend,-2.11,-1.51,-0.102,-13.61,47,34.04,54.27,-0.11,-0.18,0.028,-5.32,19,21.05,47.37,-2.21,-1.12,-0.065,-13.61,66,20.67,9.87,0.758,0.653,4.95,0
DIA,1h,5,50,trend,1.01,0.72,0.125,-10.1,44,36.36,53.77,5.26,9.06,0.973,-4.34,15,33.33,49.47,6.33,3.12,0.386,-10.1,59,20.67,9.87,0.758,0.653,4.95,1
DIA,1h,5,60,trend,-2.92,-2.09,-0.208,-9.15,44,27.27,53.28,5.07,8.72,0.936,-4.39,18,38.89,50.33,2,1,0.157,-10.22,62,20.67,9.87,0.758,0.653,4.95,1
DIA,1h,5,75,trend,-3.92,-2.8,-0.272,-12.01,34,26.47,55.66,4.89,8.4,0.91,-4.18,13,30.77,53.01,0.78,0.39,0.088,-12.01,47,20.67,9.87,0.758,0.653,4.95,1
DIA,1h,5,100,trend,-2.51,-1.79,-0.16,-9.65,32,28.13,59.43,4.86,8.36,0.874,-5.08,11,45.45,56.36,2.23,1.11,0.167,-9.65,43,20.67,9.87,0.758,0.653,4.95,1
DIA,1h,5,125,trend,6.58,4.64,0.548,-7.51,20,45,62.55,5.94,10.25,1.037,-4.56,6,50,58.37,12.92,6.27,0.702,-7.51,26,20.67,9.87,0.758,0.653,4.95,1
DIA,1h,5,150,trend,5.65,3.99,0.468,-8.58,20,40,64.15,5.21,8.96,0.985,-3.85,7,42.86,60.29,11.15,5.44,0.62,-8.58,27,20.67,9.87,0.758,0.653,4.95,1
DIA,1h,5,200,trend,4.18,2.95,0.374,-5.66,14,50,58.53,-2.54,-4.25,-0.602,-6.71,7,42.86,33.59,6.85,3.38,0.413,-6.71,22,20.67,9.87,0.758,0.653,4.95,0
DIA,1h,5,250,trend,9.45,6.64,0.759,-4.52,9,44.44,61.53,-0.83,-1.4,-0.253,-4.52,3,33.33,18.28,17.46,8.39,0.918,-4.78,13,20.67,9.87,0.758,0.653,4.95,0
DIA,1h,5,300,trend,8.86,6.23,0.704,-5.45,8,37.5,62.88,0.39,0.66,0.153,-3.85,3,33.33,19.71,16.95,8.16,0.884,-5.45,12,20.67,9.87,0.758,0.653,4.95,0
DIA,1h,7,2,dip,-3.09,-2.21,-0.148,-17.74,197,58.88,48.52,-1.99,-3.34,-0.307,-5.68,90,56.67,49.57,-5.55,-2.82,-0.216,-17.74,288,20.67,9.87,0.758,0.653,4.95,0
DIA,1h,7,3,dip,0.71,0.5,0.1,-14.58,184,61.41,48.32,3.78,6.47,0.645,-7.5,82,56.1,49.95,3.49,1.73,0.215,-14.58,267,20.67,9.87,0.758,0.653,4.95,0
DIA,1h,7,4,dip,-0.65,-0.46,0.011,-13.2,180,56.67,47.79,3.17,5.42,0.567,-7.28,85,54.12,49.86,1.59,0.79,0.127,-13.2,266,20.67,9.87,0.758,0.653,4.95,0
DIA,1h,7,5,dip,3.14,2.22,0.253,-13.52,190,55.26,47.91,4.59,7.88,0.8,-5.32,91,52.75,49.28,7.11,3.5,0.372,-13.52,282,20.67,9.87,0.758,0.653,4.95,1
DIA,1h,7,9,trend,-14.85,-10.81,-1.035,-19.86,162,40.12,51.23,-1.82,-3.06,-0.295,-6.6,73,39.73,48.13,-18.09,-9.51,-0.927,-22.91,236,20.67,9.87,0.758,0.653,4.95,0
DIA,1h,7,12,trend,-4.47,-3.2,-0.272,-17.66,113,40.71,50.9,-4.04,-6.74,-0.711,-6.1,46,34.78,50.43,-10.93,-5.63,-0.53,-17.66,160,20.67,9.87,0.758,0.653,4.95,0
DIA,1h,7,15,trend,-0.23,-0.16,0.034,-16.53,84,38.1,51.39,-0.69,-1.16,-0.081,-4.18,38,47.37,49.67,-0.92,-0.46,0.002,-16.53,122,20.67,9.87,0.758,0.653,4.95,0
DIA,1h,7,20,trend,1.32,0.94,0.144,-13.64,74,36.49,52.99,-7.18,-11.84,-1.355,-7.57,31,25.81,49.67,-7.7,-3.93,-0.364,-17.11,106,20.67,9.87,0.758,0.653,4.95,0
DIA,1h,7,25,trend,-1.09,-0.77,-0.026,-11.94,59,38.98,55.37,-6.44,-10.64,-1.209,-6.92,26,26.92,49,-9.13,-4.68,-0.439,-19.1,86,20.67,9.87,0.758,0.653,4.95,0
DIA,1h,7,30,trend,1.23,0.87,0.137,-11.74,46,39.13,55.66,-6.02,-9.97,-1.128,-6.65,24,25,49.86,-5.34,-2.71,-0.235,-15.97,71,20.67,9.87,0.758,0.653,4.95,0
DIA,1h,7,40,trend,-5.07,-3.63,-0.336,-12.62,42,35.71,54.31,4.41,7.57,0.849,-3.59,16,37.5,47.27,-0.88,-0.44,0.001,-12.62,58,20.67,9.87,0.758,0.653,4.95,1
DIA,1h,7,50,trend,2.28,1.62,0.226,-7.27,36,36.11,54.14,4.85,8.34,0.913,-4.36,14,42.86,49,7.24,3.57,0.435,-8.98,50,20.67,9.87,0.758,0.653,4.95,1
DIA,1h,7,60,trend,-0.32,-0.23,0.016,-8.51,35,31.43,53.36,5.74,9.9,1.076,-3.72,13,38.46,50.43,5.4,2.67,0.345,-9.73,48,20.67,9.87,0.758,0.653,4.95,1
DIA,1h,7,75,trend,0.61,0.43,0.093,-7.75,30,33.33,55.25,3.6,6.16,0.68,-5.08,12,41.67,53.59,4.23,2.1,0.28,-7.75,42,20.67,9.87,0.758,0.653,4.95,1
DIA,1h,7,100,trend,-2.49,-1.78,-0.156,-10.16,30,30,59.8,4.48,7.69,0.821,-4.95,10,50,56.17,1.88,0.94,0.148,-10.16,40,20.67,9.87,0.758,0.653,4.95,1
DIA,1h,7,125,trend,6.43,4.53,0.535,-7.31,19,42.11,63.17,6.47,11.18,1.123,-4.8,6,50,58.47,13.31,6.46,0.719,-7.31,25,20.67,9.87,0.758,0.653,4.95,1
DIA,1h,7,150,trend,6.05,4.27,0.498,-7.74,18,38.89,64.4,4.08,7,0.779,-4.51,7,42.86,60.48,10.38,5.07,0.581,-7.74,25,20.67,9.87,0.758,0.653,4.95,1
DIA,1h,7,200,trend,5.86,4.14,0.504,-5.31,10,60,58.53,-4.24,-7.06,-1.47,-5.23,5,20,17.03,10.06,4.92,0.576,-6.28,16,20.67,9.87,0.758,0.653,4.95,0
DIA,1h,7,250,trend,9.95,6.98,0.791,-4.53,9,44.44,61.36,-0.86,-1.44,-0.264,-4.64,3,33.33,18.56,17.9,8.59,0.936,-4.72,13,20.67,9.87,0.758,0.653,4.95,0
DIA,1h,7,300,trend,11.34,7.95,0.884,-4.69,6,50,62.8,0.36,0.61,0.143,-3.92,3,33.33,19.9,19.66,9.41,1.009,-5.68,10,20.67,9.87,0.758,0.653,4.95,0
DIA,1h,9,2,dip,9.7,6.81,0.635,-15.21,155,59.35,48.65,-1.02,-1.71,-0.116,-5.66,69,56.52,49.09,10.03,4.9,0.485,-15.21,225,20.67,9.87,0.758,0.653,4.95,0
DIA,1h,9,3,dip,12.48,8.73,0.785,-13.72,148,62.84,49.02,0.71,1.2,0.165,-5.42,61,55.74,48.9,15.54,7.5,0.699,-13.72,210,20.67,9.87,0.758,0.653,4.95,0
DIA,1h,9,4,dip,9.4,6.6,0.618,-10.74,140,62.14,48.2,3.52,6.02,0.626,-4.57,61,62.3,48.8,15,7.25,0.687,-10.74,202,20.67,9.87,0.758,0.653,4.95,0
DIA,1h,9,5,dip,10.93,7.66,0.703,-10.37,147,57.82,48.11,0.15,0.25,0.074,-4.8,59,52.54,49.19,13.3,6.45,0.623,-10.37,207,20.67,9.87,0.758,0.653,4.95,0
DIA,1h,9,7,dip,12.6,8.81,0.787,-11.08,162,61.73,48.11,-2.85,-4.78,-0.445,-6.62,73,46.58,50.33,11.36,5.53,0.538,-11.08,236,20.67,9.87,0.758,0.653,4.95,0
DIA,1h,9,12,trend,-7.67,-5.52,-0.527,-16.95,123,35.77,50.94,-7.83,-12.88,-1.485,-7.85,58,36.21,48.8,-17.31,-9.08,-0.925,-22.12,182,20.67,9.87,0.758,0.653,4.95,0
DIA,1h,9,15,trend,-5.83,-4.19,-0.377,-16.14,89,33.71,51.39,-5.4,-8.96,-0.993,-5.42,38,28.95,49.09,-10.92,-5.63,-0.547,-19,127,20.67,9.87,0.758,0.653,4.95,0
DIA,1h,9,20,trend,1.36,0.97,0.149,-14.44,67,43.28,53.69,-4.76,-7.92,-0.792,-7.45,32,25,50.05,-5.42,-2.75,-0.242,-14.44,100,20.67,9.87,0.758,0.653,4.95,0
DIA,1h,9,25,trend,-0.64,-0.46,0.005,-13.05,55,38.18,54.39,-7.61,-12.52,-1.414,-7.61,26,26.92,48.52,-9.94,-5.11,-0.484,-18.07,82,20.67,9.87,0.758,0.653,4.95,0
DIA,1h,9,30,trend,-2.68,-1.91,-0.14,-13.22,45,35.56,56.19,-4.23,-7.05,-0.7,-7.61,24,20.83,49.86,-6.8,-3.46,-0.302,-15.01,69,20.67,9.87,0.758,0.653,4.95,0
DIA,1h,9,40,trend,-6.18,-4.44,-0.42,-12.87,39,33.33,54.51,3.02,5.15,0.595,-3.74,15,33.33,47.66,-3.35,-1.69,-0.132,-12.87,54,20.67,9.87,0.758,0.653,4.95,0
DIA,1h,9,50,trend,-0.18,-0.13,0.029,-9.08,36,30.56,54.55,4.02,6.9,0.772,-3.91,13,38.46,48.42,3.83,1.9,0.256,-9.08,49,20.67,9.87,0.758,0.653,4.95,1
DIA,1h,9,60,trend,3.66,2.59,0.342,-7.55,32,37.5,53.53,5.09,8.76,0.959,-4.51,12,41.67,49.76,8.95,4.38,0.535,-8.07,44,20.67,9.87,0.758,0.653,4.95,1
DIA,1h,9,75,trend,2.11,1.49,0.218,-7.42,30,30,55,2.1,3.58,0.419,-4.4,12,33.33,53.4,4.25,2.11,0.282,-8.49,42,20.67,9.87,0.758,0.653,4.95,0
DIA,1h,9,100,trend,-2.83,-2.02,-0.18,-9.69,26,30.77,59.56,4.57,7.85,0.826,-5.05,8,50,56.46,1.61,0.8,0.133,-9.69,34,20.67,9.87,0.758,0.653,4.95,1
DIA,1h,9,125,trend,4.59,3.25,0.395,-7.87,17,47.06,63.25,5.08,8.74,0.9,-4.81,6,50,58.47,9.91,4.84,0.552,-7.87,23,20.67,9.87,0.758,0.653,4.95,1
DIA,1h,9,150,trend,6.35,4.48,0.544,-7.01,17,35.29,64.07,2.01,3.42,0.411,-6.1,7,28.57,60.38,8.48,4.16,0.504,-7.61,24,20.67,9.87,0.758,0.653,4.95,0
DIA,1h,9,200,trend,4.79,3.39,0.422,-5.46,9,55.56,58.49,-3.95,-6.59,-1.361,-4.78,4,25,17.32,9.09,4.46,0.527,-6.4,14,20.67,9.87,0.758,0.653,4.95,0
DIA,1h,9,250,trend,8.15,5.73,0.66,-4.99,9,44.44,61.24,-0.67,-1.13,-0.198,-4.53,3,33.33,18.37,16,7.72,0.846,-5.21,13,20.67,9.87,0.758,0.653,4.95,0
DIA,1h,9,300,trend,13.81,9.64,1.052,-4.67,5,60,62.96,-1.31,-2.21,-0.393,-4.62,3,33.33,19.9,20.35,9.72,1.037,-5.36,9,20.67,9.87,0.758,0.653,4.95,0
DIA,1h,12,2,dip,12.11,8.47,0.766,-14.58,140,66.43,48.61,2.75,4.69,0.496,-4.6,61,63.93,48.71,18.05,8.67,0.799,-14.58,202,20.67,9.87,0.758,0.653,4.95,0
DIA,1h,12,3,dip,13.79,9.63,0.86,-9.91,127,62.99,48.32,1.83,3.12,0.357,-5.68,51,60.78,48.71,18.95,9.08,0.839,-9.91,179,20.67,9.87,0.758,0.653,4.95,0
DIA,1h,12,4,dip,16.75,11.65,1.001,-10.09,122,66.39,48.32,4.09,7,0.734,-4.72,52,59.62,49,24.74,11.71,1.042,-10.09,175,20.67,9.87,0.758,0.653,4.95,1
DIA,1h,12,5,dip,16.36,11.39,0.975,-9.95,116,62.93,48.24,2.95,5.04,0.546,-4.65,48,56.25,48.71,22.97,10.91,0.974,-9.95,165,20.67,9.87,0.758,0.653,4.95,0
DIA,1h,12,7,dip,5.94,4.19,0.403,-11.56,113,61.06,48.36,2.72,4.65,0.51,-4.27,46,58.7,47.94,11.65,5.68,0.541,-11.56,160,20.67,9.87,0.758,0.653,4.95,0
DIA,1h,12,9,dip,8.4,5.91,0.535,-11.65,123,57.72,48.28,5.43,9.35,0.933,-3.93,58,58.62,49.47,17.24,8.29,0.745,-11.65,182,20.67,9.87,0.758,0.653,4.95,1
DIA,1h,12,15,trend,5.33,3.77,0.403,-9.21,104,40.38,52.42,-9.74,-15.91,-1.817,-9.74,46,32.61,50.24,-4.93,-2.5,-0.197,-13.9,150,20.67,9.87,0.758,0.653,4.95,0
DIA,1h,12,20,trend,4.78,3.38,0.372,-9.36,66,34.85,53.24,-8.61,-14.12,-1.531,-8.62,32,25,49.67,-4.24,-2.14,-0.162,-14.22,98,20.67,9.87,0.758,0.653,4.95,0
DIA,1h,12,25,trend,-5.74,-4.12,-0.377,-11.03,53,33.96,54.18,-3.84,-6.41,-0.615,-6.59,24,29.17,50.05,-9.36,-4.8,-0.448,-15.1,77,20.67,9.87,0.758,0.653,4.95,0
DIA,1h,12,30,trend,-2.7,-1.93,-0.154,-9.67,42,40.48,55.78,-4.83,-8.03,-0.814,-7.38,22,22.73,50.14,-7.4,-3.78,-0.351,-11.91,64,20.67,9.87,0.758,0.653,4.95,0
DIA,1h,12,40,trend,2.63,1.87,0.252,-7.52,32,46.88,54.63,0.8,1.35,0.192,-4.23,14,28.57,47.27,3.45,1.71,0.234,-7.56,46,20.67,9.87,0.758,0.653,4.95,0
DIA,1h,12,50,trend,8,5.63,0.664,-4.61,28,39.29,54.72,0.49,0.83,0.136,-4.86,12,33.33,47.94,8.53,4.19,0.505,-7.62,40,20.67,9.87,0.758,0.653,4.95,0
DIA,1h,12,60,trend,4.74,3.35,0.426,-8.8,28,39.29,53.73,3.2,5.47,0.625,-4.71,11,36.36,50.24,8.09,3.97,0.488,-8.8,39,20.67,9.87,0.758,0.653,4.95,0
DIA,1h,12,75,trend,2.56,1.82,0.251,-9.21,26,38.46,54.84,0.82,1.38,0.193,-5.23,11,36.36,52.92,3.4,1.69,0.233,-9.21,37,20.67,9.87,0.758,0.653,4.95,0
DIA,1h,12,100,trend,-1.78,-1.27,-0.093,-10.77,24,41.67,59.39,3.34,5.72,0.625,-5.73,8,50,56.46,1.51,0.75,0.127,-10.77,32,20.67,9.87,0.758,0.653,4.95,0
DIA,1h,12,125,trend,5.2,3.67,0.439,-8.16,17,35.29,63.33,6.43,11.12,1.144,-4.53,5,40,58.18,11.96,5.82,0.655,-8.16,22,20.67,9.87,0.758,0.653,4.95,1
DIA,1h,12,150,trend,9.81,6.89,0.807,-5.82,14,50,64.44,2.96,5.06,0.583,-5.6,6,33.33,60.1,13.07,6.34,0.738,-5.82,20,20.67,9.87,0.758,0.653,4.95,0
DIA,1h,12,200,trend,5.48,3.87,0.472,-5.29,8,50,58.53,-5.14,-8.53,-1.839,-5.38,4,0,17.03,9.17,4.49,0.53,-6.93,13,20.67,9.87,0.758,0.653,4.95,0
DIA,1h,12,250,trend,10.82,7.59,0.85,-4.71,9,55.56,61.4,-1.59,-2.67,-0.503,-5.2,3,33.33,18.56,17.85,8.57,0.93,-5.2,13,20.67,9.87,0.758,0.653,4.95,0
DIA,1h,12,300,trend,12.27,8.59,0.946,-4.91,4,50,62.92,-0.37,-0.63,-0.088,-4.8,3,66.67,20.48,20.23,9.66,1.028,-5.59,8,20.67,9.87,0.758,0.653,4.95,0
DIA,1h,15,2,dip,6.03,4.25,0.423,-12.56,119,64.71,47.58,-0.45,-0.77,-0.024,-5.93,50,58,47.85,5.77,2.85,0.306,-12.56,170,20.67,9.87,0.758,0.653,4.95,0
DIA,1h,15,3,dip,6.25,4.41,0.433,-11.06,105,66.67,47.17,2.28,3.89,0.437,-6.31,45,60,47.66,11.1,5.42,0.532,-11.06,151,20.67,9.87,0.758,0.653,4.95,0
DIA,1h,15,4,dip,7.58,5.34,0.504,-11.8,99,60.61,47.5,1.84,3.13,0.36,-5.92,40,55,48.8,10.07,4.92,0.481,-11.8,140,20.67,9.87,0.758,0.653,4.95,0
DIA,1h,15,5,dip,8.79,6.18,0.565,-12.86,88,60.23,47.66,1.1,1.87,0.234,-5.64,40,50,48.71,10.44,5.1,0.491,-12.86,129,20.67,9.87,0.758,0.653,4.95,0
DIA,1h,15,7,dip,5.13,3.62,0.358,-14.67,84,65.48,47.83,0.23,0.38,0.088,-5.27,38,52.63,48.61,5.15,2.55,0.275,-14.67,122,20.67,9.87,0.758,0.653,4.95,0
DIA,1h,15,9,dip,10.44,7.32,0.648,-14.35,89,68.54,47.79,5.21,8.97,0.893,-4.5,38,60.53,49.09,15.96,7.7,0.693,-14.35,127,20.67,9.87,0.758,0.653,4.95,1
DIA,1h,15,12,dip,-2.88,-2.06,-0.125,-18.59,104,52.88,46.72,9.17,15.99,1.54,-3.53,46,54.35,47.75,5.86,2.89,0.311,-18.59,150,20.67,9.87,0.758,0.653,4.95,1
DIA,1h,15,20,trend,3.75,2.66,0.313,-6.84,77,44.16,53.49,-6.81,-11.24,-1.179,-7.23,37,37.84,51.1,-3.31,-1.67,-0.121,-13.02,114,20.67,9.87,0.758,0.653,4.95,0
DIA,1h,15,25,trend,-0.8,-0.57,-0.009,-8.41,55,40,54.72,-6.77,-11.18,-1.157,-7.84,25,28,49.76,-7.52,-3.84,-0.347,-12.23,80,20.67,9.87,0.758,0.653,4.95,0
DIA,1h,15,30,trend,-3.35,-2.39,-0.196,-11.56,44,43.18,56.03,-2.39,-4,-0.375,-6.32,21,33.33,50.53,-6.59,-3.36,-0.298,-14.16,65,20.67,9.87,0.758,0.653,4.95,0
DIA,1h,15,40,trend,9.53,6.69,0.781,-4.74,33,45.45,54.55,-2.11,-3.54,-0.366,-5.86,14,21.43,47.56,7.22,3.55,0.441,-7.66,47,20.67,9.87,0.758,0.653,4.95,0
DIA,1h,15,50,trend,4.45,3.15,0.398,-6.21,28,46.43,54.02,1.05,1.78,0.243,-4.88,12,33.33,48.23,5.55,2.74,0.351,-7.41,40,20.67,9.87,0.758,0.653,4.95,0
DIA,1h,15,60,trend,3.61,2.55,0.333,-9.99,23,47.83,53.16,2.18,3.71,0.442,-5.32,11,36.36,49.95,5.86,2.9,0.366,-9.99,34,20.67,9.87,0.758,0.653,4.95,0
DIA,1h,15,75,trend,-0.43,-0.31,0.009,-11.22,24,45.83,54.68,2.71,4.63,0.528,-4.59,11,36.36,53.01,2.27,1.13,0.17,-11.22,35,20.67,9.87,0.758,0.653,4.95,0
DIA,1h,15,100,trend,0.77,0.54,0.105,-9.68,19,36.84,59.11,3.68,6.3,0.697,-5.93,8,50,56.27,4.48,2.22,0.284,-9.68,27,20.67,9.87,0.758,0.653,4.95,1
DIA,1h,15,125,trend,2.54,1.8,0.239,-8.64,15,40,63.33,7.68,13.33,1.373,-4.23,5,40,57.13,10.42,5.09,0.578,-8.64,20,20.67,9.87,0.758,0.653,4.95,1
DIA,1h,15,150,trend,11.18,7.84,0.877,-4.46,12,58.33,64.89,5.9,10.18,1.107,-4.73,6,50,59.81,17.75,8.53,0.945,-4.73,18,20.67,9.87,0.758,0.653,4.95,1
DIA,1h,15,200,trend,6.14,4.33,0.525,-5.08,8,50,58.33,-4.78,-7.95,-1.712,-5.01,4,0,16.94,10.44,5.1,0.596,-6.46,13,20.67,9.87,0.758,0.653,4.95,0
DIA,1h,15,250,trend,9.01,6.33,0.722,-5.31,7,42.86,61.32,-2.06,-3.45,-0.665,-4.92,3,33.33,18.47,14.4,6.97,0.772,-5.58,11,20.67,9.87,0.758,0.653,4.95,0
DIA,1h,15,300,trend,13.55,9.46,1.029,-4.86,4,50,63.08,0,0,0,0,0,0,0,23.29,11.05,1.158,-4.86,5,20.67,9.87,0.758,0.653,4.95,0
DIA,1h,20,2,dip,4.12,2.92,0.307,-15.66,97,69.07,45.69,8.41,14.62,1.446,-3.96,45,66.67,47.46,12.72,6.18,0.591,-15.66,142,20.67,9.87,0.758,0.653,4.95,1
DIA,1h,20,3,dip,4.26,3.01,0.314,-14.01,93,65.59,45.65,6.99,12.1,1.217,-3.88,38,63.16,47.56,11.32,5.52,0.533,-14.01,131,20.67,9.87,0.758,0.653,4.95,1
DIA,1h,20,4,dip,1.06,0.75,0.122,-15.67,85,64.71,45.98,6.69,11.58,1.163,-4.24,36,63.89,47.94,7.61,3.74,0.378,-15.67,121,20.67,9.87,0.758,0.653,4.95,1
DIA,1h,20,5,dip,1.53,1.09,0.15,-15.95,80,63.75,45.9,7.38,12.79,1.262,-4.44,33,57.58,47.46,8.8,4.31,0.424,-15.95,113,20.67,9.87,0.758,0.653,4.95,1
DIA,1h,20,7,dip,5.33,3.76,0.368,-16.13,75,62.67,45.82,10.05,17.57,1.674,-3.99,32,68.75,48.04,15.68,7.57,0.687,-16.13,107,20.67,9.87,0.758,0.653,4.95,1
DIA,1h,20,9,dip,5.51,3.89,0.373,-14.36,67,59.7,45.45,7.35,12.74,1.353,-3.51,33,66.67,47.56,13,6.31,0.586,-14.36,100,20.67,9.87,0.758,0.653,4.95,1
DIA,1h,20,12,dip,2.18,1.54,0.19,-17.66,66,57.58,45.82,10.69,18.74,1.877,-2.68,32,62.5,48.23,11.85,5.77,0.559,-17.66,98,20.67,9.87,0.758,0.653,4.95,1
DIA,1h,20,15,dip,2.12,1.51,0.184,-18.16,77,59.74,45.53,9.11,15.89,1.631,-3.27,37,56.76,46.51,8.98,4.4,0.433,-18.16,114,20.67,9.87,0.758,0.653,4.95,1
DIA,1h,20,25,trend,-0.27,-0.19,0.031,-8.33,63,46.03,54.31,-8.6,-14.11,-1.595,-9.33,30,26.67,50.62,-9.07,-4.65,-0.434,-16.48,93,20.67,9.87,0.758,0.653,4.95,0
DIA,1h,20,30,trend,6.79,4.79,0.509,-8.7,47,42.55,55.66,-4.46,-7.42,-0.833,-5.56,22,40.91,50.24,1.63,0.82,0.132,-8.7,69,20.67,9.87,0.758,0.653,4.95,0
DIA,1h,20,40,trend,3.31,2.34,0.306,-7.07,31,48.39,54.55,-2.2,-3.69,-0.371,-5.73,14,28.57,47.94,1.07,0.53,0.104,-7.76,45,20.67,9.87,0.758,0.653,4.95,0
DIA,1h,20,50,trend,4.76,3.37,0.415,-8.06,25,36,53.81,1.52,2.58,0.329,-5.39,11,36.36,49.28,6.36,3.13,0.39,-8.06,36,20.67,9.87,0.758,0.653,4.95,0
DIA,1h,20,60,trend,2.91,2.07,0.278,-9.44,21,47.62,52.21,5.58,9.61,1.033,-4.78,9,44.44,50.24,8.65,4.24,0.511,-9.44,30,20.67,9.87,0.758,0.653,4.95,1
DIA,1h,20,75,trend,-4.4,-3.15,-0.322,-10.02,21,38.1,54.14,5.71,9.84,1.065,-5.38,8,62.5,53.21,1.06,0.53,0.104,-10.02,29,20.67,9.87,0.758,0.653,4.95,1
DIA,1h,20,100,trend,-0.31,-0.22,0.019,-7.71,18,33.33,58.45,5.94,10.25,1.103,-4.35,6,66.67,55.02,5.62,2.77,0.353,-7.71,24,20.67,9.87,0.758,0.653,4.95,1
DIA,1h,20,125,trend,5.26,3.72,0.454,-7.1,13,53.85,62.72,7.75,13.45,1.432,-3.48,3,33.33,56.08,13.42,6.51,0.748,-7.1,16,20.67,9.87,0.758,0.653,4.95,1
DIA,1h,20,150,trend,6.87,4.84,0.564,-5.13,10,60,64.81,8.49,14.78,1.602,-3.38,3,66.67,58.95,15.95,7.69,0.865,-5.13,13,20.67,9.87,0.758,0.653,4.95,1
DIA,1h,20,200,trend,7.51,5.29,0.629,-5.02,7,57.14,58.41,-2.23,-3.75,-0.895,-4.64,3,0,15.31,14.65,7.09,0.811,-5.02,11,20.67,9.87,0.758,0.653,4.95,0
DIA,1h,20,250,trend,13.23,9.24,1.025,-4.86,5,60,61.69,-3.08,-5.16,-1.059,-5.28,3,0,19.52,17.86,8.58,0.938,-5.28,9,20.67,9.87,0.758,0.653,4.95,0
DIA,1h,20,300,trend,12.13,8.49,0.932,-5.01,4,50,62.92,0,0,0,0,0,0,0,22.3,10.61,1.116,-5.01,5,20.67,9.87,0.758,0.653,4.95,0
DIA,1h,25,2,dip,0.4,0.28,0.082,-16.46,83,63.86,42.95,7.91,13.73,1.44,-3.07,42,66.67,46.51,7.18,3.53,0.366,-16.46,126,20.67,9.87,0.758,0.653,4.95,1
DIA,1h,25,3,dip,0.03,0.02,0.059,-15.9,71,60.56,43.85,8.06,14.01,1.471,-3.7,35,65.71,46.51,6.9,3.4,0.354,-15.9,107,20.67,9.87,0.758,0.653,4.95,1
DIA,1h,25,4,dip,-1.22,-0.87,-0.015,-16.19,63,60.32,44.01,7.05,12.2,1.287,-4.32,29,58.62,46.89,5.23,2.58,0.28,-16.19,93,20.67,9.87,0.758,0.653,4.95,1
DIA,1h,25,5,dip,3.62,2.56,0.274,-15.49,61,60.66,43.72,10.5,18.38,1.847,-4.01,28,67.86,46.41,13.95,6.76,0.628,-15.49,90,20.67,9.87,0.758,0.653,4.95,1
DIA,1h,25,7,dip,9.52,6.68,0.609,-17.07,60,63.33,43.48,9.75,17.03,1.734,-3.76,26,65.38,46.6,19.99,9.56,0.856,-17.07,87,20.67,9.87,0.758,0.653,4.95,1
DIA,1h,25,9,dip,9.66,6.78,0.611,-14.96,56,64.29,44.38,10.54,18.46,1.911,-3.77,26,69.23,46.99,21.77,10.37,0.916,-14.96,83,20.67,9.87,0.758,0.653,4.95,1
DIA,1h,25,12,dip,15.78,10.99,0.926,-15.34,54,70.37,44.46,7.52,13.04,1.55,-2.65,24,70.83,45.26,21.62,10.3,0.915,-15.34,78,20.67,9.87,0.758,0.653,4.95,1
DIA,1h,25,15,dip,9.95,6.98,0.622,-16.37,55,63.64,44.22,10.9,19.12,2.16,-2.78,25,72,45.45,18.98,9.1,0.819,-16.37,80,20.67,9.87,0.758,0.653,4.95,1
DIA,1h,25,20,dip,8.28,5.82,0.538,-16.93,62,58.06,44.42,13.45,23.79,2.394,-3.4,30,63.33,44.31,19.03,9.12,0.817,-16.93,93,20.67,9.87,0.758,0.653,4.95,1
DIA,1h,25,30,trend,-1.21,-0.86,-0.046,-10.72,61,34.43,54.92,-1.13,-1.91,-0.15,-5.67,30,33.33,49.76,-2.71,-1.37,-0.098,-10.72,91,20.67,9.87,0.758,0.653,4.95,0
DIA,1h,25,40,trend,-0.15,-0.1,0.032,-8.51,31,45.16,53.98,-2.08,-3.49,-0.353,-6.68,17,29.41,47.46,-4.67,-2.37,-0.222,-8.9,48,20.67,9.87,0.758,0.653,4.95,0
DIA,1h,25,50,trend,3.28,2.33,0.303,-9.94,23,52.17,53.2,4.78,8.21,0.923,-4.63,10,40,49.57,8.22,4.04,0.488,-9.94,33,20.67,9.87,0.758,0.653,4.95,1
DIA,1h,25,60,trend,-1.43,-1.02,-0.074,-8.8,20,45,52.5,9.73,16.99,1.804,-3.1,6,66.67,49.38,8.16,4.01,0.492,-8.8,26,20.67,9.87,0.758,0.653,4.95,1
DIA,1h,25,75,trend,0.71,0.51,0.101,-8.44,20,40,54.02,7.77,13.48,1.449,-3.62,8,62.5,51.48,8.53,4.19,0.503,-8.44,28,20.67,9.87,0.758,0.653,4.95,1
DIA,1h,25,100,trend,2.96,2.1,0.278,-7.81,17,52.94,58.41,7.07,12.24,1.321,-3.93,6,50,54.07,10.24,5,0.591,-7.81,23,20.67,9.87,0.758,0.653,4.95,1
DIA,1h,25,125,trend,9.09,6.39,0.726,-7.25,10,60,62.63,10.27,17.97,1.817,-3.33,3,66.67,56.27,20.29,9.7,1.055,-7.25,13,20.67,9.87,0.758,0.653,4.95,1
DIA,1h,25,150,trend,6.59,4.65,0.544,-5.06,9,66.67,64.85,8.11,14.1,1.544,-3.62,3,33.33,58.56,15.24,7.36,0.832,-5.06,12,20.67,9.87,0.758,0.653,4.95,1
DIA,1h,25,200,trend,8.84,6.22,0.728,-4.86,8,62.5,58.41,-0.08,-0.13,-0.018,-3.4,1,0,14.26,16.2,7.81,0.889,-4.86,10,20.67,9.87,0.758,0.653,4.95,0
DIA,1h,25,250,trend,10.89,7.64,0.861,-5.3,4,75,61.77,-0.64,-1.07,-0.178,-4.04,1,0,20.29,19.36,9.27,1.001,-5.3,6,20.67,9.87,0.758,0.653,4.95,0
DIA,1h,25,300,trend,12.4,8.67,0.95,-5.18,4,50,63.13,0,0,0,0,0,0,0,22.74,10.81,1.134,-5.18,5,20.67,9.87,0.758,0.653,4.95,0
DIA,1h,30,2,dip,6.25,4.41,0.426,-15.47,71,67.61,42.58,9.97,17.43,1.771,-3.12,33,72.73,46.6,16.34,7.87,0.72,-15.47,105,20.67,9.87,0.758,0.653,4.95,1
DIA,1h,30,3,dip,4.07,2.88,0.3,-15.11,62,66.13,42.66,8.65,15.06,1.544,-4.05,31,67.74,46.41,12.59,6.12,0.576,-15.11,94,20.67,9.87,0.758,0.653,4.95,1
DIA,1h,30,4,dip,4.42,3.13,0.318,-16,57,61.4,42.86,10.64,18.64,1.885,-3.72,29,65.52,46.32,14.91,7.21,0.66,-16,87,20.67,9.87,0.758,0.653,4.95,1
DIA,1h,30,5,dip,7.64,5.38,0.5,-14.55,53,60.38,42.82,10.89,19.09,1.914,-3.4,27,74.07,45.74,18.62,8.93,0.799,-14.55,81,20.67,9.87,0.758,0.653,4.95,1
DIA,1h,30,7,dip,8.01,5.63,0.52,-17.22,46,60.87,42.82,8.94,15.57,1.606,-3.48,24,62.5,45.65,16.54,7.97,0.722,-17.22,71,20.67,9.87,0.758,0.653,4.95,1
DIA,1h,30,9,dip,12.48,8.73,0.767,-12.64,45,68.89,42.29,7.96,13.82,1.574,-3.35,24,66.67,45.45,18.64,8.94,0.812,-12.64,69,20.67,9.87,0.758,0.653,4.95,1
DIA,1h,30,12,dip,13.86,9.68,0.824,-14.58,43,72.09,42.9,9.79,17.11,1.94,-2.55,22,63.64,44.98,21.14,10.08,0.891,-14.58,65,20.67,9.87,0.758,0.653,4.95,1
DIA,1h,30,15,dip,13.9,9.7,0.827,-12.39,44,70.45,42.49,7.28,12.62,1.442,-2.78,21,61.9,44.5,19.41,9.29,0.827,-12.39,66,20.67,9.87,0.758,0.653,4.95,1
DIA,1h,30,20,dip,3.24,2.29,0.25,-14.34,46,63.04,43.03,10.55,18.48,1.889,-3.8,22,54.55,44.31,9.77,4.78,0.46,-14.34,69,20.67,9.87,0.758,0.653,4.95,1
DIA,1h,30,25,dip,9.25,6.5,0.572,-12.31,60,55,43.6,5.94,10.24,1.193,-3.53,30,50,44.59,11.19,5.45,0.51,-12.31,91,20.67,9.87,0.758,0.653,4.95,1
DIA,1h,30,40,trend,-3.97,-2.84,-0.276,-11.38,39,41.03,56.44,1.18,2,0.273,-4.79,16,31.25,46.22,-3.55,-1.8,-0.154,-11.38,56,20.67,9.87,0.758,0.653,4.95,0
DIA,1h,30,50,trend,-1.17,-0.84,-0.049,-10.17,24,37.5,53.73,5.8,10,1.149,-3.92,10,40,48.61,4.56,2.26,0.296,-10.17,34,20.67,9.87,0.758,0.653,4.95,1
DIA,1h,30,60,trend,2.68,1.9,0.257,-9.42,21,52.38,52.3,7.57,13.14,1.471,-4.22,7,57.14,47.75,10.46,5.11,0.612,-9.42,28,20.67,9.87,0.758,0.653,4.95,1
DIA,1h,30,75,trend,-0.84,-0.6,-0.019,-8.06,19,52.63,54.22,7.32,12.7,1.4,-4.62,6,66.67,49.95,6.42,3.17,0.388,-8.06,25,20.67,9.87,0.758,0.653,4.95,1
DIA,1h,30,100,trend,2.84,2.01,0.269,-7.15,15,46.67,57.75,10.15,17.75,1.831,-3.69,3,100,54.35,13.27,6.44,0.743,-7.15,18,20.67,9.87,0.758,0.653,4.95,1
DIA,1h,30,125,trend,6.94,4.89,0.579,-6.48,10,60,62.59,10.99,19.27,1.93,-3.34,2,50,57.13,18.69,8.96,0.992,-6.48,12,20.67,9.87,0.758,0.653,4.95,1
DIA,1h,30,150,trend,5.9,4.16,0.496,-4.94,10,60,64.6,7.84,13.61,1.5,-3.38,4,25,58.09,14.2,6.88,0.787,-4.94,14,20.67,9.87,0.758,0.653,4.95,1
DIA,1h,30,200,trend,9.92,6.96,0.804,-5.02,6,66.67,58.49,-0.08,-0.13,-0.019,-3.4,1,0,14.93,17.19,8.27,0.936,-5.02,8,20.67,9.87,0.758,0.653,4.95,0
DIA,1h,30,250,trend,11.5,8.06,0.905,-4.97,5,80,61.77,0,0,0,0,0,0,0,21.92,10.43,1.113,-4.97,6,20.67,9.87,0.758,0.653,4.95,0
DIA,1h,30,300,trend,12.85,8.98,0.98,-5.68,3,66.67,63.13,0,0,0,0,0,0,0,22.2,10.56,1.112,-5.68,4,20.67,9.87,0.758,0.653,4.95,0
DIA,1h,40,2,dip,10.47,7.35,0.66,-14.59,67,73.13,41.76,2.68,4.57,0.543,-4.84,26,65.38,47.85,11.32,5.52,0.527,-14.59,93,20.67,9.87,0.758,0.653,4.95,0
DIA,1h,40,3,dip,8.48,5.97,0.553,-14.17,60,71.67,41.88,2.17,3.7,0.449,-4.83,22,68.18,48.23,9.37,4.59,0.451,-14.17,82,20.67,9.87,0.758,0.653,4.95,0
DIA,1h,40,4,dip,11.1,7.78,0.696,-12.22,50,72,41.39,2.56,4.36,0.514,-4.72,20,70,48.42,12.42,6.04,0.57,-12.22,70,20.67,9.87,0.758,0.653,4.95,0
DIA,1h,40,5,dip,9.86,6.92,0.626,-12.81,48,75,41.84,3.78,6.48,0.733,-4.22,19,73.68,48.04,11.76,5.73,0.542,-12.81,67,20.67,9.87,0.758,0.653,4.95,1
DIA,1h,40,7,dip,14.08,9.83,0.839,-11.31,43,74.42,41.76,2.92,4.98,0.687,-5.23,16,68.75,41.15,11.44,5.57,0.524,-11.31,59,20.67,9.87,0.758,0.653,4.95,1
DIA,1h,40,9,dip,16.3,11.34,0.951,-10.86,40,80,41.47,4.36,7.48,1.013,-4.38,15,66.67,40.67,15.27,7.38,0.671,-10.86,55,20.67,9.87,0.758,0.653,4.95,1
DIA,1h,40,12,dip,7.25,5.11,0.458,-14.69,33,63.64,41.3,6.78,11.73,1.498,-4.1,14,71.43,41.05,8.77,4.3,0.41,-14.69,47,20.67,9.87,0.758,0.653,4.95,1
DIA,1h,40,15,dip,0.1,0.07,0.069,-17.4,33,66.67,41.3,10.03,17.54,2.091,-4.13,14,78.57,40.86,4.47,2.22,0.24,-17.4,48,20.67,9.87,0.758,0.653,4.95,1
DIA,1h,40,20,dip,6.16,4.35,0.399,-14.39,31,67.74,41.18,10.02,17.51,2.145,-4.18,14,71.43,40.19,10.87,5.3,0.487,-14.39,46,20.67,9.87,0.758,0.653,4.95,1
DIA,1h,40,25,dip,10.99,7.7,0.644,-14.42,31,64.52,41.63,9.65,16.85,2.037,-2.8,17,52.94,40.48,18.35,8.8,0.758,-14.42,49,20.67,9.87,0.758,0.653,4.95,1
DIA,1h,40,30,dip,14.37,10.02,0.816,-13.7,39,61.54,41.88,6.59,11.4,1.364,-5.42,16,56.25,41.44,16,7.71,0.674,-13.7,56,20.67,9.87,0.758,0.653,4.95,1
DIA,1h,40,50,trend,4.5,3.18,0.389,-8.44,31,54.84,53.65,8.15,14.16,1.542,-5.82,13,53.85,46.32,13.33,6.47,0.738,-8.44,45,20.67,9.87,0.758,0.653,4.95,1
DIA,1h,40,60,trend,-1.31,-0.93,-0.056,-9.12,23,56.52,53.61,8.74,15.21,1.67,-3.91,8,62.5,46.79,7.31,3.6,0.436,-9.12,31,20.67,9.87,0.758,0.653,4.95,1
DIA,1h,40,75,trend,-1.69,-1.2,-0.083,-8.65,19,42.11,53.94,10.14,17.75,1.884,-3.86,6,66.67,50.05,8.29,4.07,0.479,-8.65,25,20.67,9.87,0.758,0.653,4.95,1
DIA,1h,40,100,trend,1.66,1.18,0.174,-6.14,13,46.15,57.1,10.2,17.84,1.862,-3.33,3,66.67,54.16,12.02,5.85,0.673,-6.14,16,20.67,9.87,0.758,0.653,4.95,1
DIA,1h,40,125,trend,5.15,3.64,0.422,-5.76,10,60,62.63,9.02,15.72,1.706,-3.38,2,100,56.84,14.63,7.08,0.78,-5.76,12,20.67,9.87,0.758,0.653,4.95,1
DIA,1h,40,150,trend,11.5,8.05,0.894,-4.86,9,66.67,65.18,8.32,14.47,1.59,-3.43,2,50,58.37,20.78,9.92,1.093,-4.86,11,20.67,9.87,0.758,0.653,4.95,1
DIA,1h,40,200,trend,10.02,7.03,0.807,-4.89,6,83.33,58.86,0.57,0.97,0.277,-3.4,1,100,14.93,18.39,8.82,0.987,-4.89,8,20.67,9.87,0.758,0.653,4.95,0
DIA,1h,40,250,trend,12.26,8.58,0.943,-5.03,4,75,61.48,0.34,0.57,0.146,-4.07,1,100,18.18,21.25,10.13,1.074,-5.03,6,20.67,9.87,0.758,0.653,4.95,0
DIA,1h,40,300,trend,13.7,9.57,1.019,-5.03,3,66.67,63.13,0,0,0,0,0,0,0,22.09,10.51,1.094,-5.03,4,20.67,9.87,0.758,0.653,4.95,0
DIA,1h,50,2,dip,9.31,6.54,0.575,-14.43,60,75,42.9,3.58,6.14,0.848,-3.91,24,75,39.23,7.55,3.71,0.367,-14.43,84,20.67,9.87,0.758,0.653,4.95,1
DIA,1h,50,3,dip,7.28,5.13,0.469,-15.15,55,63.64,42.37,4,6.85,0.921,-3.89,19,78.95,39.52,5.88,2.9,0.301,-15.15,74,20.67,9.87,0.758,0.653,4.95,1
DIA,1h,50,4,dip,8.61,6.06,0.542,-13.99,48,70.83,42.25,3.01,5.13,0.72,-3.89,17,76.47,38.95,6.3,3.11,0.319,-13.99,65,20.67,9.87,0.758,0.653,4.95,1
DIA,1h,50,5,dip,6.96,4.91,0.445,-13.47,45,73.33,42.29,2.09,3.57,0.52,-3.96,15,73.33,38.66,3.76,1.86,0.214,-13.47,60,20.67,9.87,0.758,0.653,4.95,0
DIA,1h,50,7,dip,7.06,4.97,0.445,-13.78,37,83.78,41.84,2.77,4.73,0.665,-4.75,14,71.43,38.95,4.38,2.17,0.238,-13.78,51,20.67,9.87,0.758,0.653,4.95,1
DIA,1h,50,9,dip,9.75,6.84,0.583,-14.09,37,78.38,41.39,3.71,6.36,0.866,-4.55,13,76.92,39.52,7.99,3.92,0.378,-14.09,50,20.67,9.87,0.758,0.653,4.95,1
DIA,1h,50,12,dip,2.16,1.53,0.183,-16.07,29,72.41,41.18,7.44,12.89,1.63,-4.64,12,83.33,39.81,4.18,2.07,0.229,-16.07,41,20.67,9.87,0.758,0.653,4.95,1
DIA,1h,50,15,dip,5.45,3.85,0.36,-16.88,29,75.86,41.8,7.24,12.54,1.557,-5,12,83.33,39.43,6.94,3.42,0.336,-16.88,41,20.67,9.87,0.758,0.653,4.95,1
DIA,1h,50,20,dip,6.06,4.28,0.394,-15.92,26,73.08,41.88,7.37,12.77,1.582,-4.14,11,81.82,38.28,7.19,3.54,0.347,-15.92,37,20.67,9.87,0.758,0.653,4.95,1
DIA,1h,50,25,dip,8.27,5.82,0.509,-16.66,24,62.5,42.41,4.25,7.29,0.946,-5.33,10,70,37.89,6.15,3.03,0.306,-16.66,34,20.67,9.87,0.758,0.653,4.95,1
DIA,1h,50,30,dip,13.48,9.42,0.776,-16.64,25,64,41.76,3.86,6.61,0.843,-6.04,10,50,38.56,10.18,4.97,0.46,-16.64,35,20.67,9.87,0.758,0.653,4.95,1
DIA,1h,50,40,dip,6.38,4.5,0.414,-18.74,32,62.5,41.59,2.47,4.22,0.583,-6,13,46.15,40.29,0.28,0.14,0.071,-18.74,46,20.67,9.87,0.758,0.653,4.95,0
DIA,1h,50,60,trend,2.73,1.93,0.251,-7.75,27,48.15,55.29,5.76,9.93,1.189,-4.25,11,72.73,46.22,8.64,4.24,0.503,-7.75,38,20.67,9.87,0.758,0.653,4.95,1
DIA,1h,50,75,trend,-1.06,-0.75,-0.028,-9.09,19,42.11,54.39,7.92,13.75,1.613,-3.33,7,85.71,48.33,6.78,3.34,0.398,-9.09,26,20.67,9.87,0.758,0.653,4.95,1
DIA,1h,50,100,trend,5.78,4.08,0.48,-6.35,15,53.33,57.51,7.51,13.02,1.426,-3.95,3,33.33,55.6,13.72,6.65,0.752,-6.35,18,20.67,9.87,0.758,0.653,4.95,1
DIA,1h,50,125,trend,0.74,0.52,0.102,-9.94,9,55.56,62.43,8.65,15.05,1.656,-3.38,2,50,56.75,9.45,4.63,0.518,-9.94,11,20.67,9.87,0.758,0.653,4.95,1
DIA,1h,50,150,trend,8.91,6.26,0.679,-5.45,8,50,64.77,6.08,10.5,1.188,-4.93,2,50,58.47,15.54,7.5,0.818,-5.45,10,20.67,9.87,0.758,0.653,4.95,1
DIA,1h,50,200,trend,7.06,4.97,0.58,-5.67,6,50,59.31,-0.49,-0.83,-0.21,-3.4,1,0,15.41,15.54,7.5,0.841,-5.67,8,20.67,9.87,0.758,0.653,4.95,0
DIA,1h,50,250,trend,11.78,8.25,0.9,-5.25,4,75,61.57,-0.99,-1.67,-0.365,-4.04,1,0,17.61,19.06,9.13,0.974,-5.25,6,20.67,9.87,0.758,0.653,4.95,0
DIA,1h,50,300,trend,13.81,9.64,1.021,-5.25,3,66.67,62.92,0,0,0,0,0,0,0,22.07,10.51,1.089,-5.25,4,20.67,9.87,0.758,0.653,4.95,0
DIA,1h,60,2,dip,16.84,11.72,0.947,-14.34,62,79.03,42.95,0.62,1.04,0.179,-4.81,22,68.18,37.61,11.63,5.66,0.521,-14.34,84,20.67,9.87,0.758,0.653,4.95,0
DIA,1h,60,3,dip,16.84,11.71,0.933,-14.66,60,81.67,42.74,0.83,1.42,0.229,-4.76,20,70,37.51,11.78,5.73,0.521,-14.66,80,20.67,9.87,0.758,0.653,4.95,0
DIA,1h,60,4,dip,13.06,9.13,0.739,-14.66,50,80,42.99,1.35,2.3,0.348,-4.74,19,73.68,37.8,8.81,4.32,0.406,-14.66,69,20.67,9.87,0.758,0.653,4.95,0
DIA,1h,60,5,dip,11.76,8.24,0.675,-15.18,45,84.44,42.66,2.07,3.52,0.507,-4.74,18,77.78,37.61,8.22,4.04,0.384,-15.18,63,20.67,9.87,0.758,0.653,4.95,0
DIA,1h,60,7,dip,10.03,7.04,0.59,-15.84,36,80.56,42.58,1.98,3.37,0.486,-4.45,13,84.62,37.32,6.51,3.21,0.319,-15.84,49,20.67,9.87,0.758,0.653,4.95,0
DIA,1h,60,9,dip,5.82,4.11,0.377,-16.21,33,78.79,42.33,2.41,4.11,0.626,-4.56,12,83.33,35.31,3.18,1.58,0.189,-16.21,45,20.67,9.87,0.758,0.653,4.95,0
DIA,1h,60,12,dip,5,3.53,0.334,-17.01,29,68.97,42.04,4.17,7.16,1.036,-4.57,11,81.82,34.64,4.39,2.17,0.237,-17.01,40,20.67,9.87,0.758,0.653,4.95,1
DIA,1h,60,15,dip,7.5,5.28,0.466,-17.17,24,70.83,42.53,5.59,9.64,1.395,-5.05,11,81.82,34.74,7.95,3.9,0.376,-17.17,35,20.67,9.87,0.758,0.653,4.95,1
DIA,1h,60,20,dip,8.92,6.27,0.539,-17.3,22,68.18,43.4,3.18,5.44,0.836,-4.37,9,66.67,34.16,6.1,3.01,0.305,-17.3,31,20.67,9.87,0.758,0.653,4.95,1
DIA,1h,60,25,dip,14.03,9.8,0.794,-18.14,21,76.19,43.03,-0.75,-1.26,-0.149,-6.24,6,50,34.64,7.27,3.58,0.349,-18.14,27,20.67,9.87,0.758,0.653,4.95,0
DIA,1h,60,30,dip,9.28,6.52,0.56,-17.66,22,68.18,43.15,0.69,1.17,0.197,-6.74,7,57.14,35.89,4.73,2.34,0.25,-17.66,29,20.67,9.87,0.758,0.653,4.95,0
DIA,1h,60,40,dip,13.82,9.65,0.801,-17.85,24,70.83,41.71,0.04,0.06,0.044,-5.94,8,62.5,36.17,7.78,3.82,0.372,-17.85,32,20.67,9.87,0.758,0.653,4.95,0
DIA,1h,60,50,dip,8.59,6.04,0.54,-19.32,28,64.29,40.07,2.93,5,0.644,-6.98,11,63.64,39.23,5.35,2.65,0.278,-19.32,39,20.67,9.87,0.758,0.653,4.95,0
DIA,1h,60,75,trend,-2.64,-1.88,-0.135,-11.51,25,48,56.11,5.19,8.94,1.037,-3.33,11,36.36,49.47,2.42,1.2,0.171,-11.51,36,20.67,9.87,0.758,0.653,4.95,1
DIA,1h,60,100,trend,-1.15,-0.82,-0.036,-10.59,15,53.33,57.59,5.17,8.89,1.02,-5.78,4,50,55.41,3.96,1.96,0.254,-10.59,19,20.67,9.87,0.758,0.653,4.95,1
DIA,1h,60,125,trend,-0.29,-0.2,0.029,-11.64,10,60,62.18,6.27,10.83,1.237,-4.14,2,50,56.36,5.97,2.95,0.351,-11.64,12,20.67,9.87,0.758,0.653,4.95,1
DIA,1h,60,150,trend,0.52,0.37,0.087,-10.26,9,44.44,64.6,5.27,9.08,1.046,-5.32,2,50,58.37,5.82,2.88,0.343,-10.26,11,20.67,9.87,0.758,0.653,4.95,1
DIA,1h,60,200,trend,9.51,6.68,0.748,-5.25,5,60,59.47,7.16,12.4,1.335,-4.79,2,50,63.25,17.35,8.34,0.92,-5.25,7,20.67,9.87,0.758,0.653,4.95,1
DIA,1h,60,250,trend,9.1,6.39,0.707,-5.25,4,75,61.57,-0.4,-0.68,-0.122,-4.44,1,0,18.56,16.75,8.06,0.86,-5.25,6,20.67,9.87,0.758,0.653,4.95,0
DIA,1h,60,300,trend,12.92,9.03,0.961,-5.25,3,66.67,62.84,0,0,0,0,0,0,0,20.3,9.7,1.001,-5.25,4,20.67,9.87,0.758,0.653,4.95,0
DIA,1h,75,2,dip,8.66,6.09,0.527,-15.49,52,82.69,39.79,3.37,5.76,0.923,-4.45,19,89.47,31.96,6.04,2.98,0.304,-15.49,71,20.67,9.87,0.758,0.653,4.95,1
DIA,1h,75,3,dip,11.95,8.36,0.704,-15.04,44,88.64,39.79,1.2,2.03,0.343,-4.45,14,71.43,32.25,7.07,3.48,0.347,-15.04,58,20.67,9.87,0.758,0.653,4.95,0
DIA,1h,75,4,dip,15.71,10.94,0.887,-13.96,41,82.93,39.91,2.74,4.67,0.731,-4.45,13,76.92,32.15,13.22,6.42,0.579,-13.96,54,20.67,9.87,0.758,0.653,4.95,1
DIA,1h,75,5,dip,14.86,10.36,0.844,-13.7,35,82.86,39.95,2.45,4.18,0.659,-4.45,13,76.92,32.15,12.09,5.88,0.536,-13.7,48,20.67,9.87,0.758,0.653,4.95,1
DIA,1h,75,7,dip,10.23,7.18,0.603,-16.52,31,74.19,40.32,3.89,6.67,1.029,-4.45,12,83.33,31.48,9.04,4.43,0.417,-16.52,43,20.67,9.87,0.758,0.653,4.95,1
DIA,1h,75,9,dip,8.6,6.05,0.518,-16.69,31,80.65,40.61,5.11,8.79,1.334,-4.57,12,75,31.58,9,4.41,0.414,-16.69,43,20.67,9.87,0.758,0.653,4.95,1
DIA,1h,75,12,dip,8.65,6.08,0.525,-16.33,27,74.07,40.73,6.44,11.13,1.633,-4.48,11,81.82,31.87,10.57,5.16,0.475,-16.33,38,20.67,9.87,0.758,0.653,4.95,1
DIA,1h,75,15,dip,12.35,8.64,0.713,-15.35,25,80,40.85,5.04,8.67,1.315,-4.89,11,72.73,31.67,12.23,5.95,0.538,-15.35,36,20.67,9.87,0.758,0.653,4.95,1
DIA,1h,75,20,dip,17.73,12.32,0.974,-16.87,22,77.27,41.35,3.17,5.42,0.84,-4.31,8,75,31.2,14.68,7.1,0.626,-16.87,30,20.67,9.87,0.758,0.653,4.95,1
DIA,1h,75,25,dip,11.7,8.19,0.685,-18.9,21,76.19,41.35,0.67,1.13,0.198,-5.94,8,50,32.63,6.73,3.32,0.33,-18.9,29,20.67,9.87,0.758,0.653,4.95,0
DIA,1h,75,30,dip,13.99,9.77,0.812,-18.8,20,75,41.06,0.85,1.43,0.237,-5.95,6,50,33.78,9.63,4.71,0.444,-18.8,26,20.67,9.87,0.758,0.653,4.95,0
DIA,1h,75,40,dip,14.26,9.95,0.83,-19.07,20,80,41.18,-1.01,-1.7,-0.216,-5.69,6,50,32.92,7.08,3.48,0.347,-19.07,26,20.67,9.87,0.758,0.653,4.95,0
DIA,1h,75,50,dip,14.05,9.81,0.844,-14.15,20,75,40.61,-2.2,-3.69,-0.504,-6.38,7,42.86,33.88,8.95,4.39,0.424,-14.15,27,20.67,9.87,0.758,0.653,4.95,0
DIA,1h,75,60,dip,15.54,10.83,0.955,-12.57,26,69.23,38.84,2.6,4.44,0.608,-5.42,11,63.64,34.83,12.69,6.17,0.583,-12.57,37,20.67,9.87,0.758,0.653,4.95,0
DIA,1h,75,100,trend,-0.69,-0.49,-0.004,-9.31,14,71.43,57.51,4.81,8.27,0.944,-6.39,4,50,56.27,4.09,2.03,0.263,-9.31,18,20.67,9.87,0.758,0.653,4.95,1
DIA,1h,75,125,trend,0.28,0.2,0.07,-12.8,9,55.56,63.29,6.12,10.57,1.222,-4.61,2,50,56.75,6.42,3.16,0.371,-12.8,11,20.67,9.87,0.758,0.653,4.95,1
DIA,1h,75,150,trend,-2.54,-1.82,-0.131,-13.4,8,37.5,64.52,5.54,9.54,1.097,-5.74,2,50,58.76,2.85,1.42,0.194,-13.4,10,20.67,9.87,0.758,0.653,4.95,1
DIA,1h,75,200,trend,10.3,7.22,0.804,-5.25,4,75,59.06,5.18,8.92,1.005,-4.74,2,50,61.91,16.01,7.72,0.862,-5.25,6,20.67,9.87,0.758,0.653,4.95,1
DIA,1h,75,250,trend,13.92,9.72,1.03,-5.25,4,75,61.32,-3.12,-5.22,-1.259,-4.76,1,0,17.8,19.29,9.24,0.976,-5.25,6,20.67,9.87,0.758,0.653,4.95,0
DIA,1h,75,300,trend,11.72,8.21,0.868,-5.66,3,66.67,62.84,0,0,0,0,0,0,0,17.24,8.29,0.859,-5.66,4,20.67,9.87,0.758,0.653,4.95,0
DIA,1h,100,2,dip,13.94,9.74,0.801,-12.49,41,82.93,36.18,4.2,7.21,1.167,-4.45,17,82.35,29,13.05,6.34,0.576,-12.49,58,20.67,9.87,0.758,0.653,4.95,1
DIA,1h,100,3,dip,11.13,7.8,0.656,-12.64,38,76.32,36.34,3.78,6.48,1.03,-4.45,15,86.67,28.8,9.81,4.8,0.451,-12.64,53,20.67,9.87,0.758,0.653,4.95,1
DIA,1h,100,4,dip,12.14,8.5,0.705,-13.29,37,75.68,36.26,3.15,5.39,0.888,-4.45,12,83.33,28.61,10.14,4.96,0.463,-13.29,49,20.67,9.87,0.758,0.653,4.95,1
DIA,1h,100,5,dip,13.65,9.53,0.781,-12.91,33,78.79,36.1,2.76,4.71,0.789,-4.45,11,72.73,28.71,11.2,5.46,0.504,-12.91,44,20.67,9.87,0.758,0.653,4.95,1
DIA,1h,100,7,dip,14.19,9.9,0.81,-13.45,31,77.42,35.68,3.02,5.16,0.852,-4.57,10,80,28.71,12.27,5.97,0.545,-13.45,41,20.67,9.87,0.758,0.653,4.95,1
DIA,1h,100,9,dip,14.79,10.31,0.846,-13.46,27,81.48,35.89,2.99,5.11,0.851,-4.56,8,87.5,28.33,13.03,6.33,0.577,-13.46,35,20.67,9.87,0.758,0.653,4.95,1
DIA,1h,100,12,dip,13.98,9.76,0.81,-13.52,25,76,35.97,4.78,8.21,1.33,-4.57,8,87.5,28.23,13.57,6.58,0.599,-13.52,33,20.67,9.87,0.758,0.653,4.95,1
DIA,1h,100,15,dip,12.01,8.41,0.708,-14.28,20,80,36.22,5.19,8.94,1.372,-5.05,8,87.5,28.13,11.24,5.48,0.507,-14.28,28,20.67,9.87,0.758,0.653,4.95,1
DIA,1h,100,20,dip,13.26,9.27,0.758,-17.19,19,78.95,36.79,2.8,4.77,0.74,-4.31,6,66.67,29,10.35,5.06,0.467,-17.19,25,20.67,9.87,0.758,0.653,4.95,1
DIA,1h,100,25,dip,9.8,6.88,0.589,-17.01,18,61.11,36.75,1.29,2.18,0.353,-5.94,6,66.67,29.57,5.85,2.89,0.296,-17.01,24,20.67,9.87,0.758,0.653,4.95,0
DIA,1h,100,30,dip,10.27,7.21,0.613,-17.59,16,75,37.28,-1.37,-2.3,-0.316,-6,3,66.67,29,3.71,1.84,0.211,-17.59,19,20.67,9.87,0.758,0.653,4.95,0
DIA,1h,100,40,dip,11.86,8.3,0.699,-14.09,14,71.43,37.74,-0.94,-1.59,-0.205,-5.97,3,66.67,28.61,5.15,2.55,0.27,-14.09,17,20.67,9.87,0.758,0.653,4.95,0
DIA,1h,100,50,dip,7.02,4.94,0.455,-13.64,16,75,37.12,-1.07,-1.81,-0.269,-4.99,3,66.67,26.7,3.12,1.55,0.189,-13.64,19,20.67,9.87,0.758,0.653,4.95,0
DIA,1h,100,60,dip,14.8,10.32,0.883,-9.74,16,81.25,36.87,0.72,1.22,0.225,-4.54,4,50,26.79,12.94,6.29,0.582,-9.74,20,20.67,9.87,0.758,0.653,4.95,0
DIA,1h,100,75,dip,14.72,10.26,0.862,-9.87,15,73.33,36.75,1.09,1.86,0.327,-4.08,4,50,26.12,13.25,6.43,0.586,-9.87,19,20.67,9.87,0.758,0.653,4.95,0
DIA,1h,100,125,trend,-4.33,-3.1,-0.242,-15.37,14,35.71,61.61,7.57,13.14,1.474,-4.1,3,66.67,56.94,3.2,1.59,0.207,-15.37,17,20.67,9.87,0.758,0.653,4.95,1
DIA,1h,100,150,trend,-4.17,-2.99,-0.252,-14.28,9,55.56,64.44,7.45,12.91,1.435,-4.38,2,50,59.33,1.75,0.87,0.137,-14.28,11,20.67,9.87,0.758,0.653,4.95,1
DIA,1h,100,200,trend,7.86,5.53,0.634,-5.25,4,75,57.79,5.52,9.51,1.021,-4.86,2,50,63.35,13.59,6.59,0.724,-5.41,6,20.67,9.87,0.758,0.653,4.95,1
DIA,1h,100,250,trend,9.98,7.01,0.771,-7.11,4,75,60.75,0,0,0,0,0,0,0,16.61,8,0.845,-7.11,5,20.67,9.87,0.758,0.653,4.95,0
DIA,1h,100,300,trend,9.95,6.98,0.756,-6.55,2,50,63.25,0,0,0,0,0,0,0,13.49,6.55,0.693,-6.55,3,20.67,9.87,0.758,0.653,4.95,0
DIA,1h,125,2,dip,6.16,4.35,0.415,-12.42,29,79.31,29.9,0.73,1.24,0.244,-4.45,11,90.91,26.6,2.12,1.05,0.149,-12.42,40,20.67,9.87,0.758,0.653,4.95,0
DIA,1h,125,3,dip,2.56,1.81,0.21,-13.17,25,68,30.11,1.67,2.84,0.511,-4.45,9,88.89,26.79,-0.44,-0.22,0.038,-13.17,34,20.67,9.87,0.758,0.653,4.95,0
DIA,1h,125,4,dip,3.46,2.45,0.261,-13.1,21,71.43,30.11,1.68,2.86,0.514,-4.45,6,83.33,26.32,0.4,0.2,0.075,-13.1,27,20.67,9.87,0.758,0.653,4.95,0
DIA,1h,125,5,dip,2.94,2.08,0.23,-13.72,20,70,30.19,1.9,3.23,0.576,-4.45,6,83.33,26.41,0.29,0.15,0.07,-13.72,26,20.67,9.87,0.758,0.653,4.95,0
DIA,1h,125,7,dip,3.15,2.23,0.243,-13.89,19,68.42,29.53,1.95,3.32,0.598,-4.45,6,83.33,26.22,0,0,0.057,-13.89,25,20.67,9.87,0.758,0.653,4.95,0
DIA,1h,125,9,dip,5.21,3.68,0.36,-13.23,17,76.47,29.45,3.05,5.22,0.911,-4.45,6,83.33,26.12,3.35,1.66,0.201,-13.23,23,20.67,9.87,0.758,0.653,4.95,1
DIA,1h,125,12,dip,4.29,3.03,0.309,-12.92,17,70.59,29.33,2.14,3.65,0.628,-5,5,80,26.12,1.26,0.63,0.112,-12.92,22,20.67,9.87,0.758,0.653,4.95,0
DIA,1h,125,15,dip,7.16,5.05,0.473,-12.25,15,73.33,29.25,1.25,2.13,0.377,-5.11,5,80,26.89,2.84,1.41,0.18,-12.25,20,20.67,9.87,0.758,0.653,4.95,0
DIA,1h,125,20,dip,4.54,3.21,0.322,-15.61,13,53.85,29.78,1.01,1.71,0.287,-5.97,3,66.67,27.56,0.5,0.25,0.08,-15.61,16,20.67,9.87,0.758,0.653,4.95,0
DIA,1h,125,25,dip,1.22,0.87,0.132,-17.15,10,60,29.78,-1.47,-2.48,-0.36,-5.97,3,66.67,27.08,-4.91,-2.49,-0.159,-17.15,13,20.67,9.87,0.758,0.653,4.95,0
DIA,1h,125,30,dip,3.39,2.4,0.255,-16.18,10,70,29.74,-1.59,-2.67,-0.399,-5.97,2,50,25.93,-3.39,-1.71,-0.089,-16.18,12,20.67,9.87,0.758,0.653,4.95,0
DIA,1h,125,40,dip,8.31,5.85,0.528,-13.72,11,54.55,31.99,-2.57,-4.31,-0.681,-5.97,2,50,25.55,3.04,1.51,0.186,-13.72,13,20.67,9.87,0.758,0.653,4.95,0
DIA,1h,125,50,dip,13.44,9.39,0.819,-9.98,10,70,31.91,-2.16,-3.62,-0.554,-5.97,2,50,25.17,8.29,4.07,0.403,-9.98,12,20.67,9.87,0.758,0.653,4.95,0
DIA,1h,125,60,dip,14.28,9.97,0.863,-8.72,11,72.73,31.95,-1.06,-1.79,-0.253,-5.97,2,50,25.07,11.54,5.62,0.53,-8.97,13,20.67,9.87,0.758,0.653,4.95,0
DIA,1h,125,75,dip,14.99,10.45,0.911,-8.54,10,80,30.52,-0.84,-1.42,-0.189,-5.97,2,50,24.5,12.39,6.02,0.566,-8.96,12,20.67,9.87,0.758,0.653,4.95,0
DIA,1h,125,100,dip,19.78,13.71,1.217,-9.75,14,85.71,31.79,-1.68,-2.83,-0.425,-6.54,3,33.33,23.64,14.95,7.23,0.687,-9.75,18,20.67,9.87,0.758,0.653,4.95,0
DIA,1h,125,150,trend,6.77,4.78,0.549,-7.61,11,54.55,63.33,4.82,8.28,0.924,-5.07,2,50,60.29,9.08,4.45,0.506,-8.22,13,20.67,9.87,0.758,0.653,4.95,1
DIA,1h,125,200,trend,7.42,5.22,0.605,-5.25,5,80,58.24,5.47,9.42,0.987,-3.55,2,50,64.78,9.82,4.8,0.538,-6.01,7,20.67,9.87,0.758,0.653,4.95,1
DIA,1h,125,250,trend,6.42,4.53,0.523,-6.68,4,75,60.99,0,0,0,0,0,0,0,9.28,4.54,0.506,-7.66,5,20.67,9.87,0.758,0.653,4.95,0
DIA,1h,125,300,trend,10.41,7.31,0.787,-7.05,2,50,62.35,0,0,0,0,0,0,0,13.07,6.35,0.673,-7.11,3,20.67,9.87,0.758,0.653,4.95,0
DIA,1h,150,2,dip,6.52,4.6,0.438,-13.06,30,86.67,28.22,2.59,4.42,0.677,-5.42,10,90,23.06,4.2,2.08,0.236,-13.06,40,20.67,9.87,0.758,0.653,4.95,1
DIA,1h,150,3,dip,4.63,3.27,0.33,-13.08,28,82.14,28.38,2.36,4.03,0.627,-5.42,9,88.89,23.35,2.12,1.06,0.149,-13.08,37,20.67,9.87,0.758,0.653,4.95,0
DIA,1h,150,4,dip,4.11,2.91,0.3,-13.08,25,84,28.26,1.96,3.34,0.527,-5.53,7,85.71,23.16,1.22,0.61,0.11,-13.08,32,20.67,9.87,0.758,0.653,4.95,0
DIA,1h,150,5,dip,3.85,2.72,0.285,-12.91,20,80,28.59,2.77,4.73,0.73,-5.46,7,85.71,23.06,1.76,0.88,0.133,-12.91,27,20.67,9.87,0.758,0.653,4.95,1
DIA,1h,150,7,dip,3.7,2.62,0.276,-13.48,18,77.78,28.34,4.01,6.88,1.038,-5.51,7,85.71,22.78,2.72,1.35,0.174,-13.48,25,20.67,9.87,0.758,0.653,4.95,1
DIA,1h,150,9,dip,3.47,2.46,0.26,-14.92,17,70.59,28.63,6.16,10.64,1.596,-4.62,7,85.71,22.78,4.58,2.27,0.25,-14.92,24,20.67,9.87,0.758,0.653,4.95,1
DIA,1h,150,12,dip,0.26,0.19,0.077,-16.25,14,71.43,28.22,2.66,4.54,0.821,-4.78,6,83.33,22.3,0.51,0.26,0.081,-16.25,20,20.67,9.87,0.758,0.653,4.95,1
DIA,1h,150,15,dip,-0.81,-0.57,0.013,-15.87,12,66.67,27.69,-0.43,-0.72,-0.102,-5.09,6,66.67,22.68,-3.32,-1.68,-0.087,-15.87,18,20.67,9.87,0.758,0.653,4.95,0
DIA,1h,150,20,dip,3.33,2.36,0.254,-15.3,10,70,27.69,-2.22,-3.73,-0.588,-5.94,3,66.67,23.44,-1.34,-0.67,0.001,-15.3,13,20.67,9.87,0.758,0.653,4.95,0
DIA,1h,150,25,dip,3.72,2.63,0.276,-14.57,9,66.67,27.56,-1.88,-3.15,-0.478,-5.94,3,66.67,23.83,-0.62,-0.31,0.032,-14.57,12,20.67,9.87,0.758,0.653,4.95,0
DIA,1h,150,30,dip,4.41,3.12,0.314,-14.85,10,70,27.73,-1.75,-2.93,-0.445,-5.94,4,75,24.31,0.17,0.09,0.066,-14.85,14,20.67,9.87,0.758,0.653,4.95,0
DIA,1h,150,40,dip,-1.45,-1.04,-0.027,-16.79,9,66.67,26.99,-2.05,-3.45,-0.522,-5.97,2,50,23.64,-5.64,-2.87,-0.19,-16.79,11,20.67,9.87,0.758,0.653,4.95,0
DIA,1h,150,50,dip,1.02,0.72,0.12,-14.31,8,62.5,27.24,-0.72,-1.22,-0.168,-5.97,2,50,23.06,-1.24,-0.62,0.002,-14.31,10,20.67,9.87,0.758,0.653,4.95,0
DIA,1h,150,60,dip,8.59,6.04,0.575,-9.86,9,77.78,27.24,-0.04,-0.07,0.019,-5.97,2,50,22.78,6.99,3.44,0.358,-9.86,11,20.67,9.87,0.758,0.653,4.95,0
DIA,1h,150,75,dip,17.74,12.32,1.053,-9.29,9,77.78,29.04,0.24,0.41,0.096,-5.97,2,50,21.91,15.7,7.58,0.694,-9.29,11,20.67,9.87,0.758,0.653,4.95,0
DIA,1h,150,100,dip,19.76,13.69,1.142,-7.53,9,66.67,28.55,-1.28,-2.15,-0.326,-6.34,2,50,20.86,16.92,8.14,0.742,-7.76,12,20.67,9.87,0.758,0.653,4.95,0
DIA,1h,150,125,dip,3.36,2.38,0.257,-15.24,11,63.64,29.04,0.06,0.11,0.047,-5.94,2,50,18.47,4.87,2.41,0.266,-15.24,14,20.67,9.87,0.758,0.653,4.95,0
DIA,1h,150,200,trend,7.3,5.14,0.557,-9.25,7,71.43,66.32,6.27,10.83,1.126,-4.04,1,100,65.55,11.33,5.52,0.578,-9.25,8,20.67,9.87,0.758,0.653,4.95,1
DIA,1h,150,250,trend,12.79,8.95,0.955,-5.44,3,66.67,61.53,5.56,9.57,1.009,-4.74,1,100,66.79,16.24,7.83,0.811,-7.21,4,20.67,9.87,0.758,0.653,4.95,1
DIA,1h,150,300,trend,7,4.93,0.551,-9.13,2,50,61.57,0,0,0,0,0,0,0,8.72,4.27,0.468,-9.13,3,20.67,9.87,0.758,0.653,4.95,0
DIA,1h,200,2,dip,3.25,2.31,0.249,-15.66,21,85.71,26.83,1.52,2.58,0.523,-4.45,9,77.78,18.56,2.35,1.17,0.159,-15.66,30,20.67,9.87,0.758,0.653,4.95,0
DIA,1h,200,3,dip,4.4,3.11,0.315,-15.52,18,83.33,27.03,1,1.69,0.358,-4.45,8,62.5,18.47,2.71,1.35,0.173,-15.52,26,20.67,9.87,0.758,0.653,4.95,0
DIA,1h,200,4,dip,5.98,4.22,0.403,-15.71,18,88.89,26.87,1.95,3.32,0.671,-4.45,8,75,18.28,5.24,2.59,0.279,-15.71,26,20.67,9.87,0.758,0.653,4.95,1
DIA,1h,200,5,dip,5.05,3.57,0.352,-15.8,15,86.67,26.83,2.78,4.74,0.925,-4.45,8,75,18.76,5.46,2.7,0.288,-15.8,23,20.67,9.87,0.758,0.653,4.95,1
DIA,1h,200,7,dip,3.8,2.69,0.28,-15.74,11,81.82,26.78,1.68,2.86,0.591,-4.45,6,83.33,18.09,3.05,1.52,0.188,-15.74,17,20.67,9.87,0.758,0.653,4.95,0
DIA,1h,200,9,dip,5.05,3.57,0.351,-15.74,10,80,26.78,1.68,2.85,0.596,-4.56,5,80,17.7,4.28,2.12,0.24,-15.74,15,20.67,9.87,0.758,0.653,4.95,0
DIA,1h,200,12,dip,4.51,3.19,0.322,-15.24,9,77.78,26.7,2.34,3.98,0.821,-4.51,5,80,17.8,4.35,2.16,0.243,-15.24,14,20.67,9.87,0.758,0.653,4.95,1
DIA,1h,200,15,dip,3.78,2.68,0.279,-15.24,9,66.67,26.87,1.76,3,0.619,-5.03,5,80,17.61,3.07,1.53,0.189,-15.24,14,20.67,9.87,0.758,0.653,4.95,0
DIA,1h,200,20,dip,2.72,1.93,0.219,-15.24,8,75,26.66,-0.68,-1.14,-0.189,-5.01,4,75,18.37,-0.34,-0.17,0.043,-15.24,12,20.67,9.87,0.758,0.653,4.95,0
DIA,1h,200,25,dip,1.31,0.93,0.137,-15.24,9,77.78,26.58,-1.35,-2.28,-0.375,-5.94,2,50,19.33,-1.58,-0.79,-0.01,-15.24,11,20.67,9.87,0.758,0.653,4.95,0
DIA,1h,200,30,dip,1.25,0.89,0.134,-15.24,7,85.71,26.42,-1.38,-2.33,-0.387,-5.94,2,50,18.47,-1.51,-0.76,-0.007,-15.24,9,20.67,9.87,0.758,0.653,4.95,0
DIA,1h,200,40,dip,1.26,0.89,0.134,-15.24,7,71.43,25.92,-2.21,-3.71,-0.647,-5.94,2,50,18.09,-2.41,-1.21,-0.048,-15.24,9,20.67,9.87,0.758,0.653,4.95,0
DIA,1h,200,50,dip,4.3,3.04,0.312,-15.24,7,71.43,25.35,-1.9,-3.2,-0.553,-5.46,2,50,17.32,0.23,0.11,0.067,-15.24,9,20.67,9.87,0.758,0.653,4.95,0
DIA,1h,200,60,dip,1.63,1.16,0.157,-15.24,6,83.33,24.98,-0.63,-1.05,-0.161,-5.42,2,50,17.03,-1.63,-0.82,-0.015,-15.24,8,20.67,9.87,0.758,0.653,4.95,0
DIA,1h,200,75,dip,3.4,2.41,0.263,-15.24,4,75,25.1,-0.58,-0.97,-0.143,-5.94,2,50,17.61,1.9,0.95,0.14,-15.24,7,20.67,9.87,0.758,0.653,4.95,0
DIA,1h,200,100,dip,5.91,4.17,0.41,-15.24,4,75,25.88,-0.6,-1.02,-0.177,-5.69,2,50,15.41,4.24,2.1,0.243,-15.24,7,20.67,9.87,0.758,0.653,4.95,0
DIA,1h,200,125,dip,5.49,3.88,0.385,-15.24,5,80,24.73,-0.95,-1.6,-0.336,-4.49,2,50,13.11,6.95,3.42,0.362,-15.24,8,20.67,9.87,0.758,0.653,4.95,0
DIA,1h,200,150,dip,4.7,3.32,0.344,-15.24,7,85.71,23.5,-3.21,-5.37,-1.427,-4.08,1,0,11.1,4.72,2.34,0.27,-15.24,9,20.67,9.87,0.758,0.653,4.95,0
DIA,1h,200,250,trend,7.8,5.49,0.603,-10.6,4,50,61.44,5.35,9.22,0.954,-5.99,1,100,66.99,10.36,5.06,0.541,-10.6,6,20.67,9.87,0.758,0.653,4.95,1
DIA,1h,200,300,trend,7.37,5.19,0.576,-9.23,2,50,60.54,0,0,0,0,0,0,0,8.81,4.32,0.472,-9.23,3,20.67,9.87,0.758,0.653,4.95,0
DIA,1h,250,2,dip,-0.04,-0.03,0.057,-15.24,15,93.33,23.42,-0.67,-1.12,-0.224,-4.45,8,87.5,15.31,-3.29,-1.66,-0.09,-15.24,23,20.67,9.87,0.758,0.653,4.95,0
DIA,1h,250,3,dip,0.07,0.05,0.064,-15.24,12,83.33,23.34,-0.4,-0.67,-0.123,-4.48,8,87.5,15.12,-2.64,-1.33,-0.061,-15.24,20,20.67,9.87,0.758,0.653,4.95,0
DIA,1h,250,4,dip,0.98,0.69,0.117,-15.24,13,84.62,23.38,-1.04,-1.75,-0.367,-4.45,8,87.5,15.02,-2.44,-1.23,-0.052,-15.24,21,20.67,9.87,0.758,0.653,4.95,0
DIA,1h,250,5,dip,1.42,1.01,0.144,-15.24,10,90,23.26,-1.25,-2.1,-0.445,-4.45,4,75,15.02,-2.22,-1.12,-0.042,-15.24,14,20.67,9.87,0.758,0.653,4.95,0
DIA,1h,250,7,dip,0.96,0.68,0.117,-15.24,10,80,23.42,-1.1,-1.86,-0.393,-4.45,4,75,14.64,-2.58,-1.3,-0.059,-15.24,14,20.67,9.87,0.758,0.653,4.95,0
DIA,1h,250,9,dip,2.8,1.99,0.225,-15.24,10,90,23.5,-1.16,-1.96,-0.427,-4.52,4,75,14.74,-0.83,-0.42,0.02,-15.24,14,20.67,9.87,0.758,0.653,4.95,0
DIA,1h,250,12,dip,0.38,0.27,0.082,-15.24,10,70,23.3,-0.51,-0.85,-0.179,-4.08,4,75,14.35,-2.34,-1.18,-0.049,-15.24,14,20.67,9.87,0.758,0.653,4.95,0
DIA,1h,250,15,dip,2.31,1.64,0.196,-15.24,8,75,23.34,-0.06,-0.1,0,-4.08,4,75,14.35,0.86,0.43,0.094,-15.24,12,20.67,9.87,0.758,0.653,4.95,0
DIA,1h,250,20,dip,-1.81,-1.29,-0.05,-15.24,6,66.67,22.89,0.85,1.45,0.34,-4.08,4,75,12.82,-2.4,-1.21,-0.05,-15.24,10,20.67,9.87,0.758,0.653,4.95,0
DIA,1h,250,25,dip,0.49,0.35,0.089,-15.24,5,60,22.68,-1.89,-3.17,-0.783,-4.08,2,50,11.67,-3.17,-1.6,-0.086,-15.24,7,20.67,9.87,0.758,0.653,4.95,0
DIA,1h,250,30,dip,1.55,1.1,0.152,-15.24,6,50,22.6,-3.13,-5.23,-1.388,-4.08,1,0,11,-3.56,-1.8,-0.105,-15.24,7,20.67,9.87,0.758,0.653,4.95,0
DIA,1h,250,40,dip,1.79,1.27,0.166,-15.24,5,60,22.81,-2.03,-3.41,-0.866,-4.08,2,50,11.87,-2.26,-1.14,-0.047,-15.24,7,20.67,9.87,0.758,0.653,4.95,0
DIA,1h,250,50,dip,2.03,1.44,0.181,-15.24,5,60,22.56,-1.59,-2.67,-0.629,-4.08,2,50,11.87,-0.65,-0.33,0.026,-15.24,7,20.67,9.87,0.758,0.653,4.95,0
DIA,1h,250,60,dip,4.76,3.36,0.345,-15.24,5,80,22.44,-2.18,-3.65,-0.958,-4.08,2,50,10.91,1.53,0.76,0.124,-15.24,7,20.67,9.87,0.758,0.653,4.95,0
DIA,1h,250,75,dip,0.29,0.2,0.075,-15.37,4,75,22.4,-0.17,-0.29,-0.046,-4.08,2,50,11.2,-0.73,-0.37,0.021,-15.37,7,20.67,9.87,0.758,0.653,4.95,0
DIA,1h,250,100,dip,2.32,1.64,0.199,-13.68,4,50,22.48,-3.34,-5.59,-1.599,-4.08,1,0,9.86,0.14,0.07,0.061,-13.68,6,20.67,9.87,0.758,0.653,4.95,0
DIA,1h,250,125,dip,6.51,4.59,0.449,-13.68,4,75,21.82,-3.39,-5.66,-1.625,-3.98,1,0,9.57,7.64,3.76,0.395,-13.68,6,20.67,9.87,0.758,0.653,4.95,0
DIA,1h,250,150,dip,1.81,1.28,0.17,-14.09,3,33.33,20.8,-2.84,-4.76,-1.419,-3.43,1,0,8.8,2.52,1.25,0.171,-14.09,5,20.67,9.87,0.758,0.653,4.95,0
DIA,1h,250,200,dip,5.8,4.1,0.418,-12.88,4,50,21.12,-1.93,-3.25,-1.317,-2.82,1,0,6.89,7.12,3.5,0.383,-12.88,7,20.67,9.87,0.758,0.653,4.95,0
DIA,1h,250,300,trend,8.41,5.92,0.653,-8.54,2,50,59.23,5.54,9.55,0.991,-6.45,1,100,66.99,10.12,4.95,0.536,-8.54,3,20.67,9.87,0.758,0.653,4.95,1
DIA,1h,300,2,dip,2.12,1.5,0.185,-14.43,14,92.86,21.78,-1.89,-3.17,-0.715,-4.51,5,80,13.68,-0.76,-0.38,0.023,-14.43,20,20.67,9.87,0.758,0.653,4.95,0
DIA,1h,300,3,dip,1.02,0.73,0.12,-14.43,13,84.62,21.82,-2.48,-4.16,-0.987,-4.49,4,75,13.3,-2.42,-1.22,-0.052,-14.43,18,20.67,9.87,0.758,0.653,4.95,0
DIA,1h,300,4,dip,2.47,1.75,0.206,-14.71,10,90,21.94,-2.33,-3.91,-0.897,-4.71,4,75,13.49,-1.44,-0.72,-0.008,-14.71,14,20.67,9.87,0.758,0.653,4.95,0
DIA,1h,300,5,dip,2.25,1.6,0.194,-14.6,9,88.89,21.86,-2.2,-3.7,-0.848,-4.76,4,75,13.4,-1.52,-0.76,-0.012,-14.6,13,20.67,9.87,0.758,0.653,4.95,0
DIA,1h,300,7,dip,0.28,0.2,0.076,-15.24,7,85.71,21.86,-2.24,-3.76,-0.887,-4.66,4,75,13.11,-3.46,-1.75,-0.1,-15.24,11,20.67,9.87,0.758,0.653,4.95,0
DIA,1h,300,9,dip,-2.05,-1.46,-0.067,-15.24,6,66.67,21.66,-0.81,-1.37,-0.31,-4.08,4,75,12.92,-4.16,-2.11,-0.133,-15.24,10,20.67,9.87,0.758,0.653,4.95,0
DIA,1h,300,12,dip,-0.75,-0.53,0.013,-15.24,5,80,21.53,-1.93,-3.24,-0.812,-4.08,4,50,11.96,-4.1,-2.07,-0.13,-15.24,9,20.67,9.87,0.758,0.653,4.95,0
DIA,1h,300,15,dip,-0.09,-0.07,0.053,-15.24,4,75,21.29,-2.97,-4.97,-1.312,-4.08,1,0,11.2,-4.51,-2.29,-0.151,-15.24,6,20.67,9.87,0.758,0.653,4.95,0
DIA,1h,300,20,dip,1.57,1.12,0.154,-15.24,4,75,21.41,-3.13,-5.23,-1.388,-4.08,1,0,11,-3.36,-1.7,-0.098,-15.24,6,20.67,9.87,0.758,0.653,4.95,0
DIA,1h,300,25,dip,1.72,1.22,0.162,-15.24,4,75,21.16,-2.6,-4.35,-1.161,-4.08,1,0,10.72,-3.33,-1.68,-0.097,-15.24,6,20.67,9.87,0.758,0.653,4.95,0
DIA,1h,300,30,dip,1.4,0.99,0.143,-15.24,4,50,21.08,-2.39,-4.01,-1.069,-4.08,1,0,10.53,-2.76,-1.39,-0.07,-15.24,5,20.67,9.87,0.758,0.653,4.95,0
DIA,1h,300,40,dip,0.53,0.38,0.09,-15.24,4,75,20.96,-2.39,-4.01,-1.069,-4.08,1,0,10.53,-2.78,-1.4,-0.073,-15.24,5,20.67,9.87,0.758,0.653,4.95,0
DIA,1h,300,50,dip,-0.28,-0.2,0.039,-15.24,3,66.67,20.96,-2.38,-3.99,-1.062,-4.08,1,0,10.43,-3.52,-1.78,-0.11,-15.24,5,20.67,9.87,0.758,0.653,4.95,0
DIA,1h,300,60,dip,1.28,0.91,0.137,-15.46,3,66.67,20.84,-3.25,-5.43,-1.549,-4.08,1,0,10.14,-1.34,-0.67,-0.009,-15.46,5,20.67,9.87,0.758,0.653,4.95,0
DIA,1h,300,75,dip,1.25,0.89,0.135,-13.68,3,66.67,20.47,-2.94,-4.91,-1.419,-3.83,1,0,9.38,0.12,0.06,0.059,-13.68,5,20.67,9.87,0.758,0.653,4.95,0
DIA,1h,300,100,dip,4.97,3.51,0.365,-13.27,2,50,19.44,-2.34,-3.92,-1.21,-3.12,1,0,8.33,5.54,2.74,0.307,-13.27,4,20.67,9.87,0.758,0.653,4.95,0
DIA,1h,300,125,dip,3.2,2.26,0.257,-13.22,2,50,19.81,-2.56,-4.28,-1.342,-3.15,1,0,7.75,4.58,2.27,0.265,-13.22,4,20.67,9.87,0.758,0.653,4.95,0
DIA,1h,300,150,dip,6.75,4.76,0.475,-12.88,2,100,20.1,-1.93,-3.24,-1.315,-2.82,1,0,7.08,9.03,4.43,0.468,-12.88,4,20.67,9.87,0.758,0.653,4.95,0
DIA,1h,300,200,dip,6.71,4.73,0.475,-12.88,2,100,20.22,-1.74,-2.92,-1.383,-2.52,1,0,5.17,9.27,4.54,0.48,-12.88,4,20.67,9.87,0.758,0.653,4.95,0
DIA,1h,300,250,dip,5.61,3.96,0.405,-12.88,2,100,21.58,-1.64,-2.75,-1.69,-2.34,1,0,2.87,7.9,3.88,0.416,-12.88,4,20.67,9.87,0.758,0.653,4.95,0
AAPL,1d,2,3,trend,175.36,3.21,0.259,-90.51,1491,41.31,51.6,58.56,3.4,0.27,-48.29,622,46.78,54.72,336.62,3.27,0.256,-90.51,2113,353307.14,19.53,0.576,0.926,2008.33,0
AAPL,1d,2,4,trend,-6.89,-0.22,0.156,-94.8,1086,38.95,51.83,109.06,5.5,0.373,-52.16,437,46.68,56.63,94.66,1.46,0.196,-94.8,1523,353307.14,19.53,0.576,0.926,2008.33,0
AAPL,1d,2,5,trend,-33.76,-1.28,0.128,-97.58,896,36.72,52.1,137.01,6.47,0.417,-49.26,367,47.41,56.74,50.21,0.89,0.179,-97.58,1264,353307.14,19.53,0.576,0.926,2008.33,0
AAPL,1d,2,7,trend,617.05,6.34,0.351,-89.81,681,35.68,52.6,614.66,15.35,0.853,-29.4,273,49.08,57.81,4793.75,8.87,0.435,-89.81,955,353307.14,19.53,0.576,0.926,2008.33,0
AAPL,1d,2,9,trend,3575.08,11.91,0.505,-72.42,566,37.1,53,631.62,15.55,0.852,-27.13,223,47.53,58.53,25855.72,12.9,0.558,-72.42,790,353307.14,19.53,0.576,0.926,2008.33,0
AAPL,1d,2,12,trend,6984.88,14.23,0.569,-72.64,456,35.31,53.23,900.16,18.2,0.987,-24.61,173,47.4,59.2,66711.63,15.26,0.632,-72.64,630,353307.14,19.53,0.576,0.926,2008.33,1
AAPL,1d,2,15,trend,11074.94,15.87,0.611,-64.11,405,35.56,54.13,1035.62,19.3,1.042,-27.82,152,50,60.06,120852.05,16.76,0.674,-64.11,558,353307.14,19.53,0.576,0.926,2008.33,1
AAPL,1d,2,20,trend,9303.5,15.24,0.598,-67.7,335,33.43,54.5,1085.18,19.67,1.047,-30.27,126,42.06,60.87,107485.2,16.46,0.669,-67.7,462,353307.14,19.53,0.576,0.926,2008.33,1
AAPL,1d,2,25,trend,10806.17,15.78,0.611,-66.24,298,33.56,54.9,1325.86,21.29,1.131,-25.86,113,44.25,61.28,150979.51,17.33,0.694,-66.24,412,353307.14,19.53,0.576,0.926,2008.33,1
AAPL,1d,2,30,trend,37192.36,20.31,0.725,-56.49,251,38.25,55.43,899.09,18.2,0.988,-30.48,101,38.61,62.08,361879.44,19.59,0.755,-56.49,353,353307.14,19.53,0.576,0.926,2008.33,1
AAPL,1d,2,40,trend,18503.24,17.73,0.655,-62.29,226,30.53,56.71,512.19,14.06,0.801,-32.5,102,33.33,63.15,113786.52,16.61,0.665,-62.29,328,353307.14,19.53,0.576,0.926,2008.33,0
AAPL,1d,2,50,trend,16373.45,17.28,0.643,-70.09,196,28.57,58.03,561.44,14.71,0.813,-26.2,83,38.55,64.54,108862.48,16.5,0.66,-70.09,279,353307.14,19.53,0.576,0.926,2008.33,0
AAPL,1d,2,60,trend,34148.97,19.99,0.708,-67.18,169,33.73,58.49,667.3,15.95,0.86,-27.14,76,42.11,65.55,262692.49,18.76,0.721,-67.18,245,353307.14,19.53,0.576,0.926,2008.33,0
AAPL,1d,2,75,trend,45583.55,21.07,0.729,-58.88,159,29.56,59.15,611,15.31,0.817,-24.77,64,37.5,67.54,324709.71,19.31,0.729,-58.88,223,353307.14,19.53,0.576,0.926,2008.33,0
AAPL,1d,2,100,trend,40913.32,20.67,0.719,-64.91,108,32.41,59.81,554.11,14.61,0.768,-33.01,59,28.81,69.88,263170.42,18.76,0.712,-64.91,168,353307.14,19.53,0.576,0.926,2008.33,0
AAPL,1d,2,125,trend,12135.52,16.2,0.61,-83.3,118,23.73,59.94,655.66,15.82,0.798,-37.6,50,30,71.9,92358.88,16.08,0.638,-83.3,168,353307.14,19.53,0.576,0.926,2008.33,0
AAPL,1d,2,150,trend,9069.04,15.15,0.586,-89.74,104,24.04,60.21,771.88,17.03,0.846,-27.54,37,35.14,67.95,93245.95,16.1,0.639,-89.74,142,353307.14,19.53,0.576,0.926,2008.33,0
AAPL,1d,2,200,trend,15519.88,17.08,0.632,-89.25,79,25.32,60.63,509.04,14.02,0.738,-31.27,24,45.83,61.07,159726.91,17.48,0.673,-89.25,105,353307.14,19.53,0.576,0.926,2008.33,0
AAPL,1d,2,250,trend,6706.46,14.09,0.557,-92.15,84,21.43,60.56,638.32,15.63,0.781,-31.43,17,35.29,62.55,78946.52,15.68,0.622,-92.15,104,353307.14,19.53,0.576,0.926,2008.33,0
AAPL,1d,2,300,trend,10468.74,15.67,0.594,-88.86,62,24.19,61.58,483.6,13.67,0.693,-32.47,20,25,63.38,81652.37,15.77,0.619,-88.86,84,353307.14,19.53,0.576,0.926,2008.33,0
AAPL,1d,3,2,dip,886.2,7.41,0.387,-81.54,1491,57.55,48.34,491.16,13.78,0.734,-31.96,622,61.09,45.13,6117.28,9.44,0.448,-81.54,2113,353307.14,19.53,0.576,0.926,2008.33,0
AAPL,1d,3,4,trend,-3.1,-0.1,0.164,-98.04,1236,42.39,51.75,139.78,6.56,0.427,-48.76,510,49.41,55.96,132.79,1.86,0.211,-98.04,1746,353307.14,19.53,0.576,0.926,2008.33,0
AAPL,1d,3,5,trend,846.21,7.27,0.377,-92.58,916,40.61,51.73,392.36,12.27,0.694,-35.59,364,49.45,57.29,4357.8,8.64,0.427,-92.58,1281,353307.14,19.53,0.576,0.926,2008.33,0
AAPL,1d,3,7,trend,3485.19,11.83,0.502,-72.14,632,39.72,52.31,404.47,12.47,0.719,-28.06,250,46,57.67,16986.61,11.88,0.526,-72.14,883,353307.14,19.53,0.576,0.926,2008.33,0
AAPL,1d,3,9,trend,5437.51,13.35,0.543,-59.79,504,38.29,52.35,567.06,14.78,0.824,-27.05,200,44.5,58.48,35106.05,13.66,0.58,-59.79,705,353307.14,19.53,0.576,0.926,2008.33,0
AAPL,1d,3,12,trend,7883.91,14.66,0.581,-58.86,408,37.5,53.14,828.12,17.56,0.956,-29.13,158,47.47,59.63,71342.34,15.43,0.637,-58.86,567,353307.14,19.53,0.576,0.926,2008.33,1
AAPL,1d,3,15,trend,12411.28,16.28,0.619,-60.46,336,40.48,54.21,1072.68,19.58,1.041,-29.76,131,50.38,60.44,141355.23,17.16,0.681,-60.46,468,353307.14,19.53,0.576,0.926,2008.33,1
AAPL,1d,3,20,trend,11979.58,16.15,0.619,-66.76,280,35,54.69,1054.54,19.44,1.047,-27.12,112,47.32,61.16,132822.5,17,0.682,-66.76,393,353307.14,19.53,0.576,0.926,2008.33,1
AAPL,1d,3,25,trend,19842.15,17.98,0.667,-55.38,252,35.71,54.91,1085.64,19.67,1.058,-26.27,96,43.75,61.33,232784.04,18.44,0.724,-55.38,349,353307.14,19.53,0.576,0.926,2008.33,1
AAPL,1d,3,30,trend,16884.65,17.39,0.653,-62.99,211,37.44,55.46,976.81,18.84,1.021,-27.72,87,42.53,62,182792.14,17.82,0.707,-62.99,298,353307.14,19.53,0.576,0.926,2008.33,1
AAPL,1d,3,40,trend,28928.47,19.37,0.697,-54.02,181,34.81,56.67,551.11,14.58,0.822,-37.23,84,39.29,63.12,188907.37,17.91,0.702,-54.02,265,353307.14,19.53,0.576,0.926,2008.33,0
AAPL,1d,3,50,trend,45321.48,21.05,0.737,-55.38,165,35.76,57.9,551.81,14.59,0.816,-30.61,71,47.89,64.31,295963.54,19.07,0.734,-55.38,236,353307.14,19.53,0.576,0.926,2008.33,0
AAPL,1d,3,60,trend,43159,20.87,0.725,-59,137,35.77,58.63,639.99,15.65,0.844,-28.06,63,41.27,65.58,320013.18,19.27,0.73,-59,200,353307.14,19.53,0.576,0.926,2008.33,0
AAPL,1d,3,75,trend,39686.45,20.55,0.715,-57.82,129,33.33,59.15,493.7,13.81,0.748,-29.23,59,40.68,67.8,236113.15,18.48,0.705,-57.82,188,353307.14,19.53,0.576,0.926,2008.33,0
AAPL,1d,3,100,trend,21949.94,18.35,0.663,-67.44,96,32.29,59.68,730.9,16.62,0.853,-28.27,49,36.73,69.94,180630.25,17.79,0.686,-67.44,146,353307.14,19.53,0.576,0.926,2008.33,0
AAPL,1d,3,125,trend,12338.42,16.25,0.611,-78.14,98,25.51,59.91,686.97,16.16,0.814,-30.88,39,33.33,71.87,97786.07,16.22,0.642,-78.14,137,353307.14,19.53,0.576,0.926,2008.33,0
AAPL,1d,3,150,trend,15481.86,17.08,0.634,-84.53,81,29.63,60.17,686.74,16.16,0.812,-33.72,32,34.38,67.83,142593.69,17.18,0.669,-84.53,114,353307.14,19.53,0.576,0.926,2008.33,0
AAPL,1d,3,200,trend,10787.62,15.77,0.597,-90.46,69,18.84,60.8,620.56,15.42,0.796,-33.6,20,50,61.1,128823.68,16.93,0.656,-90.46,90,353307.14,19.53,0.576,0.926,2008.33,0
AAPL,1d,3,250,trend,8995.72,15.12,0.583,-91.24,68,25,60.66,640.71,15.65,0.781,-31.43,15,53.33,62.46,105172.55,16.41,0.643,-91.24,86,353307.14,19.53,0.576,0.926,2008.33,0
AAPL,1d,3,300,trend,8924.93,15.1,0.579,-90.13,50,24,61.72,489.38,13.75,0.696,-32.47,16,25,63.5,72466.97,15.47,0.61,-90.13,67,353307.14,19.53,0.576,0.926,2008.33,0
AAPL,1d,4,2,dip,4642.33,12.81,0.522,-68.83,1086,60.59,48.11,459.85,13.33,0.719,-34.33,437,65.22,43.23,28213.33,13.12,0.55,-68.83,1523,353307.14,19.53,0.576,0.926,2008.33,0
AAPL,1d,4,3,dip,3531.62,11.87,0.5,-68.91,1235,56.52,48.18,347.18,11.49,0.632,-30.91,510,63.73,43.89,17174.37,11.91,0.518,-68.91,1746,353307.14,19.53,0.576,0.926,2008.33,0
AAPL,1d,4,5,trend,3552.71,11.89,0.502,-67.58,1093,47.12,51.67,298.05,10.55,0.614,-34.1,429,50.58,57.03,14430.32,11.48,0.512,-67.58,1522,353307.14,19.53,0.576,0.926,2008.33,0
AAPL,1d,4,7,trend,10076.86,15.53,0.601,-66.71,622,41.32,52.22,552.3,14.59,0.812,-30,248,50,57.52,62304.24,15.09,0.623,-66.71,872,353307.14,19.53,0.576,0.926,2008.33,0
AAPL,1d,4,9,trend,4983.07,13.05,0.535,-62.25,476,41.6,52.57,696.79,16.27,0.88,-27.32,195,52.31,58.56,38948.95,13.92,0.587,-62.25,672,353307.14,19.53,0.576,0.926,2008.33,0
AAPL,1d,4,12,trend,7619.5,14.54,0.576,-61.92,370,41.35,53.24,1050.98,19.42,1.029,-29.47,149,51.01,59.23,85563.13,15.89,0.647,-61.92,520,353307.14,19.53,0.576,0.926,2008.33,1
AAPL,1d,4,15,trend,8350.24,14.86,0.584,-57.52,322,40.06,53.94,1004.16,19.06,1.013,-37.66,124,54.84,60.32,89857.37,16.01,0.651,-57.52,447,353307.14,19.53,0.576,0.926,2008.33,1
AAPL,1d,4,20,trend,9812.22,15.43,0.599,-56.03,254,37.8,55.02,745.18,16.77,0.919,-34.86,103,47.57,61.19,82312.66,15.79,0.644,-56.03,358,353307.14,19.53,0.576,0.926,2008.33,0
AAPL,1d,4,25,trend,12179.13,16.21,0.622,-60.85,221,37.1,54.6,902.11,18.22,1.004,-24.66,87,49.43,61.31,122994.4,16.81,0.678,-60.85,309,353307.14,19.53,0.576,0.926,2008.33,1
AAPL,1d,4,30,trend,7839.46,14.64,0.579,-64.46,193,38.86,55.28,928.81,18.45,1.011,-25.92,77,46.75,61.88,81581.79,15.77,0.646,-64.46,270,353307.14,19.53,0.576,0.926,2008.33,1
AAPL,1d,4,40,trend,31648.17,19.71,0.705,-55.14,157,37.58,56.66,525.31,14.24,0.804,-33.97,72,43.06,62.95,198423.11,18.03,0.706,-55.14,229,353307.14,19.53,0.576,0.926,2008.33,0
AAPL,1d,4,50,trend,37266.85,20.32,0.72,-58.06,143,39.16,57.87,436.46,12.98,0.74,-23.48,66,46.97,64.54,200356.77,18.06,0.706,-58.06,209,353307.14,19.53,0.576,0.926,2008.33,0
AAPL,1d,4,60,trend,24082.56,18.69,0.671,-62.95,130,36.92,58.69,605.74,15.25,0.832,-28.51,53,45.28,65.52,170565.27,17.64,0.684,-62.95,183,353307.14,19.53,0.576,0.926,2008.33,0
AAPL,1d,4,75,trend,40996.19,20.68,0.717,-60.72,111,30.63,59.07,567.29,14.78,0.788,-27.01,48,47.92,67.98,274130.65,18.87,0.714,-60.72,159,353307.14,19.53,0.576,0.926,2008.33,0
AAPL,1d,4,100,trend,27910.1,19.24,0.683,-69.63,82,31.71,59.8,828.43,17.57,0.889,-30.09,38,39.47,69.94,249120.29,18.62,0.707,-69.63,121,353307.14,19.53,0.576,0.926,2008.33,0
AAPL,1d,4,125,trend,21610.51,18.29,0.663,-67.94,83,30.12,59.85,603.31,15.22,0.775,-33.05,35,31.43,71.82,152592.57,17.36,0.673,-67.94,118,353307.14,19.53,0.576,0.926,2008.33,0
AAPL,1d,4,150,trend,22775.87,18.49,0.669,-77.78,72,38.89,60.21,704.01,16.35,0.818,-31.72,28,42.86,68,213076.41,18.22,0.697,-77.78,101,353307.14,19.53,0.576,0.926,2008.33,0
AAPL,1d,4,200,trend,6841.27,14.16,0.56,-93.58,60,25,60.75,702,16.32,0.833,-27.66,18,50,60.99,91383.02,16.05,0.636,-93.58,79,353307.14,19.53,0.576,0.926,2008.33,0
AAPL,1d,4,250,trend,13361.02,16.54,0.62,-89.05,58,22.41,60.5,629.78,15.53,0.779,-31.43,12,50,62.2,152888.59,17.36,0.67,-89.05,73,353307.14,19.53,0.576,0.926,2008.33,0
AAPL,1d,4,300,trend,10791.4,15.77,0.596,-89.43,39,30.77,61.65,482.33,13.65,0.691,-32.49,14,35.71,63.41,86428.48,15.91,0.622,-89.43,54,353307.14,19.53,0.576,0.926,2008.33,0
AAPL,1d,5,2,dip,7890.03,14.66,0.57,-68.6,895,63.8,47.82,461.75,13.35,0.712,-28.15,368,67.12,43,47643,14.42,0.588,-68.6,1264,353307.14,19.53,0.576,0.926,2008.33,0
AAPL,1d,5,3,dip,446.02,5.44,0.333,-79.85,915,58.03,48.19,171.39,7.52,0.456,-27.46,365,64.11,42.45,1476.22,6.21,0.353,-79.85,1281,353307.14,19.53,0.576,0.926,2008.33,0
AAPL,1d,5,4,dip,9.74,0.29,0.193,-82.63,1092,54.85,48.24,200.1,8.31,0.496,-34.11,429,62.7,42.8,247.45,2.76,0.25,-82.63,1522,353307.14,19.53,0.576,0.926,2008.33,0
AAPL,1d,5,7,trend,4251.8,12.5,0.52,-69.77,681,41.85,52.29,502.27,13.93,0.78,-33,271,51.29,58.1,24823.56,12.8,0.554,-69.77,954,353307.14,19.53,0.576,0.926,2008.33,0
AAPL,1d,5,9,trend,8268.11,14.82,0.584,-53.1,482,42.95,52.61,565.93,14.76,0.811,-28.44,199,52.26,58.1,52859.31,14.68,0.612,-53.1,682,353307.14,19.53,0.576,0.926,2008.33,0
AAPL,1d,5,12,trend,3093.6,11.42,0.493,-61.36,350,41.71,53.11,1039.56,19.33,1.015,-27.08,145,50.34,59.2,34486.47,13.61,0.582,-61.36,496,353307.14,19.53,0.576,0.926,2008.33,1
AAPL,1d,5,15,trend,5260.24,13.24,0.54,-63.83,303,38.61,53.7,1080.73,19.64,1.039,-38.43,113,48.67,60.18,61270.25,15.05,0.622,-63.83,417,353307.14,19.53,0.576,0.926,2008.33,1
AAPL,1d,5,20,trend,5499.48,13.39,0.545,-65.82,235,36.17,55.06,727.8,16.59,0.913,-30.28,93,45.16,61.65,44846.81,14.27,0.599,-65.82,329,353307.14,19.53,0.576,0.926,2008.33,0
AAPL,1d,5,25,trend,10424.52,15.65,0.606,-66.01,202,39.6,54.75,797.59,17.28,0.961,-25.71,82,48.78,61.39,94192.64,16.13,0.657,-66.01,285,353307.14,19.53,0.576,0.926,2008.33,1
AAPL,1d,5,30,trend,13627.05,16.61,0.629,-58.21,185,40,55.31,859.23,17.85,0.984,-25.68,75,45.33,61.77,131574.18,16.98,0.68,-58.21,260,353307.14,19.53,0.576,0.926,2008.33,1
AAPL,1d,5,40,trend,27050.15,19.12,0.691,-54.39,148,40.54,56.44,500.86,13.91,0.792,-34.93,65,47.69,62.95,163033.27,17.53,0.692,-54.39,213,353307.14,19.53,0.576,0.926,2008.33,0
AAPL,1d,5,50,trend,39449.77,20.53,0.723,-58.08,130,41.54,57.83,443.26,13.08,0.743,-25.57,59,40.68,64.6,214759.76,18.24,0.708,-58.08,189,353307.14,19.53,0.576,0.926,2008.33,0
AAPL,1d,5,60,trend,21945.53,18.35,0.661,-60.77,117,37.61,58.92,535.73,14.38,0.792,-26.6,47,46.81,65.49,140050.7,17.14,0.668,-60.77,164,353307.14,19.53,0.576,0.926,2008.33,0
AAPL,1d,5,75,trend,40785.4,20.66,0.717,-63.16,108,32.41,59.03,658.06,15.85,0.837,-27.81,44,52.27,67.89,309834.63,19.19,0.723,-63.16,152,353307.14,19.53,0.576,0.926,2008.33,0
AAPL,1d,5,100,trend,18917.86,17.81,0.646,-69.05,75,34.67,59.69,493.31,13.81,0.727,-33.58,36,36.11,70.03,109582.4,16.51,0.645,-69.05,112,353307.14,19.53,0.576,0.926,2008.33,0
AAPL,1d,5,125,trend,17632.99,17.55,0.645,-73.4,76,31.58,60.02,474.24,13.54,0.692,-35.13,34,38.24,71.7,101729.5,16.32,0.644,-73.4,110,353307.14,19.53,0.576,0.926,2008.33,0
AAPL,1d,5,150,trend,22629.26,18.46,0.667,-80.26,61,31.15,60.26,750.01,16.82,0.818,-30.41,28,46.43,73.17,193101.92,17.96,0.689,-80.26,89,353307.14,19.53,0.576,0.926,2008.33,0
AAPL,1d,5,200,trend,4427.18,12.64,0.521,-94.67,54,24.07,60.72,608.25,15.28,0.789,-34.34,17,52.94,60.99,52591.76,14.66,0.598,-94.67,72,353307.14,19.53,0.576,0.926,2008.33,0
AAPL,1d,5,250,trend,6283.52,13.86,0.551,-91.16,56,23.21,60.54,624.38,15.47,0.772,-31.43,10,50,62.2,72329.03,15.46,0.614,-91.16,69,353307.14,19.53,0.576,0.926,2008.33,0
AAPL,1d,5,300,trend,12653.27,16.35,0.61,-87.33,39,33.33,61.65,506.92,13.99,0.705,-33.39,13,38.46,63.3,122179.99,16.79,0.645,-87.33,53,353307.14,19.53,0.576,0.926,2008.33,0
AAPL,1d,7,2,dip,773.14,7,0.375,-76.52,682,63.64,47.22,108.55,5.48,0.362,-31.25,274,64.96,41.93,1841.9,6.69,0.368,-76.52,956,353307.14,19.53,0.576,0.926,2008.33,0
AAPL,1d,7,3,dip,85.31,1.94,0.239,-80.25,632,60.28,47.5,207.61,8.5,0.496,-30.17,251,67.33,42.04,506.36,4.01,0.288,-80.25,884,353307.14,19.53,0.576,0.926,2008.33,0
AAPL,1d,7,4,dip,-33.97,-1.29,0.15,-88.38,623,58.59,47.6,138.47,6.52,0.408,-35.61,249,64.26,42.19,68.22,1.14,0.201,-88.38,873,353307.14,19.53,0.576,0.926,2008.33,0
AAPL,1d,7,5,dip,43.38,1.13,0.217,-82.68,681,56.24,47.61,148.38,6.83,0.419,-34.06,272,62.13,41.58,280.47,2.96,0.257,-82.68,954,353307.14,19.53,0.576,0.926,2008.33,0
AAPL,1d,7,9,trend,1679.12,9.41,0.436,-58.21,566,42.76,52.56,623.19,15.45,0.855,-35.35,223,51.57,58.13,11859.65,11.01,0.501,-58.21,791,353307.14,19.53,0.576,0.926,2008.33,0
AAPL,1d,7,12,trend,1739.81,9.52,0.439,-69.06,370,40.54,53.11,585.22,15,0.826,-40.45,146,46.58,59.14,11358.87,10.91,0.498,-69.06,517,353307.14,19.53,0.576,0.926,2008.33,0
AAPL,1d,7,15,trend,5063.83,13.11,0.538,-58.37,287,41.11,53.6,603.19,15.22,0.849,-33.21,110,43.64,59.98,33575.64,13.55,0.579,-58.37,398,353307.14,19.53,0.576,0.926,2008.33,0
AAPL,1d,7,20,trend,5535.34,13.42,0.545,-64.89,219,44.29,55.33,703.49,16.34,0.898,-30.95,86,50,61.45,42508.69,14.13,0.595,-64.89,306,353307.14,19.53,0.576,0.926,2008.33,0
AAPL,1d,7,25,trend,11109.64,15.88,0.609,-58.05,178,42.13,55,654.42,15.81,0.88,-28.12,71,52.11,61.74,80279.09,15.73,0.641,-58.05,250,353307.14,19.53,0.576,0.926,2008.33,0
AAPL,1d,7,30,trend,16927.04,17.4,0.649,-57.99,163,44.79,55.28,570.34,14.82,0.841,-28.92,67,47.76,61.88,114038.64,16.61,0.668,-57.99,230,353307.14,19.53,0.576,0.926,2008.33,0
AAPL,1d,7,40,trend,24152.34,18.7,0.674,-75.99,132,40.91,56.24,402.38,12.44,0.715,-33.24,62,43.55,63.27,121738.51,16.78,0.663,-75.99,194,353307.14,19.53,0.576,0.926,2008.33,0
AAPL,1d,7,50,trend,18838.08,17.79,0.647,-71.01,115,40.87,57.74,441.85,13.06,0.736,-31.91,53,47.17,64.4,102516.06,16.34,0.645,-71.01,168,353307.14,19.53,0.576,0.926,2008.33,0
AAPL,1d,7,60,trend,21463.26,18.27,0.655,-73.94,102,36.27,58.59,805.47,17.35,0.923,-22.45,43,53.49,65.49,195149.21,17.99,0.687,-73.94,145,353307.14,19.53,0.576,0.926,2008.33,0
AAPL,1d,7,75,trend,19273.23,17.87,0.645,-74.94,89,39.33,59.26,798.98,17.29,0.894,-26.69,37,51.35,67.89,174060.61,17.7,0.675,-74.94,126,353307.14,19.53,0.576,0.926,2008.33,0
AAPL,1d,7,100,trend,12039.09,16.17,0.604,-75.11,66,36.36,59.63,481.13,13.63,0.712,-28.65,33,42.42,70.2,70443.36,15.4,0.612,-75.11,99,353307.14,19.53,0.576,0.926,2008.33,0
AAPL,1d,7,125,trend,12191.5,16.21,0.607,-77.03,60,38.33,60.01,622.45,15.44,0.768,-32.76,29,44.83,71.5,88699.83,15.98,0.628,-77.03,89,353307.14,19.53,0.576,0.926,2008.33,0
AAPL,1d,7,150,trend,11764.24,16.08,0.608,-86.95,50,34,60.15,598.25,15.16,0.755,-32.44,25,44,73.12,82742.27,15.8,0.629,-86.95,75,353307.14,19.53,0.576,0.926,2008.33,0
AAPL,1d,7,200,trend,1747.83,9.53,0.44,-96.27,51,21.57,60.79,730.68,16.62,0.84,-31.43,14,78.57,61.1,25916.18,12.91,0.544,-96.27,66,353307.14,19.53,0.576,0.926,2008.33,0
AAPL,1d,7,250,trend,3614.79,11.95,0.503,-93.56,47,23.4,60.78,614.53,15.35,0.768,-31.43,10,50,62.08,41449.61,14.07,0.576,-93.56,59,353307.14,19.53,0.576,0.926,2008.33,0
AAPL,1d,7,300,trend,10445.3,15.66,0.592,-87.61,37,29.73,61.57,607.43,15.27,0.756,-31.43,10,50,63.12,114475.65,16.62,0.64,-87.61,48,353307.14,19.53,0.576,0.926,2008.33,0
AAPL,1d,9,2,dip,104.24,2.25,0.249,-83.88,567,63.84,46.81,149.02,6.85,0.428,-31.61,223,67.26,40.89,366.09,3.42,0.271,-83.88,791,353307.14,19.53,0.576,0.926,2008.33,0
AAPL,1d,9,3,dip,46.01,1.19,0.219,-81.01,505,61.19,47.45,147.03,6.79,0.421,-30.74,201,67.66,41.24,280.53,2.96,0.256,-81.01,706,353307.14,19.53,0.576,0.926,2008.33,0
AAPL,1d,9,4,dip,64.5,1.57,0.23,-86.7,477,62.89,47.23,105.67,5.38,0.357,-37.38,196,65.31,41.12,256.93,2.82,0.252,-86.7,673,353307.14,19.53,0.576,0.926,2008.33,0
AAPL,1d,9,5,dip,1.25,0.04,0.189,-88.74,483,59.63,47.18,148.46,6.83,0.425,-35.14,200,62,41.55,165.39,2.15,0.233,-88.74,683,353307.14,19.53,0.576,0.926,2008.33,0
AAPL,1d,9,7,dip,330.55,4.66,0.314,-85.52,567,57.32,47.23,130.39,6.25,0.395,-43.36,224,59.82,41.5,931.08,5.23,0.325,-85.52,792,353307.14,19.53,0.576,0.926,2008.33,0
AAPL,1d,9,12,trend,882.77,7.4,0.381,-76.78,415,44.1,53.32,383.52,12.13,0.683,-35.06,160,47.5,58.79,4201.05,8.56,0.426,-76.78,577,353307.14,19.53,0.576,0.926,2008.33,0
AAPL,1d,9,15,trend,3145.33,11.48,0.494,-61.19,294,47.62,53.75,571.23,14.83,0.834,-30.55,112,42.86,59.8,20529.11,12.34,0.543,-61.19,407,353307.14,19.53,0.576,0.926,2008.33,0
AAPL,1d,9,20,trend,5254.65,13.24,0.539,-65.34,210,42.38,55.15,781.81,17.13,0.929,-26.23,80,48.75,61.28,44061.22,14.22,0.595,-65.34,291,353307.14,19.53,0.576,0.926,2008.33,1
AAPL,1d,9,25,trend,20155.74,18.04,0.666,-50.15,169,44.38,55.21,634.5,15.58,0.863,-27.78,70,50,61.77,141065.49,17.16,0.684,-50.15,240,353307.14,19.53,0.576,0.926,2008.33,0
AAPL,1d,9,30,trend,26265.12,19.01,0.69,-48.66,145,46.9,55.47,530.48,14.31,0.803,-28.48,64,46.88,62.32,166126.41,17.58,0.695,-48.66,209,353307.14,19.53,0.576,0.926,2008.33,0
AAPL,1d,9,40,trend,55621.5,21.83,0.749,-77.63,118,42.37,56.3,388.55,12.21,0.708,-33.27,55,45.45,62.63,272126.69,18.85,0.72,-77.63,173,353307.14,19.53,0.576,0.926,2008.33,0
AAPL,1d,9,50,trend,32114.6,19.76,0.694,-76.71,102,44.12,58.27,474.98,13.55,0.758,-31.47,47,48.94,63.93,185128.68,17.85,0.686,-76.71,149,353307.14,19.53,0.576,0.926,2008.33,0
AAPL,1d,9,60,trend,25629.73,18.92,0.67,-74.71,92,41.3,58.86,755.67,16.87,0.893,-22.87,41,53.66,65.49,220061.96,18.3,0.693,-74.71,133,353307.14,19.53,0.576,0.926,2008.33,0
AAPL,1d,9,75,trend,21387.59,18.26,0.652,-73.71,81,44.44,59.26,836.54,17.64,0.903,-26.87,33,54.55,67.69,201140.74,18.07,0.683,-73.71,114,353307.14,19.53,0.576,0.926,2008.33,0
AAPL,1d,9,100,trend,11333.17,15.95,0.598,-75.32,58,41.38,59.58,485.14,13.69,0.714,-28.05,31,41.94,70.05,66799.8,15.26,0.608,-75.32,89,353307.14,19.53,0.576,0.926,2008.33,0
AAPL,1d,9,125,trend,7952.24,14.69,0.569,-79.87,54,35.19,59.93,497.38,13.86,0.707,-32.39,25,48,71.18,48002.8,14.44,0.586,-79.87,79,353307.14,19.53,0.576,0.926,2008.33,0
AAPL,1d,9,150,trend,5570.76,13.44,0.539,-87.78,45,31.11,60.22,690.95,16.21,0.791,-28.99,24,54.17,73.17,44752.94,14.26,0.581,-87.78,69,353307.14,19.53,0.576,0.926,2008.33,0
AAPL,1d,9,200,trend,2459.11,10.65,0.47,-94.68,44,31.82,60.8,822.12,17.51,0.871,-31.43,9,66.67,61.13,39533.72,13.95,0.573,-94.68,54,353307.14,19.53,0.576,0.926,2008.33,0
AAPL,1d,9,250,trend,2940.41,11.25,0.485,-93.2,42,26.19,60.95,495.21,13.83,0.704,-36.1,10,50,61.91,28029.56,13.1,0.548,-93.2,54,353307.14,19.53,0.576,0.926,2008.33,0
AAPL,1d,9,300,trend,12993.37,16.44,0.611,-86.88,29,41.38,61.46,522.44,14.2,0.713,-31.57,10,50,63.01,120541.73,16.76,0.644,-86.88,40,353307.14,19.53,0.576,0.926,2008.33,0
AAPL,1d,12,2,dip,23.38,0.66,0.207,-89.65,457,65.86,46.56,86.62,4.64,0.324,-38.39,173,67.63,39.91,123.91,1.78,0.222,-89.65,631,353307.14,19.53,0.576,0.926,2008.33,0
AAPL,1d,12,3,dip,15.98,0.46,0.201,-83.45,409,63.33,46.65,104.76,5.34,0.357,-42.93,158,68.99,39.47,125.85,1.79,0.223,-83.45,568,353307.14,19.53,0.576,0.926,2008.33,0
AAPL,1d,12,4,dip,19.64,0.56,0.203,-88.52,371,63.61,46.53,66.03,3.75,0.283,-45.23,149,62.42,39.85,89.91,1.41,0.21,-88.52,521,353307.14,19.53,0.576,0.926,2008.33,0
AAPL,1d,12,5,dip,196.2,3.45,0.282,-81.91,351,64.1,46.67,68.5,3.86,0.288,-50.99,145,64.14,39.88,384.08,3.5,0.274,-81.91,497,353307.14,19.53,0.576,0.926,2008.33,0
AAPL,1d,12,7,dip,401.96,5.17,0.328,-83.71,371,64.15,46.66,169.2,7.46,0.452,-35.6,146,63.7,40.46,1325.6,5.97,0.347,-83.71,517,353307.14,19.53,0.576,0.926,2008.33,0
AAPL,1d,12,9,dip,826.6,7.2,0.38,-79.44,416,61.54,46.44,277.92,10.14,0.571,-37.9,160,62.5,40.77,3578.28,8.19,0.411,-79.44,577,353307.14,19.53,0.576,0.926,2008.33,0
AAPL,1d,12,15,trend,14585.27,16.86,0.638,-52.53,345,49.28,53.89,568.06,14.79,0.822,-32.03,137,50.36,59.95,93749.23,16.12,0.655,-52.53,484,353307.14,19.53,0.576,0.926,2008.33,0
AAPL,1d,12,20,trend,11368.23,15.96,0.612,-56.93,219,44.29,55.16,777.85,17.09,0.926,-25.17,84,47.62,61.33,96171.59,16.18,0.654,-56.93,304,353307.14,19.53,0.576,0.926,2008.33,0
AAPL,1d,12,25,trend,27752.84,19.22,0.691,-54.53,163,48.47,55.19,550.46,14.57,0.817,-28.76,71,46.48,61.85,181072.07,17.8,0.697,-54.53,234,353307.14,19.53,0.576,0.926,2008.33,0
AAPL,1d,12,30,trend,42878.96,20.84,0.731,-54.28,141,43.97,55.62,517.24,14.13,0.791,-32.3,60,48.33,62.81,265181.8,18.78,0.724,-54.28,201,353307.14,19.53,0.576,0.926,2008.33,0
AAPL,1d,12,40,trend,47489.4,21.23,0.733,-75.95,106,46.23,56.31,494.86,13.83,0.778,-32.2,49,53.06,62.17,282988.7,18.95,0.721,-75.95,155,353307.14,19.53,0.576,0.926,2008.33,0
AAPL,1d,12,50,trend,44229.45,20.96,0.721,-73.4,89,48.31,58.42,616.48,15.38,0.839,-26.66,44,52.27,63.33,317511.45,19.25,0.722,-73.4,133,353307.14,19.53,0.576,0.926,2008.33,0
AAPL,1d,12,60,trend,28106.68,19.27,0.677,-66.23,82,45.12,59.13,579.22,14.93,0.801,-24.71,37,54.05,65.35,191486.06,17.94,0.682,-66.23,119,353307.14,19.53,0.576,0.926,2008.33,0
AAPL,1d,12,75,trend,21064.52,18.2,0.649,-74.51,71,45.07,59.23,695.67,16.26,0.837,-26.76,31,58.06,67.37,168299.05,17.61,0.669,-74.51,102,353307.14,19.53,0.576,0.926,2008.33,0
AAPL,1d,12,100,trend,15322.32,17.04,0.624,-73.44,53,45.28,59.73,425.18,12.8,0.676,-31.56,27,44.44,69.82,80894.42,15.74,0.62,-73.44,80,353307.14,19.53,0.576,0.926,2008.33,0
AAPL,1d,12,125,trend,7483.45,14.47,0.562,-80.84,51,41.18,60.27,486.55,13.71,0.699,-32.29,24,45.83,71.44,44380.87,14.24,0.578,-80.84,75,353307.14,19.53,0.576,0.926,2008.33,0
AAPL,1d,12,150,trend,4488.41,12.69,0.52,-90.58,43,34.88,60.26,763.87,16.95,0.812,-30.32,17,64.71,73.58,39537.74,13.95,0.571,-90.58,60,353307.14,19.53,0.576,0.926,2008.33,0
AAPL,1d,12,200,trend,2804.57,11.09,0.481,-93.74,43,32.56,60.61,708.66,16.39,0.823,-31.8,9,66.67,61.13,40020.15,13.98,0.573,-93.74,53,353307.14,19.53,0.576,0.926,2008.33,0
AAPL,1d,12,250,trend,2899.15,11.2,0.483,-93.13,40,25,61.19,633.01,15.57,0.778,-31.43,10,50,61.71,34877.51,13.64,0.561,-93.13,52,353307.14,19.53,0.576,0.926,2008.33,0
AAPL,1d,12,300,trend,12803.92,16.39,0.61,-85.66,25,40,61.36,448.5,13.16,0.67,-35.42,9,44.44,62.92,109995.87,16.52,0.637,-85.66,35,353307.14,19.53,0.576,0.926,2008.33,0
AAPL,1d,15,2,dip,-20.75,-0.72,0.167,-87.85,406,67.98,45.64,67.67,3.83,0.284,-39.58,152,68.42,39.01,28.5,0.55,0.184,-87.85,559,353307.14,19.53,0.576,0.926,2008.33,0
AAPL,1d,15,3,dip,-23.11,-0.82,0.163,-91.36,337,64.99,45.57,66.52,3.77,0.283,-42.82,131,70.99,38.64,22.41,0.44,0.18,-91.36,469,353307.14,19.53,0.576,0.926,2008.33,0
AAPL,1d,15,4,dip,15.77,0.46,0.2,-86.46,323,65.02,45.83,78.45,4.3,0.308,-45.82,123,67.48,38.75,97.51,1.5,0.213,-86.46,447,353307.14,19.53,0.576,0.926,2008.33,0
AAPL,1d,15,5,dip,86.72,1.97,0.241,-88.88,304,66.12,46.06,68.03,3.84,0.286,-48.59,112,66.07,38.87,200.12,2.43,0.241,-88.88,417,353307.14,19.53,0.576,0.926,2008.33,0
AAPL,1d,15,7,dip,105.65,2.28,0.251,-90.35,288,64.93,46.15,190.62,8.06,0.477,-38.39,109,67.89,39.04,482.42,3.92,0.287,-90.35,398,353307.14,19.53,0.576,0.926,2008.33,0
AAPL,1d,15,9,dip,224.47,3.74,0.29,-86.51,295,62.71,45.99,203.73,8.4,0.493,-37.02,111,68.47,39.21,840.54,5.02,0.319,-86.51,407,353307.14,19.53,0.576,0.926,2008.33,0
AAPL,1d,15,12,dip,-33.9,-1.28,0.152,-88.98,346,59.83,45.84,179,7.74,0.465,-33.45,137,67.15,39.56,84.72,1.35,0.208,-88.98,484,353307.14,19.53,0.576,0.926,2008.33,0
AAPL,1d,15,20,trend,17435.1,17.51,0.647,-53.79,250,48.4,54.88,750.32,16.82,0.915,-28.4,91,54.95,61.51,132381.68,16.99,0.672,-53.79,343,353307.14,19.53,0.576,0.926,2008.33,0
AAPL,1d,15,25,trend,21107.53,18.21,0.664,-60.57,168,48.21,55.53,595.52,15.13,0.831,-35.43,74,51.35,62.03,147403,17.27,0.679,-60.57,242,353307.14,19.53,0.576,0.926,2008.33,0
AAPL,1d,15,30,trend,22451.63,18.44,0.664,-71.79,134,42.54,55.85,700.42,16.31,0.885,-28.66,56,53.57,62.69,180407.49,17.79,0.687,-71.79,190,353307.14,19.53,0.576,0.926,2008.33,0
AAPL,1d,15,40,trend,32322.18,19.79,0.701,-71.97,100,46,56.24,535.08,14.37,0.802,-32.68,46,50,62.6,205807.95,18.13,0.701,-71.97,146,353307.14,19.53,0.576,0.926,2008.33,0
AAPL,1d,15,50,trend,18538.73,17.73,0.645,-72.55,87,47.13,58.48,568.22,14.79,0.812,-26.73,42,59.52,63.01,124447.66,16.84,0.658,-72.55,129,353307.14,19.53,0.576,0.926,2008.33,0
AAPL,1d,15,60,trend,24154.49,18.7,0.663,-75.5,76,48.68,59.12,597.56,15.15,0.798,-29.77,35,57.14,65.17,169088.68,17.62,0.671,-75.5,111,353307.14,19.53,0.576,0.926,2008.33,0
AAPL,1d,15,75,trend,15425.91,17.06,0.622,-78.32,64,45.31,59.17,524.74,14.23,0.751,-31.84,30,56.67,67.43,96896.38,16.2,0.631,-78.32,94,353307.14,19.53,0.576,0.926,2008.33,0
AAPL,1d,15,100,trend,7164.52,14.32,0.557,-80.24,51,45.1,59.63,450.89,13.19,0.68,-30.1,27,51.85,69.68,39919.19,13.98,0.57,-80.24,78,353307.14,19.53,0.576,0.926,2008.33,0
AAPL,1d,15,125,trend,3262.61,11.6,0.491,-88.54,46,36.96,60.22,563.85,14.74,0.737,-27.32,20,55,71.85,22222.73,12.53,0.531,-88.54,66,353307.14,19.53,0.576,0.926,2008.33,0
AAPL,1d,15,150,trend,3131.37,11.46,0.489,-91.49,40,35,60.06,1010.08,19.1,0.885,-31.43,13,69.23,73.69,35770.72,13.7,0.564,-91.49,53,353307.14,19.53,0.576,0.926,2008.33,0
AAPL,1d,15,200,trend,1648.13,9.35,0.436,-94.6,39,30.77,60.66,569.6,14.81,0.754,-34.51,9,66.67,61.13,19063.82,12.16,0.522,-94.6,49,353307.14,19.53,0.576,0.926,2008.33,0
AAPL,1d,15,250,trend,3508.77,11.85,0.499,-92.77,35,28.57,61.27,718.4,16.5,0.815,-31.43,8,62.5,61.59,45687.91,14.31,0.579,-92.77,45,353307.14,19.53,0.576,0.926,2008.33,0
AAPL,1d,15,300,trend,8649.93,14.98,0.575,-84.59,25,36,61.35,458.53,13.31,0.677,-33.99,9,44.44,62.72,75122.47,15.56,0.611,-84.59,35,353307.14,19.53,0.576,0.926,2008.33,0
AAPL,1d,20,2,dip,6.61,0.2,0.195,-87.16,336,67.56,45.24,64.71,3.69,0.279,-47.22,126,69.84,38.17,68.73,1.15,0.204,-87.16,463,353307.14,19.53,0.576,0.926,2008.33,0
AAPL,1d,20,3,dip,-13.12,-0.44,0.176,-89.3,281,67.97,45.04,72.05,4.02,0.293,-48.33,111,72.07,37.89,45.48,0.82,0.193,-89.3,393,353307.14,19.53,0.576,0.926,2008.33,0
AAPL,1d,20,4,dip,11.47,0.34,0.196,-90.41,255,69.02,44.72,143.84,6.69,0.415,-42.72,102,67.65,37.83,149.71,2.02,0.229,-90.41,358,353307.14,19.53,0.576,0.926,2008.33,0
AAPL,1d,20,5,dip,101.87,2.22,0.248,-90.16,236,67.37,44.68,151.96,6.94,0.427,-40.1,92,76.09,37.37,374.06,3.46,0.272,-90.16,329,353307.14,19.53,0.576,0.926,2008.33,0
AAPL,1d,20,7,dip,100.38,2.19,0.247,-89.8,220,64.55,44.39,160.85,7.21,0.44,-40.49,85,65.88,37.51,403.78,3.59,0.276,-89.8,306,353307.14,19.53,0.576,0.926,2008.33,0
AAPL,1d,20,9,dip,114.03,2.4,0.252,-88.68,211,64.93,44.57,143.43,6.67,0.417,-38.57,79,67.09,37.66,396.89,3.56,0.275,-88.68,291,353307.14,19.53,0.576,0.926,2008.33,0
AAPL,1d,20,12,dip,-3.84,-0.12,0.182,-85.79,220,57.27,44.53,151.6,6.93,0.43,-41.99,83,68.67,37.54,118.26,1.72,0.219,-85.79,304,353307.14,19.53,0.576,0.926,2008.33,0
AAPL,1d,20,15,dip,-40.35,-1.6,0.137,-88.76,251,56.57,44.8,157.57,7.11,0.439,-40.58,90,67.78,37.37,49.01,0.87,0.191,-88.76,343,353307.14,19.53,0.576,0.926,2008.33,0
AAPL,1d,20,25,trend,16505.53,17.31,0.635,-71.62,196,49.49,56.25,421.17,12.74,0.723,-29.21,76,48.68,62.66,86613.75,15.92,0.633,-71.62,272,353307.14,19.53,0.576,0.926,2008.33,0
AAPL,1d,20,30,trend,12418.88,16.28,0.609,-81.12,136,45.59,56.51,485.21,13.69,0.764,-33.65,60,51.67,62.66,73115.36,15.49,0.62,-81.12,196,353307.14,19.53,0.576,0.926,2008.33,0
AAPL,1d,20,40,trend,19424.41,17.9,0.652,-75.57,94,45.74,56.65,532.92,14.34,0.792,-29.82,47,59.57,63.24,123473.54,16.82,0.661,-75.57,141,353307.14,19.53,0.576,0.926,2008.33,0
AAPL,1d,20,50,trend,18288.28,17.68,0.643,-78.82,82,48.78,58.14,366.11,11.83,0.667,-28.1,43,46.51,63.82,85609.55,15.89,0.63,-78.82,125,353307.14,19.53,0.576,0.926,2008.33,0
AAPL,1d,20,60,trend,8169.16,14.78,0.569,-83.02,69,46.38,59.46,625.53,15.48,0.811,-27.07,32,56.25,65.17,59895.2,14.99,0.601,-83.02,101,353307.14,19.53,0.576,0.926,2008.33,0
AAPL,1d,20,75,trend,3668.75,12,0.502,-89.09,61,44.26,59.34,550.54,14.57,0.743,-30.28,31,54.84,67.31,24417.39,12.76,0.539,-89.09,92,353307.14,19.53,0.576,0.926,2008.33,0
AAPL,1d,20,100,trend,7383.19,14.42,0.562,-78.7,49,42.86,59.73,549.75,14.56,0.733,-34.82,24,58.33,69.71,48522.08,14.46,0.585,-78.7,73,353307.14,19.53,0.576,0.926,2008.33,0
AAPL,1d,20,125,trend,2136.16,10.19,0.457,-92.63,42,42.86,60.38,495.02,13.83,0.696,-30.52,17,58.82,72.28,13205.64,11.27,0.497,-92.63,59,353307.14,19.53,0.576,0.926,2008.33,0
AAPL,1d,20,150,trend,2908.6,11.21,0.484,-90.57,36,47.22,59.89,774.41,17.06,0.806,-33.32,13,69.23,73.61,26207.34,12.94,0.545,-90.57,49,353307.14,19.53,0.576,0.926,2008.33,0
AAPL,1d,20,200,trend,1302.81,8.6,0.417,-94.72,36,33.33,60.63,588.23,15.04,0.76,-34.44,8,75,61.07,15893.53,11.72,0.509,-94.72,45,353307.14,19.53,0.576,0.926,2008.33,0
AAPL,1d,20,250,trend,3353.52,11.69,0.495,-91.99,33,27.27,61.26,547.36,14.53,0.729,-35.75,7,71.43,61.57,36163.92,13.73,0.563,-91.99,41,353307.14,19.53,0.576,0.926,2008.33,0
AAPL,1d,20,300,trend,7610.22,14.53,0.564,-84.33,25,36,61.29,431.91,12.91,0.658,-35.09,8,50,62.46,60995.53,15.03,0.596,-84.33,34,353307.14,19.53,0.576,0.926,2008.33,0
AAPL,1d,25,2,dip,-5.45,-0.17,0.183,-87.6,299,69.23,44.72,45.21,2.75,0.234,-42.46,112,67.86,37.08,25.62,0.5,0.183,-87.6,412,353307.14,19.53,0.576,0.926,2008.33,0
AAPL,1d,25,3,dip,-45.35,-1.87,0.136,-91.26,253,68.38,44.7,79.04,4.32,0.308,-44.92,95,66.32,36.99,-12.11,-0.28,0.159,-91.26,349,353307.14,19.53,0.576,0.926,2008.33,0
AAPL,1d,25,4,dip,-4.44,-0.14,0.184,-92.54,222,68.02,45,114.13,5.69,0.369,-41.8,86,72.09,37.02,81,1.3,0.208,-92.54,309,353307.14,19.53,0.576,0.926,2008.33,0
AAPL,1d,25,5,dip,14.07,0.41,0.199,-90.75,203,68.47,44.85,144.35,6.7,0.415,-42.16,81,72.84,36.9,143.19,1.96,0.227,-90.75,285,353307.14,19.53,0.576,0.926,2008.33,0
AAPL,1d,25,7,dip,10.23,0.3,0.195,-86.9,179,68.72,44.6,191.75,8.09,0.479,-42.44,70,75.71,36.53,197.54,2.41,0.24,-86.9,250,353307.14,19.53,0.576,0.926,2008.33,0
AAPL,1d,25,9,dip,-43.73,-1.78,0.136,-89.35,170,64.71,44.44,200.02,8.31,0.491,-40.31,69,75.36,36.5,56.46,0.98,0.197,-89.35,240,353307.14,19.53,0.576,0.926,2008.33,0
AAPL,1d,25,12,dip,-58.78,-2.73,0.106,-92.12,164,59.76,44.47,231.02,9.08,0.528,-41.12,70,72.86,36.38,22.79,0.45,0.178,-92.12,234,353307.14,19.53,0.576,0.926,2008.33,0
AAPL,1d,25,15,dip,-45.36,-1.87,0.13,-83.59,169,56.8,44.11,222.8,8.88,0.519,-43,73,71.23,36.7,51.68,0.91,0.192,-83.59,242,353307.14,19.53,0.576,0.926,2008.33,0
AAPL,1d,25,20,dip,-29.77,-1.1,0.136,-88.52,196,61.22,43.37,335.7,11.28,0.625,-38.89,75,72,36.04,158.9,2.1,0.221,-88.52,272,353307.14,19.53,0.576,0.926,2008.33,0
AAPL,1d,25,30,trend,16046.7,17.21,0.632,-82.43,174,50.57,56.86,496.19,13.85,0.756,-31.91,70,57.14,62.92,94533.13,16.14,0.637,-82.43,244,353307.14,19.53,0.576,0.926,2008.33,0
AAPL,1d,25,40,trend,5950.43,13.67,0.545,-81.37,101,48.51,57.22,326.05,11.1,0.636,-28.62,52,51.92,62.49,25678.05,12.89,0.547,-81.37,153,353307.14,19.53,0.576,0.926,2008.33,0
AAPL,1d,25,50,trend,5896.35,13.64,0.548,-84.31,83,49.4,58.38,490.67,13.77,0.748,-27.19,41,60.98,63.88,35318.57,13.67,0.573,-84.31,124,353307.14,19.53,0.576,0.926,2008.33,0
AAPL,1d,25,60,trend,4753.58,12.89,0.526,-87.83,66,48.48,59.54,456.15,13.27,0.709,-29.77,28,60.71,65.03,26893.22,13,0.549,-87.83,94,353307.14,19.53,0.576,0.926,2008.33,0
AAPL,1d,25,75,trend,4471.97,12.68,0.518,-86.89,58,41.38,59.74,503.96,13.95,0.712,-28.91,25,60,67.05,27513.06,13.06,0.546,-86.89,83,353307.14,19.53,0.576,0.926,2008.33,0
AAPL,1d,25,100,trend,5773.14,13.56,0.54,-82.04,47,44.68,59.95,406.9,12.51,0.646,-35.94,21,47.62,69.79,29671.08,13.24,0.551,-82.04,68,353307.14,19.53,0.576,0.926,2008.33,0
AAPL,1d,25,125,trend,2271.95,10.39,0.462,-91.76,37,45.95,60.2,475.89,13.56,0.678,-31.65,17,58.82,72.37,13559.81,11.33,0.499,-91.76,54,353307.14,19.53,0.576,0.926,2008.33,0
AAPL,1d,25,150,trend,1792.34,9.62,0.443,-90.34,34,50,60.06,673.22,16.02,0.766,-33.13,13,69.23,73.43,14532.05,11.5,0.504,-90.34,47,353307.14,19.53,0.576,0.926,2008.33,0
AAPL,1d,25,200,trend,2030.58,10.02,0.453,-94.09,31,29.03,60.53,671.41,16,0.794,-35.18,7,71.43,61.13,27009.21,13.01,0.544,-94.09,39,353307.14,19.53,0.576,0.926,2008.33,0
AAPL,1d,25,250,trend,3384.03,11.73,0.496,-91.97,30,33.33,61.21,508.51,14.01,0.706,-35.75,7,57.14,61.33,36973.14,13.79,0.564,-91.97,38,353307.14,19.53,0.576,0.926,2008.33,0
AAPL,1d,25,300,trend,6529.72,13.99,0.551,-86.34,23,30.43,61.36,556.86,14.65,0.717,-34.76,8,50,62.4,67829.35,15.3,0.602,-86.34,32,353307.14,19.53,0.576,0.926,2008.33,0
AAPL,1d,30,2,dip,-69.65,-3.65,0.084,-93.89,252,70.63,44.17,110.24,5.55,0.364,-41.75,100,74,36.27,-41.62,-1.17,0.131,-93.89,353,353307.14,19.53,0.576,0.926,2008.33,0
AAPL,1d,30,3,dip,-26.4,-0.95,0.161,-87.89,212,68.87,44.13,99.27,5.14,0.345,-42.48,86,73.26,36.33,29.93,0.57,0.185,-87.89,298,353307.14,19.53,0.576,0.926,2008.33,0
AAPL,1d,30,4,dip,60.88,1.5,0.229,-86.6,194,70.1,44.31,114.46,5.7,0.37,-38.37,76,71.05,36.41,200.86,2.43,0.242,-86.6,270,353307.14,19.53,0.576,0.926,2008.33,0
AAPL,1d,30,5,dip,-6.04,-0.19,0.181,-92.32,186,66.13,44.28,130.57,6.26,0.396,-38.15,74,74.32,36.53,88.9,1.4,0.21,-92.32,260,353307.14,19.53,0.576,0.926,2008.33,0
AAPL,1d,30,7,dip,-17.14,-0.59,0.17,-88.82,164,68.9,44.29,222.75,8.88,0.513,-37.5,66,80.3,36.36,140.69,1.94,0.226,-88.82,230,353307.14,19.53,0.576,0.926,2008.33,0
AAPL,1d,30,9,dip,-45.32,-1.87,0.133,-89.89,146,64.38,44.11,243.84,9.38,0.539,-36.48,63,77.78,35.89,69.49,1.16,0.202,-89.89,209,353307.14,19.53,0.576,0.926,2008.33,0
AAPL,1d,30,12,dip,-66.29,-3.34,0.088,-91.44,142,64.79,43.96,259.85,9.75,0.558,-35.94,59,76.27,35.37,7.23,0.15,0.169,-91.44,201,353307.14,19.53,0.576,0.926,2008.33,0
AAPL,1d,30,15,dip,-39.2,-1.54,0.123,-91.11,135,57.78,43.74,182.95,7.85,0.474,-35.98,55,70.91,35.46,49.88,0.89,0.181,-91.11,190,353307.14,19.53,0.576,0.926,2008.33,0
AAPL,1d,30,20,dip,16.49,0.48,0.183,-87.15,136,59.56,43.07,303.1,10.65,0.6,-36.17,59,69.49,35.89,290.86,3.02,0.25,-87.15,196,353307.14,19.53,0.576,0.926,2008.33,0
AAPL,1d,30,25,dip,-19.37,-0.67,0.147,-81.37,174,56.32,42.7,290.95,10.41,0.6,-32.94,69,73.91,35.63,166.75,2.17,0.222,-81.37,244,353307.14,19.53,0.576,0.926,2008.33,0
AAPL,1d,30,40,trend,3948.79,12.25,0.513,-86.5,114,51.75,57.49,661.02,15.88,0.849,-25.9,50,62,62.69,30712.08,13.33,0.564,-86.5,164,353307.14,19.53,0.576,0.926,2008.33,0
AAPL,1d,30,50,trend,2225.12,10.32,0.463,-91.01,85,48.24,58.56,400.99,12.42,0.683,-33.57,39,51.28,64.11,11548.63,10.95,0.495,-91.01,124,353307.14,19.53,0.576,0.926,2008.33,0
AAPL,1d,30,60,trend,8508.39,14.93,0.576,-84.16,63,44.44,59.46,365.43,11.82,0.632,-34.55,33,57.58,65.29,39966.23,13.98,0.575,-84.16,96,353307.14,19.53,0.576,0.926,2008.33,0
AAPL,1d,30,75,trend,2877.61,11.18,0.481,-87.46,55,45.45,59.93,546.08,14.51,0.735,-30.31,26,65.38,66.71,19137.66,12.17,0.522,-87.46,81,353307.14,19.53,0.576,0.926,2008.33,0
AAPL,1d,30,100,trend,4302.58,12.55,0.515,-85.14,42,47.62,59.91,521.45,14.19,0.71,-31.43,19,52.63,69.39,27259.76,13.03,0.545,-85.14,61,353307.14,19.53,0.576,0.926,2008.33,0
AAPL,1d,30,125,trend,2002.36,9.98,0.452,-91.18,35,42.86,60.21,399.56,12.39,0.63,-33.28,16,62.5,72.08,10402.46,10.7,0.481,-91.18,51,353307.14,19.53,0.576,0.926,2008.33,0
AAPL,1d,30,150,trend,1449.58,8.93,0.425,-91.19,33,39.39,60.25,584.76,15,0.725,-36.68,13,69.23,73.35,10510.86,10.72,0.482,-91.19,46,353307.14,19.53,0.576,0.926,2008.33,0
AAPL,1d,30,200,trend,869.24,7.35,0.384,-96.2,29,31.03,60.36,658.81,15.86,0.785,-38.93,7,71.43,61.16,10094.89,10.62,0.478,-96.2,37,353307.14,19.53,0.576,0.926,2008.33,0
AAPL,1d,30,250,trend,4153.3,12.42,0.513,-91.34,29,31.03,61.29,410.89,12.58,0.647,-39.26,7,57.14,61.28,37502.38,13.82,0.565,-91.34,37,353307.14,19.53,0.576,0.926,2008.33,0
AAPL,1d,30,300,trend,7027,14.25,0.556,-84.45,22,31.82,61.27,471.28,13.49,0.67,-37.94,8,75,62.4,64185.22,15.16,0.597,-84.45,31,353307.14,19.53,0.576,0.926,2008.33,0
AAPL,1d,40,2,dip,-29.65,-1.09,0.154,-86.2,226,76.11,42.44,244.26,9.39,0.537,-38.45,101,78.22,35.17,114.55,1.68,0.218,-86.2,327,353307.14,19.53,0.576,0.926,2008.33,0
AAPL,1d,40,3,dip,-51.74,-2.25,0.12,-86.09,181,73.48,42.46,230.75,9.08,0.526,-37.78,83,77.11,35.2,41.42,0.76,0.188,-86.09,264,353307.14,19.53,0.576,0.926,2008.33,0
AAPL,1d,40,4,dip,-54.58,-2.43,0.114,-91.25,157,71.34,42.48,254.98,9.64,0.551,-37.03,71,78.87,35.35,40.58,0.75,0.188,-91.25,228,353307.14,19.53,0.576,0.926,2008.33,0
AAPL,1d,40,5,dip,-45.01,-1.85,0.132,-90.68,148,67.57,42.69,268.97,9.95,0.561,-38.46,64,84.38,35.32,78.63,1.27,0.205,-90.68,212,353307.14,19.53,0.576,0.926,2008.33,0
AAPL,1d,40,7,dip,-35.04,-1.34,0.132,-92.64,132,68.94,42.87,333.26,11.24,0.622,-35.94,61,81.97,34.97,153.31,2.05,0.22,-92.64,193,353307.14,19.53,0.576,0.926,2008.33,0
AAPL,1d,40,9,dip,-71.1,-3.8,0.057,-94.24,118,65.25,42.8,348.55,11.52,0.634,-35.94,54,85.19,35.58,16.86,0.34,0.165,-94.24,172,353307.14,19.53,0.576,0.926,2008.33,0
AAPL,1d,40,12,dip,-67.94,-3.49,0.065,-92.67,106,55.66,42.74,290.83,10.41,0.587,-35.94,48,81.25,35.95,7.25,0.15,0.158,-92.67,154,353307.14,19.53,0.576,0.926,2008.33,0
AAPL,1d,40,15,dip,-51.91,-2.26,0.103,-88.65,100,62,42.8,257.2,9.69,0.559,-35.94,45,68.89,34.65,51.19,0.91,0.183,-88.65,145,353307.14,19.53,0.576,0.926,2008.33,0
AAPL,1d,40,20,dip,-24.63,-0.88,0.142,-81.92,94,57.45,42.34,281.05,10.2,0.587,-35.8,46,69.57,34.59,137.51,1.91,0.214,-81.92,140,353307.14,19.53,0.576,0.926,2008.33,0
AAPL,1d,40,25,dip,152.52,2.93,0.253,-66.4,101,57.43,41.73,493.27,13.8,0.758,-32.04,51,70.59,35.26,1075.03,5.53,0.33,-66.4,152,353307.14,19.53,0.576,0.926,2008.33,0
AAPL,1d,40,30,dip,283.89,4.29,0.293,-73.7,115,60.87,41.98,229.02,9.03,0.54,-33.56,49,69.39,34.88,902.46,5.16,0.317,-73.7,164,353307.14,19.53,0.576,0.926,2008.33,0
AAPL,1d,40,50,trend,2116.96,10.16,0.458,-93.95,101,44.55,59.41,260.29,9.76,0.545,-41.69,48,52.08,64.45,7887.56,10.04,0.466,-93.95,149,353307.14,19.53,0.576,0.926,2008.33,0
AAPL,1d,40,60,trend,6062.22,13.73,0.546,-86.23,68,47.06,59.91,451.87,13.21,0.69,-46.69,32,59.38,64.65,33907.18,13.57,0.563,-86.23,100,353307.14,19.53,0.576,0.926,2008.33,0
AAPL,1d,40,75,trend,6596.83,14.03,0.552,-75.18,52,44.23,60.15,791.31,17.22,0.841,-34.39,22,77.27,67.11,59589.28,14.98,0.599,-75.18,74,353307.14,19.53,0.576,0.926,2008.33,0
AAPL,1d,40,100,trend,2112.24,10.15,0.455,-84.04,41,46.34,60.01,636.84,15.61,0.762,-34.95,18,72.22,69.97,16200.77,11.76,0.51,-84.04,59,353307.14,19.53,0.576,0.926,2008.33,0
AAPL,1d,40,125,trend,1984.55,9.95,0.451,-89.69,33,45.45,60.33,538.36,14.41,0.711,-31.43,15,66.67,71.09,13206.88,11.27,0.497,-89.69,48,353307.14,19.53,0.576,0.926,2008.33,0
AAPL,1d,40,150,trend,5592.36,13.45,0.54,-86.58,28,46.43,59.99,643.83,15.69,0.747,-39.07,10,80,73.43,42241.76,14.12,0.579,-86.58,38,353307.14,19.53,0.576,0.926,2008.33,0
AAPL,1d,40,200,trend,3490.96,11.83,0.498,-92.35,23,34.78,59.58,488.89,13.74,0.694,-39.15,6,66.67,60.84,34124.18,13.59,0.563,-92.35,30,353307.14,19.53,0.576,0.926,2008.33,0
AAPL,1d,40,250,trend,2155.23,10.22,0.457,-91.35,25,40,61.19,452.3,13.21,0.662,-42.99,6,66.67,61.45,20464.48,12.33,0.524,-91.35,32,353307.14,19.53,0.576,0.926,2008.33,0
AAPL,1d,40,300,trend,5879.92,13.63,0.54,-81.86,20,40,61.19,422.51,12.76,0.64,-44.13,6,83.33,62.17,50274.86,14.55,0.58,-81.86,27,353307.14,19.53,0.576,0.926,2008.33,0
AAPL,1d,50,2,dip,-15.67,-0.53,0.168,-84.5,196,77.04,41,220.36,8.82,0.519,-35.8,82,80.49,33.67,143.51,1.96,0.225,-84.5,278,353307.14,19.53,0.576,0.926,2008.33,0
AAPL,1d,50,3,dip,-67.95,-3.49,0.082,-88.05,165,72.73,41.13,229.81,9.05,0.525,-36.56,70,81.43,33.9,-4.72,-0.11,0.16,-88.05,235,353307.14,19.53,0.576,0.926,2008.33,0
AAPL,1d,50,4,dip,-61.67,-2.95,0.099,-86.82,143,74.13,41.14,303.14,10.66,0.6,-38.38,65,75.38,33.67,39.3,0.73,0.187,-86.82,208,353307.14,19.53,0.576,0.926,2008.33,0
AAPL,1d,50,5,dip,-63.88,-3.13,0.092,-89.27,130,72.31,41.16,309.34,10.78,0.606,-35.94,58,81.03,33.58,30.71,0.59,0.182,-89.27,188,353307.14,19.53,0.576,0.926,2008.33,0
AAPL,1d,50,7,dip,-24.22,-0.86,0.142,-87.02,115,68.7,41.25,313.38,10.86,0.607,-35.94,52,82.69,33.79,176.92,2.25,0.225,-87.02,167,353307.14,19.53,0.576,0.926,2008.33,0
AAPL,1d,50,9,dip,-54.75,-2.45,0.093,-91.03,102,62.75,40.72,298.17,10.56,0.597,-35.94,46,80.43,34.22,56.96,0.99,0.184,-91.03,148,353307.14,19.53,0.576,0.926,2008.33,0
AAPL,1d,50,12,dip,-66.6,-3.37,0.063,-90.91,89,58.43,40.56,211.65,8.61,0.513,-38.38,43,74.42,33.99,-6.69,-0.15,0.145,-90.91,132,353307.14,19.53,0.576,0.926,2008.33,0
AAPL,1d,50,15,dip,-20.37,-0.71,0.145,-85.63,87,65.52,40.51,241.12,9.32,0.55,-35.8,41,75.61,34.25,139.1,1.92,0.214,-85.63,128,353307.14,19.53,0.576,0.926,2008.33,0
AAPL,1d,50,20,dip,-18.81,-0.65,0.146,-80.63,82,58.54,40.82,410.63,12.57,0.709,-35.8,42,76.19,33.29,249.1,2.77,0.241,-80.63,124,353307.14,19.53,0.576,0.926,2008.33,0
AAPL,1d,50,25,dip,169.22,3.14,0.259,-63.24,83,66.27,40.54,295.72,10.51,0.618,-32.77,40,72.5,33.12,815.63,4.95,0.311,-63.24,123,353307.14,19.53,0.576,0.926,2008.33,0
AAPL,1d,50,30,dip,509.75,5.81,0.335,-64.54,85,67.06,40.32,355.63,11.64,0.679,-35.8,38,65.79,32.78,2350.83,7.23,0.382,-64.54,123,353307.14,19.53,0.576,0.926,2008.33,0
AAPL,1d,50,40,dip,615.69,6.34,0.35,-59.18,102,63.73,39.96,516.42,14.12,0.836,-35.8,48,70.83,32.86,3854.68,8.36,0.418,-59.18,150,353307.14,19.53,0.576,0.926,2008.33,0
AAPL,1d,50,60,trend,8540.42,14.94,0.578,-89.2,85,48.24,59.48,520.27,14.17,0.722,-45.68,43,62.79,64.71,53494.28,14.71,0.597,-89.2,128,353307.14,19.53,0.576,0.926,2008.33,0
AAPL,1d,50,75,trend,3282.07,11.62,0.492,-85.09,52,42.31,60.12,846.27,17.73,0.849,-35.07,23,73.91,67.57,31903.47,13.42,0.555,-85.09,75,353307.14,19.53,0.576,0.926,2008.33,0
AAPL,1d,50,100,trend,1190.2,8.31,0.409,-92,38,42.11,60.56,616.66,15.38,0.748,-39.75,17,70.59,69.97,9146.39,10.39,0.471,-92,55,353307.14,19.53,0.576,0.926,2008.33,0
AAPL,1d,50,125,trend,3592.7,11.93,0.498,-87.72,34,47.06,60.41,756.86,16.88,0.801,-36.22,12,83.33,70.26,31541.38,13.39,0.556,-87.72,46,353307.14,19.53,0.576,0.926,2008.33,0
AAPL,1d,50,150,trend,3632.19,11.97,0.5,-89.6,28,53.57,60.37,706.16,16.37,0.772,-38.58,10,80,72.62,29987.5,13.27,0.553,-89.6,38,353307.14,19.53,0.576,0.926,2008.33,0
AAPL,1d,50,200,trend,2139.74,10.19,0.454,-92.25,23,34.78,59.78,419.09,12.71,0.657,-45.91,6,66.67,60.06,20194.59,12.3,0.526,-92.25,30,353307.14,19.53,0.576,0.926,2008.33,0
AAPL,1d,50,250,trend,1762.89,9.56,0.44,-91.03,22,36.36,61.35,394.25,12.31,0.625,-44.6,6,66.67,60.96,15687.84,11.69,0.504,-91.03,29,353307.14,19.53,0.576,0.926,2008.33,0
AAPL,1d,50,300,trend,4374.99,12.6,0.515,-81.56,18,38.89,61.21,353.28,11.6,0.591,-47.47,6,66.67,62.06,29169.11,13.2,0.543,-81.56,25,353307.14,19.53,0.576,0.926,2008.33,0
AAPL,1d,60,2,dip,-60.73,-2.88,0.098,-84.69,169,78.11,40.5,193.41,8.13,0.494,-34.19,75,81.33,31.91,-1.42,-0.03,0.161,-84.69,244,353307.14,19.53,0.576,0.926,2008.33,0
AAPL,1d,60,3,dip,-67.69,-3.47,0.077,-87.22,137,76.64,40.35,202.49,8.37,0.507,-36.21,62,82.26,31.85,-14.58,-0.34,0.149,-87.22,199,353307.14,19.53,0.576,0.926,2008.33,0
AAPL,1d,60,4,dip,-41.72,-1.67,0.13,-79.41,130,73.85,40.28,221.01,8.84,0.528,-36.59,52,82.69,31.91,63.53,1.08,0.195,-79.41,182,353307.14,19.53,0.576,0.926,2008.33,0
AAPL,1d,60,5,dip,-35.06,-1.34,0.139,-75.91,117,75.21,40.05,255.47,9.65,0.563,-35.8,46,86.96,31.91,103.74,1.57,0.21,-75.91,163,353307.14,19.53,0.576,0.926,2008.33,0
AAPL,1d,60,7,dip,-32.4,-1.22,0.129,-77.15,102,69.61,40.37,145.78,6.75,0.43,-35.8,42,78.57,31.88,49.62,0.88,0.179,-77.15,144,353307.14,19.53,0.576,0.926,2008.33,0
AAPL,1d,60,9,dip,-39.97,-1.58,0.115,-75.79,92,69.57,40.09,164.08,7.31,0.459,-38.64,40,77.5,31.85,40.94,0.75,0.173,-75.79,132,353307.14,19.53,0.576,0.926,2008.33,0
AAPL,1d,60,12,dip,-42.69,-1.72,0.111,-79,82,64.63,39.79,232.86,9.13,0.551,-35.8,36,77.78,31.94,70.3,1.17,0.187,-79,118,353307.14,19.53,0.576,0.926,2008.33,0
AAPL,1d,60,15,dip,-39.35,-1.55,0.114,-81.45,76,64.47,39.78,227.84,9.01,0.548,-35.8,34,70.59,32.05,75.91,1.24,0.189,-81.45,110,353307.14,19.53,0.576,0.926,2008.33,0
AAPL,1d,60,20,dip,74.77,1.76,0.216,-76.88,69,65.22,39.43,232.41,9.12,0.56,-32.04,31,67.74,31.94,389.16,3.53,0.265,-76.88,100,353307.14,19.53,0.576,0.926,2008.33,0
AAPL,1d,60,25,dip,198.83,3.48,0.268,-75.85,66,63.64,39.34,326.89,11.12,0.669,-32.04,27,77.78,31.97,996.39,5.37,0.324,-75.85,93,353307.14,19.53,0.576,0.926,2008.33,0
AAPL,1d,60,30,dip,71.29,1.69,0.215,-75.77,63,63.49,39.41,393.99,12.3,0.744,-32.04,32,81.25,31.59,646.43,4.49,0.296,-75.77,95,353307.14,19.53,0.576,0.926,2008.33,0
AAPL,1d,60,40,dip,143.13,2.81,0.248,-69.9,68,64.71,38.87,333.24,11.24,0.691,-34.21,32,78.13,31.94,794.1,4.9,0.309,-69.9,100,353307.14,19.53,0.576,0.926,2008.33,0
AAPL,1d,60,50,dip,74.52,1.75,0.228,-82.43,85,65.88,39.29,278.02,10.14,0.644,-31.27,43,76.74,32.37,463.51,3.85,0.281,-82.43,128,353307.14,19.53,0.576,0.926,2008.33,0
AAPL,1d,60,75,trend,1042.92,7.9,0.398,-90.82,64,48.44,60.32,450.73,13.19,0.669,-36.7,29,55.17,67.66,6194.41,9.47,0.445,-90.82,93,353307.14,19.53,0.576,0.926,2008.33,0
AAPL,1d,60,100,trend,1744.13,9.53,0.439,-90.08,39,43.59,61.18,655.07,15.82,0.761,-36.32,16,68.75,70.81,13824.45,11.38,0.498,-90.08,55,353307.14,19.53,0.576,0.926,2008.33,0
AAPL,1d,60,125,trend,214.7,3.64,0.287,-96.52,36,41.67,61.08,590.26,15.06,0.73,-38.79,14,71.43,70.63,2072.28,6.95,0.374,-96.52,50,353307.14,19.53,0.576,0.926,2008.33,0
AAPL,1d,60,150,trend,3043.16,11.37,0.483,-90.94,28,50,61.03,526.44,14.26,0.69,-43.82,10,80,72.62,19590,12.23,0.522,-90.94,38,353307.14,19.53,0.576,0.926,2008.33,0
AAPL,1d,60,200,trend,1778.19,9.59,0.438,-94.27,23,34.78,59.91,480.7,13.63,0.697,-37.95,5,80,59.34,18273.22,12.06,0.518,-94.27,29,353307.14,19.53,0.576,0.926,2008.33,0
AAPL,1d,60,250,trend,1238.43,8.44,0.411,-92.34,21,33.33,60.97,434.58,12.95,0.653,-39.92,5,100,60.06,13032.93,11.24,0.492,-92.34,27,353307.14,19.53,0.576,0.926,2008.33,0
AAPL,1d,60,300,trend,2052.94,10.06,0.452,-85.12,17,23.53,61.37,351.38,11.57,0.591,-45.51,6,66.67,61.77,14462.71,11.49,0.497,-85.12,24,353307.14,19.53,0.576,0.926,2008.33,0
AAPL,1d,75,2,dip,-68.81,-3.57,0.073,-87.61,159,76.1,39.8,211.42,8.6,0.525,-32.04,63,82.54,29.86,-14.27,-0.34,0.149,-87.61,222,353307.14,19.53,0.576,0.926,2008.33,0
AAPL,1d,75,3,dip,-62.87,-3.05,0.089,-84.44,129,75.19,39.8,275.19,10.08,0.594,-33.41,58,82.76,29.6,22.95,0.45,0.174,-84.44,187,353307.14,19.53,0.576,0.926,2008.33,0
AAPL,1d,75,4,dip,-66.56,-3.36,0.078,-83.52,111,76.58,39.8,238.25,9.25,0.555,-32.04,47,80.85,29.43,-0.18,0,0.159,-83.52,158,353307.14,19.53,0.576,0.926,2008.33,0
AAPL,1d,75,5,dip,-65.83,-3.3,0.079,-82.62,108,71.3,39.83,193.22,8.13,0.504,-32.04,43,76.74,29.48,-9.78,-0.22,0.151,-82.62,151,353307.14,19.53,0.576,0.926,2008.33,0
AAPL,1d,75,7,dip,-26.22,-0.95,0.135,-81.93,89,74.16,39.6,152.56,6.96,0.449,-35.17,36,72.22,29.45,65.66,1.11,0.185,-81.93,125,353307.14,19.53,0.576,0.926,2008.33,0
AAPL,1d,75,9,dip,-33.7,-1.28,0.124,-78.17,81,71.6,39.62,141.59,6.62,0.436,-32.21,32,75,29.63,43.58,0.79,0.174,-78.17,113,353307.14,19.53,0.576,0.926,2008.33,0
AAPL,1d,75,12,dip,-30.99,-1.15,0.126,-78.22,71,64.79,39.63,190.29,8.05,0.51,-32.04,30,80,29.89,76.35,1.25,0.188,-78.22,101,353307.14,19.53,0.576,0.926,2008.33,0
AAPL,1d,75,15,dip,-3.46,-0.11,0.158,-74.9,64,67.19,39.68,280.57,10.19,0.619,-32.04,29,82.76,29.77,214.56,2.53,0.231,-74.9,93,353307.14,19.53,0.576,0.926,2008.33,0
AAPL,1d,75,20,dip,299.11,4.42,0.295,-74.17,61,70.49,39.48,261.01,9.77,0.622,-32.31,30,73.33,29.74,1147.33,5.66,0.335,-74.17,91,353307.14,19.53,0.576,0.926,2008.33,0
AAPL,1d,75,25,dip,231.63,3.81,0.277,-75.47,58,68.97,39.05,295.27,10.5,0.667,-30.23,24,83.33,29.89,1024.45,5.43,0.327,-75.47,82,353307.14,19.53,0.576,0.926,2008.33,0
AAPL,1d,75,30,dip,425.05,5.31,0.321,-71.35,55,65.45,38.85,260.28,9.76,0.628,-30.23,25,80,30.15,1562.22,6.33,0.356,-71.35,80,353307.14,19.53,0.576,0.926,2008.33,0
AAPL,1d,75,40,dip,135.38,2.71,0.244,-71.65,52,69.23,38.58,173.47,7.58,0.514,-29.82,21,85.71,29.51,442.74,3.76,0.272,-71.65,73,353307.14,19.53,0.576,0.926,2008.33,0
AAPL,1d,75,50,dip,349.66,4.81,0.306,-71.01,52,63.46,38.53,171.43,7.52,0.524,-27.88,22,72.73,28.67,875.44,5.1,0.316,-71.01,74,353307.14,19.53,0.576,0.926,2008.33,0
AAPL,1d,75,60,dip,1086.09,8.03,0.401,-65.64,64,60.94,38.3,334.87,11.27,0.734,-25.9,28,78.57,29.08,4289.21,8.61,0.432,-65.64,92,353307.14,19.53,0.576,0.926,2008.33,0
AAPL,1d,75,100,trend,746.89,6.9,0.372,-93.55,47,44.68,61.25,367.2,11.85,0.601,-37.4,17,70.59,70.43,3856.68,8.36,0.413,-93.55,64,353307.14,19.53,0.576,0.926,2008.33,0
AAPL,1d,75,125,trend,3291.53,11.63,0.487,-89.72,34,50,61.86,324.66,11.07,0.569,-45.46,14,78.57,70.63,14302.34,11.46,0.497,-89.72,48,353307.14,19.53,0.576,0.926,2008.33,0
AAPL,1d,75,150,trend,2685.58,10.95,0.47,-93.36,28,50,62.15,478.49,13.6,0.65,-41.25,11,72.73,72.25,15834.61,11.71,0.503,-93.36,39,353307.14,19.53,0.576,0.926,2008.33,0
AAPL,1d,75,200,trend,800.54,7.1,0.372,-95.25,21,33.33,60.48,430.51,12.88,0.656,-38.52,5,80,58.79,8763.14,10.29,0.464,-95.25,27,353307.14,19.53,0.576,0.926,2008.33,0
AAPL,1d,75,250,trend,1361.76,8.74,0.418,-90.24,23,34.78,59.85,446.4,13.13,0.661,-38.52,5,80,59.25,11954.73,11.03,0.484,-90.24,29,353307.14,19.53,0.576,0.926,2008.33,0
AAPL,1d,75,300,trend,1345.57,8.7,0.418,-85.89,16,31.25,61.7,555.53,14.63,0.712,-38.52,5,80,61.02,13587.75,11.34,0.492,-85.89,22,353307.14,19.53,0.576,0.926,2008.33,0
AAPL,1d,100,2,dip,-67.22,-3.42,0.078,-82.92,108,74.07,38.82,240.7,9.31,0.574,-29.85,58,86.21,27,0.29,0.01,0.159,-82.92,167,353307.14,19.53,0.576,0.926,2008.33,0
AAPL,1d,100,3,dip,-38.14,-1.49,0.135,-75.01,96,76.04,38.96,172.51,7.55,0.489,-32.04,48,79.17,26.91,49.99,0.89,0.188,-75.01,145,353307.14,19.53,0.576,0.926,2008.33,0
AAPL,1d,100,4,dip,-46.97,-1.96,0.119,-77.43,83,75.9,38.95,147.12,6.79,0.449,-32.31,37,78.38,26.91,20.02,0.4,0.171,-77.43,121,353307.14,19.53,0.576,0.926,2008.33,0
AAPL,1d,100,5,dip,-19.8,-0.69,0.144,-72.99,76,72.37,39.05,287.64,10.34,0.635,-30.85,35,82.86,26.83,180.71,2.28,0.224,-72.99,112,353307.14,19.53,0.576,0.926,2008.33,0
AAPL,1d,100,7,dip,27.6,0.76,0.188,-72.66,67,74.63,39.1,295.01,10.49,0.654,-28.66,32,81.25,26.62,345.35,3.31,0.258,-72.66,99,353307.14,19.53,0.576,0.926,2008.33,0
AAPL,1d,100,9,dip,36.79,0.98,0.194,-76.6,59,72.88,39.13,293.25,10.46,0.651,-26.53,30,73.33,26.77,375.28,3.46,0.263,-76.6,89,353307.14,19.53,0.576,0.926,2008.33,0
AAPL,1d,100,12,dip,2.96,0.09,0.166,-75.46,54,72.22,38.97,347.91,11.51,0.708,-26.7,26,84.62,26.94,300.49,3.08,0.25,-75.46,80,353307.14,19.53,0.576,0.926,2008.33,0
AAPL,1d,100,15,dip,116.24,2.44,0.236,-73.58,51,74.51,39.11,335.79,11.28,0.713,-26.53,26,80.77,27.06,701.9,4.65,0.302,-73.58,77,353307.14,19.53,0.576,0.926,2008.33,0
AAPL,1d,100,20,dip,109.46,2.34,0.233,-68.31,49,69.39,38.94,259.1,9.73,0.632,-26.53,23,91.3,27.14,560.95,4.21,0.287,-68.31,72,353307.14,19.53,0.576,0.926,2008.33,0
AAPL,1d,100,25,dip,135.55,2.71,0.244,-71.49,47,70.21,38.68,367.22,11.85,0.757,-23.97,20,95,27,856.15,5.05,0.315,-71.49,67,353307.14,19.53,0.576,0.926,2008.33,0
AAPL,1d,100,30,dip,216.1,3.66,0.272,-68.26,42,66.67,38.71,282.81,10.24,0.674,-27.22,18,88.89,27.32,949.15,5.27,0.322,-68.26,60,353307.14,19.53,0.576,0.926,2008.33,0
AAPL,1d,100,40,dip,498.85,5.75,0.334,-72.41,41,68.29,38.58,233.24,9.14,0.621,-27.88,17,82.35,26.54,1578.35,6.35,0.358,-72.41,58,353307.14,19.53,0.576,0.926,2008.33,0
AAPL,1d,100,50,dip,926.64,7.54,0.386,-65.53,38,68.42,38.01,257.8,9.7,0.665,-29.68,16,87.5,26.16,2861.84,7.68,0.401,-65.53,54,353307.14,19.53,0.576,0.926,2008.33,0
AAPL,1d,100,60,dip,663.47,6.55,0.358,-69.17,39,74.36,37.31,224.49,8.92,0.63,-26.84,15,60,25.12,1993.07,6.87,0.376,-69.17,54,353307.14,19.53,0.576,0.926,2008.33,0
AAPL,1d,100,75,dip,1533.61,9.11,0.434,-61.25,47,63.83,37.17,389.43,12.23,0.841,-25.87,16,81.25,25.09,7129.48,9.8,0.475,-61.25,63,353307.14,19.53,0.576,0.926,2008.33,0
AAPL,1d,100,125,trend,3640.12,11.97,0.49,-79.76,41,53.66,61.66,546.83,14.52,0.684,-42.42,14,78.57,71.87,24170.18,12.74,0.524,-79.76,55,353307.14,19.53,0.576,0.926,2008.33,0
AAPL,1d,100,150,trend,1792.6,9.62,0.434,-94.35,31,35.48,63.32,803.35,17.33,0.781,-38.52,11,72.73,72.94,16699.71,11.84,0.502,-94.35,42,353307.14,19.53,0.576,0.926,2008.33,0
AAPL,1d,100,200,trend,571.23,6.13,0.346,-96.84,20,25,60.88,433.11,12.92,0.652,-38.52,5,60,59,5049.29,8.99,0.425,-96.84,26,353307.14,19.53,0.576,0.926,2008.33,0
AAPL,1d,100,250,trend,5541.44,13.42,0.531,-89.73,19,42.11,59.36,493.17,13.8,0.683,-38.52,5,80,58.97,46679.79,14.37,0.573,-89.73,25,353307.14,19.53,0.576,0.926,2008.33,0
AAPL,1d,100,300,trend,3172.93,11.51,0.485,-82.43,18,38.89,60.59,692.22,16.22,0.768,-38.52,4,100,61.39,35104.73,13.66,0.55,-82.43,23,353307.14,19.53,0.576,0.926,2008.33,0
AAPL,1d,125,2,dip,25.83,0.72,0.2,-73.85,119,82.35,38.35,209.89,8.56,0.564,-26.53,49,81.63,23.85,230.91,2.65,0.244,-73.85,168,353307.14,19.53,0.576,0.926,2008.33,0
AAPL,1d,125,3,dip,26.79,0.74,0.2,-74.07,99,75.76,38.38,197.76,8.25,0.545,-26.53,38,86.84,23.85,224.42,2.6,0.242,-74.07,137,353307.14,19.53,0.576,0.926,2008.33,0
AAPL,1d,125,4,dip,-26.04,-0.94,0.151,-74.09,84,79.76,38.44,234.78,9.17,0.593,-26.53,34,85.29,23.91,112.77,1.66,0.212,-74.09,118,353307.14,19.53,0.576,0.926,2008.33,0
AAPL,1d,125,5,dip,-8.24,-0.27,0.171,-73.85,77,79.22,38.25,302.16,10.64,0.684,-26.53,33,81.82,24,223.7,2.6,0.242,-73.85,110,353307.14,19.53,0.576,0.926,2008.33,0
AAPL,1d,125,7,dip,34.95,0.94,0.193,-65.7,61,75.41,38.27,218.03,8.77,0.585,-26.53,28,75,24.17,280.68,2.96,0.246,-65.7,89,353307.14,19.53,0.576,0.926,2008.33,0
AAPL,1d,125,9,dip,112.64,2.38,0.236,-67.7,55,72.73,38.34,286.46,10.32,0.664,-26.79,24,87.5,24.49,628.94,4.43,0.295,-67.7,79,353307.14,19.53,0.576,0.926,2008.33,0
AAPL,1d,125,12,dip,117.93,2.46,0.237,-71.25,52,69.23,37.97,293.41,10.46,0.677,-26.53,23,86.96,24.2,661.77,4.53,0.298,-71.25,75,353307.14,19.53,0.576,0.926,2008.33,0
AAPL,1d,125,15,dip,432.69,5.36,0.323,-65.04,47,74.47,38.01,247.55,9.47,0.628,-25.19,19,89.47,23.77,1553.09,6.32,0.357,-65.04,66,353307.14,19.53,0.576,0.926,2008.33,0
AAPL,1d,125,20,dip,721.82,6.8,0.364,-63.25,43,74.42,37.81,280.83,10.2,0.679,-23.07,16,87.5,23.27,2755.66,7.59,0.398,-63.25,59,353307.14,19.53,0.576,0.926,2008.33,0
AAPL,1d,125,25,dip,663.36,6.55,0.357,-69.21,38,68.42,37.95,297.06,10.53,0.715,-23.07,16,93.75,23.16,2640.61,7.5,0.395,-69.21,54,353307.14,19.53,0.576,0.926,2008.33,0
AAPL,1d,125,30,dip,800.42,7.1,0.373,-70.75,36,72.22,37.9,362.19,11.76,0.789,-23.07,15,93.33,23.36,3631.17,8.22,0.419,-70.75,51,353307.14,19.53,0.576,0.926,2008.33,0
AAPL,1d,125,40,dip,742.39,6.88,0.366,-68.01,34,73.53,37.67,230.78,9.08,0.633,-22.99,14,85.71,24.23,2634.99,7.49,0.394,-68.01,48,353307.14,19.53,0.576,0.926,2008.33,0
AAPL,1d,125,50,dip,416.04,5.26,0.327,-77.94,35,68.57,37.5,147.32,6.8,0.502,-25.36,11,72.73,25.06,1152.69,5.67,0.34,-77.94,46,353307.14,19.53,0.576,0.926,2008.33,0
AAPL,1d,125,60,dip,4284.56,12.53,0.529,-62.44,36,72.22,37.35,225.28,8.94,0.637,-27.43,13,84.62,24.78,13080.83,11.25,0.519,-62.44,49,353307.14,19.53,0.576,0.926,2008.33,0
AAPL,1d,125,75,dip,402.43,5.17,0.324,-77.94,34,61.76,36.44,442.9,13.07,0.906,-29.42,13,84.62,24.83,2355.04,7.24,0.393,-77.94,47,353307.14,19.53,0.576,0.926,2008.33,0
AAPL,1d,125,100,dip,387.44,5.07,0.323,-80.34,40,57.5,36.44,226.45,8.97,0.72,-25.25,13,84.62,23.27,1457.75,6.18,0.363,-80.34,54,353307.14,19.53,0.576,0.926,2008.33,0
AAPL,1d,125,150,trend,1462.45,8.96,0.417,-90.89,35,40,62.93,1002.22,19.04,0.838,-38.52,11,72.73,73.38,15124.33,11.6,0.493,-90.89,46,353307.14,19.53,0.576,0.926,2008.33,0
AAPL,1d,125,200,trend,1313.73,8.62,0.409,-94.51,19,31.58,62.08,1019.91,19.18,0.837,-38.52,6,83.33,74.53,14144.08,11.43,0.489,-94.51,25,353307.14,19.53,0.576,0.926,2008.33,0
AAPL,1d,125,250,trend,1677.54,9.4,0.434,-92.48,18,38.89,60.5,603.57,15.22,0.736,-38.52,5,80,60.24,17815.03,11.99,0.506,-92.48,24,353307.14,19.53,0.576,0.926,2008.33,0
AAPL,1d,125,300,trend,3735.84,12.06,0.497,-84.67,13,53.85,60.59,702.58,16.33,0.772,-38.52,4,100,61.13,38540.89,13.89,0.554,-84.67,18,353307.14,19.53,0.576,0.926,2008.33,0
AAPL,1d,150,2,dip,98.72,2.17,0.24,-73.85,104,81.73,36.58,123.26,6.01,0.435,-26.53,37,86.49,22.61,293.53,3.04,0.255,-73.85,141,353307.14,19.53,0.576,0.926,2008.33,0
AAPL,1d,150,3,dip,22.26,0.63,0.195,-73.85,81,80.25,36.61,149.69,6.87,0.483,-27,32,87.5,22.7,170.79,2.2,0.228,-73.85,113,353307.14,19.53,0.576,0.926,2008.33,0
AAPL,1d,150,4,dip,-12.82,-0.43,0.163,-73.85,72,76.39,36.49,146.55,6.77,0.48,-26.53,28,85.71,22.49,90.65,1.42,0.202,-73.85,100,353307.14,19.53,0.576,0.926,2008.33,0
AAPL,1d,150,5,dip,5.81,0.18,0.177,-73.85,61,75.41,34.42,170.17,7.49,0.519,-26.53,27,88.89,22.47,154,2.06,0.222,-73.85,88,353307.14,19.53,0.576,0.926,2008.33,0
AAPL,1d,150,7,dip,114.48,2.41,0.244,-73.85,50,74,34.52,228.45,9.02,0.599,-26.53,24,83.33,22.49,529.01,4.1,0.289,-73.85,74,353307.14,19.53,0.576,0.926,2008.33,0
AAPL,1d,150,9,dip,348.13,4.8,0.306,-65.06,45,75.56,34.43,186.13,7.93,0.546,-26.53,23,73.91,22.41,1061.62,5.5,0.331,-65.06,68,353307.14,19.53,0.576,0.926,2008.33,0
AAPL,1d,150,12,dip,393.87,5.11,0.316,-65.55,43,69.77,36.41,162.31,7.26,0.52,-23.46,16,81.25,21.98,1082.03,5.54,0.332,-65.55,59,353307.14,19.53,0.576,0.926,2008.33,0
AAPL,1d,150,15,dip,642.41,6.46,0.357,-59.22,40,75,34.55,106.98,5.43,0.417,-23.46,12,91.67,21.83,1289.4,5.91,0.346,-59.22,52,353307.14,19.53,0.576,0.926,2008.33,0
AAPL,1d,150,20,dip,735.55,6.85,0.367,-59.22,36,72.22,34.7,163.97,7.3,0.536,-23.46,12,91.67,21.86,1885.19,6.74,0.373,-59.22,48,353307.14,19.53,0.576,0.926,2008.33,0
AAPL,1d,150,25,dip,1212.87,8.37,0.413,-68.79,34,79.41,34.5,190.72,8.06,0.585,-23.46,12,91.67,21.98,3427.43,8.09,0.419,-68.79,46,353307.14,19.53,0.576,0.926,2008.33,0
AAPL,1d,150,30,dip,1298.33,8.59,0.417,-63.93,33,78.79,36.21,211.43,8.6,0.625,-23.46,12,91.67,22,4142.46,8.53,0.431,-63.93,45,353307.14,19.53,0.576,0.926,2008.33,0
AAPL,1d,150,40,dip,211.93,3.62,0.28,-77.94,29,68.97,38.09,180.22,7.77,0.578,-26.44,9,88.89,21.83,774.34,4.85,0.313,-77.94,38,353307.14,19.53,0.576,0.926,2008.33,0
AAPL,1d,150,50,dip,371.03,4.96,0.318,-77.94,29,68.97,37.6,160.98,7.22,0.546,-25.73,9,88.89,22.58,1118.24,5.61,0.337,-77.94,38,353307.14,19.53,0.576,0.926,2008.33,0
AAPL,1d,150,60,dip,553.03,6.03,0.349,-77.94,29,79.31,36.83,235.86,9.2,0.68,-25.13,9,100,22.58,2073.52,6.95,0.381,-77.94,38,353307.14,19.53,0.576,0.926,2008.33,0
AAPL,1d,150,75,dip,645.78,6.48,0.362,-77.95,28,67.86,35.61,259.89,9.75,0.771,-27.36,10,90,23.01,2613.38,7.47,0.401,-77.95,39,353307.14,19.53,0.576,0.926,2008.33,0
AAPL,1d,150,100,dip,911.53,7.49,0.394,-77.94,30,63.33,34.59,135.14,6.41,0.554,-25.13,10,70,22.03,2271.61,7.16,0.395,-77.94,41,353307.14,19.53,0.576,0.926,2008.33,0
AAPL,1d,150,125,dip,1275.64,8.53,0.428,-77.94,34,64.71,34.79,106.15,5.39,0.484,-25.13,10,70,21.46,2838.21,7.66,0.416,-77.94,45,353307.14,19.53,0.576,0.926,2008.33,0
AAPL,1d,150,200,trend,1101.95,8.07,0.401,-93.6,21,38.1,62.43,1223.63,20.63,0.888,-38.52,7,100,74.65,13395.88,11.3,0.486,-93.6,28,353307.14,19.53,0.576,0.926,2008.33,0
AAPL,1d,150,250,trend,5573.44,13.44,0.528,-82.01,19,47.37,61.39,545.34,14.5,0.709,-38.52,5,80,60.03,51805.94,14.63,0.572,-82.01,25,353307.14,19.53,0.576,0.926,2008.33,0
AAPL,1d,150,300,trend,3084.41,11.41,0.483,-83.28,14,42.86,60.43,728.65,16.6,0.784,-38.52,4,100,60.9,32684.26,13.48,0.546,-83.28,19,353307.14,19.53,0.576,0.926,2008.33,0
AAPL,1d,200,2,dip,50.67,1.29,0.21,-76.05,79,83.54,34.05,101.43,5.22,0.399,-23.38,24,87.5,19.98,201.17,2.44,0.234,-76.05,104,353307.14,19.53,0.576,0.926,2008.33,0
AAPL,1d,200,3,dip,128.42,2.61,0.249,-75.3,69,84.06,33.86,77.84,4.27,0.345,-26.53,20,80,19.92,296.92,3.06,0.254,-75.3,89,353307.14,19.53,0.576,0.926,2008.33,0
AAPL,1d,200,4,dip,262.18,4.1,0.294,-73.85,60,85,33.91,60.17,3.48,0.295,-26.53,18,83.33,20.04,466.8,3.86,0.281,-73.85,78,353307.14,19.53,0.576,0.926,2008.33,0
AAPL,1d,200,5,dip,455.25,5.5,0.334,-73.85,54,81.48,33.94,81.59,4.43,0.354,-25.51,17,82.35,20.04,885.15,5.12,0.322,-73.85,71,353307.14,19.53,0.576,0.926,2008.33,0
AAPL,1d,200,7,dip,1198.93,8.34,0.41,-59.22,51,80.39,33.85,50.66,3.02,0.27,-23.46,14,78.57,19.9,1812.05,6.65,0.369,-59.22,65,353307.14,19.53,0.576,0.926,2008.33,0
AAPL,1d,200,9,dip,832.87,7.22,0.378,-61.12,44,79.55,33.81,38.19,2.38,0.23,-26.76,9,77.78,19.84,1155.86,5.68,0.337,-61.12,53,353307.14,19.53,0.576,0.926,2008.33,0
AAPL,1d,200,12,dip,717.28,6.78,0.365,-66.84,43,79.07,34,54.94,3.23,0.285,-23.46,9,77.78,19.81,1133.63,5.64,0.336,-66.84,52,353307.14,19.53,0.576,0.926,2008.33,0
AAPL,1d,200,15,dip,1292.88,8.57,0.419,-65.91,39,82.05,33.92,93.77,4.92,0.397,-24.66,9,77.78,19.75,2549.18,7.42,0.396,-65.91,48,353307.14,19.53,0.576,0.926,2008.33,0
AAPL,1d,200,20,dip,1561.14,9.17,0.437,-64.03,36,77.78,33.9,83.04,4.49,0.373,-28.73,8,87.5,19.72,2941.45,7.74,0.408,-64.03,44,353307.14,19.53,0.576,0.926,2008.33,0
AAPL,1d,200,25,dip,1061.84,7.96,0.401,-62.11,31,77.42,33.96,66.31,3.76,0.329,-25.13,7,71.43,19.58,1808.34,6.65,0.371,-62.11,38,353307.14,19.53,0.576,0.926,2008.33,0
AAPL,1d,200,30,dip,2340.58,10.49,0.476,-59.22,29,79.31,34.1,103.31,5.29,0.431,-25.13,7,85.71,19.49,4749.29,8.84,0.446,-59.22,36,353307.14,19.53,0.576,0.926,2008.33,0
AAPL,1d,200,40,dip,577.07,6.15,0.352,-77.94,23,69.57,34.8,123.95,6.03,0.492,-25.13,6,83.33,19.78,1386.5,6.07,0.354,-77.94,29,353307.14,19.53,0.576,0.926,2008.33,0
AAPL,1d,200,50,dip,811.81,7.15,0.382,-77.94,23,73.91,34.53,151.97,6.94,0.551,-25.13,6,83.33,20.44,2005.58,6.88,0.382,-77.94,29,353307.14,19.53,0.576,0.926,2008.33,0
AAPL,1d,200,60,dip,890.94,7.42,0.39,-77.94,23,78.26,34.37,131.84,6.3,0.505,-28.26,5,100,21.05,2022.13,6.9,0.383,-77.94,28,353307.14,19.53,0.576,0.926,2008.33,0
AAPL,1d,200,75,dip,1972.85,9.93,0.467,-77.94,20,85,33.73,139.09,6.54,0.555,-28.26,5,80,21.37,4309.52,8.62,0.445,-77.94,26,353307.14,19.53,0.576,0.926,2008.33,0
AAPL,1d,200,100,dip,2374.8,10.54,0.492,-77.94,19,73.68,33.22,148.75,6.84,0.593,-28.26,5,100,20.79,6654.46,9.63,0.489,-77.94,25,353307.14,19.53,0.576,0.926,2008.33,0
AAPL,1d,200,125,dip,862.55,7.33,0.396,-82.2,18,72.22,31.92,90.65,4.8,0.456,-28.26,5,60,19.55,1900.22,6.76,0.391,-82.2,24,353307.14,19.53,0.576,0.926,2008.33,0
AAPL,1d,200,150,dip,1088.22,8.04,0.42,-65.94,20,80,31.51,52.26,3.1,0.317,-28.53,6,66.67,19.23,2112.97,7,0.403,-65.94,27,353307.14,19.53,0.576,0.926,2008.33,0
AAPL,1d,200,250,trend,19468.21,17.91,0.63,-74.34,19,47.37,62.93,576.96,14.9,0.683,-38.52,7,71.43,74.82,114326.06,16.62,0.622,-74.34,26,353307.14,19.53,0.576,0.926,2008.33,0
AAPL,1d,200,300,trend,5614.79,13.47,0.531,-82.11,14,42.86,61.99,619.22,15.41,0.729,-38.52,4,100,60.79,42710.29,14.14,0.561,-82.11,19,353307.14,19.53,0.576,0.926,2008.33,0
AAPL,1d,250,2,dip,258.85,4.07,0.292,-79.91,84,77.38,34.11,68.89,3.88,0.337,-28.75,17,88.24,18.45,536.55,4.12,0.29,-79.91,103,353307.14,19.53,0.576,0.926,2008.33,0
AAPL,1d,250,3,dip,173.76,3.19,0.266,-80.39,68,77.94,34.01,70.8,3.96,0.343,-28.91,15,80,18.51,388.44,3.52,0.269,-80.39,85,353307.14,19.53,0.576,0.926,2008.33,0
AAPL,1d,250,4,dip,85.85,1.95,0.229,-80.63,58,74.14,34.16,73.98,4.1,0.35,-29.74,12,83.33,18.77,238.89,2.7,0.242,-80.63,72,353307.14,19.53,0.576,0.926,2008.33,0
AAPL,1d,250,5,dip,273.77,4.2,0.287,-67.73,56,75,34.1,72.75,4.05,0.348,-28.84,10,80,18.74,584.33,4.29,0.289,-67.73,68,353307.14,19.53,0.576,0.926,2008.33,0
AAPL,1d,250,7,dip,563.07,6.08,0.344,-68.44,47,72.34,33.85,81.36,4.42,0.374,-26.41,10,80,18.8,1133.01,5.64,0.336,-68.44,58,353307.14,19.53,0.576,0.926,2008.33,0
AAPL,1d,250,9,dip,681.73,6.63,0.361,-69.7,42,76.19,33.65,114.31,5.69,0.459,-24.76,10,80,18.91,1657.37,6.46,0.364,-69.7,53,353307.14,19.53,0.576,0.926,2008.33,0
AAPL,1d,250,12,dip,734.08,6.85,0.368,-70.26,40,82.5,33.4,70.87,3.97,0.343,-25.49,10,70,19.06,1387.5,6.07,0.352,-70.26,51,353307.14,19.53,0.576,0.926,2008.33,0
AAPL,1d,250,15,dip,587.52,6.2,0.348,-71.5,35,74.29,33.29,61.74,3.55,0.314,-30.13,8,87.5,19.09,1029.73,5.44,0.33,-71.5,44,353307.14,19.53,0.576,0.926,2008.33,0
AAPL,1d,250,20,dip,577.2,6.15,0.347,-69.07,33,72.73,33.25,103.47,5.29,0.439,-25.13,7,85.71,19.06,1247.83,5.84,0.344,-69.07,40,353307.14,19.53,0.576,0.926,2008.33,0
AAPL,1d,250,25,dip,611.37,6.32,0.352,-68.44,30,70,33.27,114.3,5.69,0.472,-25.13,7,85.71,19.23,1297.15,5.93,0.347,-68.44,37,353307.14,19.53,0.576,0.926,2008.33,0
AAPL,1d,250,30,dip,471.54,5.59,0.33,-68.44,29,68.97,33.14,160.07,7.19,0.582,-25.13,7,100,19.2,1251.08,5.85,0.344,-68.44,36,353307.14,19.53,0.576,0.926,2008.33,0
AAPL,1d,250,40,dip,947.27,7.61,0.391,-68.44,25,76,33.14,140.6,6.58,0.578,-25.13,6,83.33,18.86,2303.16,7.19,0.392,-68.44,31,353307.14,19.53,0.576,0.926,2008.33,0
AAPL,1d,250,50,dip,901.18,7.46,0.388,-68.44,21,71.43,32.93,156.33,7.08,0.62,-25.13,6,83.33,19.2,2370.42,7.25,0.396,-68.44,28,353307.14,19.53,0.576,0.926,2008.33,0
AAPL,1d,250,60,dip,1355.71,8.72,0.428,-68.44,20,80,33.27,135.69,6.42,0.56,-28.26,5,80,19.92,3006.15,7.79,0.416,-68.44,26,353307.14,19.53,0.576,0.926,2008.33,0
AAPL,1d,250,75,dip,1154.44,8.22,0.416,-68.44,22,77.27,34.31,142.7,6.65,0.577,-28.26,5,100,20.53,3084.85,7.85,0.423,-68.44,28,353307.14,19.53,0.576,0.926,2008.33,0
AAPL,1d,250,100,dip,175.64,3.22,0.263,-83.7,18,66.67,34.68,116.95,5.79,0.525,-28.26,5,100,20.5,595.99,4.33,0.298,-83.7,24,353307.14,19.53,0.576,0.926,2008.33,0
AAPL,1d,250,125,dip,719.38,6.79,0.373,-63.73,17,76.47,33.43,78.59,4.3,0.416,-28.26,5,80,18.77,1602.17,6.38,0.374,-63.73,23,353307.14,19.53,0.576,0.926,2008.33,0
AAPL,1d,250,150,dip,146.44,2.86,0.238,-65.27,18,66.67,32.44,90.25,4.78,0.459,-23.38,5,80,18.51,463.97,3.85,0.276,-65.27,24,353307.14,19.53,0.576,0.926,2008.33,0
AAPL,1d,250,200,dip,-29.38,-1.08,0.096,-83.15,18,50,30.68,175.69,7.64,0.723,-19.6,6,100,17.93,152.57,2.04,0.203,-83.15,25,353307.14,19.53,0.576,0.926,2008.33,0
AAPL,1d,250,300,trend,8377.96,14.87,0.562,-80.58,17,70.59,61.99,575.08,14.88,0.699,-38.52,5,100,62.58,62513.59,15.1,0.583,-80.58,23,353307.14,19.53,0.576,0.926,2008.33,0
AAPL,1d,300,2,dip,119.58,2.49,0.233,-69.86,62,79.03,33.02,160.25,7.19,0.568,-23.07,20,85,17.27,483.38,3.93,0.277,-69.86,83,353307.14,19.53,0.576,0.926,2008.33,0
AAPL,1d,300,3,dip,160.87,3.04,0.25,-68.36,50,78,32.88,158.94,7.15,0.566,-23.07,16,87.5,17.15,570.78,4.24,0.288,-68.36,66,353307.14,19.53,0.576,0.926,2008.33,0
AAPL,1d,300,4,dip,130,2.63,0.238,-69.44,39,79.49,32.95,162.7,7.27,0.575,-23.07,14,92.86,17.24,499.97,3.99,0.279,-69.44,53,353307.14,19.53,0.576,0.926,2008.33,0
AAPL,1d,300,5,dip,96.41,2.13,0.222,-70.37,39,76.92,32.95,115.47,5.73,0.472,-23.07,13,92.31,17.33,325.05,3.21,0.251,-70.37,52,353307.14,19.53,0.576,0.926,2008.33,0
AAPL,1d,300,7,dip,134.76,2.7,0.24,-69.81,37,72.97,33,85.53,4.59,0.392,-23.07,10,90,17.5,349.95,3.34,0.256,-69.81,47,353307.14,19.53,0.576,0.926,2008.33,0
AAPL,1d,300,9,dip,85.67,1.95,0.216,-74.33,29,65.52,33.08,118.77,5.85,0.483,-23.07,10,80,17.59,319.63,3.18,0.25,-74.33,39,353307.14,19.53,0.576,0.926,2008.33,0
AAPL,1d,300,12,dip,83.04,1.91,0.214,-74.06,25,72,33.17,137.18,6.47,0.531,-23.07,9,88.89,17.64,347.28,3.32,0.255,-74.06,34,353307.14,19.53,0.576,0.926,2008.33,0
AAPL,1d,300,15,dip,170.09,3.15,0.254,-73.17,24,79.17,33.17,133.04,6.34,0.523,-22.69,9,88.89,17.82,554.63,4.19,0.286,-73.17,34,353307.14,19.53,0.576,0.926,2008.33,0
AAPL,1d,300,20,dip,217.01,3.67,0.27,-71.64,24,83.33,33.18,149.31,6.86,0.566,-22,8,87.5,17.99,734.62,4.74,0.306,-71.64,33,353307.14,19.53,0.576,0.926,2008.33,0
AAPL,1d,300,25,dip,272.11,4.19,0.286,-70.34,22,77.27,33.06,104.22,5.32,0.48,-24,8,87.5,17.99,657.63,4.52,0.298,-70.34,31,353307.14,19.53,0.576,0.926,2008.33,0
AAPL,1d,300,30,dip,241.84,3.91,0.277,-68.5,21,85.71,33.11,128.89,6.2,0.556,-19.69,8,87.5,17.87,690.61,4.62,0.302,-68.5,30,353307.14,19.53,0.576,0.926,2008.33,0
AAPL,1d,300,40,dip,243.04,3.92,0.277,-71.4,19,78.95,33.12,146.8,6.78,0.614,-25.13,6,83.33,17.87,751.57,4.79,0.308,-71.4,26,353307.14,19.53,0.576,0.926,2008.33,0
AAPL,1d,300,50,dip,327.68,4.64,0.299,-77.17,17,88.24,33.03,199.3,8.29,0.755,-25.13,6,100,17.79,1267.44,5.88,0.349,-77.17,24,353307.14,19.53,0.576,0.926,2008.33,0
AAPL,1d,300,60,dip,771.41,6.99,0.375,-70.47,16,87.5,32.83,192.94,8.12,0.731,-25.13,6,100,17.87,2594.09,7.46,0.407,-70.47,23,353307.14,19.53,0.576,0.926,2008.33,0
AAPL,1d,300,75,dip,1141.23,8.18,0.413,-73.06,15,86.67,32.44,89.53,4.75,0.453,-28.26,5,80,18.37,2644.6,7.5,0.41,-73.06,21,353307.14,19.53,0.576,0.926,2008.33,0
AAPL,1d,300,100,dip,358.04,4.87,0.308,-74.9,17,58.82,33.43,56.93,3.33,0.347,-30.17,4,75,17.47,792.64,4.9,0.315,-74.9,22,353307.14,19.53,0.576,0.926,2008.33,0
AAPL,1d,300,125,dip,281.97,4.27,0.288,-75.79,12,75,33.33,58.2,3.39,0.355,-23.38,4,75,17.3,694.85,4.63,0.306,-75.79,17,353307.14,19.53,0.576,0.926,2008.33,0
AAPL,1d,300,150,dip,346.96,4.79,0.304,-68.22,13,69.23,33.38,65.01,3.7,0.382,-20.99,4,100,17.21,810.07,4.94,0.317,-68.22,18,353307.14,19.53,0.576,0.926,2008.33,0
AAPL,1d,300,200,dip,152.05,2.93,0.24,-62.42,13,61.54,31.61,116.83,5.78,0.633,-18.92,4,100,16.75,605.32,4.36,0.296,-62.42,18,353307.14,19.53,0.576,0.926,2008.33,0
AAPL,1d,300,250,dip,57.96,1.44,0.188,-80.58,16,50,31.42,113.99,5.68,0.726,-18.92,5,80,14.27,347.84,3.33,0.255,-80.58,22,353307.14,19.53,0.576,0.926,2008.33,0
AAPL,1h,2,3,trend,-7.89,-5.68,-0.212,-17.32,447,38.48,51.11,-7.71,-12.69,-0.523,-17.49,194,39.18,52.01,-16.38,-8.57,-0.353,-27.28,642,46.47,21.06,0.562,1.39,23.82,0
AAPL,1h,2,4,trend,-4.44,-3.18,-0.082,-15.44,330,35.76,52.34,-1.36,-2.28,0.006,-19.67,143,38.46,54.97,-5.73,-2.91,-0.053,-21.22,473,46.47,21.06,0.562,1.39,23.82,0
AAPL,1h,2,5,trend,6.54,4.61,0.33,-15.05,263,41.06,53.04,-0.23,-0.38,0.093,-18.71,118,34.75,56.21,5.56,2.75,0.236,-18.71,382,46.47,21.06,0.562,1.39,23.82,0
AAPL,1h,2,7,trend,10.33,7.25,0.469,-13.29,201,38.81,54.14,1.83,3.11,0.251,-13.43,91,32.97,56.5,11.41,5.56,0.375,-14.99,293,46.47,21.06,0.562,1.39,23.82,0
AAPL,1h,2,9,trend,8.2,5.77,0.388,-18.9,166,35.54,54.43,20.63,37.31,1.701,-7.09,70,40,58.51,29.44,13.79,0.764,-18.9,237,46.47,21.06,0.562,1.39,23.82,1
AAPL,1h,2,12,trend,19.52,13.53,0.732,-23.61,128,38.28,54.14,10.23,17.89,0.956,-6.93,59,40.68,59.27,31.74,14.81,0.796,-23.61,187,46.47,21.06,0.562,1.39,23.82,0
AAPL,1h,2,15,trend,24.14,16.64,0.884,-17.28,115,37.39,54.14,18.06,32.39,1.518,-8.95,47,36.17,61.09,46.55,21.1,1.073,-17.28,162,46.47,21.06,0.562,1.39,23.82,1
AAPL,1h,2,20,trend,8.79,6.18,0.411,-19.91,90,37.78,53.81,6.82,11.8,0.655,-12.64,38,36.84,59.18,15.62,7.54,0.473,-19.91,129,46.47,21.06,0.562,1.39,23.82,0
AAPL,1h,2,25,trend,11.79,8.26,0.509,-16.97,89,39.33,55.09,14.56,25.83,1.215,-10.22,35,40,60.04,28.07,13.19,0.728,-16.97,124,46.47,21.06,0.562,1.39,23.82,0
AAPL,1h,2,30,trend,15.48,10.79,0.634,-17.91,79,36.71,55.05,12.81,22.61,1.082,-10.58,29,34.48,59.46,30.28,14.16,0.775,-17.91,108,46.47,21.06,0.562,1.39,23.82,0
AAPL,1h,2,40,trend,10.18,7.14,0.463,-17.93,59,32.2,52.09,11.52,20.24,0.973,-8.09,31,25.81,62.91,22.87,10.87,0.627,-17.93,90,46.47,21.06,0.562,1.39,23.82,0
AAPL,1h,2,50,trend,14.02,9.79,0.601,-16.22,48,35.42,53.2,4.02,6.89,0.398,-13.75,26,23.08,63.19,17.89,8.59,0.509,-16.22,75,46.47,21.06,0.562,1.39,23.82,0
AAPL,1h,2,60,trend,17.93,12.45,0.732,-14.4,37,35.14,53.9,6.66,11.51,0.572,-12.46,22,22.73,64.34,25.78,12.17,0.669,-14.4,59,46.47,21.06,0.562,1.39,23.82,0
AAPL,1h,2,75,trend,5.56,3.93,0.304,-18.92,39,25.64,54.22,6.94,12.02,0.591,-12.46,14,35.71,65.2,11.05,5.39,0.362,-18.92,54,46.47,21.06,0.562,1.39,23.82,0
AAPL,1h,2,100,trend,-0.45,-0.32,0.07,-24.8,31,25.81,54.47,20.15,36.38,1.392,-12.68,7,57.14,63.96,19.6,9.38,0.553,-24.8,38,46.47,21.06,0.562,1.39,23.82,1
AAPL,1h,2,125,trend,-11.82,-8.56,-0.454,-27.21,33,27.27,52.83,16.12,28.75,1.166,-14.78,9,33.33,63.38,2.4,1.2,0.159,-27.21,42,46.47,21.06,0.562,1.39,23.82,0
AAPL,1h,2,150,trend,-5.29,-3.8,-0.147,-27.1,32,25,52.95,11.12,19.52,0.873,-14.71,9,33.33,60.52,5.24,2.59,0.231,-27.1,41,46.47,21.06,0.562,1.39,23.82,0
AAPL,1h,2,200,trend,12.94,9.05,0.63,-18.52,21,38.1,52.46,0.06,0.1,0.099,-15.25,4,25,28.78,19.16,9.18,0.569,-18.52,28,46.47,21.06,0.562,1.39,23.82,0
AAPL,1h,2,250,trend,0.92,0.65,0.12,-25.69,22,13.64,53.4,-12.37,-20.01,-1.12,-20.65,15,6.67,32.6,-6.73,-3.43,-0.093,-25.69,42,46.47,21.06,0.562,1.39,23.82,0
AAPL,1h,2,300,trend,1.3,0.92,0.136,-21.4,19,15.79,44.79,-6.96,-11.48,-0.56,-19.45,9,11.11,31.17,-0.52,-0.26,0.078,-21.4,33,46.47,21.06,0.562,1.39,23.82,0
AAPL,1h,3,2,dip,-25.66,-19.03,-0.899,-39.2,448,57.14,48.69,6.68,11.55,0.671,-10.17,193,59.07,47.51,-19.4,-10.24,-0.426,-39.2,642,46.47,21.06,0.562,1.39,23.82,0
AAPL,1h,3,4,trend,-11.15,-8.07,-0.353,-19.91,369,42.28,52.13,7.41,12.84,0.644,-16.48,163,42.94,54.11,-4.56,-2.31,-0.016,-19.91,532,46.47,21.06,0.562,1.39,23.82,0
AAPL,1h,3,5,trend,3.96,2.8,0.239,-18.77,268,40.67,52.54,10.08,17.64,0.85,-17.48,119,40.34,55.16,14.44,6.99,0.437,-18.77,387,46.47,21.06,0.562,1.39,23.82,0
AAPL,1h,3,7,trend,5.63,3.98,0.302,-20.51,187,36.9,54.31,22.74,41.4,2.005,-10.52,83,40.96,57.07,28,13.16,0.76,-20.51,271,46.47,21.06,0.562,1.39,23.82,1
AAPL,1h,3,9,trend,8.68,6.1,0.394,-24.11,142,40.85,54.43,27.02,49.83,2.209,-7.21,62,41.94,58.32,36.63,16.92,0.883,-24.11,205,46.47,21.06,0.562,1.39,23.82,1
AAPL,1h,3,12,trend,32.64,22.27,1.088,-21.22,115,41.74,53.73,12.27,21.61,1.102,-8.13,54,44.44,59.08,48.91,22.07,1.092,-21.22,169,46.47,21.06,0.562,1.39,23.82,0
AAPL,1h,3,15,trend,24.51,16.89,0.877,-22.36,99,43.43,54.43,12.02,21.15,1.062,-11.23,44,45.45,59.75,39.48,18.13,0.932,-22.36,143,46.47,21.06,0.562,1.39,23.82,0
AAPL,1h,3,20,trend,9.38,6.59,0.43,-19.18,81,35.8,53.86,8.67,15.09,0.797,-9.89,30,43.33,58.89,17.81,8.55,0.52,-19.18,112,46.47,21.06,0.562,1.39,23.82,0
AAPL,1h,3,25,trend,15.57,10.85,0.635,-18.77,76,38.16,54.72,10.46,18.31,0.92,-10.78,30,36.67,59.37,27.66,13.01,0.723,-18.77,106,46.47,21.06,0.562,1.39,23.82,0
AAPL,1h,3,30,trend,17.72,12.31,0.691,-18.57,64,39.06,55.09,17.44,31.23,1.403,-7.78,24,41.67,59.75,38.25,17.61,0.912,-18.57,88,46.47,21.06,0.562,1.39,23.82,1
AAPL,1h,3,40,trend,9.82,6.9,0.454,-16.39,53,35.85,51.89,17.8,31.92,1.405,-8.5,27,44.44,62.72,29.38,13.77,0.763,-16.39,80,46.47,21.06,0.562,1.39,23.82,1
AAPL,1h,3,50,trend,16.83,11.7,0.697,-15.21,44,31.82,53.12,5.51,9.49,0.495,-13.47,21,28.57,62.91,22.73,10.8,0.608,-15.21,66,46.47,21.06,0.562,1.39,23.82,0
AAPL,1h,3,60,trend,13.64,9.52,0.581,-17.76,34,35.29,53.77,5.5,9.47,0.496,-12.46,20,30,63.96,19.88,9.51,0.547,-17.76,54,46.47,21.06,0.562,1.39,23.82,0
AAPL,1h,3,75,trend,6.19,4.37,0.328,-19.1,35,31.43,54.18,6.41,11.07,0.553,-12.5,13,38.46,65.2,13.38,6.49,0.414,-19.1,48,46.47,21.06,0.562,1.39,23.82,0
AAPL,1h,3,100,trend,-2.24,-1.6,-0.004,-24.78,28,28.57,54.76,18.25,32.76,1.284,-12.68,7,57.14,64.05,15.61,7.53,0.467,-24.78,35,46.47,21.06,0.562,1.39,23.82,0
AAPL,1h,3,125,trend,-6.85,-4.93,-0.21,-25.37,29,31.03,52.83,12.73,22.46,0.958,-15.75,8,50,63.19,5.01,2.48,0.224,-25.37,37,46.47,21.06,0.562,1.39,23.82,0
AAPL,1h,3,150,trend,-5.69,-4.08,-0.166,-25.59,27,29.63,52.91,12.23,21.55,0.936,-14.58,8,25,60.9,5.85,2.89,0.246,-25.59,35,46.47,21.06,0.562,1.39,23.82,0
AAPL,1h,3,200,trend,7.97,5.61,0.427,-19.45,19,31.58,52.54,-0.57,-0.96,0.04,-15.55,4,25,28.87,13.37,6.49,0.434,-19.45,25,46.47,21.06,0.562,1.39,23.82,0
AAPL,1h,3,250,trend,2.15,1.53,0.175,-26.11,18,16.67,53.28,-10.62,-17.28,-0.943,-20.21,14,14.29,32.22,-4.1,-2.07,-0.019,-26.11,36,46.47,21.06,0.562,1.39,23.82,0
AAPL,1h,3,300,trend,-1.09,-0.78,0.022,-21.27,16,6.25,44.54,-7.5,-12.35,-0.613,-19.92,9,22.22,31.26,-2.7,-1.36,0.016,-21.27,29,46.47,21.06,0.562,1.39,23.82,0
AAPL,1h,4,2,dip,-16.81,-12.28,-0.532,-33.21,331,57.4,47.33,6.1,10.53,0.63,-10.99,142,64.08,44.55,-11.65,-6.01,-0.208,-33.21,473,46.47,21.06,0.562,1.39,23.82,0
AAPL,1h,4,3,dip,-14.78,-10.76,-0.476,-27.6,370,53.51,47.58,-4.87,-8.09,-0.399,-11.55,162,59.26,45.41,-18.85,-9.93,-0.452,-28.46,532,46.47,21.06,0.562,1.39,23.82,0
AAPL,1h,4,5,trend,21.23,14.69,0.788,-14.57,317,47,51.76,14.97,26.6,1.2,-13.24,137,48.91,55.45,39.38,18.09,0.917,-14.57,454,46.47,21.06,0.562,1.39,23.82,0
AAPL,1h,4,7,trend,7.72,5.44,0.368,-23.5,188,41.49,54.02,17.89,32.07,1.617,-11.08,89,42.7,57.55,25.12,11.88,0.68,-23.5,278,46.47,21.06,0.562,1.39,23.82,1
AAPL,1h,4,9,trend,5.87,4.14,0.301,-28.7,144,38.89,54.84,19.97,36.03,1.698,-9.02,61,44.26,58.22,25.13,11.88,0.659,-28.7,206,46.47,21.06,0.562,1.39,23.82,1
AAPL,1h,4,12,trend,17.46,12.14,0.685,-21.04,110,43.64,54.02,13.54,23.95,1.204,-9.56,47,40.43,59.66,33.37,15.51,0.838,-21.04,157,46.47,21.06,0.562,1.39,23.82,0
AAPL,1h,4,15,trend,27.95,19.18,0.973,-23.28,87,41.38,54.31,9.23,16.1,0.836,-11.03,39,38.46,60.71,39.76,18.25,0.932,-23.28,126,46.47,21.06,0.562,1.39,23.82,0
AAPL,1h,4,20,trend,8.05,5.67,0.384,-19.19,76,38.16,54.14,5.49,9.46,0.549,-10.48,30,40,58.8,12.97,6.3,0.411,-19.19,107,46.47,21.06,0.562,1.39,23.82,0
AAPL,1h,4,25,trend,6.61,4.66,0.334,-18.38,69,39.13,54.72,8.53,14.84,0.783,-9.45,28,42.86,59.94,15.71,7.58,0.472,-18.38,97,46.47,21.06,0.562,1.39,23.82,0
AAPL,1h,4,30,trend,11.28,7.9,0.489,-22.81,62,41.94,55,15.6,27.76,1.294,-7.94,22,50,59.66,28.63,13.44,0.737,-22.81,84,46.47,21.06,0.562,1.39,23.82,0
AAPL,1h,4,40,trend,9.73,6.83,0.449,-16.39,53,30.19,52.09,18.61,33.45,1.457,-8.26,23,39.13,62.43,30.16,14.11,0.776,-16.39,76,46.47,21.06,0.562,1.39,23.82,1
AAPL,1h,4,50,trend,11.79,8.25,0.524,-17.97,36,38.89,53.08,7.26,12.57,0.608,-13.57,18,33.33,62.81,18.83,9.02,0.527,-17.97,55,46.47,21.06,0.562,1.39,23.82,0
AAPL,1h,4,60,trend,13.37,9.35,0.571,-16.61,31,38.71,53.69,7.54,13.07,0.63,-12.73,17,35.29,64.05,21.92,10.44,0.587,-16.61,48,46.47,21.06,0.562,1.39,23.82,0
AAPL,1h,4,75,trend,6.71,4.73,0.347,-19.58,32,40.63,54.02,7.96,13.83,0.654,-13.51,12,50,65.2,13.78,6.68,0.423,-19.58,44,46.47,21.06,0.562,1.39,23.82,0
AAPL,1h,4,100,trend,-5.3,-3.81,-0.134,-25.84,27,29.63,54.84,18.93,34.06,1.322,-12.68,7,57.14,63.96,12.62,6.13,0.401,-25.84,34,46.47,21.06,0.562,1.39,23.82,0
AAPL,1h,4,125,trend,-10.63,-7.69,-0.383,-27.81,29,27.59,52.95,14.38,25.5,1.058,-15.6,8,50,63.29,2.22,1.11,0.155,-27.81,37,46.47,21.06,0.562,1.39,23.82,0
AAPL,1h,4,150,trend,-13.24,-9.62,-0.502,-30.03,26,34.62,53.04,11.1,19.48,0.857,-13.89,7,28.57,60.9,-3.61,-1.83,0.005,-30.03,33,46.47,21.06,0.562,1.39,23.82,0
AAPL,1h,4,200,trend,8.92,6.27,0.467,-19.8,16,37.5,52.54,-2.21,-3.71,-0.115,-16.25,4,25,28.97,13.71,6.65,0.442,-19.8,22,46.47,21.06,0.562,1.39,23.82,0
AAPL,1h,4,250,trend,2.3,1.64,0.182,-26.84,16,25,53.28,-9.23,-15.1,-0.802,-18.8,12,16.67,31.93,-3.43,-1.74,-0.001,-26.84,32,46.47,21.06,0.562,1.39,23.82,0
AAPL,1h,4,300,trend,-2.55,-1.82,-0.048,-22.28,13,7.69,44.46,-8.88,-14.55,-0.768,-21.12,7,14.29,31.07,-7.89,-4.03,-0.132,-22.28,23,46.47,21.06,0.562,1.39,23.82,0
AAPL,1h,5,2,dip,-19.13,-14.03,-0.654,-32.83,264,61.74,46.64,8.72,15.18,0.849,-9.26,118,64.41,43.02,-11.99,-6.2,-0.227,-32.83,382,46.47,21.06,0.562,1.39,23.82,0
AAPL,1h,5,3,dip,-17.62,-12.89,-0.599,-28.05,269,57.62,47.13,-1.97,-3.31,-0.09,-13.82,118,58.47,44.26,-19.31,-10.19,-0.456,-35.91,387,46.47,21.06,0.562,1.39,23.82,0
AAPL,1h,5,4,dip,-33.39,-25.12,-1.37,-39.99,318,51.26,47.91,-8.15,-13.38,-0.65,-19.13,136,54.41,43.98,-38.87,-21.84,-1.161,-50.39,454,46.47,21.06,0.562,1.39,23.82,0
AAPL,1h,5,7,trend,-6.63,-4.76,-0.128,-31.72,198,42.42,53.24,8.58,14.93,0.826,-15.94,92,38.04,56.6,1.39,0.69,0.136,-31.72,290,46.47,21.06,0.562,1.39,23.82,0
AAPL,1h,5,9,trend,6.28,4.43,0.315,-26.47,142,45.07,53.77,3.83,6.56,0.424,-11.71,62,40.32,59.18,9.43,4.62,0.325,-26.47,205,46.47,21.06,0.562,1.39,23.82,0
AAPL,1h,5,12,trend,11.49,8.05,0.493,-25.66,107,41.12,53.86,8.85,15.41,0.829,-8.47,42,45.24,60.13,21.36,10.18,0.592,-25.66,149,46.47,21.06,0.562,1.39,23.82,0
AAPL,1h,5,15,trend,21.88,15.12,0.813,-21.69,81,39.51,54.39,4.92,8.47,0.501,-12.03,39,46.15,60.23,27.88,13.11,0.719,-21.69,120,46.47,21.06,0.562,1.39,23.82,0
AAPL,1h,5,20,trend,8,5.63,0.383,-21,70,42.86,54.14,0.93,1.57,0.178,-11.42,29,37.93,59.27,7.67,3.77,0.288,-21,100,46.47,21.06,0.562,1.39,23.82,0
AAPL,1h,5,25,trend,3.23,2.29,0.214,-17.85,67,41.79,54.84,6.85,11.86,0.652,-11.19,28,42.86,59.94,10.31,5.04,0.349,-17.85,95,46.47,21.06,0.562,1.39,23.82,0
AAPL,1h,5,30,trend,7.23,5.09,0.353,-23.1,58,43.1,55.13,13.21,23.33,1.124,-8.46,21,42.86,59.75,21.39,10.2,0.589,-23.1,79,46.47,21.06,0.562,1.39,23.82,0
AAPL,1h,5,40,trend,8.41,5.92,0.403,-17.85,42,40.48,51.97,18.68,33.57,1.466,-8.23,21,38.1,61.76,28.66,13.45,0.747,-17.85,63,46.47,21.06,0.562,1.39,23.82,1
AAPL,1h,5,50,trend,10.19,7.15,0.47,-17.39,35,37.14,52.99,9.04,15.75,0.725,-12.92,17,35.29,62.72,19.36,9.27,0.54,-17.39,53,46.47,21.06,0.562,1.39,23.82,0
AAPL,1h,5,60,trend,8.56,6.02,0.408,-18.29,28,39.29,53.73,5.1,8.77,0.467,-13.66,16,43.75,64.15,14.09,6.83,0.425,-18.29,44,46.47,21.06,0.562,1.39,23.82,0
AAPL,1h,5,75,trend,5.08,3.59,0.286,-19.28,27,37.04,54.55,6.47,11.18,0.549,-13.51,11,45.45,65.39,10.49,5.12,0.348,-19.28,38,46.47,21.06,0.562,1.39,23.82,0
AAPL,1h,5,100,trend,-1.8,-1.29,0.013,-23.42,26,34.62,54.76,19.21,34.59,1.337,-12.74,7,57.14,64.05,17.06,8.21,0.499,-23.42,33,46.47,21.06,0.562,1.39,23.82,0
AAPL,1h,5,125,trend,-4.14,-2.96,-0.088,-25.46,27,37.04,53.04,11.71,20.6,0.887,-14.34,7,57.14,63.19,7.09,3.49,0.274,-25.46,34,46.47,21.06,0.562,1.39,23.82,0
AAPL,1h,5,150,trend,-10.01,-7.24,-0.352,-29.18,24,33.33,53.04,11.65,20.48,0.89,-14.18,7,42.86,60.8,0.47,0.23,0.111,-29.18,31,46.47,21.06,0.562,1.39,23.82,0
AAPL,1h,5,200,trend,7.14,5.03,0.392,-20.59,15,33.33,52.38,-0.29,-0.48,0.067,-15.58,3,33.33,29.25,13.3,6.46,0.432,-20.59,20,46.47,21.06,0.562,1.39,23.82,0
AAPL,1h,5,250,trend,2.71,1.92,0.2,-25.02,17,23.53,53.08,-10.42,-16.97,-0.923,-18.79,12,16.67,32.03,-4.88,-2.47,-0.041,-25.02,33,46.47,21.06,0.562,1.39,23.82,0
AAPL,1h,5,300,trend,-5.31,-3.81,-0.185,-24.59,11,9.09,44.22,-5.17,-8.59,-0.396,-17.93,7,28.57,31.17,-7.35,-3.75,-0.116,-24.59,21,46.47,21.06,0.562,1.39,23.82,0
AAPL,1h,7,2,dip,-15.88,-11.58,-0.512,-30.07,202,64.85,45.53,10.39,18.18,0.972,-7.53,91,65.93,42.64,-7.22,-3.68,-0.09,-30.07,293,46.47,21.06,0.562,1.39,23.82,0
AAPL,1h,7,3,dip,-10.65,-7.7,-0.302,-26.23,188,67.02,45.37,-7.12,-11.74,-0.447,-12.53,83,57.83,41.97,-17.08,-8.95,-0.349,-26.91,271,46.47,21.06,0.562,1.39,23.82,0
AAPL,1h,7,4,dip,-12.49,-9.06,-0.402,-23.56,189,63.49,45.65,-3.99,-6.65,-0.203,-11.31,89,59.55,41.49,-15.88,-8.29,-0.333,-26.9,278,46.47,21.06,0.562,1.39,23.82,0
AAPL,1h,7,5,dip,-0.24,-0.17,0.08,-17.99,199,60.3,46.43,3.07,5.24,0.351,-14.3,92,55.43,42.64,2.27,1.13,0.155,-17.99,291,46.47,21.06,0.562,1.39,23.82,0
AAPL,1h,7,9,trend,2.72,1.93,0.196,-31.92,162,39.51,53.2,1.68,2.85,0.241,-11.03,74,41.89,58.7,4.45,2.2,0.209,-31.92,236,46.47,21.06,0.562,1.39,23.82,0
AAPL,1h,7,12,trend,8.29,5.84,0.389,-26.1,101,38.61,53.77,5.75,9.91,0.588,-7.36,44,47.73,59.66,14.52,7.03,0.447,-26.1,145,46.47,21.06,0.562,1.39,23.82,0
AAPL,1h,7,15,trend,13.98,9.76,0.577,-22.01,81,41.98,53.57,10.81,18.96,0.972,-7.56,35,48.57,60.33,26.3,12.41,0.696,-22.01,116,46.47,21.06,0.562,1.39,23.82,0
AAPL,1h,7,20,trend,2.31,1.64,0.181,-24.24,67,41.79,53.94,2.9,4.95,0.339,-8.88,30,43.33,59.66,5.28,2.61,0.23,-24.24,97,46.47,21.06,0.562,1.39,23.82,0
AAPL,1h,7,25,trend,1.32,0.94,0.145,-21.56,62,40.32,53.94,12.78,22.55,1.101,-8.62,25,44,60.61,14.27,6.91,0.441,-21.56,87,46.47,21.06,0.562,1.39,23.82,0
AAPL,1h,7,30,trend,15.83,11.03,0.635,-18.43,53,47.17,54.68,19.26,34.69,1.575,-6.75,20,45,60.23,38.15,17.57,0.921,-18.43,73,46.47,21.06,0.562,1.39,23.82,1
AAPL,1h,7,40,trend,16.78,11.68,0.691,-14.07,43,39.53,51.76,22.81,41.53,1.728,-6.56,19,47.37,62.05,43.42,19.8,1.029,-14.07,62,46.47,21.06,0.562,1.39,23.82,1
AAPL,1h,7,50,trend,15.56,10.84,0.645,-15.92,31,38.71,53.36,9.69,16.92,0.763,-13.4,15,33.33,63.77,27.19,12.8,0.689,-15.92,46,46.47,21.06,0.562,1.39,23.82,0
AAPL,1h,7,60,trend,10.53,7.39,0.481,-20.15,28,46.43,53.57,8.99,15.66,0.719,-13.61,13,46.15,64.05,18.97,9.09,0.53,-20.15,41,46.47,21.06,0.562,1.39,23.82,0
AAPL,1h,7,75,trend,13.59,9.5,0.59,-17.82,26,46.15,54.43,8.97,15.62,0.703,-13.91,9,55.56,65.3,23.14,10.99,0.611,-17.82,35,46.47,21.06,0.562,1.39,23.82,0
AAPL,1h,7,100,trend,-0.4,-0.28,0.071,-23.65,21,38.1,54.88,16.22,28.94,1.153,-12.6,7,57.14,63.86,16.15,7.79,0.478,-23.65,28,46.47,21.06,0.562,1.39,23.82,0
AAPL,1h,7,125,trend,-0.63,-0.45,0.062,-24.57,23,34.78,52.95,12.37,21.8,0.927,-14.27,7,42.86,63.38,11.66,5.68,0.379,-24.57,30,46.47,21.06,0.562,1.39,23.82,0
AAPL,1h,7,150,trend,-6.97,-5.01,-0.213,-27.65,22,40.91,53.16,12.58,22.18,0.945,-15.23,5,40,61.28,3.44,1.71,0.186,-27.65,27,46.47,21.06,0.562,1.39,23.82,0
AAPL,1h,7,200,trend,7.97,5.61,0.426,-20.34,14,35.71,52.38,0.46,0.78,0.136,-15.02,2,50,29.45,15.41,7.44,0.482,-20.34,18,46.47,21.06,0.562,1.39,23.82,0
AAPL,1h,7,250,trend,1.63,1.16,0.152,-25.98,14,14.29,52.95,-4.7,-7.81,-0.35,-18.04,9,33.33,31.45,0.67,0.33,0.111,-25.98,26,46.47,21.06,0.562,1.39,23.82,0
AAPL,1h,7,300,trend,-4.09,-2.93,-0.124,-24.11,11,9.09,44.26,-5.76,-9.55,-0.454,-17.76,6,33.33,31.55,-5.92,-3.01,-0.074,-24.11,19,46.47,21.06,0.562,1.39,23.82,0
AAPL,1h,9,2,dip,-10.36,-7.49,-0.284,-26.62,166,67.47,44.95,-4.36,-7.25,-0.248,-17.78,70,60,40.06,-14.46,-7.52,-0.278,-26.62,237,46.47,21.06,0.562,1.39,23.82,0
AAPL,1h,9,3,dip,-8.16,-5.88,-0.235,-19.95,142,66.9,44.91,-8.78,-14.39,-0.609,-17.04,62,58.06,40.15,-15.8,-8.25,-0.344,-21.25,205,46.47,21.06,0.562,1.39,23.82,0
AAPL,1h,9,4,dip,-5.95,-4.27,-0.149,-16.83,144,63.89,44.5,-2.48,-4.16,-0.083,-13.18,62,56.45,40.82,-8.18,-4.18,-0.123,-21.85,206,46.47,21.06,0.562,1.39,23.82,0
AAPL,1h,9,5,dip,-6.27,-4.5,-0.151,-20.54,142,57.75,45.53,12.53,22.09,1.062,-10.04,63,65.08,39.87,4.92,2.43,0.221,-20.54,205,46.47,21.06,0.562,1.39,23.82,0
AAPL,1h,9,7,dip,-5.44,-3.9,-0.116,-20.29,163,57.06,46.39,13.34,23.58,1.127,-14.42,74,56.76,40.34,5.79,2.86,0.242,-20.35,237,46.47,21.06,0.562,1.39,23.82,0
AAPL,1h,9,12,trend,10.62,7.45,0.476,-20.21,112,42.86,53.24,2.59,4.42,0.318,-7.58,51,43.14,60.33,13.49,6.54,0.428,-20.21,163,46.47,21.06,0.562,1.39,23.82,0
AAPL,1h,9,15,trend,14.27,9.96,0.59,-17.14,82,40.24,53.49,11.68,20.53,1.028,-7.72,35,42.86,61.19,27.61,12.99,0.723,-17.14,117,46.47,21.06,0.562,1.39,23.82,0
AAPL,1h,9,20,trend,7.51,5.29,0.365,-22.1,64,48.44,53.77,9.08,15.82,0.82,-7.57,28,46.43,59.56,17.27,8.31,0.506,-22.1,92,46.47,21.06,0.562,1.39,23.82,0
AAPL,1h,9,25,trend,5.13,3.62,0.284,-21.12,58,41.38,54.1,10.58,18.54,0.92,-8.99,25,44,60.9,16.25,7.83,0.486,-21.12,83,46.47,21.06,0.562,1.39,23.82,0
AAPL,1h,9,30,trend,9.34,6.56,0.425,-20.62,49,48.98,54.8,19.53,35.2,1.539,-6.66,19,47.37,60.99,30.69,14.35,0.773,-20.62,68,46.47,21.06,0.562,1.39,23.82,1
AAPL,1h,9,40,trend,11.47,8.04,0.517,-15,38,39.47,52.17,9.03,15.74,0.726,-13.18,16,43.75,61.47,21.95,10.45,0.595,-15,54,46.47,21.06,0.562,1.39,23.82,0
AAPL,1h,9,50,trend,10.94,7.67,0.496,-18.96,27,40.74,53.24,9.06,15.78,0.722,-13.1,14,35.71,63.77,20.12,9.61,0.554,-18.96,41,46.47,21.06,0.562,1.39,23.82,0
AAPL,1h,9,60,trend,14.42,10.06,0.623,-18.87,23,43.48,53.36,13.57,24.01,0.999,-13.38,11,54.55,64.24,29.02,13.61,0.734,-18.87,34,46.47,21.06,0.562,1.39,23.82,0
AAPL,1h,9,75,trend,2.27,1.61,0.179,-20.35,23,39.13,54.31,11.42,20.06,0.849,-14.01,8,62.5,65.77,14.07,6.81,0.424,-20.35,31,46.47,21.06,0.562,1.39,23.82,0
AAPL,1h,9,100,trend,0.93,0.66,0.126,-21.14,20,45,54.84,16.62,29.69,1.176,-14.51,6,66.67,63.96,16.25,7.83,0.48,-21.14,26,46.47,21.06,0.562,1.39,23.82,0
AAPL,1h,9,125,trend,-6.71,-4.83,-0.201,-27.27,21,38.1,52.87,12.83,22.64,0.957,-15.34,6,50,63.58,5.25,2.6,0.23,-27.27,27,46.47,21.06,0.562,1.39,23.82,0
AAPL,1h,9,150,trend,-6.04,-4.34,-0.177,-24.75,20,35,53.16,14.65,26.01,1.074,-14.02,5,40,61.38,6.96,3.43,0.272,-24.75,25,46.47,21.06,0.562,1.39,23.82,0
AAPL,1h,9,200,trend,11.89,8.33,0.591,-19.15,13,38.46,52.34,2.24,3.81,0.298,-13.65,2,50,29.35,20.69,9.88,0.604,-19.15,17,46.47,21.06,0.562,1.39,23.82,0
AAPL,1h,9,250,trend,0.62,0.44,0.106,-25.45,12,16.67,52.63,-5.72,-9.48,-0.449,-16.22,8,25,31.45,-0.16,-0.08,0.088,-25.45,23,46.47,21.06,0.562,1.39,23.82,0
AAPL,1h,9,300,trend,-4.64,-3.32,-0.151,-23.36,10,10,44.42,-5.22,-8.66,-0.393,-17.02,5,20,31.84,-5.6,-2.85,-0.064,-23.36,17,46.47,21.06,0.562,1.39,23.82,0
AAPL,1h,12,2,dip,-15.3,-11.15,-0.534,-20.82,128,66.41,45.12,5.71,9.84,0.543,-12,59,66.1,39.1,-11.01,-5.67,-0.196,-23.72,187,46.47,21.06,0.562,1.39,23.82,0
AAPL,1h,12,3,dip,-22.48,-16.58,-0.888,-24.68,115,66.09,45.53,4.41,7.56,0.45,-11.27,54,66.67,39.29,-19.55,-10.32,-0.463,-30.26,169,46.47,21.06,0.562,1.39,23.82,0
AAPL,1h,12,4,dip,-11.92,-8.64,-0.364,-22.27,110,66.36,45.2,4.11,7.04,0.428,-12.39,47,65.96,38.72,-8.86,-4.54,-0.129,-22.27,157,46.47,21.06,0.562,1.39,23.82,0
AAPL,1h,12,5,dip,-6.89,-4.95,-0.166,-20.86,107,57.94,45.41,9.09,15.84,0.801,-11.33,42,71.43,38.15,1.11,0.56,0.128,-20.86,149,46.47,21.06,0.562,1.39,23.82,0
AAPL,1h,12,7,dip,-3.43,-2.45,-0.03,-26.01,101,60.4,45.45,11.85,20.85,0.985,-13.43,44,68.18,38.53,7.68,3.78,0.285,-26.01,145,46.47,21.06,0.562,1.39,23.82,0
AAPL,1h,12,9,dip,-7.11,-5.12,-0.157,-27.13,112,55.36,45.94,14.81,26.3,1.2,-12.8,51,72.55,37.76,5.87,2.9,0.242,-27.13,163,46.47,21.06,0.562,1.39,23.82,0
AAPL,1h,12,15,trend,1.63,1.16,0.156,-17.57,98,42.86,53.65,9,15.68,0.812,-7.58,44,43.18,60.42,10.78,5.26,0.361,-17.57,142,46.47,21.06,0.562,1.39,23.82,0
AAPL,1h,12,20,trend,2.22,1.58,0.178,-22.8,67,44.78,54.06,15.93,28.39,1.3,-7.87,27,48.15,61.19,18.51,8.88,0.529,-22.8,94,46.47,21.06,0.562,1.39,23.82,0
AAPL,1h,12,25,trend,6.1,4.3,0.317,-18.93,53,39.62,54.55,18.45,33.14,1.447,-8.28,21,52.38,61.09,25.67,12.12,0.678,-18.93,74,46.47,21.06,0.562,1.39,23.82,1
AAPL,1h,12,30,trend,14.58,10.17,0.612,-17,51,47.06,54.51,13.47,23.81,1.107,-7.54,21,47.62,61.66,30.01,14.05,0.771,-17,72,46.47,21.06,0.562,1.39,23.82,0
AAPL,1h,12,40,trend,24.04,16.57,0.946,-11.56,37,48.65,52.13,5.29,9.11,0.48,-13.77,16,56.25,61.95,28.98,13.6,0.735,-14.23,53,46.47,21.06,0.562,1.39,23.82,0
AAPL,1h,12,50,trend,19.09,13.24,0.782,-14.05,26,50,52.99,1.21,2.06,0.207,-15.95,13,30.77,64.72,19.92,9.52,0.554,-15.95,39,46.47,21.06,0.562,1.39,23.82,0
AAPL,1h,12,60,trend,2.71,1.92,0.197,-20.55,21,47.62,52.95,6.46,11.17,0.555,-14.65,9,44.44,64.82,9.46,4.63,0.328,-20.55,30,46.47,21.06,0.562,1.39,23.82,0
AAPL,1h,12,75,trend,0.77,0.55,0.121,-18.12,21,38.1,54.18,7.08,12.26,0.587,-14.07,7,42.86,65.68,8.04,3.95,0.292,-18.12,28,46.47,21.06,0.562,1.39,23.82,0
AAPL,1h,12,100,trend,-2.52,-1.8,-0.017,-23.64,18,38.89,54.92,14.67,26.04,1.068,-14.84,5,40,63.77,11.21,5.46,0.369,-23.64,23,46.47,21.06,0.562,1.39,23.82,0
AAPL,1h,12,125,trend,-4.61,-3.31,-0.118,-24.11,17,41.18,52.75,13.6,24.05,1.003,-14.78,4,50,64.15,7.01,3.45,0.273,-24.11,21,46.47,21.06,0.562,1.39,23.82,0
AAPL,1h,12,150,trend,-11.02,-7.98,-0.399,-27.18,16,37.5,53.08,16.55,29.54,1.187,-13.7,5,60,61.38,3.16,1.57,0.179,-27.18,21,46.47,21.06,0.562,1.39,23.82,0
AAPL,1h,12,200,trend,17.97,12.48,0.833,-15.06,9,44.44,52.58,2.53,4.31,0.324,-13.38,2,50,29.35,30.34,14.19,0.817,-15.06,13,46.47,21.06,0.562,1.39,23.82,0
AAPL,1h,12,250,trend,0.84,0.6,0.117,-26.29,10,20,52.54,-4.58,-7.63,-0.327,-14.54,6,16.67,31.36,7.09,3.49,0.279,-26.29,17,46.47,21.06,0.562,1.39,23.82,0
AAPL,1h,12,300,trend,-6.98,-5.02,-0.275,-23.02,10,10,44.18,-3.06,-5.11,-0.187,-14.61,5,20,32.12,-6.35,-3.23,-0.087,-23.02,17,46.47,21.06,0.562,1.39,23.82,0
AAPL,1h,15,2,dip,-17.53,-12.82,-0.607,-25.67,115,66.09,45.04,0.13,0.22,0.118,-11.47,47,61.7,37.28,-17.92,-9.42,-0.393,-27.45,162,46.47,21.06,0.562,1.39,23.82,0
AAPL,1h,15,3,dip,-16.18,-11.81,-0.576,-21.55,99,65.66,44.75,5.75,9.91,0.551,-9.98,44,65.91,38.53,-11.77,-6.08,-0.221,-24.41,143,46.47,21.06,0.562,1.39,23.82,0
AAPL,1h,15,4,dip,-17.25,-12.61,-0.621,-21.22,87,66.67,44.87,9.1,15.86,0.81,-9.98,39,69.23,37.57,-10.13,-5.21,-0.176,-25.94,126,46.47,21.06,0.562,1.39,23.82,0
AAPL,1h,15,5,dip,-12.5,-9.07,-0.398,-20.83,81,59.26,44.79,13.41,23.7,1.118,-9.98,39,66.67,37.95,-1.07,-0.54,0.073,-21.17,120,46.47,21.06,0.562,1.39,23.82,0
AAPL,1h,15,7,dip,-6.43,-4.62,-0.146,-22.74,81,62.96,45.61,8.35,14.52,0.751,-12.87,35,68.57,37.76,0.65,0.32,0.117,-22.74,116,46.47,21.06,0.562,1.39,23.82,0
AAPL,1h,15,9,dip,-6.1,-4.38,-0.127,-23.75,82,64.63,45.65,7.7,13.37,0.706,-13.17,35,65.71,36.81,0.22,0.11,0.107,-23.75,117,46.47,21.06,0.562,1.39,23.82,0
AAPL,1h,15,12,dip,3.17,2.25,0.211,-21.93,98,58.16,45.45,10.25,17.94,0.912,-12.34,44,63.64,37.38,11.61,5.66,0.375,-21.93,142,46.47,21.06,0.562,1.39,23.82,0
AAPL,1h,15,20,trend,6.45,4.55,0.326,-22.39,72,48.61,54.02,21.79,39.54,1.664,-8.03,28,50,61.19,29.64,13.88,0.748,-22.39,100,46.47,21.06,0.562,1.39,23.82,1
AAPL,1h,15,25,trend,21.49,14.86,0.818,-19.96,50,50,54.59,21.1,38.21,1.616,-7.09,24,54.17,61.47,47.12,21.33,1.072,-19.96,74,46.47,21.06,0.562,1.39,23.82,1
AAPL,1h,15,30,trend,34.37,23.4,1.243,-15.74,44,56.82,54.76,8.39,14.59,0.686,-13.58,21,42.86,60.71,45.64,20.72,1.035,-15.74,65,46.47,21.06,0.562,1.39,23.82,0
AAPL,1h,15,40,trend,38.48,26.08,1.389,-11.47,27,62.96,52.58,1.29,2.18,0.212,-15.83,15,53.33,62.05,39.25,18.04,0.928,-15.83,42,46.47,21.06,0.562,1.39,23.82,0
AAPL,1h,15,50,trend,12.14,8.5,0.543,-17.61,26,50,52.63,3.84,6.58,0.384,-16.06,12,33.33,64.05,16.36,7.88,0.478,-17.61,38,46.47,21.06,0.562,1.39,23.82,0
AAPL,1h,15,60,trend,0.27,0.19,0.1,-17.07,21,42.86,53.04,3.74,6.4,0.374,-15.8,8,50,64.63,4.13,2.05,0.203,-17.07,29,46.47,21.06,0.562,1.39,23.82,0
AAPL,1h,15,75,trend,1.66,1.18,0.156,-19.03,19,42.11,53.45,1.96,3.34,0.258,-15.6,7,42.86,65.87,2.78,1.38,0.17,-19.03,26,46.47,21.06,0.562,1.39,23.82,0
AAPL,1h,15,100,trend,-7.91,-5.7,-0.252,-25.72,17,35.29,54.47,11.61,20.41,0.883,-15.25,5,40,63.67,2.71,1.35,0.168,-25.72,22,46.47,21.06,0.562,1.39,23.82,0
AAPL,1h,15,125,trend,-6.37,-4.57,-0.195,-23.04,16,37.5,52.75,12.98,22.92,0.968,-14.84,4,50,64.24,5.03,2.49,0.225,-23.04,20,46.47,21.06,0.562,1.39,23.82,0
AAPL,1h,15,150,trend,-11.92,-8.64,-0.443,-28.68,14,42.86,52.83,18.75,33.72,1.319,-12.53,3,66.67,60.99,4.51,2.24,0.212,-28.68,17,46.47,21.06,0.562,1.39,23.82,0
AAPL,1h,15,200,trend,17.02,11.84,0.793,-15.87,8,50,52.5,2.8,4.78,0.348,-13.08,2,50,29.35,33.49,15.57,0.885,-15.87,11,46.47,21.06,0.562,1.39,23.82,0
AAPL,1h,15,250,trend,-2.88,-2.06,-0.05,-26.79,10,20,52.75,-2.09,-3.5,-0.1,-12.89,6,16.67,29.73,4.73,2.34,0.218,-26.79,17,46.47,21.06,0.562,1.39,23.82,0
AAPL,1h,15,300,trend,-1.15,-0.82,0.017,-18.13,10,20,44.09,-5.6,-9.28,-0.428,-16.17,5,20,32.31,-3.04,-1.53,0.007,-18.13,17,46.47,21.06,0.562,1.39,23.82,0
AAPL,1h,20,2,dip,-2.65,-1.89,0.003,-21.41,91,73.63,45.24,12.13,21.35,1.032,-9.98,39,58.97,38.81,8.66,4.25,0.307,-21.41,130,46.47,21.06,0.562,1.39,23.82,0
AAPL,1h,20,3,dip,-1.76,-1.25,0.036,-21.56,82,67.07,45.16,11.55,20.29,0.993,-9.98,31,67.74,39.01,9.25,4.53,0.321,-21.56,113,46.47,21.06,0.562,1.39,23.82,0
AAPL,1h,20,4,dip,0.02,0.01,0.099,-22.48,76,65.79,45,14.91,26.48,1.232,-9.98,31,70.97,39.1,14.57,7.05,0.44,-22.48,107,46.47,21.06,0.562,1.39,23.82,0
AAPL,1h,20,5,dip,0.79,0.56,0.127,-21.48,70,60,45,21.16,38.33,1.677,-9.98,30,73.33,38.53,21.23,10.12,0.581,-21.48,100,46.47,21.06,0.562,1.39,23.82,1
AAPL,1h,20,7,dip,6.48,4.57,0.325,-19.62,67,62.69,45.12,17.59,31.52,1.439,-9.98,30,80,38.34,24.09,11.42,0.641,-19.62,97,46.47,21.06,0.562,1.39,23.82,1
AAPL,1h,20,9,dip,2.07,1.47,0.172,-20.86,64,60.94,45.24,12.66,22.32,1.1,-10.96,28,71.43,36.14,12.48,6.07,0.396,-20.86,92,46.47,21.06,0.562,1.39,23.82,0
AAPL,1h,20,12,dip,7.19,5.07,0.349,-19.45,67,62.69,44.91,5.57,9.59,0.569,-12.38,27,62.96,34.42,11.27,5.49,0.369,-19.45,94,46.47,21.06,0.562,1.39,23.82,0
AAPL,1h,20,15,dip,2.88,2.04,0.201,-22.48,72,59.72,44.87,0.09,0.16,0.107,-15.72,27,59.26,34.23,1.6,0.8,0.139,-22.48,99,46.47,21.06,0.562,1.39,23.82,0
AAPL,1h,20,25,trend,37.57,25.49,1.34,-13.72,58,56.9,54.14,-5.52,-9.15,-0.262,-13.66,28,50,59.85,29.98,14.03,0.748,-14.36,86,46.47,21.06,0.562,1.39,23.82,0
AAPL,1h,20,30,trend,35.05,23.84,1.275,-14.69,42,61.9,55.09,-1.19,-2,0.044,-14.73,20,45,60.71,31.79,14.82,0.783,-14.73,62,46.47,21.06,0.562,1.39,23.82,0
AAPL,1h,20,40,trend,33.55,22.86,1.239,-14.01,29,55.17,53.2,-0.97,-1.64,0.057,-16.6,15,53.33,61.47,32.38,15.08,0.8,-16.6,44,46.47,21.06,0.562,1.39,23.82,0
AAPL,1h,20,50,trend,0.46,0.32,0.108,-22.74,23,39.13,53.36,-0.17,-0.28,0.115,-16.85,12,25,62.24,-0.25,-0.12,0.096,-22.74,35,46.47,21.06,0.562,1.39,23.82,0
AAPL,1h,20,60,trend,2.07,1.47,0.171,-18.53,20,45,53.53,-0.44,-0.75,0.094,-16.46,8,50,64.24,0.29,0.15,0.109,-18.53,28,46.47,21.06,0.562,1.39,23.82,0
AAPL,1h,20,75,trend,-6.64,-4.77,-0.18,-22.76,18,44.44,52.99,2.27,3.87,0.279,-17.07,7,42.86,65.68,-5.93,-3.02,-0.047,-22.76,25,46.47,21.06,0.562,1.39,23.82,0
AAPL,1h,20,100,trend,-11.41,-8.26,-0.407,-27.25,17,41.18,53.81,13.45,23.78,0.998,-13.14,4,75,63.38,-0.8,-0.4,0.08,-27.25,21,46.47,21.06,0.562,1.39,23.82,0
AAPL,1h,20,125,trend,-7.02,-5.05,-0.202,-27.82,14,50,53.04,20.17,36.43,1.386,-12.53,3,100,63.86,11.65,5.67,0.376,-27.82,17,46.47,21.06,0.562,1.39,23.82,0
AAPL,1h,20,150,trend,-7.1,-5.1,-0.221,-28.73,15,46.67,52.71,15.13,26.89,1.106,-12.53,3,66.67,60.8,6.05,2.99,0.25,-28.73,18,46.47,21.06,0.562,1.39,23.82,0
AAPL,1h,20,200,trend,16.47,11.46,0.78,-16.13,8,37.5,52.71,0.45,0.76,0.135,-13.81,2,50,29.25,31.52,14.71,0.849,-16.13,11,46.47,21.06,0.562,1.39,23.82,0
AAPL,1h,20,250,trend,-6.44,-4.63,-0.216,-30.64,9,22.22,52.83,-0.17,-0.29,0.078,-14.63,3,66.67,30.02,3.51,1.74,0.187,-30.64,13,46.47,21.06,0.562,1.39,23.82,0
AAPL,1h,20,300,trend,-2.79,-2,-0.068,-18.63,9,11.11,43.97,-8.85,-14.49,-0.752,-17.72,5,0,32.31,-7,-3.57,-0.109,-21.04,15,46.47,21.06,0.562,1.39,23.82,0
AAPL,1h,25,2,dip,-5.2,-3.73,-0.096,-25.61,89,67.42,43.68,7.29,12.64,0.696,-10.8,35,71.43,35.76,-1.36,-0.68,0.066,-25.61,124,46.47,21.06,0.562,1.39,23.82,0
AAPL,1h,25,3,dip,-6.65,-4.78,-0.148,-24.84,76,64.47,44.01,11.95,21.02,1.052,-9.98,30,80,36.42,1.35,0.67,0.134,-24.84,106,46.47,21.06,0.562,1.39,23.82,0
AAPL,1h,25,4,dip,2.1,1.49,0.173,-24.32,69,66.67,43.97,13.22,23.36,1.135,-9.98,28,71.43,35.76,13.07,6.35,0.408,-24.32,97,46.47,21.06,0.562,1.39,23.82,0
AAPL,1h,25,5,dip,5.61,3.96,0.296,-24.83,67,67.16,43.81,14.4,25.54,1.221,-9.98,28,67.86,35.66,18.8,9.01,0.533,-24.83,95,46.47,21.06,0.562,1.39,23.82,0
AAPL,1h,25,7,dip,7.96,5.61,0.374,-22.63,62,62.9,44.63,8.78,15.29,0.803,-9.98,25,68,34.99,15.48,7.48,0.459,-22.63,87,46.47,21.06,0.562,1.39,23.82,0
AAPL,1h,25,9,dip,3.82,2.71,0.233,-19.62,58,62.07,44.42,10.69,18.73,0.969,-10.75,25,72,34.61,13.26,6.43,0.41,-19.62,83,46.47,21.06,0.562,1.39,23.82,0
AAPL,1h,25,12,dip,2.76,1.96,0.197,-23.01,53,62.26,43.89,3.72,6.36,0.42,-14.27,21,71.43,34.32,5.16,2.55,0.227,-23.01,74,46.47,21.06,0.562,1.39,23.82,0
AAPL,1h,25,15,dip,-8.34,-6.01,-0.216,-24.12,50,62,44.09,1.27,2.16,0.21,-14.09,24,66.67,33.84,-8.58,-4.39,-0.129,-24.12,74,46.47,21.06,0.562,1.39,23.82,0
AAPL,1h,25,20,dip,-19.83,-14.56,-0.671,-30.86,58,56.9,44.54,29.42,54.65,3.138,-6.41,28,71.43,35.28,2,0.99,0.147,-30.86,86,46.47,21.06,0.562,1.39,23.82,1
AAPL,1h,25,30,trend,30.85,21.09,1.217,-8.91,51,52.94,55.05,7.42,12.86,0.617,-14.86,24,66.67,59.75,39.55,18.16,0.954,-14.86,75,46.47,21.06,0.562,1.39,23.82,0
AAPL,1h,25,40,trend,24.71,17.02,1.012,-11.78,30,56.67,55.74,0.32,0.54,0.141,-17.57,18,50,61.57,25.26,11.94,0.689,-17.57,48,46.47,21.06,0.562,1.39,23.82,0
AAPL,1h,25,50,trend,9.95,6.98,0.497,-15.02,24,37.5,53.2,-8.5,-13.95,-0.521,-20.13,11,27.27,61.28,-0.71,-0.36,0.075,-20.13,35,46.47,21.06,0.562,1.39,23.82,0
AAPL,1h,25,60,trend,-0.3,-0.21,0.078,-24.22,19,47.37,53.57,-8.42,-13.82,-0.512,-19.42,9,33.33,63.1,-10.17,-5.23,-0.172,-24.22,28,46.47,21.06,0.562,1.39,23.82,0
AAPL,1h,25,75,trend,-10.22,-7.38,-0.331,-24.67,17,35.29,52.5,2.8,4.78,0.316,-13.71,7,71.43,65.49,-8.57,-4.39,-0.12,-26.88,24,46.47,21.06,0.562,1.39,23.82,0
AAPL,1h,25,100,trend,-19.4,-14.23,-0.761,-32.67,16,43.75,53.32,17.85,32,1.249,-13.12,3,66.67,64.05,-6.55,-3.34,-0.065,-32.67,19,46.47,21.06,0.562,1.39,23.82,0
AAPL,1h,25,125,trend,-6.81,-4.89,-0.192,-29.25,14,50,53.36,18.62,33.46,1.304,-12.53,3,66.67,63.67,9.96,4.87,0.338,-29.25,17,46.47,21.06,0.562,1.39,23.82,0
AAPL,1h,25,150,trend,1.83,1.3,0.161,-22.38,13,53.85,52.13,14.96,26.57,1.098,-12.53,3,66.67,60.8,15.63,7.55,0.484,-22.38,16,46.47,21.06,0.562,1.39,23.82,0
AAPL,1h,25,200,trend,11.03,7.73,0.553,-18.12,7,42.86,53.57,2.67,4.55,0.337,-12.53,2,50,29.06,27.26,12.83,0.753,-18.12,10,46.47,21.06,0.562,1.39,23.82,0
AAPL,1h,25,250,trend,-2.24,-1.6,-0.018,-28.69,8,37.5,53.32,-0.7,-1.19,0.027,-14.08,4,25,29.25,6.34,3.13,0.259,-28.69,13,46.47,21.06,0.562,1.39,23.82,0
AAPL,1h,25,300,trend,-1,-0.71,0.021,-16.23,8,12.5,43.68,-5.15,-8.55,-0.384,-18.46,5,20,32.31,-1.47,-0.74,0.05,-20.89,14,46.47,21.06,0.562,1.39,23.82,0
AAPL,1h,30,2,dip,-6.93,-4.98,-0.159,-25.72,80,63.75,43.64,9.74,17.01,0.893,-9.98,29,72.41,36.33,-0.95,-0.48,0.077,-25.72,109,46.47,21.06,0.562,1.39,23.82,0
AAPL,1h,30,3,dip,-7.2,-5.18,-0.18,-24.65,64,65.63,43.52,5.14,8.84,0.532,-11.83,24,70.83,35.95,-4.56,-2.31,-0.021,-24.65,88,46.47,21.06,0.562,1.39,23.82,0
AAPL,1h,30,4,dip,-1.44,-1.03,0.044,-22.78,62,64.52,43.64,6.51,11.26,0.635,-9.98,22,72.73,35.95,3.23,1.6,0.18,-22.78,84,46.47,21.06,0.562,1.39,23.82,0
AAPL,1h,30,5,dip,2.77,1.96,0.197,-22.61,58,63.79,43.52,8.89,15.49,0.821,-9.98,21,66.67,35.85,10.04,4.91,0.343,-22.61,79,46.47,21.06,0.562,1.39,23.82,0
AAPL,1h,30,7,dip,-4.54,-3.25,-0.069,-21.81,53,60.38,43.89,3.25,5.56,0.37,-13.72,20,65,35.28,-2.86,-1.44,0.029,-21.81,73,46.47,21.06,0.562,1.39,23.82,0
AAPL,1h,30,9,dip,0.9,0.64,0.13,-20.5,49,63.27,43.72,3.03,5.17,0.358,-14.9,19,68.42,34.42,2.58,1.28,0.164,-20.5,68,46.47,21.06,0.562,1.39,23.82,0
AAPL,1h,30,12,dip,-4.41,-3.16,-0.058,-22.43,51,62.75,43.97,8.48,14.75,0.819,-13.76,21,66.67,33.65,2.13,1.06,0.153,-22.43,72,46.47,21.06,0.562,1.39,23.82,0
AAPL,1h,30,15,dip,-17.93,-13.12,-0.569,-25.6,43,51.16,43.68,13.77,24.37,1.525,-10.35,21,61.9,34.42,-8.27,-4.23,-0.125,-25.6,65,46.47,21.06,0.562,1.39,23.82,1
AAPL,1h,30,20,dip,-17.56,-12.84,-0.565,-25.18,41,56.1,43.44,25.47,46.76,2.738,-7.97,20,70,34.23,2.46,1.23,0.159,-25.18,62,46.47,21.06,0.562,1.39,23.82,1
AAPL,1h,30,25,dip,-16.24,-11.85,-0.468,-28.02,50,52,43.44,14.87,26.41,1.665,-8.94,24,66.67,34.89,-5.2,-2.64,-0.032,-28.02,75,46.47,21.06,0.562,1.39,23.82,1
AAPL,1h,30,40,trend,19.28,13.37,0.827,-11.9,31,54.84,56.07,-8.27,-13.58,-0.526,-19.23,17,41.18,60.71,8.49,4.17,0.311,-19.23,48,46.47,21.06,0.562,1.39,23.82,0
AAPL,1h,30,50,trend,7.75,5.46,0.404,-11.52,23,39.13,53.28,-11.82,-19.15,-0.777,-22.25,11,36.36,61.38,-6.52,-3.32,-0.083,-22.25,34,46.47,21.06,0.562,1.39,23.82,0
AAPL,1h,30,60,trend,-1.39,-0.99,0.036,-22.22,22,45.45,52.99,-8.03,-13.19,-0.472,-20.46,13,38.46,62.72,-9.68,-4.97,-0.154,-22.8,35,46.47,21.06,0.562,1.39,23.82,0
AAPL,1h,30,75,trend,-12.06,-8.74,-0.417,-24.74,17,35.29,52.87,-3.1,-5.19,-0.093,-17.4,7,42.86,65.3,-15.18,-7.91,-0.306,-29.37,24,46.47,21.06,0.562,1.39,23.82,0
AAPL,1h,30,100,trend,-18.57,-13.6,-0.719,-33.7,16,43.75,53.04,11.87,20.88,0.899,-13.99,3,66.67,63.77,-9.31,-4.78,-0.14,-33.7,19,46.47,21.06,0.562,1.39,23.82,0
AAPL,1h,30,125,trend,-12.55,-9.1,-0.468,-28.57,14,42.86,53.45,16.06,28.62,1.157,-12.53,3,66.67,63.19,0.25,0.13,0.106,-28.57,17,46.47,21.06,0.562,1.39,23.82,0
AAPL,1h,30,150,trend,-7.2,-5.18,-0.224,-26.36,13,38.46,52.91,14.91,26.49,1.095,-12.53,3,66.67,60.61,4.92,2.43,0.222,-26.36,16,46.47,21.06,0.562,1.39,23.82,0
AAPL,1h,30,200,trend,4.53,3.21,0.279,-22.68,7,42.86,53.86,3.39,5.79,0.401,-12.53,2,50,28.78,18.98,9.09,0.566,-22.68,10,46.47,21.06,0.562,1.39,23.82,0
AAPL,1h,30,250,trend,-5.4,-3.87,-0.163,-28.47,8,25,53.49,0.53,0.9,0.143,-13.96,2,50,28.59,3.81,1.89,0.194,-28.47,11,46.47,21.06,0.562,1.39,23.82,0
AAPL,1h,30,300,trend,-1.82,-1.3,-0.015,-18.95,7,14.29,44.09,-3.14,-5.25,-0.197,-16.58,4,25,31.74,-0.33,-0.17,0.084,-19.37,12,46.47,21.06,0.562,1.39,23.82,0
AAPL,1h,40,2,dip,-2.22,-1.59,0.019,-27.84,60,65,43.48,9.22,16.08,0.872,-11.19,31,77.42,32.7,5.01,2.48,0.223,-27.84,91,46.47,21.06,0.562,1.39,23.82,0
AAPL,1h,40,3,dip,-1.2,-0.85,0.059,-24.41,54,66.67,43.68,3.66,6.26,0.414,-11.22,27,66.67,32.79,0.94,0.47,0.125,-24.41,81,46.47,21.06,0.562,1.39,23.82,0
AAPL,1h,40,4,dip,-1.12,-0.8,0.061,-24.48,54,64.81,43.48,3.44,5.89,0.397,-11.22,23,69.57,33.08,0.81,0.41,0.121,-24.48,77,46.47,21.06,0.562,1.39,23.82,0
AAPL,1h,40,5,dip,1.26,0.9,0.144,-24.33,43,58.14,43.56,3.64,6.23,0.413,-11.8,21,71.43,33.75,3.43,1.7,0.185,-24.33,64,46.47,21.06,0.562,1.39,23.82,0
AAPL,1h,40,7,dip,-6.05,-4.35,-0.12,-23.88,43,60.47,43.77,0.46,0.79,0.139,-12.78,19,63.16,33.27,-7.1,-3.62,-0.083,-23.88,63,46.47,21.06,0.562,1.39,23.82,0
AAPL,1h,40,9,dip,-0.37,-0.26,0.088,-23.58,38,65.79,43.31,14.11,24.99,1.587,-9.42,16,62.5,33.75,10.99,5.36,0.37,-23.58,55,46.47,21.06,0.562,1.39,23.82,1
AAPL,1h,40,12,dip,-10.35,-7.48,-0.276,-27.71,37,70.27,43.36,18.37,32.99,1.992,-9.78,16,68.75,33.08,5.07,2.51,0.225,-27.71,54,46.47,21.06,0.562,1.39,23.82,1
AAPL,1h,40,15,dip,-19.2,-14.08,-0.634,-26.94,27,55.56,42.82,22.91,41.72,2.418,-9.7,15,66.67,32.79,-1.95,-0.98,0.045,-26.94,43,46.47,21.06,0.562,1.39,23.82,1
AAPL,1h,40,20,dip,-16.38,-11.95,-0.522,-27.26,29,48.28,42.12,26.67,49.14,2.899,-6.92,15,80,32.98,2.93,1.46,0.171,-27.26,45,46.47,21.06,0.562,1.39,23.82,1
AAPL,1h,40,25,dip,-10.22,-7.39,-0.245,-32.69,29,58.62,42.58,26.21,48.21,2.426,-8.7,18,72.22,32.7,8.68,4.26,0.306,-32.69,48,46.47,21.06,0.562,1.39,23.82,1
AAPL,1h,40,30,dip,-5.9,-4.23,-0.09,-34.06,30,53.33,42.17,38.17,72.73,3.266,-7.94,17,76.47,33.27,25.94,12.25,0.663,-34.06,48,46.47,21.06,0.562,1.39,23.82,1
AAPL,1h,40,50,trend,-0.37,-0.27,0.067,-13.42,24,45.83,52.75,10.15,17.75,0.845,-15.89,14,50,60.71,9.07,4.45,0.328,-16.61,38,46.47,21.06,0.562,1.39,23.82,0
AAPL,1h,40,60,trend,-11.53,-8.35,-0.393,-26.21,21,52.38,52.5,16.86,30.13,1.256,-14.11,10,70,62.62,2.45,1.22,0.161,-26.21,31,46.47,21.06,0.562,1.39,23.82,0
AAPL,1h,40,75,trend,-17.81,-13.03,-0.646,-31.61,17,47.06,52.99,9.23,16.09,0.707,-19.06,4,50,67.5,-11.91,-6.15,-0.191,-31.61,21,46.47,21.06,0.562,1.39,23.82,0
AAPL,1h,40,100,trend,-16.89,-12.34,-0.649,-32.94,15,40,52.5,14.98,26.61,1.075,-13.91,3,66.67,64.91,-7.28,-3.71,-0.085,-32.94,18,46.47,21.06,0.562,1.39,23.82,0
AAPL,1h,40,125,trend,-14.01,-10.19,-0.531,-30.13,12,33.33,52.87,17.83,31.97,1.277,-12.53,3,66.67,62.72,1.91,0.95,0.148,-30.13,16,46.47,21.06,0.562,1.39,23.82,0
AAPL,1h,40,150,trend,-6.77,-4.87,-0.209,-25.08,12,41.67,53.32,18.63,33.48,1.348,-12.53,3,66.67,60.61,9.93,4.85,0.344,-25.08,15,46.47,21.06,0.562,1.39,23.82,0
AAPL,1h,40,200,trend,4.48,3.17,0.275,-20.85,7,42.86,54.1,1.98,3.38,0.276,-12.66,2,100,28.59,15.85,7.65,0.492,-20.85,10,46.47,21.06,0.562,1.39,23.82,0
AAPL,1h,40,250,trend,-3.7,-2.65,-0.087,-27.17,8,25,53.77,2.75,4.69,0.347,-12.8,2,100,28.3,9.65,4.72,0.342,-27.17,11,46.47,21.06,0.562,1.39,23.82,0
AAPL,1h,40,300,trend,-0.76,-0.54,0.04,-20.24,6,16.67,44.59,1.58,2.68,0.239,-12.94,2,50,29.16,1.82,0.91,0.142,-20.24,9,46.47,21.06,0.562,1.39,23.82,0
AAPL,1h,50,2,dip,-4.26,-3.05,-0.053,-26.59,49,69.39,42.37,17.92,32.13,1.912,-8.53,26,80.77,31.55,11.43,5.57,0.381,-26.59,76,46.47,21.06,0.562,1.39,23.82,1
AAPL,1h,50,3,dip,-6.11,-4.39,-0.122,-25.97,45,66.67,42.45,16.8,30.03,1.816,-7.73,22,72.73,32.22,8.2,4.03,0.303,-25.97,67,46.47,21.06,0.562,1.39,23.82,1
AAPL,1h,50,4,dip,-0.93,-0.66,0.067,-24.29,37,64.86,42.49,15.85,28.25,1.737,-8.41,19,63.16,32.22,13.25,6.43,0.424,-24.29,56,46.47,21.06,0.562,1.39,23.82,1
AAPL,1h,50,5,dip,0.53,0.38,0.119,-23.72,35,62.86,42.53,14.05,24.88,1.545,-8.41,18,66.67,32.22,12.84,6.24,0.414,-23.72,54,46.47,21.06,0.562,1.39,23.82,1
AAPL,1h,50,7,dip,-3.08,-2.2,-0.013,-25.05,31,67.74,42.12,13.24,23.38,1.485,-8.97,15,66.67,31.36,7.45,3.66,0.286,-25.05,47,46.47,21.06,0.562,1.39,23.82,1
AAPL,1h,50,9,dip,1.44,1.02,0.151,-24.59,27,66.67,42.25,14.56,25.83,1.599,-8.89,14,64.29,31.26,14.46,7,0.453,-24.59,42,46.47,21.06,0.562,1.39,23.82,1
AAPL,1h,50,12,dip,-5.39,-3.87,-0.091,-29.51,26,65.38,42.49,23.09,42.08,2.417,-8.25,13,69.23,30.02,14.92,7.22,0.46,-29.51,40,46.47,21.06,0.562,1.39,23.82,1
AAPL,1h,50,15,dip,-0.1,-0.07,0.098,-29.04,26,61.54,42.78,20.54,37.13,2.199,-8.66,12,58.33,30.5,17.9,8.6,0.527,-29.04,39,46.47,21.06,0.562,1.39,23.82,1
AAPL,1h,50,20,dip,11.97,8.38,0.483,-28.66,23,73.91,41.96,28.29,52.36,3.228,-3.76,12,75,26,38.08,17.54,0.92,-28.66,36,46.47,21.06,0.562,1.39,23.82,1
AAPL,1h,50,25,dip,1.86,1.32,0.17,-36.14,24,62.5,41.96,40.31,77.27,3.75,-4.42,11,81.82,26.67,38.3,17.63,0.892,-36.14,36,46.47,21.06,0.562,1.39,23.82,1
AAPL,1h,50,30,dip,3.08,2.18,0.208,-31.73,23,65.22,41.71,44.47,86.25,4.153,-2.87,11,90.91,26.29,45.68,20.74,1.027,-31.73,35,46.47,21.06,0.562,1.39,23.82,1
AAPL,1h,50,40,dip,10.96,7.69,0.451,-33.91,24,70.83,42,16.25,28.99,1.57,-9.98,14,64.29,26.48,23.82,11.29,0.621,-33.91,39,46.47,21.06,0.562,1.39,23.82,1
AAPL,1h,50,60,trend,-7.98,-5.75,-0.237,-22.03,23,47.83,52.3,5.09,8.76,0.466,-16.27,13,61.54,62.14,-5.73,-2.91,-0.043,-24.46,36,46.47,21.06,0.562,1.39,23.82,0
AAPL,1h,50,75,trend,-18.14,-13.28,-0.691,-31.69,18,33.33,52.75,7.47,12.96,0.604,-17.64,7,28.57,65.11,-15.01,-7.82,-0.286,-32.36,25,46.47,21.06,0.562,1.39,23.82,0
AAPL,1h,50,100,trend,-12.62,-9.16,-0.455,-30.24,14,50,52.34,19.44,35.03,1.339,-12.53,3,66.67,63.96,1.4,0.7,0.136,-30.24,18,46.47,21.06,0.562,1.39,23.82,0
AAPL,1h,50,125,trend,-5.26,-3.77,-0.132,-27.68,11,45.45,53.53,18.85,33.91,1.321,-12.53,3,66.67,62.81,10.1,4.94,0.343,-27.68,15,46.47,21.06,0.562,1.39,23.82,0
AAPL,1h,50,150,trend,-5.04,-3.61,-0.117,-23.6,11,45.45,53.49,21.64,39.27,1.529,-12.53,3,66.67,60.23,14.99,7.25,0.454,-23.6,14,46.47,21.06,0.562,1.39,23.82,1
AAPL,1h,50,200,trend,8.39,5.9,0.431,-16.81,6,33.33,54.96,1.83,3.12,0.263,-13.13,2,100,28.3,19.86,9.5,0.578,-16.81,9,46.47,21.06,0.562,1.39,23.82,0
AAPL,1h,50,250,trend,-6.11,-4.39,-0.18,-34.13,6,16.67,54.43,-1.6,-2.68,-0.056,-15.61,2,50,28.11,4.19,2.08,0.204,-34.13,9,46.47,21.06,0.562,1.39,23.82,0
AAPL,1h,50,300,trend,2.43,1.72,0.188,-19.34,6,16.67,44.46,-0.81,-1.37,0.018,-14.47,2,50,28.97,3.21,1.59,0.179,-19.34,9,46.47,21.06,0.562,1.39,23.82,0
AAPL,1h,60,2,dip,-6.21,-4.46,-0.128,-27.04,38,65.79,41.67,18.77,33.74,2.082,-7.31,22,81.82,24.57,6.47,3.19,0.261,-27.04,60,46.47,21.06,0.562,1.39,23.82,1
AAPL,1h,60,3,dip,-2.25,-1.61,0.017,-24.19,34,70.59,41.8,20.36,36.79,2.221,-7.19,20,80,24.95,12.38,6.02,0.405,-24.19,55,46.47,21.06,0.562,1.39,23.82,1
AAPL,1h,60,4,dip,-1.82,-1.3,0.033,-25.45,31,64.52,41.84,18.5,33.24,2.054,-7.35,17,82.35,24.86,11.13,5.43,0.375,-25.45,49,46.47,21.06,0.562,1.39,23.82,1
AAPL,1h,60,5,dip,3.54,2.51,0.224,-25.44,28,67.86,41.76,21.4,38.79,2.489,-6.07,16,75,24.76,20.07,9.59,0.586,-25.44,45,46.47,21.06,0.562,1.39,23.82,1
AAPL,1h,60,7,dip,1.7,1.2,0.16,-24.73,28,67.86,41.92,17.21,30.78,1.962,-8.78,13,76.92,24.76,15.56,7.51,0.479,-24.73,42,46.47,21.06,0.562,1.39,23.82,1
AAPL,1h,60,9,dip,-1.65,-1.17,0.044,-28.9,23,73.91,42.08,12.74,22.48,1.531,-8.38,11,63.64,24.57,6.95,3.42,0.272,-28.9,35,46.47,21.06,0.562,1.39,23.82,1
AAPL,1h,60,12,dip,9.73,6.83,0.422,-26.59,21,61.9,42.45,21.3,38.6,2.529,-5.91,9,77.78,23.9,26.55,12.51,0.711,-26.59,31,46.47,21.06,0.562,1.39,23.82,1
AAPL,1h,60,15,dip,12.44,8.7,0.506,-27.39,21,66.67,42.33,24.16,44.17,2.955,-4.14,8,75,23.8,33.21,15.45,0.848,-27.39,30,46.47,21.06,0.562,1.39,23.82,1
AAPL,1h,60,20,dip,10.38,7.28,0.443,-28.59,20,65,41.71,29.39,54.57,3.257,-4.14,8,75,23.9,38.22,17.6,0.94,-28.59,29,46.47,21.06,0.562,1.39,23.82,1
AAPL,1h,60,25,dip,13.01,9.09,0.526,-27.71,19,63.16,41.59,40.52,77.72,3.769,-4.42,9,77.78,24.86,54.15,24.2,1.205,-27.71,29,46.47,21.06,0.562,1.39,23.82,1
AAPL,1h,60,30,dip,13.02,9.1,0.53,-27.12,22,63.64,42.04,38.3,73,3.76,-4.09,13,69.23,24.86,50.92,22.89,1.167,-27.12,36,46.47,21.06,0.562,1.39,23.82,1
AAPL,1h,60,40,dip,25.19,17.34,0.887,-25.11,21,71.43,42.08,10.94,19.18,1.181,-7.97,10,40,24.19,32.7,15.22,0.824,-25.11,32,46.47,21.06,0.562,1.39,23.82,0
AAPL,1h,60,50,dip,22.28,15.39,0.804,-26.16,23,65.22,42.82,25.8,47.4,3.022,-5.11,13,69.23,24,45.99,20.87,1.098,-26.16,37,46.47,21.06,0.562,1.39,23.82,1
AAPL,1h,60,75,trend,-21.68,-15.96,-0.905,-34.02,21,38.1,51.56,21.31,38.62,1.553,-14.09,10,60,63.29,-8.14,-4.16,-0.123,-35.5,31,46.47,21.06,0.562,1.39,23.82,1
AAPL,1h,60,100,trend,-23.07,-17.03,-0.995,-33.16,13,38.46,53.2,19.7,35.52,1.365,-12.53,3,66.67,61.85,-9.57,-4.92,-0.155,-35.28,17,46.47,21.06,0.562,1.39,23.82,0
AAPL,1h,60,125,trend,-14.52,-10.56,-0.529,-32.18,11,54.55,54.43,17.73,31.77,1.256,-12.53,3,66.67,62.14,-0.1,-0.05,0.099,-32.18,15,46.47,21.06,0.562,1.39,23.82,0
AAPL,1h,60,150,trend,6.78,4.78,0.369,-15.08,9,55.56,53.98,17.3,30.96,1.267,-12.53,3,66.67,59.85,25.25,11.94,0.697,-15.08,12,46.47,21.06,0.562,1.39,23.82,0
AAPL,1h,60,200,trend,-0.83,-0.59,0.049,-23.53,6,33.33,55.05,12.26,21.6,0.959,-14.32,3,66.67,57.93,7.13,3.51,0.276,-23.53,9,46.47,21.06,0.562,1.39,23.82,0
AAPL,1h,60,250,trend,-3.7,-2.65,-0.075,-31.84,6,16.67,54.35,-1.72,-2.89,-0.069,-15,2,50,27.92,5.43,2.69,0.235,-31.84,9,46.47,21.06,0.562,1.39,23.82,0
AAPL,1h,60,300,trend,6.51,4.59,0.372,-20.57,5,40,44.22,-3.3,-5.51,-0.217,-16.18,2,50,28.68,6.96,3.43,0.275,-20.57,8,46.47,21.06,0.562,1.39,23.82,0
AAPL,1h,75,2,dip,4.6,3.25,0.259,-27.9,39,74.36,41.35,19.3,34.76,2.124,-7.15,14,85.71,23.61,21.32,10.16,0.601,-27.9,55,46.47,21.06,0.562,1.39,23.82,1
AAPL,1h,75,3,dip,4.32,3.05,0.249,-28.2,35,71.43,41.35,20.78,37.61,2.443,-4.57,13,84.62,23.52,19.51,9.34,0.566,-28.2,49,46.47,21.06,0.562,1.39,23.82,1
AAPL,1h,75,4,dip,4.83,3.41,0.266,-28.47,32,75,41.47,18.74,33.69,2.23,-4.57,12,83.33,22.94,20.39,9.74,0.583,-28.47,45,46.47,21.06,0.562,1.39,23.82,1
AAPL,1h,75,5,dip,7.1,5,0.341,-27.66,27,77.78,40.94,20.49,37.04,2.529,-4.42,11,81.82,22.66,24.88,11.77,0.684,-27.66,39,46.47,21.06,0.562,1.39,23.82,1
AAPL,1h,75,7,dip,-1.28,-0.92,0.055,-29.29,26,65.38,41.02,18.01,32.31,2.266,-5.41,9,66.67,22.75,11.92,5.8,0.395,-29.29,36,46.47,21.06,0.562,1.39,23.82,1
AAPL,1h,75,9,dip,9.97,7,0.435,-24.98,23,69.57,41.06,15.61,27.78,2.024,-4.85,8,62.5,22.37,21.32,10.16,0.612,-24.98,32,46.47,21.06,0.562,1.39,23.82,1
AAPL,1h,75,12,dip,11.88,8.32,0.494,-28.12,21,66.67,41.14,20.38,36.83,2.517,-4.42,7,71.43,22.37,28.57,13.41,0.763,-28.12,29,46.47,21.06,0.562,1.39,23.82,1
AAPL,1h,75,15,dip,10.95,7.68,0.464,-26.23,19,68.42,41.8,26.51,48.81,3.104,-4.14,7,71.43,22.08,35.2,16.31,0.894,-26.23,27,46.47,21.06,0.562,1.39,23.82,1
AAPL,1h,75,20,dip,21.24,14.7,0.774,-24.53,18,66.67,42.12,27.11,50,3.206,-4.14,7,71.43,22.08,48.25,21.8,1.14,-24.53,26,46.47,21.06,0.562,1.39,23.82,1
AAPL,1h,75,25,dip,24.6,16.95,0.873,-23.33,17,64.71,42.49,24.62,45.08,2.8,-4.14,7,71.43,22.08,50.74,22.82,1.181,-23.33,25,46.47,21.06,0.562,1.39,23.82,1
AAPL,1h,75,30,dip,26.9,18.48,0.933,-22.05,17,64.71,41.96,33.17,62.3,3.545,-4.14,7,85.71,21.99,62.08,27.36,1.363,-22.05,25,46.47,21.06,0.562,1.39,23.82,1
AAPL,1h,75,40,dip,35.85,24.37,1.192,-18.1,17,70.59,41.55,20.2,36.47,2.91,-4.14,4,75,19.22,56.71,25.23,1.331,-18.1,22,46.47,21.06,0.562,1.39,23.82,1
AAPL,1h,75,50,dip,37.41,25.38,1.219,-18.22,18,72.22,41.39,20.38,36.84,2.878,-4.14,7,71.43,20.27,63.05,27.74,1.424,-18.22,26,46.47,21.06,0.562,1.39,23.82,1
AAPL,1h,75,60,dip,45.55,30.62,1.387,-15.36,21,71.43,42.33,5.93,10.23,0.682,-9.96,9,77.78,21.61,52.42,23.5,1.159,-15.36,31,46.47,21.06,0.562,1.39,23.82,0
AAPL,1h,75,100,trend,-14.27,-10.38,-0.515,-29.84,12,50,53.16,14.03,24.86,1.038,-13.84,4,50,60.23,-3.38,-1.71,0.017,-29.84,17,46.47,21.06,0.562,1.39,23.82,0
AAPL,1h,75,125,trend,-3.87,-2.77,-0.059,-25.62,11,63.64,54.72,22.5,40.93,1.567,-12.53,3,66.67,61.47,20.17,9.64,0.557,-25.62,15,46.47,21.06,0.562,1.39,23.82,1
AAPL,1h,75,150,trend,3.21,2.27,0.218,-17.88,8,37.5,54.35,15.85,28.24,1.179,-12.53,3,66.67,59.94,19.57,9.36,0.569,-17.88,11,46.47,21.06,0.562,1.39,23.82,0
AAPL,1h,75,200,trend,8.24,5.8,0.411,-25.05,5,20,55.87,13.65,24.15,1.053,-14.06,3,66.67,57.84,19.24,9.21,0.552,-25.05,8,46.47,21.06,0.562,1.39,23.82,0
AAPL,1h,75,250,trend,3.87,2.74,0.246,-28.48,6,16.67,53.86,-2,-3.35,-0.101,-14.76,2,50,27.25,11.54,5.62,0.385,-28.48,9,46.47,21.06,0.562,1.39,23.82,0
AAPL,1h,75,300,trend,8.2,5.77,0.444,-18.34,5,40,44.67,-1.96,-3.28,-0.095,-14.53,2,50,27.82,5.56,2.75,0.24,-18.39,8,46.47,21.06,0.562,1.39,23.82,0
AAPL,1h,100,2,dip,11.74,8.22,0.483,-22.38,32,78.13,41.06,6.54,11.31,0.837,-9.33,7,57.14,23.71,14.65,7.09,0.449,-22.38,39,46.47,21.06,0.562,1.39,23.82,0
AAPL,1h,100,3,dip,14.9,10.39,0.578,-22.43,29,68.97,40.73,8.34,14.5,1.032,-9.33,7,57.14,23.52,19.78,9.46,0.561,-22.43,36,46.47,21.06,0.562,1.39,23.82,0
AAPL,1h,100,4,dip,18.2,12.64,0.673,-21.62,28,75,40.61,7.72,13.4,0.976,-8.84,7,57.14,23.61,22.52,10.71,0.619,-21.62,35,46.47,21.06,0.562,1.39,23.82,0
AAPL,1h,100,5,dip,14.09,9.83,0.552,-22.11,26,76.92,40.65,7.47,12.95,0.95,-8.84,7,71.43,23.52,17.9,8.6,0.52,-22.11,34,46.47,21.06,0.562,1.39,23.82,0
AAPL,1h,100,7,dip,13.2,9.23,0.525,-22.79,21,76.19,40.44,10.23,17.9,1.289,-8.84,7,85.71,23.71,19.59,9.37,0.557,-22.79,29,46.47,21.06,0.562,1.39,23.82,0
AAPL,1h,100,9,dip,11.99,8.39,0.488,-23.36,20,65,40.44,9.81,17.13,1.241,-8.84,6,66.67,23.52,19.93,9.53,0.564,-23.36,27,46.47,21.06,0.562,1.39,23.82,0
AAPL,1h,100,12,dip,15.72,10.95,0.6,-24.3,18,72.22,40.24,12.8,22.59,1.54,-8.84,5,80,23.52,25.27,11.94,0.675,-24.3,24,46.47,21.06,0.562,1.39,23.82,1
AAPL,1h,100,15,dip,21.74,15.03,0.772,-21.96,17,70.59,40.57,15.62,27.8,1.84,-8.84,5,80,23.33,34.81,16.14,0.863,-21.96,23,46.47,21.06,0.562,1.39,23.82,1
AAPL,1h,100,20,dip,25.96,17.85,0.891,-21.11,17,82.35,41.02,13.57,23.99,1.673,-8.84,4,75,20.84,39.09,17.97,0.946,-21.11,22,46.47,21.06,0.562,1.39,23.82,1
AAPL,1h,100,25,dip,38.28,25.94,1.216,-18.48,16,75,41.3,9.46,16.51,1.251,-8.84,3,100,19.89,47.63,21.54,1.109,-18.48,20,46.47,21.06,0.562,1.39,23.82,0
AAPL,1h,100,30,dip,37.24,25.27,1.205,-18.56,16,75,41.43,12.4,21.85,1.586,-8.84,3,100,19.89,52.55,23.56,1.203,-18.56,20,46.47,21.06,0.562,1.39,23.82,1
AAPL,1h,100,40,dip,35.83,24.35,1.166,-17.58,15,73.33,41.63,12.63,22.28,1.613,-8.84,2,100,19.69,50.8,22.84,1.179,-17.58,18,46.47,21.06,0.562,1.39,23.82,1
AAPL,1h,100,50,dip,30.82,21.08,1.028,-14.7,15,73.33,41.59,8.37,14.55,1.1,-8.84,2,100,20.84,39.55,18.17,0.968,-14.7,18,46.47,21.06,0.562,1.39,23.82,0
AAPL,1h,100,60,dip,49.51,33.14,1.468,-13.54,14,85.71,40.53,8.27,14.37,1.063,-8.84,2,100,22.56,57.45,25.53,1.265,-13.54,17,46.47,21.06,0.562,1.39,23.82,0
AAPL,1h,100,75,dip,36.73,24.94,1.196,-15.14,13,76.92,40.36,11.37,19.96,1.424,-8.84,3,100,23.23,49.99,22.51,1.16,-15.14,17,46.47,21.06,0.562,1.39,23.82,1
AAPL,1h,100,125,trend,3.42,2.42,0.221,-29.71,11,72.73,54.96,22.18,40.31,1.551,-12.53,4,75,63.1,21.39,10.2,0.577,-29.71,16,46.47,21.06,0.562,1.39,23.82,1
AAPL,1h,100,150,trend,11.97,8.38,0.547,-23.12,8,50,55.82,19.71,35.54,1.41,-12.53,3,100,61.19,34.17,15.86,0.853,-23.12,11,46.47,21.06,0.562,1.39,23.82,1
AAPL,1h,100,200,trend,4.35,3.08,0.261,-25.48,5,40,56.32,11.28,19.81,0.897,-16.37,3,66.67,57.36,13.05,6.33,0.414,-25.48,8,46.47,21.06,0.562,1.39,23.82,0
AAPL,1h,100,250,trend,1.93,1.37,0.165,-30.03,5,20,54.68,-2.73,-4.58,-0.184,-12.58,2,50,26.48,2.64,1.31,0.164,-30.03,8,46.47,21.06,0.562,1.39,23.82,0
AAPL,1h,100,300,trend,12.97,9.07,0.651,-19.43,5,60,44.79,-6.61,-10.92,-0.608,-12.53,2,0,25.81,3.14,1.56,0.177,-19.43,8,46.47,21.06,0.562,1.39,23.82,0
AAPL,1h,125,2,dip,25.72,17.69,0.866,-21.46,34,76.47,41.26,10.06,17.59,1.197,-9.33,9,66.67,24.19,33.14,15.41,0.816,-21.46,43,46.47,21.06,0.562,1.39,23.82,0
AAPL,1h,125,3,dip,19.6,13.58,0.708,-21.12,30,76.67,41.26,13.32,23.55,1.564,-8.84,8,75,24.28,30.62,14.31,0.776,-21.12,38,46.47,21.06,0.562,1.39,23.82,1
AAPL,1h,125,4,dip,24.45,16.85,0.842,-19.82,30,80,41.1,12.18,21.45,1.448,-8.84,8,87.5,24.09,33.96,15.77,0.841,-19.82,38,46.47,21.06,0.562,1.39,23.82,1
AAPL,1h,125,5,dip,16.24,11.31,0.614,-19.49,28,75,40.98,15.36,27.31,1.862,-8.84,7,100,21.8,28.27,13.28,0.734,-19.49,35,46.47,21.06,0.562,1.39,23.82,1
AAPL,1h,125,7,dip,13.49,9.42,0.535,-20.54,23,65.22,41.02,14.57,25.85,1.797,-8.84,7,100,21.41,24.42,11.56,0.66,-20.54,31,46.47,21.06,0.562,1.39,23.82,1
AAPL,1h,125,9,dip,21.59,14.93,0.765,-20.66,21,71.43,41.06,13.93,24.67,1.694,-8.84,6,83.33,21.13,32.92,15.32,0.824,-20.66,28,46.47,21.06,0.562,1.39,23.82,1
AAPL,1h,125,12,dip,20.08,13.91,0.713,-20.59,17,70.59,41.14,13.21,23.33,1.625,-8.84,4,75,20.36,32.34,15.07,0.803,-20.59,22,46.47,21.06,0.562,1.39,23.82,1
AAPL,1h,125,15,dip,22.49,15.54,0.78,-21.03,16,75,41.1,14.1,24.99,1.74,-8.84,3,100,19.98,35.1,16.26,0.857,-21.03,20,46.47,21.06,0.562,1.39,23.82,1
AAPL,1h,125,20,dip,23.76,16.38,0.835,-17.9,14,78.57,40.73,7.34,12.72,0.983,-8.84,3,100,20.08,27.58,12.97,0.728,-17.9,18,46.47,21.06,0.562,1.39,23.82,0
AAPL,1h,125,25,dip,26.63,18.3,0.921,-18.76,14,71.43,40.32,6.07,10.47,0.831,-8.84,2,100,19.98,32.94,15.33,0.839,-18.76,17,46.47,21.06,0.562,1.39,23.82,0
AAPL,1h,125,30,dip,33.34,22.73,1.08,-18.78,14,64.29,40.2,9.66,16.86,1.251,-8.84,2,100,20.17,44.07,20.07,1.031,-18.78,17,46.47,21.06,0.562,1.39,23.82,0
AAPL,1h,125,40,dip,35.85,24.37,1.148,-19.08,13,76.92,40.77,9.73,17,1.258,-8.84,2,100,20.36,41.89,19.15,0.994,-19.08,16,46.47,21.06,0.562,1.39,23.82,0
AAPL,1h,125,50,dip,24.94,17.17,0.865,-22.22,12,66.67,40.16,6.87,11.89,0.918,-8.84,2,100,20.46,33.08,15.39,0.833,-22.22,15,46.47,21.06,0.562,1.39,23.82,0
AAPL,1h,125,60,dip,37.28,25.3,1.211,-15.19,12,58.33,39.09,7.9,13.71,1.044,-8.84,2,100,21.13,45.41,20.62,1.079,-15.19,15,46.47,21.06,0.562,1.39,23.82,0
AAPL,1h,125,75,dip,23.3,16.08,0.855,-17.7,12,58.33,38.56,7.47,12.95,1.001,-8.84,2,100,21.32,22.11,10.52,0.624,-17.7,15,46.47,21.06,0.562,1.39,23.82,0
AAPL,1h,125,100,dip,13.44,9.39,0.557,-14.55,12,50,38.02,4.43,7.6,0.637,-8.84,3,33.33,18.55,19.5,9.33,0.571,-14.55,16,46.47,21.06,0.562,1.39,23.82,0
AAPL,1h,125,150,trend,-4.63,-3.32,-0.11,-27.43,10,20,56.69,15.69,27.94,1.156,-13.13,3,66.67,62.62,10.07,4.92,0.345,-27.43,14,46.47,21.06,0.562,1.39,23.82,0
AAPL,1h,125,200,trend,12.78,8.94,0.579,-23.35,6,66.67,55.95,9.54,16.66,0.796,-13.94,3,66.67,57.27,19.82,9.48,0.568,-23.35,9,46.47,21.06,0.562,1.39,23.82,0
AAPL,1h,125,250,trend,-4.4,-3.15,-0.104,-33.81,5,40,54.76,-7.54,-12.41,-0.713,-12.53,2,0,25.62,-15.74,-8.22,-0.35,-33.81,8,46.47,21.06,0.562,1.39,23.82,0
AAPL,1h,125,300,trend,1.95,1.38,0.166,-29.51,5,40,54.18,-7.26,-11.96,-0.662,-12.53,2,0,26.67,-4.49,-2.27,-0.023,-29.51,8,46.47,21.06,0.562,1.39,23.82,0
AAPL,1h,150,2,dip,17.88,12.42,0.662,-20.86,32,75,37.49,15.27,27.15,1.693,-9.35,9,88.89,24.19,30.45,14.24,0.77,-20.86,41,46.47,21.06,0.562,1.39,23.82,1
AAPL,1h,150,3,dip,19.25,13.35,0.7,-20.94,27,66.67,37.49,14.26,25.28,1.644,-8.84,8,87.5,23.8,30.82,14.4,0.779,-20.94,35,46.47,21.06,0.562,1.39,23.82,1
AAPL,1h,150,4,dip,29.75,20.37,0.995,-18.92,25,80,37.33,15.93,28.39,1.864,-8.84,7,85.71,23.71,43.88,19.99,1.032,-18.92,33,46.47,21.06,0.562,1.39,23.82,1
AAPL,1h,150,5,dip,25.47,17.53,0.88,-18.85,23,78.26,37.28,14.77,26.22,1.745,-8.84,7,85.71,23.71,38.45,17.7,0.933,-18.85,31,46.47,21.06,0.562,1.39,23.82,1
AAPL,1h,150,7,dip,22.21,15.35,0.792,-19.84,21,61.9,37.08,14.09,24.97,1.685,-8.84,5,100,23.23,35.74,16.54,0.885,-19.84,27,46.47,21.06,0.562,1.39,23.82,1
AAPL,1h,150,9,dip,20.73,14.35,0.74,-22.15,19,84.21,37.04,12.69,22.38,1.531,-8.84,5,60,23.04,30.98,14.47,0.784,-22.15,25,46.47,21.06,0.562,1.39,23.82,1
AAPL,1h,150,12,dip,28.58,19.59,0.951,-21.15,16,75,40.73,10.48,18.35,1.306,-8.84,4,50,22.85,37.03,17.09,0.898,-21.15,21,46.47,21.06,0.562,1.39,23.82,0
AAPL,1h,150,15,dip,30.51,20.87,1.001,-21,14,71.43,40.89,8.62,15,1.093,-8.84,2,100,23.04,36.23,16.75,0.883,-21,17,46.47,21.06,0.562,1.39,23.82,0
AAPL,1h,150,20,dip,25.37,17.46,0.866,-21.54,15,73.33,40.94,9.29,16.2,1.182,-8.84,2,100,22.85,36.04,16.66,0.879,-21.54,18,46.47,21.06,0.562,1.39,23.82,0
AAPL,1h,150,25,dip,15.63,10.89,0.577,-28.22,13,69.23,41.43,10.6,18.58,1.327,-8.84,2,100,22.66,26.13,12.33,0.669,-28.22,16,46.47,21.06,0.562,1.39,23.82,0
AAPL,1h,150,30,dip,26.22,18.03,0.887,-22.15,13,69.23,40.61,10.99,19.28,1.378,-8.84,2,100,22.56,38.29,17.63,0.919,-22.15,16,46.47,21.06,0.562,1.39,23.82,0
AAPL,1h,150,40,dip,27.13,18.63,0.91,-23.33,12,75,40.07,7.81,13.55,1.027,-8.84,2,100,21.61,33.54,15.59,0.822,-23.33,15,46.47,21.06,0.562,1.39,23.82,0
AAPL,1h,150,50,dip,24.95,17.18,0.868,-20.49,11,81.82,39.91,5.02,8.63,0.696,-8.84,2,100,21.41,27.82,13.08,0.723,-20.49,14,46.47,21.06,0.562,1.39,23.82,0
AAPL,1h,150,60,dip,11.09,7.77,0.454,-29.04,10,60,39.34,7.97,13.84,1.054,-8.84,2,100,21.51,17.38,8.36,0.495,-29.04,12,46.47,21.06,0.562,1.39,23.82,0
AAPL,1h,150,75,dip,14.45,10.09,0.555,-26.58,9,55.56,38.68,9.71,16.96,1.26,-8.84,2,100,21.51,22.44,10.67,0.602,-26.58,11,46.47,21.06,0.562,1.39,23.82,0
AAPL,1h,150,100,dip,5.1,3.6,0.275,-23.15,8,50,36.75,5.6,9.64,0.773,-8.84,2,100,19.6,8.64,4.24,0.31,-23.15,11,46.47,21.06,0.562,1.39,23.82,0
AAPL,1h,150,125,dip,21.36,14.77,0.767,-23.15,10,80,35.44,10.4,18.2,1.415,-8.84,2,100,17.3,30.08,14.08,0.77,-23.15,14,46.47,21.06,0.562,1.39,23.82,1
AAPL,1h,150,200,trend,5.88,4.15,0.319,-27.25,6,33.33,57.14,-0.97,-1.63,0.048,-19.61,3,66.67,57.46,2.78,1.38,0.169,-27.25,9,46.47,21.06,0.562,1.39,23.82,0
AAPL,1h,150,250,trend,-9.99,-7.21,-0.358,-34.59,6,16.67,53.65,0.11,0.18,0.125,-19.56,3,33.33,55.74,-14.51,-7.55,-0.312,-34.59,9,46.47,21.06,0.562,1.39,23.82,0
AAPL,1h,150,300,trend,-2.85,-2.04,-0.04,-28.16,5,20,53.2,-7.62,-12.54,-0.703,-12.53,2,0,26.48,-4.08,-2.06,-0.01,-28.16,8,46.47,21.06,0.562,1.39,23.82,0
AAPL,1h,200,2,dip,0.36,0.26,0.122,-25.14,20,75,37.94,12.32,21.7,1.465,-8.84,4,100,24.76,17.26,8.3,0.491,-25.14,27,46.47,21.06,0.562,1.39,23.82,1
AAPL,1h,200,3,dip,5.14,3.63,0.272,-25.23,18,83.33,37.82,13.4,23.68,1.583,-8.84,4,100,24.57,23.57,11.18,0.619,-25.23,24,46.47,21.06,0.562,1.39,23.82,1
AAPL,1h,200,4,dip,4.19,2.96,0.243,-25.43,15,80,37.57,15.3,27.21,1.779,-8.84,4,100,24.47,23.17,11,0.611,-25.43,21,46.47,21.06,0.562,1.39,23.82,1
AAPL,1h,200,5,dip,6.18,4.36,0.305,-25.02,14,78.57,37.69,14.02,24.83,1.659,-8.84,3,100,24.09,24.07,11.41,0.629,-25.02,19,46.47,21.06,0.562,1.39,23.82,1
AAPL,1h,200,7,dip,5.49,3.88,0.284,-25.12,13,76.92,37.69,12.94,22.84,1.545,-8.84,2,100,23.8,22.1,10.52,0.592,-25.12,17,46.47,21.06,0.562,1.39,23.82,1
AAPL,1h,200,9,dip,1.99,1.41,0.174,-26.2,12,75,37.69,10.79,18.91,1.32,-8.84,2,100,23.8,16.98,8.17,0.487,-26.2,16,46.47,21.06,0.562,1.39,23.82,0
AAPL,1h,200,12,dip,-2.39,-1.71,0.032,-29.53,8,62.5,37.41,10.54,18.46,1.304,-8.84,2,100,23.61,9.3,4.55,0.32,-29.53,12,46.47,21.06,0.562,1.39,23.82,0
AAPL,1h,200,15,dip,-1.91,-1.37,0.047,-29.34,7,42.86,36.67,10.56,18.49,1.31,-8.84,2,100,23.42,6.5,3.21,0.257,-29.34,10,46.47,21.06,0.562,1.39,23.82,0
AAPL,1h,200,20,dip,-2.53,-1.81,0.027,-28.88,7,42.86,36.34,11.47,20.16,1.413,-8.84,2,100,23.23,6.91,3.41,0.266,-28.88,10,46.47,21.06,0.562,1.39,23.82,1
AAPL,1h,200,25,dip,2.49,1.77,0.19,-28.14,6,66.67,35.44,10.45,18.29,1.3,-8.84,2,100,23.14,10.76,5.25,0.352,-28.14,9,46.47,21.06,0.562,1.39,23.82,0
AAPL,1h,200,30,dip,8.73,6.14,0.384,-28.14,6,66.67,35.19,8.8,15.33,1.115,-8.84,2,100,23.23,18.33,8.79,0.515,-28.14,9,46.47,21.06,0.562,1.39,23.82,0
AAPL,1h,200,40,dip,9.52,6.69,0.408,-28.14,6,83.33,34.82,10.82,18.97,1.324,-8.84,2,100,22.75,22.34,10.63,0.597,-28.14,9,46.47,21.06,0.562,1.39,23.82,0
AAPL,1h,200,50,dip,3.62,2.56,0.226,-26.85,5,80,33.76,10.02,17.53,1.241,-8.84,2,100,22.66,16.07,7.75,0.474,-26.85,8,46.47,21.06,0.562,1.39,23.82,0
AAPL,1h,200,60,dip,13.31,9.3,0.533,-24.08,5,80,33.55,12.97,22.9,1.602,-8.84,2,100,22.47,29.93,14.01,0.765,-24.08,8,46.47,21.06,0.562,1.39,23.82,1
AAPL,1h,200,75,dip,4.01,2.84,0.24,-23.15,4,75,32.49,12.3,21.67,1.513,-8.84,2,100,21.7,16.94,8.15,0.501,-23.15,7,46.47,21.06,0.562,1.39,23.82,1
AAPL,1h,200,100,dip,5.6,3.96,0.293,-23.15,4,75,31.62,14.67,26.03,1.784,-8.84,2,100,21.7,20.75,9.9,0.582,-23.15,7,46.47,21.06,0.562,1.39,23.82,1
AAPL,1h,200,125,dip,4.79,3.39,0.265,-23.15,6,66.67,35.4,14.64,25.99,1.709,-8.11,2,100,20.94,22.18,10.55,0.604,-23.15,9,46.47,21.06,0.562,1.39,23.82,1
AAPL,1h,200,150,dip,10.29,7.22,0.443,-23.15,6,66.67,33.68,21.89,39.75,2.771,-5.35,2,100,19.41,40.73,18.67,0.978,-23.15,9,46.47,21.06,0.562,1.39,23.82,1
AAPL,1h,200,250,trend,-5.23,-3.75,-0.148,-27.37,7,28.57,53.28,10.5,18.38,0.841,-12.89,3,33.33,55.16,-1.71,-0.86,0.051,-27.37,10,46.47,21.06,0.562,1.39,23.82,0
AAPL,1h,200,300,trend,11.08,7.77,0.539,-18.13,4,25,51.35,-8.59,-14.08,-0.851,-12.53,2,0,22.56,12.89,6.26,0.415,-18.13,8,46.47,21.06,0.562,1.39,23.82,0
AAPL,1h,250,2,dip,12.16,8.51,0.485,-24.46,21,80.95,36.26,26.99,49.77,3.004,-8.49,15,100,20.84,47.28,21.4,1.056,-24.46,41,46.47,21.06,0.562,1.39,23.82,1
AAPL,1h,250,3,dip,10.82,7.59,0.446,-24.46,17,76.47,36.22,25.53,46.86,2.845,-8.39,14,92.86,21.13,43.61,19.87,0.994,-24.46,35,46.47,21.06,0.562,1.39,23.82,1
AAPL,1h,250,4,dip,10.92,7.66,0.449,-24.08,15,73.33,36.22,23.51,42.9,2.643,-8.11,12,91.67,21.32,43.31,19.75,0.989,-24.08,31,46.47,21.06,0.562,1.39,23.82,1
AAPL,1h,250,5,dip,10.36,7.26,0.43,-24.08,16,68.75,36.42,24.93,45.68,2.783,-8.11,12,91.67,21.13,45.31,20.58,1.016,-24.08,32,46.47,21.06,0.562,1.39,23.82,1
AAPL,1h,250,7,dip,12.16,8.51,0.484,-24.08,13,76.92,36.51,17.78,31.88,2.071,-9.28,9,88.89,21.61,38.75,17.82,0.907,-24.08,25,46.47,21.06,0.562,1.39,23.82,1
AAPL,1h,250,9,dip,13.61,9.51,0.527,-24.08,11,72.73,36.79,19.78,35.68,2.271,-8.11,8,100,21.41,40.47,18.55,0.938,-24.08,22,46.47,21.06,0.562,1.39,23.82,1
AAPL,1h,250,12,dip,13.53,9.45,0.525,-24.08,9,66.67,36.75,17.82,31.94,2.165,-8.11,6,100,21.32,31.78,14.82,0.78,-24.08,16,46.47,21.06,0.562,1.39,23.82,1
AAPL,1h,250,15,dip,17.62,12.24,0.643,-24.08,9,77.78,36.51,14.74,26.17,1.757,-8.3,6,100,22.66,34.46,15.99,0.828,-24.08,16,46.47,21.06,0.562,1.39,23.82,1
AAPL,1h,250,20,dip,21.47,14.85,0.75,-24.08,8,87.5,36.26,12.54,22.11,1.519,-9.03,3,100,21.99,35.82,16.57,0.854,-24.08,12,46.47,21.06,0.562,1.39,23.82,1
AAPL,1h,250,25,dip,17.04,11.85,0.63,-24.08,7,71.43,35.89,13.39,23.67,1.6,-8.63,4,100,22.28,32.96,15.33,0.803,-24.08,12,46.47,21.06,0.562,1.39,23.82,1
AAPL,1h,250,30,dip,21.04,14.56,0.741,-24.08,7,85.71,35.77,12.94,22.85,1.557,-8.84,2,100,22.56,36.64,16.92,0.87,-24.08,10,46.47,21.06,0.562,1.39,23.82,1
AAPL,1h,250,40,dip,18.8,13.05,0.68,-23.38,7,85.71,35.19,8.17,14.2,1.042,-8.84,2,100,22.08,29.24,13.71,0.736,-23.38,10,46.47,21.06,0.562,1.39,23.82,0
AAPL,1h,250,50,dip,19.91,13.8,0.726,-23.15,5,80,34.25,11.46,20.13,1.428,-8.84,2,100,21.41,33.84,15.72,0.838,-23.15,8,46.47,21.06,0.562,1.39,23.82,1
AAPL,1h,250,60,dip,16.74,11.65,0.632,-23.15,5,80,34.21,11.91,20.95,1.496,-8.84,2,100,20.94,32.08,14.95,0.803,-23.15,8,46.47,21.06,0.562,1.39,23.82,1
AAPL,1h,250,75,dip,8.22,5.78,0.372,-23.15,5,60,34.37,12.15,21.39,1.489,-8.63,2,100,20.65,24.84,11.75,0.656,-23.15,8,46.47,21.06,0.562,1.39,23.82,1
AAPL,1h,250,100,dip,7.83,5.51,0.36,-23.15,4,50,33.06,14.46,25.64,1.698,-7.27,2,100,19.98,32.63,15.19,0.806,-23.15,7,46.47,21.06,0.562,1.39,23.82,1
AAPL,1h,250,125,dip,14.13,9.86,0.558,-23.15,4,75,32.57,29.61,55.02,3.427,-5.56,2,100,19.98,60.38,26.69,1.302,-23.15,7,46.47,21.06,0.562,1.39,23.82,1
AAPL,1h,250,150,dip,20.4,14.13,0.74,-23.15,5,100,33.18,23.5,42.88,2.876,-5.57,2,100,20.17,57.02,25.36,1.248,-23.15,8,46.47,21.06,0.562,1.39,23.82,1
AAPL,1h,250,200,dip,19.09,13.24,0.695,-23.23,7,71.43,35.52,10.37,18.15,1.497,-5.56,2,100,18.83,42.24,19.3,0.992,-23.23,10,46.47,21.06,0.562,1.39,23.82,1
AAPL,1h,250,300,trend,5.94,4.19,0.335,-16.58,5,40,52.26,21.27,38.54,1.737,-12.89,3,66.67,55.54,24.14,11.44,0.701,-16.93,9,46.47,21.06,0.562,1.39,23.82,1
AAPL,1h,300,2,dip,9.69,6.8,0.413,-24.46,19,89.47,35.85,22.16,40.26,3.104,-4.53,9,100,15.11,36.54,16.88,0.88,-24.46,33,46.47,21.06,0.562,1.39,23.82,1
AAPL,1h,300,3,dip,12.74,8.91,0.503,-24.45,16,81.25,36.1,22.87,41.65,3.196,-4.53,9,100,15.01,40.26,18.47,0.946,-24.45,29,46.47,21.06,0.562,1.39,23.82,1
AAPL,1h,300,4,dip,14.84,10.35,0.564,-24.08,13,84.62,36.18,28.56,52.92,3.898,-2.31,7,100,15.11,49.24,22.2,1.102,-24.08,23,46.47,21.06,0.562,1.39,23.82,1
AAPL,1h,300,5,dip,18.47,12.82,0.664,-24.08,11,81.82,36.42,23.53,42.93,3.329,-2.31,7,85.71,15.01,48.73,21.99,1.091,-24.08,21,46.47,21.06,0.562,1.39,23.82,1
AAPL,1h,300,7,dip,16.09,11.21,0.598,-24.08,11,81.82,36.34,24.46,44.75,3.446,-2.31,6,100,14.63,45.71,20.75,1.041,-24.08,19,46.47,21.06,0.562,1.39,23.82,1
AAPL,1h,300,9,dip,16.11,11.22,0.599,-24.08,10,80,36.14,23.89,43.63,3.513,-2.76,5,100,14.34,44.6,20.29,1.026,-24.08,17,46.47,21.06,0.562,1.39,23.82,1
AAPL,1h,300,12,dip,19.18,13.3,0.682,-24.08,10,90,36.34,21.12,38.26,3.189,-3.08,5,100,14.05,45.93,20.84,1.044,-24.08,17,46.47,21.06,0.562,1.39,23.82,1
AAPL,1h,300,15,dip,12.55,8.78,0.494,-24.08,10,90,36.38,25.27,46.36,3.78,-2.4,5,100,13.77,41.45,18.97,0.966,-24.08,17,46.47,21.06,0.562,1.39,23.82,1
AAPL,1h,300,20,dip,17.39,12.09,0.633,-25.35,9,88.89,36.42,31.2,58.25,4.45,-1.98,5,100,13.67,51.44,23.1,1.138,-25.35,15,46.47,21.06,0.562,1.39,23.82,1
AAPL,1h,300,25,dip,15.22,10.61,0.57,-26.01,8,87.5,36.67,24.5,44.84,3.742,-2.5,5,100,13.58,42.89,19.57,0.992,-26.01,14,46.47,21.06,0.562,1.39,23.82,1
AAPL,1h,300,30,dip,15.01,10.47,0.568,-24.19,7,85.71,36.18,22.07,40.09,3.321,-3.26,4,100,14.15,39.98,18.35,0.946,-24.19,12,46.47,21.06,0.562,1.39,23.82,1
AAPL,1h,300,40,dip,13.24,9.26,0.522,-24.08,6,83.33,35.56,17.25,30.86,2.542,-4.13,2,100,16.54,36.73,16.96,0.894,-24.08,9,46.47,21.06,0.562,1.39,23.82,1
AAPL,1h,300,50,dip,10.4,7.3,0.437,-23.15,6,83.33,35.56,20.82,37.67,3.074,-3.26,2,100,16.63,35.72,16.53,0.876,-23.15,9,46.47,21.06,0.562,1.39,23.82,1
AAPL,1h,300,60,dip,4.22,2.99,0.245,-23.15,5,60,35.6,23.16,42.21,3.339,-3.26,2,100,17.02,28.55,13.4,0.738,-23.15,8,46.47,21.06,0.562,1.39,23.82,1
AAPL,1h,300,75,dip,5.72,4.04,0.293,-23.15,5,80,34.78,20.88,37.79,2.867,-3.26,2,100,18.07,34.22,15.88,0.848,-23.15,8,46.47,21.06,0.562,1.39,23.82,1
AAPL,1h,300,100,dip,5.43,3.84,0.285,-23.15,5,40,34.17,25.94,47.67,3.132,-5.56,2,100,19.31,43.04,19.64,1.004,-23.15,8,46.47,21.06,0.562,1.39,23.82,1
AAPL,1h,300,125,dip,7.38,5.2,0.348,-23.45,4,50,33.43,23.26,42.4,3.014,-5.56,2,100,17.4,41.97,19.19,0.992,-23.45,7,46.47,21.06,0.562,1.39,23.82,1
AAPL,1h,300,150,dip,12.01,8.4,0.49,-24.22,4,75,33.84,16.94,30.28,2.511,-5.56,2,100,16.35,40.51,18.57,0.97,-24.22,7,46.47,21.06,0.562,1.39,23.82,1
AAPL,1h,300,200,dip,-4.04,-2.89,-0.033,-26.79,4,50,34.29,15.04,26.73,2.153,-5.57,2,100,16.83,16.89,8.13,0.494,-26.79,7,46.47,21.06,0.562,1.39,23.82,1
AAPL,1h,300,250,dip,0.82,0.59,0.134,-33.07,6,66.67,33.55,-1.7,-2.86,-0.128,-13.78,2,50,14.72,6.51,3.21,0.256,-33.07,9,46.47,21.06,0.562,1.39,23.82,0
MSFT,1d,2,3,trend,214.14,4.12,0.288,-88.12,1328,44.58,51.13,18.04,1.37,0.166,-39.97,581,42.34,54.21,266.1,3.25,0.255,-88.12,1909,868495.2,25.06,0.82,0.927,1283.25,0
MSFT,1d,2,4,trend,252.37,4.54,0.305,-79.4,964,41.8,52.79,19.64,1.48,0.173,-52.51,411,44.04,56.52,316.21,3.58,0.268,-79.4,1375,868495.2,25.06,0.82,0.927,1283.25,0
MSFT,1d,2,5,trend,250.65,4.52,0.304,-72.11,788,39.72,53.04,73.86,4.64,0.329,-48.33,329,44.68,57.31,501.88,4.53,0.308,-72.11,1117,868495.2,25.06,0.82,0.927,1283.25,0
MSFT,1d,2,7,trend,472.87,6.35,0.376,-52.39,628,40.29,53.87,52.77,3.54,0.275,-50.99,260,43.85,58.51,765.23,5.47,0.347,-55.5,888,868495.2,25.06,0.82,0.927,1283.25,0
MSFT,1d,2,9,trend,315.49,5.15,0.328,-69.61,535,39.63,54.96,73.26,4.61,0.332,-33.88,214,43.46,59.17,604.49,4.93,0.325,-69.61,749,868495.2,25.06,0.82,0.927,1283.25,0
MSFT,1d,2,12,trend,672.56,7.48,0.418,-64.64,439,35.99,56.31,77.31,4.81,0.344,-35.77,191,40.84,60.96,1245.36,6.62,0.395,-64.64,630,868495.2,25.06,0.82,0.927,1283.25,0
MSFT,1d,2,15,trend,1595.16,10.49,0.531,-55.31,377,37.67,57.63,72.88,4.59,0.329,-39.54,166,39.76,60.89,2868.9,8.72,0.479,-55.31,544,868495.2,25.06,0.82,0.927,1283.25,0
MSFT,1d,2,20,trend,2395.62,12.01,0.579,-55.29,303,34.32,58.54,125.01,6.88,0.444,-38.7,147,34.01,62.46,5477.79,10.42,0.541,-55.29,451,868495.2,25.06,0.82,0.927,1283.25,0
MSFT,1d,2,25,trend,2932.09,12.78,0.605,-52.67,273,34.8,58.89,161.1,8.19,0.505,-39.47,120,36.67,63.73,7840.68,11.39,0.576,-52.67,395,868495.2,25.06,0.82,0.927,1283.25,0
MSFT,1d,2,30,trend,3889.58,13.88,0.643,-51.7,239,35.98,59.67,188.46,9.08,0.55,-33.31,110,35.45,63.96,11644.65,12.47,0.617,-51.7,350,868495.2,25.06,0.82,0.927,1283.25,0
MSFT,1d,2,40,trend,3188.56,13.11,0.614,-61.24,198,32.83,59.63,210.19,9.73,0.592,-27.98,93,34.41,64.51,9924.33,12.03,0.601,-61.24,291,868495.2,25.06,0.82,0.927,1283.25,0
MSFT,1d,2,50,trend,2496.35,12.17,0.582,-63.64,168,29.17,59.82,240.53,10.58,0.632,-28.89,82,36.59,66.37,8588.31,11.64,0.587,-63.64,250,868495.2,25.06,0.82,0.927,1283.25,0
MSFT,1d,2,60,trend,2629.87,12.37,0.587,-70.99,165,32.12,60.22,337.48,12.87,0.728,-29.95,71,35.21,68,11636.09,12.47,0.615,-70.99,236,868495.2,25.06,0.82,0.927,1283.25,0
MSFT,1d,2,75,trend,2934.38,12.79,0.599,-74.78,160,24.38,61.31,230.23,10.3,0.607,-29.5,59,30.51,68.36,9671.44,11.96,0.593,-74.78,220,868495.2,25.06,0.82,0.927,1283.25,0
MSFT,1d,2,100,trend,9728.79,17.56,0.756,-53.08,122,28.69,62.9,293.66,11.9,0.667,-28.01,48,31.25,69.86,38871.71,15.85,0.729,-53.08,171,868495.2,25.06,0.82,0.927,1283.25,0
MSFT,1d,2,125,trend,6938.74,16.18,0.704,-64.52,106,28.3,65.17,479.29,15.5,0.818,-27.71,37,40.54,70.97,38664.9,15.83,0.719,-64.52,144,868495.2,25.06,0.82,0.927,1283.25,0
MSFT,1d,2,150,trend,1614.17,10.54,0.535,-61.17,106,24.53,63.04,622.17,17.61,0.899,-31.01,29,31.03,71.75,11840.09,12.52,0.623,-61.17,135,868495.2,25.06,0.82,0.927,1283.25,0
MSFT,1d,2,200,trend,3492.73,13.46,0.627,-54.99,75,24,65.63,622.8,17.62,0.879,-28.38,32,28.13,74.2,22747.05,14.33,0.674,-54.99,109,868495.2,25.06,0.82,0.927,1283.25,0
MSFT,1d,2,250,trend,3138.89,13.05,0.612,-62.34,76,26.32,66.83,676.58,18.31,0.876,-30.85,16,56.25,75.73,19149.31,13.85,0.651,-62.34,95,868495.2,25.06,0.82,0.927,1283.25,0
MSFT,1d,2,300,trend,5996.16,15.6,0.697,-61.96,59,16.95,67.68,725.2,18.9,0.891,-31.95,16,43.75,76.39,44481.17,16.23,0.73,-61.96,78,868495.2,25.06,0.82,0.927,1283.25,0
MSFT,1d,3,2,dip,3980.23,13.97,0.636,-45.06,1328,60.47,48.8,505.67,15.92,0.85,-21.37,580,60.86,45.5,23727.99,14.45,0.68,-45.06,1909,868495.2,25.06,0.82,0.927,1283.25,0
MSFT,1d,3,4,trend,236.7,4.37,0.298,-75.69,1097,45.12,52.69,49.66,3.36,0.267,-55.35,477,47.59,56.07,397.5,4.04,0.287,-75.69,1574,868495.2,25.06,0.82,0.927,1283.25,0
MSFT,1d,3,5,trend,109.02,2.63,0.229,-82.69,806,42.06,53.03,188.54,9.08,0.544,-37.75,332,47.59,57.31,495.45,4.5,0.307,-82.69,1138,868495.2,25.06,0.82,0.927,1283.25,0
MSFT,1d,3,7,trend,401.26,5.85,0.356,-60.83,581,41.31,53.89,124.75,6.87,0.445,-36.23,228,48.25,58.58,1013.77,6.12,0.376,-60.83,809,868495.2,25.06,0.82,0.927,1283.25,0
MSFT,1d,3,9,trend,432.44,6.07,0.363,-64.11,477,41.51,55.07,104.05,6.03,0.405,-39.56,193,46.63,58.84,963.23,6,0.369,-64.11,670,868495.2,25.06,0.82,0.927,1283.25,0
MSFT,1d,3,12,trend,1282.82,9.7,0.501,-66.57,376,41.49,56.16,66.42,4.27,0.315,-44.42,161,40.99,60.31,2124.92,7.95,0.448,-66.57,537,868495.2,25.06,0.82,0.927,1283.25,0
MSFT,1d,3,15,trend,2099.34,11.51,0.569,-52.11,321,40.19,57.42,71.39,4.52,0.329,-48.46,140,37.86,60.93,3703.69,9.39,0.507,-52.11,462,868495.2,25.06,0.82,0.927,1283.25,0
MSFT,1d,3,20,trend,3489.49,13.46,0.631,-50.41,254,39.37,58.44,87.03,5.27,0.367,-45.7,116,35.34,62.82,6624.92,10.94,0.562,-50.41,371,868495.2,25.06,0.82,0.927,1283.25,0
MSFT,1d,3,25,trend,3253.21,13.18,0.62,-47.92,231,38.96,59.01,177.64,8.74,0.536,-39.98,106,33.96,63.76,9326.28,11.86,0.596,-47.92,338,868495.2,25.06,0.82,0.927,1283.25,0
MSFT,1d,3,30,trend,7622.02,16.56,0.735,-45.46,194,38.14,59.75,222.56,10.08,0.603,-34.48,90,41.11,63.47,25681.73,14.67,0.7,-45.46,285,868495.2,25.06,0.82,0.927,1283.25,0
MSFT,1d,3,40,trend,1454.93,10.16,0.511,-68.4,177,29.38,59.42,254.1,10.93,0.653,-27.1,70,35.71,64.51,5310.8,10.34,0.538,-68.4,247,868495.2,25.06,0.82,0.927,1283.25,0
MSFT,1d,3,50,trend,1587.23,10.48,0.522,-63.85,150,33.33,59.71,202.17,9.5,0.578,-30.47,67,34.33,66.24,4915.82,10.14,0.529,-63.85,217,868495.2,25.06,0.82,0.927,1283.25,0
MSFT,1d,3,60,trend,2110.77,11.53,0.558,-76.2,140,29.29,60.12,353.61,13.21,0.744,-29.37,59,33.9,67.78,9765.95,11.99,0.596,-76.2,199,868495.2,25.06,0.82,0.927,1283.25,0
MSFT,1d,3,75,trend,4413.41,14.38,0.655,-75.02,125,28.8,61.21,380.9,13.75,0.768,-25.29,48,35.42,68.2,21065.49,14.12,0.674,-75.02,174,868495.2,25.06,0.82,0.927,1283.25,0
MSFT,1d,3,100,trend,9172.54,17.32,0.746,-59.22,105,26.67,62.97,436.73,14.78,0.798,-24.89,35,37.14,69.41,48678.08,16.49,0.75,-59.22,141,868495.2,25.06,0.82,0.927,1283.25,0
MSFT,1d,3,125,trend,5982.53,15.59,0.684,-65.8,84,30.95,65.04,467.78,15.31,0.813,-26.57,30,43.33,70.78,33450.9,15.42,0.705,-65.8,115,868495.2,25.06,0.82,0.927,1283.25,0
MSFT,1d,3,150,trend,2533.27,12.22,0.598,-55.66,80,32.5,62.89,564.56,16.81,0.849,-29.05,25,36,71.79,16063.81,13.36,0.653,-55.66,105,868495.2,25.06,0.82,0.927,1283.25,0
MSFT,1d,3,200,trend,4212.61,14.19,0.659,-55.55,61,27.87,65.38,609.12,17.43,0.858,-28.04,24,33.33,74.36,26715.98,14.78,0.694,-55.55,87,868495.2,25.06,0.82,0.927,1283.25,0
MSFT,1d,3,250,trend,4042.06,14.03,0.643,-64.24,58,24.14,66.97,579.98,17.03,0.824,-32.44,15,46.67,75.67,22494.61,14.3,0.664,-64.24,76,868495.2,25.06,0.82,0.927,1283.25,0
MSFT,1d,3,300,trend,5359.95,15.15,0.682,-67.56,50,20,67.65,893.05,20.72,0.954,-28.04,7,57.14,76.52,46157.58,16.34,0.733,-67.56,60,868495.2,25.06,0.82,0.927,1283.25,1
MSFT,1d,4,2,dip,5530.45,15.27,0.679,-42.32,964,62.14,47.14,632.4,17.75,0.945,-22.88,411,64.72,43.18,39661.3,15.9,0.734,-42.32,1376,868495.2,25.06,0.82,0.927,1283.25,1
MSFT,1d,4,3,dip,4923.12,14.81,0.671,-46.85,1097,57.25,47.24,439.62,14.83,0.825,-24.11,477,62.26,43.61,26096.43,14.72,0.699,-46.85,1575,868495.2,25.06,0.82,0.927,1283.25,0
MSFT,1d,4,5,trend,582.45,7.01,0.401,-48.47,968,46.18,52.99,158.03,8.09,0.506,-40.11,414,49.28,56.88,1640.91,7.3,0.424,-48.47,1382,868495.2,25.06,0.82,0.927,1283.25,0
MSFT,1d,4,7,trend,414.26,5.94,0.361,-56.7,583,43.91,53.57,62.05,4.04,0.304,-29.9,234,46.58,57.8,723.9,5.34,0.343,-60.88,817,868495.2,25.06,0.82,0.927,1283.25,0
MSFT,1d,4,9,trend,640.99,7.32,0.412,-60,450,45.11,55.01,49.49,3.35,0.269,-39.88,187,40.64,58.48,984.01,6.05,0.372,-64,637,868495.2,25.06,0.82,0.927,1283.25,0
MSFT,1d,4,12,trend,1522.7,10.32,0.524,-62.28,346,43.64,56.02,85.44,5.2,0.361,-42.89,148,43.92,60.11,2809.17,8.67,0.476,-62.28,494,868495.2,25.06,0.82,0.927,1283.25,0
MSFT,1d,4,15,trend,1852.11,11.05,0.551,-58.73,292,40.75,57.45,125.98,6.92,0.451,-48.07,130,41.54,62.2,4148.08,9.69,0.518,-58.73,422,868495.2,25.06,0.82,0.927,1283.25,0
MSFT,1d,4,20,trend,6210.7,15.74,0.711,-47.04,233,42.06,58.48,123.92,6.84,0.448,-44.67,104,41.35,62.72,13911.79,12.96,0.641,-47.04,338,868495.2,25.06,0.82,0.927,1283.25,0
MSFT,1d,4,25,trend,5102.72,14.95,0.681,-46.66,206,40.29,59.08,264.66,11.2,0.651,-35.21,96,43.75,63.73,18644.34,13.77,0.667,-46.66,303,868495.2,25.06,0.82,0.927,1283.25,0
MSFT,1d,4,30,trend,5416.06,15.19,0.685,-43.77,175,37.14,59.7,158.71,8.11,0.504,-38.75,83,48.19,63.83,14368.71,13.05,0.637,-43.77,260,868495.2,25.06,0.82,0.927,1283.25,0
MSFT,1d,4,40,trend,3789.69,13.78,0.638,-54.89,148,34.46,59.43,234.37,10.41,0.627,-29.43,63,41.27,64.35,12680.85,12.71,0.628,-54.89,211,868495.2,25.06,0.82,0.927,1283.25,0
MSFT,1d,4,50,trend,1538.63,10.36,0.516,-66.89,134,36.57,59.74,324.12,12.59,0.727,-29.19,56,41.07,66.01,6737.34,10.98,0.56,-66.89,190,868495.2,25.06,0.82,0.927,1283.25,0
MSFT,1d,4,60,trend,2819.22,12.63,0.596,-75.83,123,33.33,60.24,443,14.89,0.818,-23.9,49,40.82,67.87,15494.74,13.26,0.643,-75.83,172,868495.2,25.06,0.82,0.927,1283.25,0
MSFT,1d,4,75,trend,4703.76,14.63,0.659,-77.33,114,33.33,61.21,356.25,13.26,0.747,-27.07,42,35.71,68.4,20848.4,14.09,0.669,-77.33,157,868495.2,25.06,0.82,0.927,1283.25,0
MSFT,1d,4,100,trend,9035.29,17.26,0.74,-63.5,93,27.96,62.83,446.94,14.96,0.807,-25.42,32,34.38,69.21,48870.43,16.5,0.747,-63.5,126,868495.2,25.06,0.82,0.927,1283.25,0
MSFT,1d,4,125,trend,6372.07,15.84,0.689,-64.75,77,33.77,65.1,500.98,15.85,0.835,-26.11,25,40,70.87,37416.11,15.74,0.713,-64.75,102,868495.2,25.06,0.82,0.927,1283.25,0
MSFT,1d,4,150,trend,2808.06,12.62,0.612,-60.92,68,33.82,62.86,553.27,16.65,0.863,-30.29,24,29.17,71.62,17447.24,13.59,0.665,-60.92,92,868495.2,25.06,0.82,0.927,1283.25,0
MSFT,1d,4,200,trend,3432.21,13.39,0.63,-55.79,57,24.56,65.49,571.34,16.91,0.839,-30.54,23,39.13,74.1,20711.43,14.07,0.668,-55.79,81,868495.2,25.06,0.82,0.927,1283.25,0
MSFT,1d,4,250,trend,4916.72,14.8,0.671,-60.28,53,26.42,66.91,662.55,18.14,0.87,-28.29,13,61.54,75.8,29974.53,15.11,0.695,-60.28,69,868495.2,25.06,0.82,0.927,1283.25,0
MSFT,1d,4,300,trend,6068.76,15.64,0.699,-64.36,42,21.43,67.58,830.72,20.08,0.931,-28.04,7,57.14,76.42,45566.8,16.3,0.733,-64.36,52,868495.2,25.06,0.82,0.927,1283.25,1
MSFT,1d,5,2,dip,7149.69,16.3,0.711,-51.31,787,64.55,46.82,456.45,15.12,0.831,-24.18,328,68.9,42.4,38797.02,15.84,0.729,-51.31,1116,868495.2,25.06,0.82,0.927,1283.25,0
MSFT,1d,5,3,dip,11686.84,18.31,0.782,-43.68,806,62.16,46.89,233.29,10.38,0.607,-22.49,331,64.95,42.37,37866.77,15.77,0.73,-43.68,1138,868495.2,25.06,0.82,0.927,1283.25,0
MSFT,1d,5,4,dip,2872.15,12.7,0.59,-70.36,968,57.44,46.93,234.72,10.42,0.608,-27.71,413,58.6,42.76,9589.15,11.94,0.587,-70.36,1382,868495.2,25.06,0.82,0.927,1283.25,0
MSFT,1d,5,7,trend,243.98,4.45,0.302,-55.48,630,42.7,53.95,118.25,6.61,0.431,-31.62,247,47.77,58.19,634.67,5.04,0.331,-55.48,877,868495.2,25.06,0.82,0.927,1283.25,0
MSFT,1d,5,9,trend,1201.51,9.47,0.494,-62.71,451,44.35,54.66,110.61,6.3,0.416,-36.24,191,47.12,58.71,2582.48,8.45,0.47,-63.73,642,868495.2,25.06,0.82,0.927,1283.25,0
MSFT,1d,5,12,trend,1513.65,10.3,0.525,-63.05,328,42.38,56.06,117.65,6.59,0.433,-41.67,150,44,60.34,3295.5,9.08,0.495,-63.05,478,868495.2,25.06,0.82,0.927,1283.25,0
MSFT,1d,5,15,trend,3848.05,13.84,0.655,-54.98,280,42.14,57.26,119.13,6.65,0.437,-51.63,122,44.26,62.13,8231.19,11.52,0.593,-54.98,402,868495.2,25.06,0.82,0.927,1283.25,0
MSFT,1d,5,20,trend,6532.41,15.94,0.721,-47.18,214,40.19,58.44,184.16,8.95,0.553,-33.74,99,44.44,62.59,18735.52,13.79,0.674,-47.18,314,868495.2,25.06,0.82,0.927,1283.25,0
MSFT,1d,5,25,trend,7354.1,16.42,0.732,-42.73,184,40.22,59.17,262.51,11.14,0.645,-31.71,83,39.76,63.96,26445.34,14.76,0.703,-42.73,268,868495.2,25.06,0.82,0.927,1283.25,0
MSFT,1d,5,30,trend,6430.97,15.88,0.708,-43.47,163,40.49,59.57,191.35,9.17,0.551,-37.15,71,40.85,64.16,18995.89,13.83,0.664,-43.47,235,868495.2,25.06,0.82,0.927,1283.25,0
MSFT,1d,5,40,trend,4545.94,14.49,0.663,-51.31,139,38.85,59.46,193.7,9.24,0.57,-31.69,59,40.68,64.09,13308.96,12.84,0.633,-51.31,198,868495.2,25.06,0.82,0.927,1283.25,0
MSFT,1d,5,50,trend,1732.49,10.8,0.532,-66.74,128,36.72,59.68,317.12,12.43,0.717,-29.37,53,37.74,66.31,7420.04,11.24,0.57,-66.74,181,868495.2,25.06,0.82,0.927,1283.25,0
MSFT,1d,5,60,trend,3231.02,13.16,0.613,-74.98,113,35.4,60.05,464.49,15.26,0.837,-22.91,41,48.78,68,18032.21,13.68,0.658,-74.98,154,868495.2,25.06,0.82,0.927,1283.25,0
MSFT,1d,5,75,trend,4476.67,14.43,0.652,-72.46,107,33.64,61.1,332.94,12.78,0.727,-26.03,41,41.46,68.43,19267.46,13.87,0.661,-72.46,149,868495.2,25.06,0.82,0.927,1283.25,0
MSFT,1d,5,100,trend,6672.82,16.02,0.699,-63.42,86,29.07,62.8,492.07,15.71,0.84,-26.11,28,42.86,69.24,40835.56,15.99,0.729,-63.42,115,868495.2,25.06,0.82,0.927,1283.25,0
MSFT,1d,5,125,trend,6407.21,15.86,0.689,-60.56,69,40.58,65.03,561.15,16.76,0.876,-26.11,22,45.45,70.65,41396.08,16.03,0.723,-60.56,91,868495.2,25.06,0.82,0.927,1283.25,0
MSFT,1d,5,150,trend,2376.44,11.98,0.588,-62.04,64,29.69,62.96,450.97,15.03,0.773,-31.8,20,35,71.56,12502.84,12.67,0.626,-62.04,84,868495.2,25.06,0.82,0.927,1283.25,0
MSFT,1d,5,200,trend,3290.48,13.23,0.624,-62.1,54,25.93,65.45,595.48,17.25,0.849,-30.07,19,52.63,74.01,20604.15,14.05,0.667,-62.1,74,868495.2,25.06,0.82,0.927,1283.25,0
MSFT,1d,5,250,trend,5976.49,15.58,0.696,-58.55,45,31.11,66.91,718.49,18.82,0.898,-28.56,11,54.55,75.83,38179.32,15.8,0.718,-58.55,59,868495.2,25.06,0.82,0.927,1283.25,0
MSFT,1d,5,300,trend,6358.82,15.83,0.704,-63.79,36,22.22,67.58,847.05,20.26,0.937,-28.8,6,66.67,76.42,50572.71,16.6,0.742,-63.79,45,868495.2,25.06,0.82,0.927,1283.25,1
MSFT,1d,7,2,dip,5180.07,15.01,0.667,-57.84,627,68.26,45.98,579.66,17.03,0.921,-26.52,259,69.88,41.1,34875.37,15.54,0.718,-57.84,887,868495.2,25.06,0.82,0.927,1283.25,0
MSFT,1d,7,3,dip,6284.47,15.78,0.69,-57.82,580,67.76,45.95,382.54,13.78,0.763,-21.73,227,67.84,41,29772.65,15.09,0.699,-57.82,808,868495.2,25.06,0.82,0.927,1283.25,0
MSFT,1d,7,4,dip,6164.65,15.71,0.689,-60.25,582,63.57,46.26,554.69,16.67,0.888,-27.92,233,66.95,41.75,40260.73,15.95,0.73,-60.25,816,868495.2,25.06,0.82,0.927,1283.25,0
MSFT,1d,7,5,dip,8833.21,17.16,0.733,-58.16,629,60.89,45.87,383.23,13.8,0.758,-24.16,246,65.45,41.42,42403.5,16.1,0.731,-58.16,876,868495.2,25.06,0.82,0.927,1283.25,0
MSFT,1d,7,9,trend,1138.96,9.28,0.488,-68.82,531,45.76,54.9,64.76,4.18,0.313,-35.38,219,47.95,58.12,1904.94,7.67,0.44,-68.82,750,868495.2,25.06,0.82,0.927,1283.25,0
MSFT,1d,7,12,trend,2828.97,12.65,0.611,-58.11,337,45.4,55.92,161.87,8.22,0.52,-41.86,145,44.14,59.95,7286.33,11.19,0.58,-58.11,482,868495.2,25.06,0.82,0.927,1283.25,0
MSFT,1d,7,15,trend,8837.6,17.17,0.76,-49.57,258,44.96,57.28,189.84,9.12,0.561,-42.8,116,42.24,61.74,24707.59,14.56,0.701,-49.57,374,868495.2,25.06,0.82,0.927,1283.25,0
MSFT,1d,7,20,trend,8451.45,16.98,0.748,-49.18,192,43.75,59,267.38,11.27,0.66,-33.01,89,47.19,61.9,30378.68,15.15,0.717,-49.18,282,868495.2,25.06,0.82,0.927,1283.25,0
MSFT,1d,7,25,trend,7677.55,16.59,0.734,-42.73,173,43.93,59.28,189.03,9.1,0.548,-35.66,74,43.24,63.7,22098.25,14.25,0.682,-42.73,248,868495.2,25.06,0.82,0.927,1283.25,0
MSFT,1d,7,30,trend,8711.18,17.11,0.747,-42.73,143,44.76,59.19,247.05,10.75,0.628,-29.68,65,49.23,64.06,30490.39,15.16,0.712,-42.73,209,868495.2,25.06,0.82,0.927,1283.25,0
MSFT,1d,7,40,trend,5199.62,15.03,0.678,-58.32,122,42.62,59.25,236.52,10.47,0.635,-24.54,48,43.75,64.02,17425.73,13.59,0.659,-58.32,170,868495.2,25.06,0.82,0.927,1283.25,0
MSFT,1d,7,50,trend,2494.31,12.16,0.579,-68.69,109,41.28,59.39,353.38,13.2,0.762,-25.29,44,43.18,66.31,11242.25,12.37,0.612,-68.69,153,868495.2,25.06,0.82,0.927,1283.25,0
MSFT,1d,7,60,trend,3566.29,13.54,0.625,-73.92,97,37.11,59.99,399.33,14.1,0.789,-27.36,37,51.35,68,17360.32,13.58,0.654,-73.92,134,868495.2,25.06,0.82,0.927,1283.25,0
MSFT,1d,7,75,trend,4791.33,14.7,0.66,-70.97,86,34.88,61.21,446.07,14.94,0.822,-25.66,32,56.25,68,26097.91,14.72,0.69,-70.97,119,868495.2,25.06,0.82,0.927,1283.25,0
MSFT,1d,7,100,trend,6738.47,16.06,0.7,-64.82,67,37.31,62.75,425.76,14.59,0.792,-26.99,23,43.48,68.82,34703.38,15.52,0.712,-64.82,91,868495.2,25.06,0.82,0.927,1283.25,0
MSFT,1d,7,125,trend,5904.05,15.53,0.677,-67.79,60,36.67,64.98,428.98,14.64,0.764,-28.34,18,44.44,70.65,29236.07,15.04,0.684,-67.79,78,868495.2,25.06,0.82,0.927,1283.25,0
MSFT,1d,7,150,trend,3357.68,13.31,0.636,-58.95,55,34.55,63,519.86,16.15,0.814,-30.52,16,43.75,71.23,19696.71,13.93,0.672,-58.95,71,868495.2,25.06,0.82,0.927,1283.25,0
MSFT,1d,7,200,trend,3642.99,13.62,0.637,-67.09,49,28.57,65.49,532.04,16.33,0.813,-32.23,17,41.18,74.07,19567.58,13.91,0.66,-67.09,67,868495.2,25.06,0.82,0.927,1283.25,0
MSFT,1d,7,250,trend,6202.61,15.73,0.701,-59.46,38,26.32,66.75,873.79,20.53,0.959,-28.04,8,75,76.03,48672.07,16.49,0.741,-59.46,49,868495.2,25.06,0.82,0.927,1283.25,1
MSFT,1d,7,300,trend,5440.19,15.21,0.695,-65.56,31,25.81,65.08,888,20.67,0.953,-28.54,5,80,76.32,45206.71,16.28,0.741,-65.56,39,868495.2,25.06,0.82,0.927,1283.25,1
MSFT,1d,9,2,dip,8113.9,16.82,0.729,-57.29,534,71.91,44.87,536.53,16.4,0.889,-29.26,213,72.3,40.41,51117.15,16.63,0.759,-57.29,748,868495.2,25.06,0.82,0.927,1283.25,0
MSFT,1d,9,3,dip,6771.67,16.08,0.706,-59.09,476,67.65,44.76,454.28,15.08,0.814,-21.09,192,69.27,40.74,37211.12,15.72,0.725,-59.09,669,868495.2,25.06,0.82,0.927,1283.25,0
MSFT,1d,9,4,dip,5047.16,14.91,0.668,-58.94,449,67.71,44.8,650.89,17.99,0.934,-18.08,186,70.97,41.06,38323.75,15.81,0.729,-58.94,636,868495.2,25.06,0.82,0.927,1283.25,1
MSFT,1d,9,5,dip,2826.94,12.64,0.591,-74.21,450,65.11,45.15,430.42,14.67,0.795,-19.47,190,66.32,40.83,15334.51,13.23,0.636,-74.21,641,868495.2,25.06,0.82,0.927,1283.25,0
MSFT,1d,9,7,dip,2642.87,12.39,0.581,-68.69,530,61.89,44.89,555.61,16.68,0.868,-21.83,218,66.51,41.42,17712.7,13.63,0.647,-68.69,749,868495.2,25.06,0.82,0.927,1283.25,0
MSFT,1d,9,12,trend,4521.17,14.47,0.676,-52.04,376,47.61,56.43,313.21,12.34,0.716,-32.69,161,52.8,60.31,18288.47,13.72,0.677,-52.04,537,868495.2,25.06,0.82,0.927,1283.25,0
MSFT,1d,9,15,trend,9357.01,17.4,0.759,-42.73,253,47.83,57.71,268.46,11.29,0.669,-32.19,122,50.82,61.61,33533.15,15.43,0.727,-42.73,375,868495.2,25.06,0.82,0.927,1283.25,0
MSFT,1d,9,20,trend,9653.71,17.53,0.76,-47.21,180,43.33,59.17,220.15,10.02,0.594,-31.84,86,48.84,62.23,30116.05,15.12,0.71,-47.21,267,868495.2,25.06,0.82,0.927,1283.25,0
MSFT,1d,9,25,trend,11896.8,18.39,0.788,-46.12,156,46.79,59.18,249.67,10.82,0.636,-35.54,66,42.42,63.63,41014.63,16,0.743,-46.12,223,868495.2,25.06,0.82,0.927,1283.25,0
MSFT,1d,9,30,trend,7220.07,16.34,0.719,-48.29,135,45.19,59.11,249.83,10.82,0.634,-29.02,60,53.33,64.16,25475.59,14.65,0.692,-48.29,196,868495.2,25.06,0.82,0.927,1283.25,0
MSFT,1d,9,40,trend,5017.13,14.88,0.671,-58.8,108,47.22,59.49,312.35,12.33,0.715,-28.64,45,48.89,64.45,20635.21,14.06,0.673,-58.8,153,868495.2,25.06,0.82,0.927,1283.25,0
MSFT,1d,9,50,trend,4675.74,14.6,0.661,-70.55,97,46.39,59.56,305.79,12.18,0.71,-24.3,39,51.28,66.5,18587.53,13.77,0.662,-70.55,136,868495.2,25.06,0.82,0.927,1283.25,0
MSFT,1d,9,60,trend,3531.43,13.5,0.621,-74.51,91,41.76,60.01,313.32,12.35,0.708,-32.8,31,51.61,68.23,14215.33,13.02,0.631,-74.51,122,868495.2,25.06,0.82,0.927,1283.25,0
MSFT,1d,9,75,trend,4672.02,14.6,0.651,-67.44,81,37.04,61.24,395.47,14.03,0.786,-27.52,30,40,67.94,23184.3,14.39,0.674,-67.44,112,868495.2,25.06,0.82,0.927,1283.25,0
MSFT,1d,9,100,trend,5408.02,15.18,0.667,-69.43,63,36.51,62.77,345.02,13.03,0.704,-28.63,22,40.91,68.95,23766.67,14.45,0.667,-69.43,86,868495.2,25.06,0.82,0.927,1283.25,0
MSFT,1d,9,125,trend,5916.49,15.54,0.672,-65.98,57,38.6,65.12,431.91,14.7,0.761,-28.04,15,53.33,70.68,30767.06,15.18,0.685,-65.98,72,868495.2,25.06,0.82,0.927,1283.25,0
MSFT,1d,9,150,trend,3086.21,12.98,0.623,-61.72,47,31.91,63.05,513.51,16.05,0.815,-32.16,15,46.67,71.27,18229.24,13.71,0.664,-61.72,62,868495.2,25.06,0.82,0.927,1283.25,0
MSFT,1d,9,200,trend,5157.61,14.99,0.683,-62.65,41,29.27,65.56,526.95,16.25,0.805,-35.27,17,47.06,74.4,28260.43,14.94,0.695,-62.65,59,868495.2,25.06,0.82,0.927,1283.25,0
MSFT,1d,9,250,trend,5788.49,15.45,0.691,-67.48,33,24.24,66.54,760.47,19.31,0.91,-31.93,7,71.43,76.09,41495.7,16.03,0.724,-67.48,43,868495.2,25.06,0.82,0.927,1283.25,0
MSFT,1d,9,300,trend,6829.78,16.12,0.727,-62.96,27,25.93,64.89,887.4,20.67,0.952,-28.04,5,80,76.39,59233.13,17.05,0.768,-62.96,34,868495.2,25.06,0.82,0.927,1283.25,1
MSFT,1d,12,2,dip,4812.29,14.72,0.662,-64.62,438,73.06,43.48,530.06,16.3,0.873,-29.42,190,74.74,38.58,30558,15.16,0.707,-64.62,629,868495.2,25.06,0.82,0.927,1283.25,0
MSFT,1d,12,3,dip,2859.99,12.69,0.594,-65.33,375,69.07,43.63,589.55,17.16,0.9,-24.21,160,74.38,39.2,20627.53,14.06,0.667,-65.33,536,868495.2,25.06,0.82,0.927,1283.25,0
MSFT,1d,12,4,dip,2514.9,12.2,0.578,-66.09,345,66.96,43.77,528.58,16.28,0.861,-23.9,147,71.43,39.4,16591.86,13.45,0.646,-66.09,493,868495.2,25.06,0.82,0.927,1283.25,0
MSFT,1d,12,5,dip,2587.01,12.3,0.578,-63.57,327,68.5,43.73,434.25,14.74,0.793,-29.57,149,72.48,39.17,14478.39,13.07,0.629,-63.57,477,868495.2,25.06,0.82,0.927,1283.25,0
MSFT,1d,12,7,dip,1364.4,9.93,0.497,-60.72,336,68.15,43.85,341.7,12.96,0.706,-26.7,144,68.75,39.53,6569.44,10.91,0.549,-60.72,481,868495.2,25.06,0.82,0.927,1283.25,0
MSFT,1d,12,9,dip,801.99,8.06,0.432,-59.97,375,61.6,43.34,174.61,8.64,0.519,-28.05,160,61.88,39.17,2453.94,8.32,0.454,-59.97,536,868495.2,25.06,0.82,0.927,1283.25,0
MSFT,1d,12,15,trend,8377,16.95,0.746,-51.65,314,51.27,57.6,292.25,11.87,0.683,-25.54,143,52.45,61.19,31572.55,15.26,0.72,-51.65,457,868495.2,25.06,0.82,0.927,1283.25,0
MSFT,1d,12,20,trend,12665.44,18.65,0.796,-51.04,188,48.94,58.97,378.24,13.7,0.768,-33.94,86,53.49,62.79,60176.99,17.1,0.781,-51.04,275,868495.2,25.06,0.82,0.927,1283.25,0
MSFT,1d,12,25,trend,15833.96,19.58,0.823,-42.73,143,47.55,59.31,340.22,12.93,0.737,-34.81,64,50,62.95,68338.98,17.47,0.792,-42.73,208,868495.2,25.06,0.82,0.927,1283.25,0
MSFT,1d,12,30,trend,6951.1,16.19,0.713,-60.81,125,48.8,59.4,290.91,11.83,0.68,-29.74,55,50.91,64.42,28087.31,14.93,0.701,-60.81,180,868495.2,25.06,0.82,0.927,1283.25,0
MSFT,1d,12,40,trend,4256.47,14.23,0.645,-59.77,98,43.88,59.11,345.46,13.04,0.748,-28.25,40,50,64.94,18992.08,13.83,0.661,-59.77,138,868495.2,25.06,0.82,0.927,1283.25,0
MSFT,1d,12,50,trend,6069.91,15.64,0.691,-61.85,89,47.19,59.15,213.5,9.83,0.592,-31.57,35,48.57,66.57,18348.32,13.73,0.656,-61.85,124,868495.2,25.06,0.82,0.927,1283.25,0
MSFT,1d,12,60,trend,3206.77,13.13,0.607,-70.96,84,38.1,59.88,297.34,11.98,0.687,-29.93,29,37.93,68.53,12629.14,12.69,0.617,-70.96,113,868495.2,25.06,0.82,0.927,1283.25,0
MSFT,1d,12,75,trend,5106.2,14.95,0.663,-64.07,70,41.43,61.42,313.92,12.36,0.704,-33.38,27,44.44,68.04,21151.75,14.13,0.664,-64.07,98,868495.2,25.06,0.82,0.927,1283.25,0
MSFT,1d,12,100,trend,5929.39,15.55,0.679,-70.81,53,39.62,62.75,424.58,14.57,0.767,-28.42,18,44.44,68.98,32241.14,15.32,0.697,-70.81,71,868495.2,25.06,0.82,0.927,1283.25,0
MSFT,1d,12,125,trend,4213.51,14.19,0.629,-72.56,51,33.33,64.97,480.62,15.52,0.796,-28.85,15,53.33,70.71,23033.44,14.37,0.657,-72.56,66,868495.2,25.06,0.82,0.927,1283.25,0
MSFT,1d,12,150,trend,4030.16,14.02,0.658,-66.18,40,32.5,63.25,427.03,14.61,0.753,-30.18,13,53.85,71.33,20310.46,14.01,0.673,-66.18,53,868495.2,25.06,0.82,0.927,1283.25,0
MSFT,1d,12,200,trend,5168.25,15,0.678,-65.78,35,40,65.68,590.84,17.18,0.84,-31.13,13,53.85,74.69,32030.42,15.3,0.703,-65.78,49,868495.2,25.06,0.82,0.927,1283.25,0
MSFT,1d,12,250,trend,4457.71,14.42,0.655,-70.49,32,25,66.44,854.89,20.34,0.946,-28.04,7,71.43,76.13,33708.18,15.44,0.703,-70.49,42,868495.2,25.06,0.82,0.927,1283.25,1
MSFT,1d,12,300,trend,5889.04,15.52,0.705,-64.69,26,30.77,64.77,882.95,20.62,0.95,-28.04,4,75,76.39,51644.94,16.66,0.753,-64.69,31,868495.2,25.06,0.82,0.927,1283.25,1
MSFT,1d,15,2,dip,2311.75,11.88,0.565,-63.11,376,71.01,42.15,528.92,16.28,0.875,-25.98,166,74.7,37.64,15303.65,13.23,0.638,-63.11,543,868495.2,25.06,0.82,0.927,1283.25,0
MSFT,1d,15,3,dip,1924.62,11.19,0.543,-58.88,320,71.56,42.34,554.51,16.66,0.886,-23.21,140,74.29,37.61,13410.06,12.86,0.626,-58.88,461,868495.2,25.06,0.82,0.927,1283.25,0
MSFT,1d,15,4,dip,2261.81,11.79,0.566,-59.6,291,70.79,42.32,421.16,14.5,0.784,-32.71,129,72.09,37.28,12591.62,12.69,0.62,-59.6,421,868495.2,25.06,0.82,0.927,1283.25,0
MSFT,1d,15,5,dip,1073.94,9.07,0.467,-64.78,279,68.82,42.48,442.64,14.88,0.801,-32.31,121,72.73,37.35,6468.29,10.87,0.549,-64.78,401,868495.2,25.06,0.82,0.927,1283.25,0
MSFT,1d,15,7,dip,432.45,6.07,0.36,-62.47,257,67.32,42.47,309.91,12.27,0.684,-27.79,115,71.3,37.7,2181.24,8.02,0.444,-62.47,373,868495.2,25.06,0.82,0.927,1283.25,0
MSFT,1d,15,9,dip,406.22,5.89,0.355,-67.6,252,64.68,42.04,220.13,10.02,0.577,-24.13,121,67.77,37.83,1580.58,7.21,0.414,-67.6,374,868495.2,25.06,0.82,0.927,1283.25,0
MSFT,1d,15,12,dip,406.46,5.89,0.355,-72.25,313,59.74,42.12,191.21,9.17,0.548,-25.26,142,63.38,38.23,1460.61,7.01,0.408,-72.25,456,868495.2,25.06,0.82,0.927,1283.25,0
MSFT,1d,15,20,trend,12463.36,18.58,0.792,-51.43,214,50.47,58.89,497.83,15.8,0.862,-28.74,101,56.44,62.65,71943.9,17.62,0.798,-51.43,315,868495.2,25.06,0.82,0.927,1283.25,0
MSFT,1d,15,25,trend,9348.71,17.4,0.748,-59.95,143,48.25,59.25,333.45,12.79,0.726,-33.56,63,55.56,63.21,41084.69,16.01,0.737,-59.95,207,868495.2,25.06,0.82,0.927,1283.25,0
MSFT,1d,15,30,trend,9618.87,17.51,0.753,-59.01,120,47.5,59.31,351.79,13.17,0.743,-29.4,55,52.73,63.7,43048.69,16.14,0.741,-59.01,175,868495.2,25.06,0.82,0.927,1283.25,0
MSFT,1d,15,40,trend,3122.67,13.03,0.603,-66.2,97,41.24,59.14,257.02,11.01,0.648,-29.3,37,48.65,65.1,10995.02,12.31,0.604,-66.2,134,868495.2,25.06,0.82,0.927,1283.25,0
MSFT,1d,15,50,trend,5401.9,15.18,0.673,-68.66,83,44.58,59.4,230.26,10.3,0.61,-33.82,36,47.22,66.54,17503.3,13.6,0.648,-68.66,119,868495.2,25.06,0.82,0.927,1283.25,0
MSFT,1d,15,60,trend,6447.58,15.89,0.697,-63.88,72,45.83,59.56,361.45,13.37,0.746,-27.93,26,46.15,68.43,29957.09,15.11,0.702,-63.88,98,868495.2,25.06,0.82,0.927,1283.25,0
MSFT,1d,15,75,trend,4739.46,14.66,0.65,-67.43,65,43.08,61.18,293.28,11.89,0.672,-33.25,22,45.45,68.3,18648.54,13.78,0.647,-67.43,88,868495.2,25.06,0.82,0.927,1283.25,0
MSFT,1d,15,100,trend,5201.27,15.03,0.658,-65.79,50,42,62.98,422.4,14.53,0.761,-31.48,15,60,69.05,28611.65,14.98,0.681,-65.79,65,868495.2,25.06,0.82,0.927,1283.25,0
MSFT,1d,15,125,trend,3529.34,13.5,0.604,-75.38,48,33.33,64.9,351.42,13.16,0.697,-32.74,13,61.54,70.78,15032.98,13.18,0.613,-75.38,61,868495.2,25.06,0.82,0.927,1283.25,0
MSFT,1d,15,150,trend,2648.19,12.39,0.599,-72.24,40,35,63.29,472.7,15.39,0.785,-28.82,12,58.33,71.43,14316.75,13.04,0.636,-72.24,52,868495.2,25.06,0.82,0.927,1283.25,0
MSFT,1d,15,200,trend,3448.7,13.41,0.623,-72.51,34,35.29,65.59,581.98,17.06,0.829,-28.53,12,66.67,75.02,21931.61,14.23,0.665,-72.51,47,868495.2,25.06,0.82,0.927,1283.25,0
MSFT,1d,15,250,trend,3167.74,13.08,0.608,-77.08,28,25,66.48,805.32,19.81,0.921,-28.04,7,57.14,76.29,22988.17,14.36,0.663,-77.08,37,868495.2,25.06,0.82,0.927,1283.25,0
MSFT,1d,15,300,trend,5286.91,15.09,0.689,-65.69,23,26.09,64.65,877.25,20.57,0.946,-28.04,4,75,76.35,45268.23,16.28,0.739,-65.69,28,868495.2,25.06,0.82,0.927,1283.25,1
MSFT,1d,20,2,dip,1476.21,10.21,0.513,-61.63,303,74.26,40.79,393.83,14,0.769,-22.65,147,75.51,36.04,7970.63,11.44,0.578,-61.63,451,868495.2,25.06,0.82,0.927,1283.25,0
MSFT,1d,20,3,dip,1062.25,9.03,0.471,-59.55,254,70.87,40.89,511.46,16.02,0.856,-22.29,116,75.86,35.65,7268.55,11.19,0.569,-59.55,371,868495.2,25.06,0.82,0.927,1283.25,0
MSFT,1d,20,4,dip,577.94,6.98,0.395,-63.15,233,68.24,40.85,419.24,14.47,0.781,-28.22,104,75.96,35.71,3579.37,9.3,0.495,-63.15,338,868495.2,25.06,0.82,0.927,1283.25,0
MSFT,1d,20,5,dip,559.95,6.88,0.39,-63.01,214,65.42,40.89,311.63,12.31,0.682,-26.93,99,71.72,35.84,2717.12,8.58,0.466,-63.01,314,868495.2,25.06,0.82,0.927,1283.25,0
MSFT,1d,20,7,dip,425.53,6.02,0.36,-62.95,192,68.23,40.33,225.33,10.16,0.593,-25.79,89,71.91,36.5,1709.07,7.4,0.423,-62.95,282,868495.2,25.06,0.82,0.927,1283.25,0
MSFT,1d,20,9,dip,412.47,5.93,0.358,-63.37,179,63.69,40.54,273.45,11.42,0.649,-24.17,86,72.09,36.14,1936.93,7.72,0.438,-63.37,266,868495.2,25.06,0.82,0.927,1283.25,0
MSFT,1d,20,12,dip,284.47,4.86,0.316,-80.37,187,62.03,40.72,150,7.81,0.481,-26.04,86,66.28,35.58,902.59,5.85,0.361,-80.37,274,868495.2,25.06,0.82,0.927,1283.25,0
MSFT,1d,20,15,dip,278.66,4.81,0.314,-77,213,59.15,40.79,99.26,5.82,0.386,-32.09,100,58,36.66,699.52,5.26,0.337,-77,314,868495.2,25.06,0.82,0.927,1283.25,0
MSFT,1d,20,25,trend,6497.82,15.92,0.695,-66.87,185,50.81,59.22,248.51,10.79,0.63,-32.17,82,53.66,63.08,23515.41,14.42,0.676,-66.87,268,868495.2,25.06,0.82,0.927,1283.25,0
MSFT,1d,20,30,trend,9364.65,17.4,0.749,-62.04,123,52.03,59.08,254.82,10.95,0.639,-22.93,56,55.36,63.24,32487.04,15.34,0.713,-62.04,180,868495.2,25.06,0.82,0.927,1283.25,0
MSFT,1d,20,40,trend,4069.85,14.06,0.634,-80.92,95,44.21,59.4,255.89,10.98,0.637,-32.67,37,51.35,65.04,14276.85,13.03,0.625,-80.92,132,868495.2,25.06,0.82,0.927,1283.25,0
MSFT,1d,20,50,trend,6322.17,15.81,0.687,-73.96,85,48.24,59.95,200.42,9.44,0.551,-39.94,32,50,65.62,19093.32,13.84,0.648,-73.96,117,868495.2,25.06,0.82,0.927,1283.25,0
MSFT,1d,20,60,trend,2918.99,12.77,0.591,-64.6,70,41.43,59.46,269.73,11.32,0.626,-32.8,26,46.15,68.46,11622.69,12.47,0.6,-64.6,96,868495.2,25.06,0.82,0.927,1283.25,0
MSFT,1d,20,75,trend,3669.73,13.65,0.615,-71.66,57,43.86,61.5,363.54,13.41,0.716,-31.06,18,55.56,67.87,18576.3,13.76,0.641,-71.66,75,868495.2,25.06,0.82,0.927,1283.25,0
MSFT,1d,20,100,trend,5841.43,15.49,0.671,-65.75,46,36.96,63.39,423.61,14.55,0.759,-28.04,14,57.14,68.69,29905.97,15.1,0.683,-65.75,60,868495.2,25.06,0.82,0.927,1283.25,0
MSFT,1d,20,125,trend,4670.51,14.6,0.638,-73.89,43,37.21,64.98,512.92,16.04,0.815,-28.04,13,61.54,70.38,27316.53,14.85,0.669,-73.89,56,868495.2,25.06,0.82,0.927,1283.25,0
MSFT,1d,20,150,trend,3083.92,12.98,0.618,-72.99,31,32.26,63.1,613.14,17.49,0.86,-28.04,12,58.33,71.72,21231.46,14.14,0.673,-72.99,43,868495.2,25.06,0.82,0.927,1283.25,0
MSFT,1d,20,200,trend,3417.91,13.38,0.62,-72.75,29,37.93,65.81,782.66,19.56,0.93,-28.04,10,60,73.81,27956.67,14.91,0.686,-72.75,40,868495.2,25.06,0.82,0.927,1283.25,1
MSFT,1d,20,250,trend,3262.29,13.2,0.611,-75.86,27,25.93,66.34,907.52,20.87,0.957,-28.04,6,66.67,76.29,28953.16,15.01,0.684,-75.86,35,868495.2,25.06,0.82,0.927,1283.25,1
MSFT,1d,20,300,trend,4304.15,14.28,0.657,-72.47,21,28.57,64.45,867.8,20.47,0.941,-28.04,4,75,76.35,36196.24,15.64,0.713,-72.47,26,868495.2,25.06,0.82,0.927,1283.25,1
MSFT,1d,25,2,dip,1266.59,9.66,0.494,-59.68,273,75.82,40.43,341.04,12.95,0.729,-22.65,120,76.67,34.67,6061.08,10.7,0.552,-59.68,395,868495.2,25.06,0.82,0.927,1283.25,0
MSFT,1d,25,3,dip,1199.62,9.46,0.488,-62.97,231,74.89,40.3,320.41,12.5,0.702,-26.75,106,78.3,34.61,5457.59,10.41,0.541,-62.97,338,868495.2,25.06,0.82,0.927,1283.25,0
MSFT,1d,25,4,dip,763.13,7.9,0.431,-66.56,206,71.36,40.22,223.95,10.12,0.593,-26.92,96,76.04,34.64,2814.71,8.67,0.474,-66.56,303,868495.2,25.06,0.82,0.927,1283.25,0
MSFT,1d,25,5,dip,518.54,6.64,0.383,-63.33,184,67.93,40.13,230.99,10.32,0.605,-26.88,83,79.52,34.41,2046.42,7.85,0.441,-63.33,268,868495.2,25.06,0.82,0.927,1283.25,0
MSFT,1d,25,7,dip,500.69,6.53,0.38,-63.45,173,69.36,40.01,318.38,12.46,0.701,-27.11,74,74.32,34.64,2529.09,8.4,0.464,-63.45,248,868495.2,25.06,0.82,0.927,1283.25,0
MSFT,1d,25,9,dip,285.03,4.87,0.317,-64.87,156,67.31,40.09,249.16,10.8,0.621,-24.67,66,69.7,34.7,1316.97,6.76,0.399,-64.87,223,868495.2,25.06,0.82,0.927,1283.25,0
MSFT,1d,25,12,dip,194.45,3.88,0.278,-69.62,143,61.54,39.97,181.92,8.88,0.53,-29.09,64,76.56,35.32,766.71,5.47,0.347,-69.62,208,868495.2,25.06,0.82,0.927,1283.25,0
MSFT,1d,25,15,dip,396.54,5.81,0.355,-51.65,143,59.44,40.02,180.21,8.82,0.534,-29.78,64,65.63,35.03,1341.1,6.8,0.403,-51.65,208,868495.2,25.06,0.82,0.927,1283.25,0
MSFT,1d,25,20,dip,653.06,7.38,0.417,-41.04,184,58.7,40.39,247.37,10.76,0.626,-30.56,83,60.24,35.13,2501.56,8.37,0.469,-41.04,268,868495.2,25.06,0.82,0.927,1283.25,0
MSFT,1d,25,30,trend,3980.89,13.97,0.633,-82.01,166,49.4,59.73,112.6,6.38,0.408,-33.62,70,52.86,63.27,8199.35,11.51,0.568,-82.01,237,868495.2,25.06,0.82,0.927,1283.25,0
MSFT,1d,25,40,trend,2833.25,12.65,0.59,-79.91,98,35.71,59.64,190.76,9.15,0.536,-35.07,39,48.72,64.81,8384.54,11.57,0.572,-79.91,137,868495.2,25.06,0.82,0.927,1283.25,0
MSFT,1d,25,50,trend,3747.68,13.73,0.623,-74.41,77,48.05,59.81,208.09,9.67,0.557,-32.32,30,50,65.62,11761.95,12.5,0.602,-74.41,107,868495.2,25.06,0.82,0.927,1283.25,0
MSFT,1d,25,60,trend,2033.94,11.4,0.541,-78.1,68,47.06,59.73,358.47,13.31,0.708,-32.48,24,45.83,68.2,10062.77,12.07,0.582,-78.1,92,868495.2,25.06,0.82,0.927,1283.25,0
MSFT,1d,25,75,trend,3076.5,12.97,0.589,-72.24,53,43.4,61.8,320.88,12.51,0.676,-37.19,19,52.63,68.13,12794.91,12.73,0.601,-72.24,72,868495.2,25.06,0.82,0.927,1283.25,0
MSFT,1d,25,100,trend,2432.3,12.07,0.558,-74.16,44,40.91,63.68,456.36,15.12,0.778,-28.04,13,61.54,68.62,12913.32,12.76,0.599,-74.16,57,868495.2,25.06,0.82,0.927,1283.25,0
MSFT,1d,25,125,trend,4683.01,14.61,0.641,-67.07,39,38.46,64.93,490.6,15.69,0.798,-28.62,13,61.54,70.09,25775.38,14.68,0.665,-67.07,52,868495.2,25.06,0.82,0.927,1283.25,0
MSFT,1d,25,150,trend,9421.98,17.43,0.719,-73.39,31,38.71,66.83,648.62,17.96,0.878,-28.04,12,66.67,71.49,67367.01,17.43,0.746,-73.39,43,868495.2,25.06,0.82,0.927,1283.25,0
MSFT,1d,25,200,trend,3588.87,13.57,0.626,-76.8,28,39.29,65.88,714.23,18.77,0.887,-28.04,8,75,76.06,29916.19,15.1,0.693,-76.8,36,868495.2,25.06,0.82,0.927,1283.25,0
MSFT,1d,25,250,trend,2342.33,11.93,0.566,-82.85,26,26.92,66.35,843.56,20.22,0.932,-28.04,5,60,76.19,20892.3,14.09,0.65,-82.85,32,868495.2,25.06,0.82,0.927,1283.25,1
MSFT,1d,25,300,trend,3929.32,13.92,0.643,-71.95,19,31.58,64.63,749.56,19.19,0.889,-28.04,4,75,76.32,28533.67,14.97,0.688,-71.95,24,868495.2,25.06,0.82,0.927,1283.25,0
MSFT,1d,30,2,dip,981.87,8.76,0.462,-56.7,239,75.73,39.63,302.7,12.11,0.689,-24.37,110,80.91,34.41,4296.73,9.78,0.517,-56.7,350,868495.2,25.06,0.82,0.927,1283.25,0
MSFT,1d,30,3,dip,489.95,6.46,0.376,-62.96,194,74.74,39.55,268.88,11.3,0.642,-28.67,90,77.78,34.9,2065.36,7.88,0.441,-62.96,285,868495.2,25.06,0.82,0.927,1283.25,0
MSFT,1d,30,4,dip,744.94,7.81,0.428,-57.17,175,72,39.59,362.39,13.39,0.744,-27.8,83,80.72,34.51,3875.99,9.51,0.507,-57.17,260,868495.2,25.06,0.82,0.927,1283.25,0
MSFT,1d,30,5,dip,624,7.23,0.408,-63.45,163,71.78,39.71,318.91,12.47,0.705,-27.59,71,78.87,34.15,3004.38,8.84,0.483,-63.45,235,868495.2,25.06,0.82,0.927,1283.25,0
MSFT,1d,30,7,dip,440.92,6.13,0.366,-70.64,143,67.83,39.88,257.17,11.01,0.634,-31.27,65,75.38,34.21,1867.45,7.62,0.434,-70.64,209,868495.2,25.06,0.82,0.927,1283.25,0
MSFT,1d,30,9,dip,557.38,6.87,0.395,-63.75,135,72.59,39.94,256.47,10.99,0.634,-26.43,60,78.33,34.12,2290.24,8.14,0.456,-63.75,196,868495.2,25.06,0.82,0.927,1283.25,0
MSFT,1d,30,12,dip,593.48,7.07,0.403,-49.51,125,67.2,39.62,220.08,10.02,0.591,-26.3,55,70.91,33.79,2119.71,7.94,0.449,-49.51,180,868495.2,25.06,0.82,0.927,1283.25,0
MSFT,1d,30,15,dip,404.14,5.87,0.357,-54.93,120,65,39.69,188.21,9.07,0.546,-34.78,55,74.55,34.47,1352.96,6.82,0.404,-54.93,175,868495.2,25.06,0.82,0.927,1283.25,0
MSFT,1d,30,20,dip,446.17,6.17,0.369,-59.32,123,63.41,39.87,273.52,11.42,0.657,-31,56,73.21,34.87,1924.92,7.7,0.44,-59.32,180,868495.2,25.06,0.82,0.927,1283.25,0
MSFT,1d,30,25,dip,953.24,8.66,0.466,-61.64,165,63.03,39.83,519.78,16.14,0.913,-29.5,70,68.57,34.8,6400.6,10.84,0.572,-61.64,236,868495.2,25.06,0.82,0.927,1283.25,0
MSFT,1d,30,40,trend,2354.46,11.95,0.558,-81.45,105,46.67,59.64,232.71,10.37,0.585,-34.24,42,59.52,64.81,8476.28,11.6,0.565,-81.45,147,868495.2,25.06,0.82,0.927,1283.25,0
MSFT,1d,30,50,trend,1409.73,10.04,0.495,-84.98,78,43.59,59.74,159.59,8.14,0.485,-38.15,31,45.16,66.05,3930.68,9.54,0.492,-84.98,109,868495.2,25.06,0.82,0.927,1283.25,0
MSFT,1d,30,60,trend,1865.36,11.07,0.528,-80.01,64,40.63,60.13,266.48,11.24,0.62,-29.41,24,58.33,67.48,7620.95,11.31,0.554,-80.01,88,868495.2,25.06,0.82,0.927,1283.25,0
MSFT,1d,30,75,trend,2718.01,12.49,0.573,-79.78,53,41.51,61.49,414.86,14.39,0.749,-37.08,17,52.94,68.66,13893.88,12.96,0.608,-79.78,70,868495.2,25.06,0.82,0.927,1283.25,0
MSFT,1d,30,100,trend,4034.27,14.02,0.623,-63.94,43,48.84,63.73,478.29,15.49,0.79,-28.26,13,61.54,68.69,21983.18,14.24,0.651,-63.94,56,868495.2,25.06,0.82,0.927,1283.25,0
MSFT,1d,30,125,trend,5335.55,15.13,0.653,-68.92,37,37.84,65.26,449.29,15,0.77,-28.07,11,63.64,70.12,28158.19,14.93,0.67,-68.92,48,868495.2,25.06,0.82,0.927,1283.25,0
MSFT,1d,30,150,trend,7418.13,16.45,0.688,-68.58,33,36.36,66.83,679.84,18.35,0.886,-28.04,9,66.67,71.4,56369.59,16.91,0.728,-68.58,42,868495.2,25.06,0.82,0.927,1283.25,0
MSFT,1d,30,200,trend,2504.78,12.18,0.579,-76.78,25,32,65.71,839.15,20.17,0.941,-28.04,8,75,75.8,24090.91,14.49,0.673,-76.78,33,868495.2,25.06,0.82,0.927,1283.25,1
MSFT,1d,30,250,trend,2573.12,12.28,0.577,-80.35,25,24,66.52,851.25,20.3,0.934,-28.04,4,75,75.96,22323.99,14.28,0.656,-80.35,30,868495.2,25.06,0.82,0.927,1283.25,1
MSFT,1d,30,300,trend,3770.77,13.76,0.638,-72.12,18,27.78,64.63,664.27,18.16,0.85,-28.67,4,75,76.19,25264.61,14.63,0.675,-72.12,23,868495.2,25.06,0.82,0.927,1283.25,0
MSFT,1d,40,2,dip,1256.7,9.63,0.496,-53.4,198,77.78,39.46,301.05,12.07,0.679,-35.29,93,79.57,33.66,5341.05,10.36,0.54,-53.4,291,868495.2,25.06,0.82,0.927,1283.25,0
MSFT,1d,40,3,dip,2842.58,12.66,0.605,-47.29,177,75.14,39.67,261.15,11.11,0.633,-32.2,70,82.86,33.66,10527.12,12.19,0.61,-47.29,247,868495.2,25.06,0.82,0.927,1283.25,0
MSFT,1d,40,4,dip,1118,9.21,0.481,-53.1,148,77.7,39.66,285.7,11.71,0.653,-31.62,63,82.54,33.82,4597.78,9.96,0.524,-53.1,211,868495.2,25.06,0.82,0.927,1283.25,0
MSFT,1d,40,5,dip,930.81,8.57,0.457,-59.82,139,74.82,39.62,341.22,12.95,0.71,-32.56,59,88.14,34.08,4448.11,9.87,0.52,-59.82,198,868495.2,25.06,0.82,0.927,1283.25,0
MSFT,1d,40,7,dip,815.04,8.12,0.441,-56.64,122,71.31,39.81,290.19,11.82,0.656,-29.92,48,87.5,34.15,3470.41,9.22,0.495,-56.64,170,868495.2,25.06,0.82,0.927,1283.25,0
MSFT,1d,40,9,dip,871.39,8.35,0.451,-57.99,108,76.85,39.56,219.59,10,0.585,-29.92,45,80,33.72,3004.45,8.84,0.483,-57.99,153,868495.2,25.06,0.82,0.927,1283.25,0
MSFT,1d,40,12,dip,1059.36,9.02,0.48,-62.32,98,68.37,39.91,197.28,9.35,0.557,-31.56,40,80,33.2,3346.5,9.12,0.498,-62.32,138,868495.2,25.06,0.82,0.927,1283.25,0
MSFT,1d,40,15,dip,1488.1,10.24,0.526,-48.33,97,72.16,39.84,279.78,11.57,0.662,-29.78,37,78.38,33.01,5931.28,10.64,0.558,-48.33,134,868495.2,25.06,0.82,0.927,1283.25,0
MSFT,1d,40,20,dip,1140.33,9.28,0.492,-52.03,95,68.42,39.53,279.22,11.56,0.669,-27.33,37,75.68,33.01,4603.64,9.96,0.535,-52.03,132,868495.2,25.06,0.82,0.927,1283.25,0
MSFT,1d,40,25,dip,1700.81,10.73,0.545,-57.85,98,63.27,39.24,350.94,13.15,0.77,-29.78,39,82.05,33.17,8020.53,11.45,0.597,-57.85,137,868495.2,25.06,0.82,0.927,1283.25,0
MSFT,1d,40,30,dip,2249.47,11.77,0.598,-44.96,105,63.81,39.2,271.95,11.38,0.692,-28.3,42,69.05,33.07,8638.93,11.65,0.618,-44.96,147,868495.2,25.06,0.82,0.927,1283.25,0
MSFT,1d,40,50,trend,4028.18,14.02,0.626,-73.81,84,57.14,59.99,292.82,11.88,0.649,-32.72,35,62.86,66.21,17592.34,13.61,0.636,-73.81,119,868495.2,25.06,0.82,0.927,1283.25,0
MSFT,1d,40,60,trend,4551.35,14.5,0.642,-76.09,69,50.72,60.86,392.94,13.98,0.737,-36.8,25,64,66.89,23857,14.47,0.664,-76.09,94,868495.2,25.06,0.82,0.927,1283.25,0
MSFT,1d,40,75,trend,2995.58,12.87,0.586,-79.39,53,43.4,62.1,351.19,13.16,0.696,-33.39,17,47.06,68.53,12996.25,12.77,0.601,-79.39,70,868495.2,25.06,0.82,0.927,1283.25,0
MSFT,1d,40,100,trend,3426.88,13.39,0.602,-71.81,44,43.18,64.05,432.78,14.71,0.754,-29.58,13,53.85,69.8,17111.82,13.54,0.626,-71.81,57,868495.2,25.06,0.82,0.927,1283.25,0
MSFT,1d,40,125,trend,6944.24,16.19,0.681,-65.8,35,48.57,65.91,563.22,16.79,0.843,-28.04,10,70,70.03,44413.09,16.23,0.708,-65.8,45,868495.2,25.06,0.82,0.927,1283.25,0
MSFT,1d,40,150,trend,9035.82,17.26,0.709,-72.28,27,44.44,67.21,594.27,17.23,0.848,-28.04,8,75,71.3,60947.63,17.14,0.732,-72.28,35,868495.2,25.06,0.82,0.927,1283.25,0
MSFT,1d,40,200,trend,2658.04,12.41,0.587,-77.66,23,43.48,65.56,731.04,18.97,0.894,-28.04,8,62.5,75.47,22591.63,14.31,0.666,-77.66,31,868495.2,25.06,0.82,0.927,1283.25,0
MSFT,1d,40,250,trend,2141.97,11.59,0.552,-79.86,22,27.27,67.04,692.23,18.51,0.876,-28.04,4,75,75.41,14970.01,13.16,0.617,-79.86,27,868495.2,25.06,0.82,0.927,1283.25,0
MSFT,1d,40,300,trend,4061.02,14.05,0.646,-73.05,17,41.18,65.29,657.44,18.07,0.847,-29.56,4,75,75.96,26822.57,14.8,0.68,-73.05,22,868495.2,25.06,0.82,0.927,1283.25,0
MSFT,1d,50,2,dip,1681.45,10.69,0.534,-45.06,168,80.95,39.25,270.18,11.34,0.638,-29.96,82,79.27,31.8,6494.54,10.88,0.558,-45.06,250,868495.2,25.06,0.82,0.927,1283.25,0
MSFT,1d,50,3,dip,2701.26,12.47,0.599,-45.34,150,80,39.37,324.26,12.59,0.695,-31.68,67,86.57,31.9,11784.63,12.5,0.621,-45.34,217,868495.2,25.06,0.82,0.927,1283.25,0
MSFT,1d,50,4,dip,2817.13,12.63,0.609,-48.03,134,80.6,39.32,206.29,9.62,0.563,-31.48,56,80.36,32.13,8834.8,11.72,0.595,-48.03,190,868495.2,25.06,0.82,0.927,1283.25,0
MSFT,1d,50,5,dip,2548.22,12.25,0.594,-46.99,128,77.34,39.37,212.55,9.8,0.576,-30.24,53,81.13,31.83,8177.03,11.5,0.587,-46.99,181,868495.2,25.06,0.82,0.927,1283.25,0
MSFT,1d,50,7,dip,1829.03,11,0.549,-50.8,109,77.06,39.64,196.56,9.33,0.55,-29.92,44,81.82,31.8,5620.73,10.49,0.547,-50.8,153,868495.2,25.06,0.82,0.927,1283.25,0
MSFT,1d,50,9,dip,958.86,8.68,0.464,-57.11,97,73.2,39.46,233.34,10.38,0.598,-29.92,39,87.18,31.6,3429.61,9.19,0.497,-57.11,136,868495.2,25.06,0.82,0.927,1283.25,0
MSFT,1d,50,12,dip,724.21,7.72,0.43,-55.29,89,74.16,39.84,338.34,12.89,0.718,-29.78,35,85.71,31.51,3512.79,9.25,0.503,-55.29,124,868495.2,25.06,0.82,0.927,1283.25,0
MSFT,1d,50,15,dip,877.5,8.37,0.456,-51.4,83,68.67,39.56,309.14,12.25,0.695,-28.84,36,86.11,31.51,3899.4,9.52,0.515,-51.4,119,868495.2,25.06,0.82,0.927,1283.25,0
MSFT,1d,50,20,dip,715.05,7.68,0.433,-54.42,85,68.24,38.97,340.12,12.93,0.758,-28.33,32,81.25,32.35,3487.23,9.23,0.512,-54.42,117,868495.2,25.06,0.82,0.927,1283.25,0
MSFT,1d,50,25,dip,1251.54,9.62,0.507,-52.12,77,67.53,39.09,327.69,12.66,0.746,-29.99,30,76.67,32.29,5680.37,10.52,0.563,-52.12,107,868495.2,25.06,0.82,0.927,1283.25,0
MSFT,1d,50,30,dip,3340.19,13.29,0.65,-50.12,78,66.67,39.16,393.27,13.99,0.82,-30.15,31,77.42,31.77,16869.34,13.5,0.687,-50.12,109,868495.2,25.06,0.82,0.927,1283.25,0
MSFT,1d,50,40,dip,1159.23,9.34,0.501,-49.25,84,64.29,38.92,205.81,9.6,0.608,-27.37,35,71.43,31.31,3750.84,9.42,0.524,-49.25,119,868495.2,25.06,0.82,0.927,1283.25,0
MSFT,1d,50,60,trend,3307.53,13.25,0.597,-61.77,83,49.4,60.58,354.44,13.22,0.686,-34.7,30,63.33,68.1,16967.85,13.51,0.625,-61.77,113,868495.2,25.06,0.82,0.927,1283.25,0
MSFT,1d,50,75,trend,3854.25,13.84,0.615,-62.11,53,45.28,62.23,495.05,15.76,0.795,-34.01,18,61.11,69.08,22169.88,14.26,0.649,-62.11,71,868495.2,25.06,0.82,0.927,1283.25,0
MSFT,1d,50,100,trend,5777.29,15.45,0.664,-65.13,40,50,64.14,584.44,17.09,0.836,-28.53,13,69.23,70.81,38644.97,15.83,0.698,-65.13,53,868495.2,25.06,0.82,0.927,1283.25,0
MSFT,1d,50,125,trend,5485.78,15.24,0.649,-74.72,33,48.48,66.27,535.15,16.38,0.819,-28.04,10,70,70.68,34047.32,15.47,0.68,-74.72,43,868495.2,25.06,0.82,0.927,1283.25,0
MSFT,1d,50,150,trend,6514.23,15.93,0.667,-77.67,26,42.31,67.68,713.29,18.76,0.907,-28.04,8,75,71.56,52691.57,16.72,0.717,-77.67,34,868495.2,25.06,0.82,0.927,1283.25,0
MSFT,1d,50,200,trend,2934.93,12.79,0.6,-72.78,21,42.86,65.6,720.32,18.85,0.887,-28.04,7,71.43,75.86,23840.23,14.46,0.67,-72.78,28,868495.2,25.06,0.82,0.927,1283.25,0
MSFT,1d,50,250,trend,3428.6,13.39,0.614,-78.8,19,36.84,67.33,628.62,17.7,0.845,-31.45,5,60,75.38,23769.32,14.46,0.662,-78.8,25,868495.2,25.06,0.82,0.927,1283.25,0
MSFT,1d,50,300,trend,4745.61,14.66,0.665,-71.26,13,46.15,65.91,21.03,1.58,0.203,-31.52,3,66.67,21.75,33670.47,15.44,0.7,-71.26,17,868495.2,25.06,0.82,0.927,1283.25,0
MSFT,1d,60,2,dip,1627.87,10.57,0.531,-43.76,165,78.18,38.76,180.06,8.82,0.533,-29.92,70,75.71,29.84,4944.81,10.15,0.533,-43.76,236,868495.2,25.06,0.82,0.927,1283.25,0
MSFT,1d,60,3,dip,2171.88,11.64,0.573,-48.71,140,81.43,38.85,174.02,8.62,0.525,-30,58,81.03,30.07,6382.7,10.83,0.563,-48.71,199,868495.2,25.06,0.82,0.927,1283.25,0
MSFT,1d,60,4,dip,1655.99,10.63,0.536,-45.91,123,75.61,38.72,130.92,7.11,0.452,-29.96,48,81.25,29.94,4136.32,9.68,0.517,-45.91,172,868495.2,25.06,0.82,0.927,1283.25,0
MSFT,1d,60,5,dip,1457.5,10.17,0.517,-49.51,113,79.65,38.92,124.27,6.85,0.439,-29.92,40,80,29.81,3623.16,9.33,0.502,-49.51,154,868495.2,25.06,0.82,0.927,1283.25,0
MSFT,1d,60,7,dip,1342.5,9.87,0.508,-54.94,97,74.23,38.97,151.58,7.86,0.486,-29.92,36,83.33,29.78,3860.28,9.5,0.509,-54.94,134,868495.2,25.06,0.82,0.927,1283.25,0
MSFT,1d,60,9,dip,1366.86,9.93,0.513,-49.5,91,75.82,38.96,202.86,9.52,0.567,-30.27,30,80,29.48,4800.34,10.07,0.535,-49.5,122,868495.2,25.06,0.82,0.927,1283.25,0
MSFT,1d,60,12,dip,1538.12,10.36,0.531,-51.89,84,72.62,39.07,213.39,9.82,0.582,-29.78,28,78.57,29.13,5517.58,10.44,0.551,-51.89,113,868495.2,25.06,0.82,0.927,1283.25,0
MSFT,1d,60,15,dip,712.01,7.66,0.428,-56.44,72,68.06,39.38,188.6,9.08,0.552,-27.8,26,76.92,29.55,2243.45,8.09,0.457,-56.44,98,868495.2,25.06,0.82,0.927,1283.25,0
MSFT,1d,60,20,dip,1637.04,10.59,0.543,-51.4,70,70,39.44,241.19,10.59,0.654,-27.33,26,80.77,29.42,5826.59,10.59,0.566,-51.4,96,868495.2,25.06,0.82,0.927,1283.25,0
MSFT,1d,60,25,dip,2649.32,12.39,0.618,-49.47,68,73.53,39.13,178.85,8.78,0.566,-27.38,24,75,29.55,7566.56,11.29,0.601,-49.47,92,868495.2,25.06,0.82,0.927,1283.25,0
MSFT,1d,60,30,dip,2982.18,12.85,0.638,-48.9,64,76.56,38.69,238.05,10.51,0.658,-27.33,24,83.33,30.14,10319.27,12.14,0.638,-48.9,88,868495.2,25.06,0.82,0.927,1283.25,0
MSFT,1d,60,40,dip,1176.95,9.4,0.504,-50.54,69,60.87,37.95,157.53,8.07,0.532,-27.33,25,64,29.09,3188.56,9,0.507,-50.54,94,868495.2,25.06,0.82,0.927,1283.25,0
MSFT,1d,60,50,dip,1576.12,10.45,0.551,-49.75,83,65.06,38.22,163.23,8.26,0.558,-29.47,30,66.67,28.93,4312.04,9.79,0.548,-49.75,113,868495.2,25.06,0.82,0.927,1283.25,0
MSFT,1d,60,75,trend,3526.77,13.5,0.605,-68.06,63,52.38,61.59,566.07,16.83,0.831,-31.54,19,68.42,70.06,23199.69,14.39,0.654,-68.06,82,868495.2,25.06,0.82,0.927,1283.25,0
MSFT,1d,60,100,trend,5545.22,15.28,0.657,-62.46,40,55,63.68,618.74,17.56,0.843,-28.04,13,61.54,70.52,40447.61,15.96,0.699,-62.46,53,868495.2,25.06,0.82,0.927,1283.25,0
MSFT,1d,60,125,trend,9915.58,17.64,0.722,-71.49,27,48.15,66.2,679.14,18.34,0.877,-28.04,10,60,70.61,76482.48,17.79,0.753,-71.49,37,868495.2,25.06,0.82,0.927,1283.25,0
MSFT,1d,60,150,trend,6516.41,15.93,0.664,-81.68,25,48,67.85,620.57,17.59,0.852,-28.04,8,75,71.75,47717.89,16.43,0.704,-81.68,33,868495.2,25.06,0.82,0.927,1283.25,0
MSFT,1d,60,200,trend,2903.41,12.75,0.594,-75.26,19,42.11,65.71,741.25,19.09,0.894,-28.04,9,77.78,75.47,23656.31,14.44,0.665,-75.26,28,868495.2,25.06,0.82,0.927,1283.25,0
MSFT,1d,60,250,trend,4272.38,14.25,0.643,-73.41,18,44.44,67.57,15.53,1.19,0.166,-32.66,3,66.67,21.56,31753.47,15.27,0.689,-73.41,22,868495.2,25.06,0.82,0.927,1283.25,0
MSFT,1d,60,300,trend,7231.64,16.35,0.726,-69.53,13,46.15,66.14,15.03,1.16,0.163,-32.46,3,66.67,21.49,47134.92,16.4,0.736,-69.53,17,868495.2,25.06,0.82,0.927,1283.25,0
MSFT,1d,75,2,dip,1477.46,10.21,0.522,-42.47,159,81.13,37.62,279.29,11.56,0.671,-29.92,59,88.14,28.31,6130.34,10.73,0.56,-42.47,219,868495.2,25.06,0.82,0.927,1283.25,0
MSFT,1d,75,3,dip,997.12,8.81,0.469,-43.96,124,83.87,37.7,163.92,8.29,0.512,-29.92,48,85.42,28.47,2915.15,8.76,0.482,-43.96,173,868495.2,25.06,0.82,0.927,1283.25,0
MSFT,1d,75,4,dip,936.14,8.59,0.462,-43.96,113,80.53,37.69,180.19,8.82,0.535,-29.92,42,85.71,28.28,2984.27,8.82,0.484,-43.96,156,868495.2,25.06,0.82,0.927,1283.25,0
MSFT,1d,75,5,dip,1013.9,8.87,0.473,-45.41,107,81.31,37.84,185.92,9,0.542,-29.92,41,87.8,28.21,3320.97,9.1,0.496,-45.41,149,868495.2,25.06,0.82,0.927,1283.25,0
MSFT,1d,75,7,dip,960.23,8.68,0.468,-44.41,86,76.74,37.7,128.31,7.01,0.449,-29.92,32,68.75,28.21,2500.63,8.37,0.469,-44.41,119,868495.2,25.06,0.82,0.927,1283.25,0
MSFT,1d,75,9,dip,1029.72,8.92,0.479,-47.97,81,74.07,37.65,151.05,7.84,0.485,-29.92,30,73.33,28.18,2949.06,8.79,0.487,-47.97,112,868495.2,25.06,0.82,0.927,1283.25,0
MSFT,1d,75,12,dip,976.14,8.74,0.473,-50.98,70,68.57,37.45,206.49,9.62,0.577,-29.78,27,81.48,28.02,3384.29,9.15,0.503,-50.98,98,868495.2,25.06,0.82,0.927,1283.25,0
MSFT,1d,75,15,dip,1116.72,9.21,0.493,-50.4,65,80,37.67,223.95,10.12,0.617,-27.71,22,86.36,27.69,4075.83,9.64,0.528,-50.4,88,868495.2,25.06,0.82,0.927,1283.25,0
MSFT,1d,75,20,dip,1520.42,10.32,0.539,-51.56,57,75.44,37.34,169.99,8.49,0.55,-27.33,18,88.89,28.02,4275.01,9.77,0.538,-51.56,75,868495.2,25.06,0.82,0.927,1283.25,0
MSFT,1d,75,25,dip,1806.07,10.95,0.569,-49.83,53,73.58,37.02,229.11,10.27,0.651,-27.33,19,89.47,27.66,6173.02,10.74,0.585,-49.83,72,868495.2,25.06,0.82,0.927,1283.25,0
MSFT,1d,75,30,dip,1946.61,11.23,0.58,-49.84,53,81.13,37.3,169.68,8.48,0.565,-27.33,17,70.59,27.14,5419.37,10.4,0.572,-49.84,70,868495.2,25.06,0.82,0.927,1283.25,0
MSFT,1d,75,40,dip,1642.9,10.6,0.556,-51.95,53,77.36,36.6,216.55,9.92,0.646,-27.33,17,82.35,27.2,5417.16,10.39,0.573,-51.95,70,868495.2,25.06,0.82,0.927,1283.25,0
MSFT,1d,75,50,dip,1321.73,9.81,0.528,-68.44,53,77.36,36.43,137.51,7.35,0.515,-29.68,18,83.33,26.55,3276.7,9.07,0.52,-68.44,71,868495.2,25.06,0.82,0.927,1283.25,0
MSFT,1d,75,60,dip,1498.87,10.27,0.546,-68.09,63,76.19,37.04,107.96,6.19,0.454,-30.46,19,63.16,25.44,3225.01,9.02,0.519,-68.09,82,868495.2,25.06,0.82,0.927,1283.25,0
MSFT,1d,75,100,trend,3221.17,13.15,0.59,-78.99,47,55.32,63.74,561.4,16.76,0.813,-28.04,14,64.29,70.09,21367.45,14.16,0.64,-78.99,61,868495.2,25.06,0.82,0.927,1283.25,0
MSFT,1d,75,125,trend,5915.67,15.54,0.656,-78.75,29,51.72,65.88,744.49,19.13,0.9,-28.04,10,70,70.91,49629.1,16.55,0.709,-78.75,39,868495.2,25.06,0.82,0.927,1283.25,0
MSFT,1d,75,150,trend,7026.67,16.23,0.67,-73.76,23,52.17,67.35,730.25,18.96,0.904,-28.04,7,71.43,71.3,56797.37,16.93,0.717,-73.76,30,868495.2,25.06,0.82,0.927,1283.25,0
MSFT,1d,75,200,trend,3492.56,13.46,0.622,-75.43,18,38.89,65.31,656.39,18.06,0.848,-38.69,6,66.67,75.24,25357.25,14.64,0.673,-75.43,24,868495.2,25.06,0.82,0.927,1283.25,0
MSFT,1d,75,250,trend,5155.14,14.99,0.671,-68.66,17,41.18,67.45,6.83,0.54,0.104,-36.09,3,66.67,21.14,35994.23,15.63,0.704,-68.66,21,868495.2,25.06,0.82,0.927,1283.25,0
MSFT,1d,75,300,trend,7074.77,16.26,0.724,-70.35,13,61.54,65.5,10.29,0.81,0.13,-33.57,2,50,21.23,52464.5,16.71,0.746,-70.35,15,868495.2,25.06,0.82,0.927,1283.25,0
MSFT,1d,100,2,dip,411.78,5.93,0.36,-49.66,121,79.34,35.58,211.8,9.78,0.595,-29.92,48,81.25,26.78,1563.42,7.18,0.421,-49.66,170,868495.2,25.06,0.82,0.927,1283.25,0
MSFT,1d,100,3,dip,429.88,6.06,0.368,-48.65,104,80.77,34.99,135.32,7.27,0.469,-29.92,35,80,26.84,1218.55,6.57,0.398,-48.65,140,868495.2,25.06,0.82,0.927,1283.25,0
MSFT,1d,100,4,dip,445.64,6.17,0.372,-51.89,92,80.43,35.13,131.76,7.14,0.463,-29.92,32,71.88,27.04,1237.24,6.6,0.4,-51.89,125,868495.2,25.06,0.82,0.927,1283.25,0
MSFT,1d,100,5,dip,619.69,7.21,0.415,-50.02,85,77.65,35.14,111.58,6.34,0.426,-29.92,28,78.57,26.97,1471.84,7.03,0.419,-50.02,114,868495.2,25.06,0.82,0.927,1283.25,0
MSFT,1d,100,7,dip,597.5,7.09,0.41,-52.36,66,81.82,35.18,147.32,7.71,0.497,-29.92,23,78.26,27.2,1720.06,7.42,0.436,-52.36,90,868495.2,25.06,0.82,0.927,1283.25,0
MSFT,1d,100,9,dip,770.13,7.93,0.446,-52.36,62,80.65,35.16,192.54,9.21,0.588,-30.09,22,86.36,27.07,2570,8.44,0.483,-52.36,85,868495.2,25.06,0.82,0.927,1283.25,0
MSFT,1d,100,12,dip,734.73,7.77,0.44,-51.35,52,80.77,35.17,149.37,7.78,0.515,-29.57,18,83.33,27.04,1981.54,7.77,0.456,-51.35,70,868495.2,25.06,0.82,0.927,1283.25,0
MSFT,1d,100,15,dip,845.74,8.24,0.463,-51.35,49,83.67,34.92,147.86,7.73,0.512,-27.33,15,80,26.91,2244.14,8.09,0.472,-51.35,64,868495.2,25.06,0.82,0.927,1283.25,0
MSFT,1d,100,20,dip,711.56,7.66,0.44,-54.98,45,84.44,34.5,166.13,8.36,0.55,-27.33,14,85.71,27.1,2059.79,7.87,0.464,-54.98,59,868495.2,25.06,0.82,0.927,1283.25,0
MSFT,1d,100,25,dip,1808.72,10.96,0.576,-54.98,43,88.37,34.19,161.85,8.22,0.551,-27.33,13,84.62,27.14,4898.07,10.13,0.566,-54.98,56,868495.2,25.06,0.82,0.927,1283.25,0
MSFT,1d,100,30,dip,1070.53,9.06,0.498,-64.43,42,83.33,34.15,151.92,7.87,0.537,-27.33,13,84.62,27.07,2848.85,8.7,0.503,-64.43,55,868495.2,25.06,0.82,0.927,1283.25,0
MSFT,1d,100,40,dip,1170.62,9.38,0.511,-62.54,43,83.72,33.79,175.74,8.68,0.586,-27.33,13,76.92,25.9,3403.58,9.17,0.525,-62.54,56,868495.2,25.06,0.82,0.927,1283.25,0
MSFT,1d,100,50,dip,879.81,8.38,0.472,-60.89,40,80,34.37,104.12,6.03,0.452,-27.33,13,76.92,24.76,1900.01,7.67,0.462,-60.89,53,868495.2,25.06,0.82,0.927,1283.25,0
MSFT,1d,100,60,dip,903.11,8.47,0.477,-54.28,40,72.5,34.74,87.35,5.29,0.415,-27.33,13,69.23,24.85,1779.31,7.5,0.457,-54.28,53,868495.2,25.06,0.82,0.927,1283.25,0
MSFT,1d,100,75,dip,1634.14,10.58,0.563,-45.2,47,76.6,34.62,107.93,6.19,0.471,-27.98,14,64.29,24.85,3505.85,9.24,0.535,-45.2,61,868495.2,25.06,0.82,0.927,1283.25,0
MSFT,1d,100,125,trend,10123.22,17.72,0.727,-55.97,39,58.97,65.21,831.9,20.1,0.948,-28.04,11,63.64,71.95,95151.15,18.43,0.776,-55.97,50,868495.2,25.06,0.82,0.927,1283.25,1
MSFT,1d,100,150,trend,7008.92,16.22,0.668,-67.26,26,53.85,67.24,630.6,17.72,0.852,-28.04,7,71.43,72.21,48037.3,16.45,0.699,-67.26,33,868495.2,25.06,0.82,0.927,1283.25,0
MSFT,1d,100,200,trend,4536.02,14.48,0.658,-73.76,17,52.94,64.76,691.1,18.49,0.862,-32.89,6,50,74.92,34708.99,15.52,0.705,-73.76,23,868495.2,25.06,0.82,0.927,1283.25,0
MSFT,1d,100,250,trend,5352.79,15.14,0.676,-62.63,15,53.33,67.11,581.73,17.06,0.8,-35.89,3,66.67,76.74,40343.34,15.95,0.713,-62.63,18,868495.2,25.06,0.82,0.927,1283.25,0
MSFT,1d,100,300,trend,5334.86,15.13,0.684,-69.32,14,42.86,65.63,0.03,0,0.051,-34.81,2,50,21.17,37201.55,15.72,0.712,-69.32,16,868495.2,25.06,0.82,0.927,1283.25,0
MSFT,1d,125,2,dip,668.89,7.46,0.424,-51.35,106,86.79,33.06,134,7.22,0.481,-27.33,37,81.08,24.82,1723.17,7.42,0.437,-51.35,144,868495.2,25.06,0.82,0.927,1283.25,0
MSFT,1d,125,3,dip,813.6,8.11,0.452,-50.94,84,85.71,33.18,140.76,7.47,0.493,-28.02,30,86.67,25.02,2081.17,7.9,0.458,-50.94,115,868495.2,25.06,0.82,0.927,1283.25,0
MSFT,1d,125,4,dip,765.85,7.91,0.444,-51.35,77,88.31,33.13,128.83,7.03,0.472,-27.88,25,84,24.92,1881.3,7.64,0.448,-51.35,102,868495.2,25.06,0.82,0.927,1283.25,0
MSFT,1d,125,5,dip,734.04,7.77,0.439,-52.14,68,82.35,33.21,108.75,6.22,0.43,-28.13,22,81.82,25.15,1641.08,7.3,0.434,-52.14,90,868495.2,25.06,0.82,0.927,1283.25,0
MSFT,1d,125,7,dip,701.16,7.61,0.436,-51.35,59,86.44,32.95,173.76,8.61,0.569,-28.43,18,77.78,25.11,2093.23,7.91,0.465,-51.35,77,868495.2,25.06,0.82,0.927,1283.25,0
MSFT,1d,125,9,dip,732.53,7.76,0.444,-51.35,56,85.71,32.79,161.66,8.21,0.549,-27.45,15,86.67,25.11,2078.4,7.89,0.466,-51.35,71,868495.2,25.06,0.82,0.927,1283.25,0
MSFT,1d,125,12,dip,1060.9,9.03,0.495,-52.82,50,78,32.93,150.31,7.82,0.529,-27.45,15,86.67,25.05,2805.86,8.66,0.5,-52.82,65,868495.2,25.06,0.82,0.927,1283.25,0
MSFT,1d,125,15,dip,1225.35,9.54,0.522,-51.42,47,82.98,32.99,222.73,10.09,0.652,-27.33,13,92.31,24.98,4177.34,9.7,0.55,-51.42,60,868495.2,25.06,0.82,0.927,1283.25,0
MSFT,1d,125,20,dip,914.39,8.51,0.48,-51.34,42,88.1,32.89,134.15,7.23,0.498,-27.98,13,84.62,25.34,2275.19,8.12,0.481,-51.34,55,868495.2,25.06,0.82,0.927,1283.25,0
MSFT,1d,125,25,dip,888.36,8.41,0.474,-60.17,38,86.84,32.93,148.74,7.76,0.533,-28.01,13,84.62,25.6,2358.5,8.22,0.484,-60.17,51,868495.2,25.06,0.82,0.927,1283.25,0
MSFT,1d,125,30,dip,759.84,7.88,0.455,-62.92,36,88.89,32.58,159.46,8.14,0.554,-27.98,11,90.91,25.51,2130.98,7.96,0.475,-62.92,47,868495.2,25.06,0.82,0.927,1283.25,0
MSFT,1d,125,40,dip,543.05,6.78,0.412,-54.81,34,85.29,31.9,113.72,6.43,0.457,-31.78,10,90,25.57,1274.33,6.68,0.421,-54.81,44,868495.2,25.06,0.82,0.927,1283.25,0
MSFT,1d,125,50,dip,712.84,7.67,0.454,-53.41,32,84.38,31.52,120.91,6.72,0.476,-31.78,10,80,24.79,1695.67,7.38,0.457,-53.41,42,868495.2,25.06,0.82,0.927,1283.25,0
MSFT,1d,125,60,dip,347.71,5.43,0.355,-51.34,26,73.08,31.55,76.62,4.78,0.379,-31.78,10,70,24.69,690.73,5.23,0.357,-51.34,36,868495.2,25.06,0.82,0.927,1283.25,0
MSFT,1d,125,75,dip,895.32,8.44,0.489,-51.34,29,79.31,32.3,63.36,4.11,0.342,-31.78,10,70,24.07,1526.01,7.12,0.45,-51.34,39,868495.2,25.06,0.82,0.927,1283.25,0
MSFT,1d,125,100,dip,494.2,6.48,0.399,-62.02,39,69.23,32.82,44.77,3.08,0.272,-31.33,11,72.73,23.19,760.24,5.45,0.365,-62.02,50,868495.2,25.06,0.82,0.927,1283.25,0
MSFT,1d,125,150,trend,2677.41,12.44,0.579,-70.38,33,57.58,63.74,611.75,17.47,0.835,-28.04,10,60,72.54,19120.6,13.85,0.641,-70.38,43,868495.2,25.06,0.82,0.927,1283.25,0
MSFT,1d,125,200,trend,4628.66,14.56,0.662,-60.38,19,57.89,63.73,615.85,17.53,0.836,-28.04,5,80,73.52,36851.77,15.7,0.712,-60.38,24,868495.2,25.06,0.82,0.927,1283.25,0
MSFT,1d,125,250,trend,6466.63,15.9,0.707,-57.16,14,50,65.26,553.62,16.65,0.793,-38.95,3,66.67,76.19,44426.25,16.23,0.728,-57.16,17,868495.2,25.06,0.82,0.927,1283.25,0
MSFT,1d,125,300,trend,9313.21,17.38,0.757,-54.72,13,61.54,65.85,-5.83,-0.49,0.003,-39.85,2,50,21.36,61076.94,17.14,0.757,-54.72,15,868495.2,25.06,0.82,0.927,1283.25,0
MSFT,1d,150,2,dip,784.48,7.99,0.453,-50.97,106,82.08,31.27,70.38,4.47,0.343,-27.33,28,85.71,22.05,1576.19,7.2,0.434,-50.97,135,868495.2,25.06,0.82,0.927,1283.25,0
MSFT,1d,150,3,dip,494.03,6.48,0.39,-51.35,80,87.5,31.42,86.05,5.23,0.393,-27.33,24,83.33,22.02,1183.62,6.5,0.404,-51.35,105,868495.2,25.06,0.82,0.927,1283.25,0
MSFT,1d,150,4,dip,397.61,5.82,0.363,-51.35,68,83.82,31.44,87.31,5.28,0.391,-28.2,23,82.61,22.15,995.16,6.08,0.385,-51.35,92,868495.2,25.06,0.82,0.927,1283.25,0
MSFT,1d,150,5,dip,534.66,6.73,0.402,-51.35,64,84.38,31.32,123.15,6.81,0.488,-27.33,19,84.21,22.21,1564.12,7.18,0.436,-51.35,84,868495.2,25.06,0.82,0.927,1283.25,0
MSFT,1d,150,7,dip,492.02,6.47,0.394,-51.35,55,83.64,31.25,95.46,5.65,0.42,-27.98,15,86.67,22.5,1286.42,6.7,0.417,-51.35,71,868495.2,25.06,0.82,0.927,1283.25,0
MSFT,1d,150,9,dip,560.82,6.88,0.412,-51.34,47,80.85,31.18,97.8,5.76,0.425,-27.98,14,78.57,22.44,1442.06,6.98,0.43,-51.34,62,868495.2,25.06,0.82,0.927,1283.25,0
MSFT,1d,150,12,dip,313.31,5.13,0.338,-51.34,40,77.5,30.96,131.38,7.12,0.504,-27.98,12,83.33,22.34,1025.44,6.15,0.395,-51.34,53,868495.2,25.06,0.82,0.927,1283.25,0
MSFT,1d,150,15,dip,527.46,6.69,0.408,-51.34,40,85,30.89,114.12,6.45,0.467,-27.98,11,90.91,22.21,1511.47,7.09,0.44,-51.34,52,868495.2,25.06,0.82,0.927,1283.25,0
MSFT,1d,150,20,dip,476.74,6.37,0.395,-51.34,31,83.87,31.03,79.75,4.93,0.385,-27.98,11,90.91,21.82,1059.79,6.23,0.402,-51.34,43,868495.2,25.06,0.82,0.927,1283.25,0
MSFT,1d,150,25,dip,415.55,5.95,0.376,-52.07,30,86.67,31.06,69.11,4.4,0.353,-28.83,11,81.82,21.95,880.3,5.79,0.381,-52.07,42,868495.2,25.06,0.82,0.927,1283.25,0
MSFT,1d,150,30,dip,551.4,6.83,0.415,-55.48,32,87.5,31.06,56.19,3.73,0.315,-31.78,8,87.5,21.95,1072.6,6.26,0.404,-55.48,41,868495.2,25.06,0.82,0.927,1283.25,0
MSFT,1d,150,40,dip,417.75,5.97,0.38,-53.41,26,80.77,30.64,82.16,5.04,0.392,-31.78,7,85.71,21.82,948.89,5.97,0.392,-53.41,34,868495.2,25.06,0.82,0.927,1283.25,0
MSFT,1d,150,50,dip,592.28,7.06,0.43,-51.34,25,80,30.15,57.25,3.78,0.317,-31.78,7,85.71,21.3,1074.15,6.26,0.408,-51.34,33,868495.2,25.06,0.82,0.927,1283.25,0
MSFT,1d,150,60,dip,575,6.96,0.429,-51.34,24,79.17,29.93,79.7,4.93,0.395,-31.78,7,85.71,20.87,1164.34,6.46,0.421,-51.34,32,868495.2,25.06,0.82,0.927,1283.25,0
MSFT,1d,150,75,dip,520.19,6.65,0.419,-51.34,22,81.82,30.39,69.76,4.44,0.356,-31.78,7,85.71,23.55,952.85,5.98,0.401,-51.34,29,868495.2,25.06,0.82,0.927,1283.25,0
MSFT,1d,150,100,dip,543.77,6.79,0.427,-51.34,26,69.23,30.57,100.16,5.86,0.449,-26.84,7,100,22.18,1188.56,6.51,0.429,-51.34,33,868495.2,25.06,0.82,0.927,1283.25,0
MSFT,1d,150,125,dip,559.59,6.88,0.437,-53.46,33,60.61,30.3,95.15,5.64,0.442,-27.42,10,80,22.02,1187.16,6.5,0.435,-53.46,43,868495.2,25.06,0.82,0.927,1283.25,0
MSFT,1d,150,200,trend,7619.2,16.56,0.728,-57.64,23,52.17,64.06,575.47,16.97,0.807,-29.18,4,75,74.23,53991.16,16.79,0.747,-57.64,27,868495.2,25.06,0.82,0.927,1283.25,0
MSFT,1d,150,250,trend,6210.08,15.74,0.702,-59.9,14,42.86,64.4,499.92,15.83,0.761,-36.6,3,66.67,75.51,38652.19,15.83,0.714,-59.9,17,868495.2,25.06,0.82,0.927,1283.25,0
MSFT,1d,150,300,trend,10278.53,17.78,0.764,-48.43,16,62.5,66.94,515.11,16.07,0.763,-39.27,3,66.67,77.27,62477.54,17.21,0.754,-48.43,19,868495.2,25.06,0.82,0.927,1283.25,0
MSFT,1d,200,2,dip,337.97,5.35,0.349,-53.5,75,86.67,28.68,77.92,4.84,0.377,-29.25,32,84.38,18.13,803.69,5.58,0.37,-53.5,109,868495.2,25.06,0.82,0.927,1283.25,0
MSFT,1d,200,3,dip,371.23,5.62,0.361,-53.41,61,88.52,28.88,84.14,5.14,0.401,-27.16,24,95.83,17.94,904.01,5.85,0.383,-53.41,87,868495.2,25.06,0.82,0.927,1283.25,0
MSFT,1d,200,4,dip,478.12,6.38,0.395,-53.41,57,89.47,28.77,94.73,5.62,0.429,-26.84,23,91.3,18.2,1203.04,6.54,0.416,-53.41,81,868495.2,25.06,0.82,0.927,1283.25,0
MSFT,1d,200,5,dip,504.45,6.55,0.402,-53.41,54,83.33,28.81,88.79,5.35,0.411,-26.84,19,84.21,18.26,1220.85,6.57,0.417,-53.41,74,868495.2,25.06,0.82,0.927,1283.25,0
MSFT,1d,200,7,dip,461.15,6.27,0.391,-53.41,49,83.67,28.75,110.7,6.31,0.47,-26.84,17,94.12,18.17,1328.47,6.78,0.428,-53.41,67,868495.2,25.06,0.82,0.927,1283.25,0
MSFT,1d,200,9,dip,291.11,4.93,0.332,-54.78,41,85.37,28.67,110.59,6.3,0.472,-26.84,17,82.35,17.81,869.85,5.76,0.382,-54.78,59,868495.2,25.06,0.82,0.927,1283.25,0
MSFT,1d,200,12,dip,229.28,4.29,0.306,-51.34,35,80,28.5,90.28,5.42,0.423,-26.84,13,92.31,17.45,625.64,5.01,0.349,-51.34,49,868495.2,25.06,0.82,0.927,1283.25,0
MSFT,1d,200,15,dip,391.92,5.78,0.375,-51.34,34,91.18,28.57,90.01,5.41,0.428,-26.84,12,91.67,17.03,966.23,6.01,0.4,-51.34,47,868495.2,25.06,0.82,0.927,1283.25,0
MSFT,1d,200,20,dip,415,5.95,0.385,-51.35,29,86.21,28.29,55.21,3.67,0.32,-31.78,10,90,16.99,770.99,5.48,0.376,-51.35,40,868495.2,25.06,0.82,0.927,1283.25,0
MSFT,1d,200,25,dip,391.71,5.78,0.377,-51.34,28,82.14,28.15,56.23,3.73,0.324,-31.78,7,85.71,17.38,718.04,5.32,0.368,-51.34,36,868495.2,25.06,0.82,0.927,1283.25,0
MSFT,1d,200,30,dip,584.41,7.02,0.433,-51.34,25,88,28.26,29.85,2.17,0.219,-31.78,7,85.71,17.55,897.59,5.84,0.393,-51.34,33,868495.2,25.06,0.82,0.927,1283.25,0
MSFT,1d,200,40,dip,680.77,7.52,0.457,-51.34,23,91.3,28.32,52.18,3.5,0.309,-31.78,7,85.71,17.65,1184.64,6.5,0.426,-51.34,31,868495.2,25.06,0.82,0.927,1283.25,0
MSFT,1d,200,50,dip,458.56,6.25,0.401,-51.35,21,80.95,28.18,56.05,3.72,0.326,-31.78,6,83.33,17.03,859.69,5.73,0.39,-51.35,28,868495.2,25.06,0.82,0.927,1283.25,0
MSFT,1d,200,60,dip,465.8,6.3,0.408,-51.35,19,84.21,27.94,53.73,3.59,0.319,-31.78,8,75,17.16,867.16,5.76,0.396,-51.35,28,868495.2,25.06,0.82,0.927,1283.25,0
MSFT,1d,200,75,dip,327.67,5.26,0.357,-51.35,18,83.33,28.14,76.56,4.77,0.407,-26.84,5,80,16.93,718.91,5.32,0.374,-51.35,24,868495.2,25.06,0.82,0.927,1283.25,0
MSFT,1d,200,100,dip,216.47,4.15,0.304,-49.4,17,70.59,28.35,61.72,4.02,0.358,-26.84,5,80,16.54,471.89,4.39,0.326,-49.4,23,868495.2,25.06,0.82,0.927,1283.25,0
MSFT,1d,200,125,dip,216.18,4.14,0.304,-49.4,19,63.16,28.96,73.85,4.64,0.388,-26.84,5,80,19.86,449.66,4.29,0.321,-49.4,24,868495.2,25.06,0.82,0.927,1283.25,0
MSFT,1d,200,150,dip,100.5,2.48,0.222,-53.68,23,73.91,29.45,93.99,5.59,0.462,-26.84,5,80,18.43,288.96,3.41,0.274,-53.68,28,868495.2,25.06,0.82,0.927,1283.25,0
MSFT,1d,200,250,trend,10784.34,17.98,0.781,-48.43,18,55.56,63.89,469.58,15.34,0.734,-39.31,3,66.67,76.39,61854.01,17.18,0.76,-48.43,21,868495.2,25.06,0.82,0.927,1283.25,0
MSFT,1d,200,300,trend,5297.83,15.1,0.683,-66.81,12,50,63.98,447.88,14.97,0.715,-43.69,3,66.67,77.98,29604.06,15.07,0.685,-66.81,15,868495.2,25.06,0.82,0.927,1283.25,0
MSFT,1d,250,2,dip,516.26,6.62,0.41,-53.41,76,93.42,27.42,85.37,5.19,0.417,-26.84,16,93.75,15.36,1285.32,6.7,0.43,-53.41,95,868495.2,25.06,0.82,0.927,1283.25,0
MSFT,1d,250,3,dip,401.6,5.85,0.377,-53.41,58,89.66,27.27,101.4,5.91,0.466,-26.84,15,93.33,15.39,1129.96,6.38,0.417,-53.41,76,868495.2,25.06,0.82,0.927,1283.25,0
MSFT,1d,250,4,dip,304.01,5.05,0.34,-53.41,53,86.79,27.31,80.03,4.94,0.402,-26.84,13,92.31,15.26,803.61,5.58,0.377,-53.41,69,868495.2,25.06,0.82,0.927,1283.25,0
MSFT,1d,250,5,dip,236.76,4.37,0.31,-53.41,45,88.89,27.31,70.36,4.47,0.373,-26.84,11,81.82,15.2,618.49,4.98,0.349,-53.41,59,868495.2,25.06,0.82,0.927,1283.25,0
MSFT,1d,250,7,dip,187.34,3.79,0.284,-51.34,38,89.47,27.42,43.71,3.02,0.279,-26.84,8,87.5,15,400.86,4.05,0.304,-51.34,49,868495.2,25.06,0.82,0.927,1283.25,0
MSFT,1d,250,9,dip,228.6,4.28,0.308,-51.34,33,81.82,27.39,58.23,3.84,0.336,-26.84,7,85.71,14.91,528.2,4.64,0.334,-51.34,43,868495.2,25.06,0.82,0.927,1283.25,0
MSFT,1d,250,12,dip,322.67,5.21,0.351,-51.34,32,90.63,27.48,41.5,2.89,0.272,-26.84,7,85.71,14.81,669.48,5.16,0.362,-51.34,42,868495.2,25.06,0.82,0.927,1283.25,0
MSFT,1d,250,15,dip,505.99,6.56,0.415,-51.35,28,89.29,27.42,54.16,3.61,0.327,-26.84,7,85.71,14.61,1059.54,6.23,0.418,-51.35,37,868495.2,25.06,0.82,0.927,1283.25,0
MSFT,1d,250,20,dip,479.65,6.39,0.408,-51.35,27,88.89,27.55,36.62,2.59,0.256,-26.84,6,83.33,14.51,808,5.59,0.386,-51.35,35,868495.2,25.06,0.82,0.927,1283.25,0
MSFT,1d,250,25,dip,698.97,7.6,0.467,-51.34,26,88.46,27.58,45,3.1,0.293,-26.84,5,80,14.51,1161.24,6.45,0.432,-51.34,32,868495.2,25.06,0.82,0.927,1283.25,0
MSFT,1d,250,30,dip,630.85,7.26,0.453,-51.34,25,92,27.37,43.77,3.02,0.29,-26.84,4,75,14.64,1083.54,6.28,0.425,-51.34,30,868495.2,25.06,0.82,0.927,1283.25,0
MSFT,1d,250,40,dip,710.45,7.66,0.475,-51.34,22,86.36,26.77,71.6,4.53,0.391,-26.84,4,75,14.97,1537.94,7.14,0.471,-51.34,27,868495.2,25.06,0.82,0.927,1283.25,0
MSFT,1d,250,50,dip,365.6,5.57,0.375,-51.35,19,84.21,26.33,80.94,4.99,0.422,-26.84,5,100,14.84,833.92,5.66,0.394,-51.35,25,868495.2,25.06,0.82,0.927,1283.25,0
MSFT,1d,250,60,dip,243.76,4.45,0.321,-51.34,18,77.78,25.95,59.07,3.88,0.352,-26.84,3,100,14.64,541.77,4.69,0.346,-51.34,22,868495.2,25.06,0.82,0.927,1283.25,0
MSFT,1d,250,75,dip,192.66,3.86,0.291,-51.35,17,64.71,25.88,75.69,4.73,0.414,-26.84,3,100,14.97,479.52,4.43,0.33,-51.35,21,868495.2,25.06,0.82,0.927,1283.25,0
MSFT,1d,250,100,dip,163.03,3.47,0.272,-49.4,15,73.33,25.9,86.78,5.26,0.459,-26.84,3,100,14.81,382.63,3.96,0.306,-49.4,19,868495.2,25.06,0.82,0.927,1283.25,0
MSFT,1d,250,125,dip,131.99,3.01,0.249,-49.4,14,57.14,27.41,108.33,6.21,0.525,-26.84,3,100,14.45,365.61,3.87,0.3,-49.4,18,868495.2,25.06,0.82,0.927,1283.25,0
MSFT,1d,250,150,dip,145.69,3.22,0.259,-49.4,14,71.43,27.93,107.87,6.19,0.53,-26.84,3,100,14.32,444.44,4.27,0.322,-49.4,18,868495.2,25.06,0.82,0.927,1283.25,0
MSFT,1d,250,200,dip,29.18,0.91,0.144,-61.41,18,61.11,27.74,139.1,7.41,0.635,-26.84,4,100,14.58,208.85,2.82,0.245,-61.41,22,868495.2,25.06,0.82,0.927,1283.25,0
MSFT,1d,250,300,trend,3981.44,13.97,0.633,-75.69,16,50,65.12,450.32,15.02,0.708,-34.63,3,66.67,78.86,28986.47,15.01,0.672,-75.69,19,868495.2,25.06,0.82,0.927,1283.25,0
MSFT,1d,300,2,dip,238.23,4.39,0.313,-54.26,59,83.05,26.19,54.33,3.62,0.33,-26.26,15,86.67,13.76,517.9,4.59,0.334,-54.26,78,868495.2,25.06,0.82,0.927,1283.25,0
MSFT,1d,300,3,dip,281.74,4.84,0.333,-53.41,50,88,26.22,29.62,2.15,0.224,-24.9,6,83.33,13.63,508.44,4.55,0.331,-53.41,60,868495.2,25.06,0.82,0.927,1283.25,0
MSFT,1d,300,4,dip,219.32,4.18,0.303,-53.41,42,85.71,26.28,36.57,2.59,0.256,-24.9,6,83.33,13.7,482.46,4.44,0.326,-53.41,52,868495.2,25.06,0.82,0.927,1283.25,0
MSFT,1d,300,5,dip,205.41,4.02,0.295,-53.42,36,86.11,26.26,34.38,2.45,0.246,-24.79,5,80,13.7,426.29,4.18,0.313,-53.42,45,868495.2,25.06,0.82,0.927,1283.25,0
MSFT,1d,300,7,dip,202.27,3.98,0.294,-51.27,31,83.87,26.39,26.85,1.97,0.211,-26.84,4,75,13.76,400.31,4.05,0.306,-51.27,39,868495.2,25.06,0.82,0.927,1283.25,0
MSFT,1d,300,9,dip,144.01,3.2,0.256,-51.34,27,81.48,26.57,26.93,1.98,0.212,-26.84,4,75,13.7,286.22,3.39,0.272,-51.34,34,868495.2,25.06,0.82,0.927,1283.25,0
MSFT,1d,300,12,dip,182.68,3.73,0.282,-51.34,26,84.62,26.68,29.14,2.12,0.222,-26.84,3,100,13.67,344.47,3.75,0.291,-51.34,31,868495.2,25.06,0.82,0.927,1283.25,0
MSFT,1d,300,15,dip,209.35,4.06,0.298,-51.34,23,82.61,26.78,27.45,2.01,0.215,-26.84,3,66.67,13.67,398.99,4.04,0.307,-51.34,28,868495.2,25.06,0.82,0.927,1283.25,0
MSFT,1d,300,20,dip,273.91,4.76,0.334,-51.34,21,90.48,26.93,29.99,2.17,0.228,-26.84,3,66.67,13.63,516.33,4.59,0.337,-51.34,26,868495.2,25.06,0.82,0.927,1283.25,0
MSFT,1d,300,25,dip,347.88,5.43,0.367,-51.34,19,84.21,26.71,49.13,3.33,0.316,-26.84,3,100,13.6,756.19,5.44,0.383,-51.34,24,868495.2,25.06,0.82,0.927,1283.25,0
MSFT,1d,300,30,dip,333.12,5.3,0.361,-51.34,18,77.78,26.65,64.47,4.17,0.378,-26.84,3,100,13.67,797.91,5.56,0.39,-51.34,23,868495.2,25.06,0.82,0.927,1283.25,0
MSFT,1d,300,40,dip,301.46,5.02,0.349,-51.34,17,82.35,25.91,64.17,4.15,0.378,-26.84,3,100,13.76,742.91,5.4,0.383,-51.34,22,868495.2,25.06,0.82,0.927,1283.25,0
MSFT,1d,300,50,dip,244.75,4.46,0.322,-51.35,13,76.92,25.19,66.24,4.26,0.386,-26.84,3,100,14.02,572.8,4.81,0.354,-51.35,17,868495.2,25.06,0.82,0.927,1283.25,0
MSFT,1d,300,60,dip,126.77,2.93,0.245,-51.34,13,61.54,24.84,81.19,5,0.441,-26.84,3,100,14.25,378.74,3.94,0.305,-51.34,17,868495.2,25.06,0.82,0.927,1283.25,0
MSFT,1d,300,75,dip,142.66,3.18,0.257,-51.35,13,76.92,25.34,85.97,5.22,0.453,-26.84,3,100,14.38,351.27,3.79,0.297,-51.35,16,868495.2,25.06,0.82,0.927,1283.25,0
MSFT,1d,300,100,dip,246.63,4.48,0.322,-49.4,14,85.71,24.99,98.51,5.79,0.495,-26.84,3,100,14.19,588.11,4.87,0.356,-49.4,17,868495.2,25.06,0.82,0.927,1283.25,0
MSFT,1d,300,125,dip,101.45,2.5,0.224,-49.4,13,53.85,24.63,109.64,6.26,0.541,-26.84,3,100,13.57,322.32,3.62,0.29,-49.4,16,868495.2,25.06,0.82,0.927,1283.25,0
MSFT,1d,300,150,dip,49.68,1.43,0.169,-50.34,16,75,25.3,106.49,6.13,0.543,-26.84,3,100,12.69,237.85,3.05,0.258,-50.34,20,868495.2,25.06,0.82,0.927,1283.25,0
MSFT,1d,300,200,dip,201.26,3.96,0.298,-47.57,12,75,25.9,98.58,5.79,0.557,-23.26,3,100,11.09,645.05,5.08,0.372,-47.57,16,868495.2,25.06,0.82,0.927,1283.25,0
MSFT,1d,300,250,dip,305.91,5.06,0.36,-42.24,16,75,25.84,90.97,5.45,0.568,-14.53,4,75,9.43,675.15,5.18,0.389,-42.24,20,868495.2,25.06,0.82,0.927,1283.25,0
MSFT,1h,2,3,trend,-13.47,-9.78,-0.39,-28.09,451,40.35,50.21,7.41,12.85,0.582,-14.39,193,35.23,50.38,-5.42,-2.75,-0.009,-35.19,645,22.28,10.6,-0.041,1.434,30.15,0
MSFT,1h,2,4,trend,-12.59,-9.14,-0.36,-21.92,329,38.3,51.23,16.42,29.3,1.103,-11.25,137,40.88,50.38,1.36,0.68,0.142,-25.44,467,22.28,10.6,-0.041,1.434,30.15,0
MSFT,1h,2,5,trend,-20.43,-15.01,-0.683,-25.99,275,36,51.03,15.21,27.04,1.022,-9.9,112,40.18,50.29,-8.69,-4.45,-0.088,-31.77,388,22.28,10.6,-0.041,1.434,30.15,0
MSFT,1h,2,7,trend,-24.26,-17.94,-0.964,-28.86,216,36.57,50.74,25.44,46.7,1.572,-10.58,80,42.5,50.1,-6.34,-3.23,-0.047,-32.44,297,22.28,10.6,-0.041,1.434,30.15,1
MSFT,1h,2,9,trend,-20.92,-15.39,-0.798,-27.56,178,36.52,51.19,28.64,53.07,1.762,-8.38,63,42.86,48.18,0.43,0.22,0.116,-30.15,242,22.28,10.6,-0.041,1.434,30.15,1
MSFT,1h,2,12,trend,-20.32,-14.93,-0.753,-25.06,138,32.61,51.52,29.01,53.82,1.784,-9.13,53,33.96,46.94,3.2,1.59,0.181,-28.09,193,22.28,10.6,-0.041,1.434,30.15,1
MSFT,1h,2,15,trend,-23.63,-17.46,-0.875,-25.64,125,32,51.68,29.39,54.59,1.808,-9.05,47,40.43,47.04,-0.95,-0.48,0.087,-29.33,174,22.28,10.6,-0.041,1.434,30.15,1
MSFT,1h,2,20,trend,-22.74,-16.77,-0.837,-23.16,96,28.13,53.12,20.97,37.95,1.352,-8.74,37,40.54,47.32,-7.44,-3.8,-0.067,-28.15,135,22.28,10.6,-0.041,1.434,30.15,0
MSFT,1h,2,25,trend,-21.81,-16.06,-0.806,-23.23,78,25.64,52.5,18.79,33.79,1.159,-12.42,39,33.33,48.18,-7.43,-3.79,-0.06,-28.13,119,22.28,10.6,-0.041,1.434,30.15,0
MSFT,1h,2,30,trend,-23.44,-17.31,-0.811,-25.49,76,23.68,52.75,31.35,58.55,1.684,-9.07,29,34.48,48.57,0.88,0.44,0.137,-28.49,107,22.28,10.6,-0.041,1.434,30.15,1
MSFT,1h,2,40,trend,-18.57,-13.6,-0.592,-25.7,68,23.53,53.65,24.45,44.73,1.391,-11.9,28,28.57,47.42,2.91,1.45,0.179,-25.7,97,22.28,10.6,-0.041,1.434,30.15,0
MSFT,1h,2,50,trend,-19.52,-14.32,-0.634,-27.46,51,23.53,53.24,17.49,31.32,1.067,-17.02,24,33.33,48.37,-3.79,-1.91,0.037,-30.4,76,22.28,10.6,-0.041,1.434,30.15,0
MSFT,1h,2,60,trend,-11.99,-8.69,-0.338,-24.32,41,21.95,51.31,26.28,48.36,1.485,-10.94,23,30.43,48.85,12.26,5.96,0.362,-25.25,65,22.28,10.6,-0.041,1.434,30.15,1
MSFT,1h,2,75,trend,-9.53,-6.88,-0.247,-22.87,41,26.83,49.67,30.41,56.65,1.638,-10.14,18,38.89,51.05,17.29,8.32,0.454,-25.14,62,22.28,10.6,-0.041,1.434,30.15,1
MSFT,1h,2,100,trend,-5.03,-3.6,-0.094,-23.23,27,18.52,46.68,22.61,41.15,1.298,-12.57,15,33.33,49.43,14.25,6.9,0.404,-27.88,44,22.28,10.6,-0.041,1.434,30.15,0
MSFT,1h,2,125,trend,3.82,2.71,0.237,-19.86,19,15.79,45.73,12.82,22.63,0.828,-16.44,18,27.78,54.4,15.88,7.66,0.436,-24.67,38,22.28,10.6,-0.041,1.434,30.15,0
MSFT,1h,2,150,trend,-0.15,-0.11,0.089,-18.3,22,18.18,45.16,15.11,26.86,0.941,-15.93,16,12.5,55.26,12.62,6.13,0.375,-23.29,39,22.28,10.6,-0.041,1.434,30.15,0
MSFT,1h,2,200,trend,-0.45,-0.32,0.077,-19.87,17,23.53,42.9,24.22,44.28,1.371,-13.97,11,36.36,56.12,23.65,11.22,0.583,-21.68,28,22.28,10.6,-0.041,1.434,30.15,0
MSFT,1h,2,250,trend,-0.09,-0.06,0.088,-19.19,17,17.65,39.54,23.35,42.58,1.541,-6.45,5,40,33.37,31.73,14.8,0.728,-19.48,23,22.28,10.6,-0.041,1.434,30.15,1
MSFT,1h,2,300,trend,0.32,0.23,0.102,-18.92,14,14.29,33.72,18.32,32.9,1.412,-7.07,6,33.33,32.12,25.01,11.83,0.637,-20.62,21,22.28,10.6,-0.041,1.434,30.15,0
MSFT,1h,3,2,dip,-36.86,-27.91,-1.874,-38.32,450,51.78,49.55,-5.35,-8.88,-0.352,-18.76,194,50.52,48.95,-40.32,-22.78,-1.354,-45.24,645,22.28,10.6,-0.041,1.434,30.15,0
MSFT,1h,3,4,trend,-20.28,-14.89,-0.699,-23.24,362,40.61,50.9,11.77,20.7,0.83,-13.13,154,39.61,49.14,-11.07,-5.7,-0.151,-31.92,517,22.28,10.6,-0.041,1.434,30.15,0
MSFT,1h,3,5,trend,-18.98,-13.91,-0.626,-30.26,269,38.66,50.53,8.36,14.53,0.634,-11.23,116,40.52,50.48,-13.46,-6.99,-0.206,-34.58,386,22.28,10.6,-0.041,1.434,30.15,0
MSFT,1h,3,7,trend,-9.37,-6.76,-0.341,-19.84,195,35.9,50.57,28.06,51.91,1.589,-11.7,77,44.16,50.1,14.41,6.98,0.424,-20.46,273,22.28,10.6,-0.041,1.434,30.15,1
MSFT,1h,3,9,trend,-18.62,-13.64,-0.815,-22.68,155,34.84,50.82,41.93,80.75,2.229,-7.75,53,47.17,48.95,14.46,7,0.428,-26.01,209,22.28,10.6,-0.041,1.434,30.15,1
MSFT,1h,3,12,trend,-16.55,-12.08,-0.7,-21.96,123,34.96,50.78,32.76,61.44,1.847,-8.09,46,28.26,47.23,10.64,5.2,0.347,-21.96,171,22.28,10.6,-0.041,1.434,30.15,1
MSFT,1h,3,15,trend,-22.59,-16.66,-0.843,-23.99,107,36.45,51.11,29.76,55.33,1.704,-9.5,43,32.56,47.13,1.6,0.8,0.147,-26.63,151,22.28,10.6,-0.041,1.434,30.15,1
MSFT,1h,3,20,trend,-22.72,-16.76,-0.842,-23.14,90,27.78,52.54,22.65,41.22,1.358,-8.99,34,32.35,47.61,-5.69,-2.89,-0.019,-26.36,126,22.28,10.6,-0.041,1.434,30.15,0
MSFT,1h,3,25,trend,-26.07,-19.35,-1.006,-26.64,72,30.56,52.54,19.32,34.79,1.194,-11.77,32,25,47.32,-12.64,-6.54,-0.19,-30.42,106,22.28,10.6,-0.041,1.434,30.15,0
MSFT,1h,3,30,trend,-21.28,-15.66,-0.72,-25.62,65,30.77,52.79,30.98,57.81,1.664,-10.48,22,45.45,48.18,3.4,1.69,0.188,-26.52,89,22.28,10.6,-0.041,1.434,30.15,1
MSFT,1h,3,40,trend,-17.25,-12.61,-0.534,-24.5,51,25.49,53.73,30.49,56.82,1.687,-11.84,23,34.78,46.85,10.29,5.03,0.324,-25.43,75,22.28,10.6,-0.041,1.434,30.15,1
MSFT,1h,3,50,trend,-21.14,-15.55,-0.702,-28.33,47,25.53,53.08,20.87,37.77,1.251,-14.26,23,34.78,47.99,-3,-1.52,0.053,-29.06,71,22.28,10.6,-0.041,1.434,30.15,0
MSFT,1h,3,60,trend,-11.39,-8.25,-0.316,-24.01,34,29.41,51.19,21.98,39.93,1.288,-13.11,20,30,48.76,9.7,4.74,0.313,-24.5,55,22.28,10.6,-0.041,1.434,30.15,0
MSFT,1h,3,75,trend,-15.15,-11.04,-0.463,-25.65,35,22.86,49.79,27.65,51.08,1.525,-13.04,13,46.15,50.76,9.22,4.52,0.303,-26.87,49,22.28,10.6,-0.041,1.434,30.15,1
MSFT,1h,3,100,trend,-6.73,-4.84,-0.16,-22,24,20.83,46.43,23.67,43.2,1.347,-13.64,12,33.33,49.81,12.53,6.09,0.371,-26.48,38,22.28,10.6,-0.041,1.434,30.15,0
MSFT,1h,3,125,trend,1.83,1.3,0.164,-20.09,17,17.65,45.86,11.99,21.1,0.785,-16.38,18,27.78,54.49,12.07,5.87,0.362,-25.34,36,22.28,10.6,-0.041,1.434,30.15,0
MSFT,1h,3,150,trend,-5.62,-4.03,-0.124,-20.26,20,20,45.2,14.22,25.21,0.896,-16.22,16,12.5,55.07,5.63,2.78,0.233,-24.66,37,22.28,10.6,-0.041,1.434,30.15,0
MSFT,1h,3,200,trend,-1.6,-1.14,0.033,-20.32,16,25,43.03,23.36,42.61,1.333,-14.26,11,36.36,55.74,21.38,10.19,0.542,-22.61,27,22.28,10.6,-0.041,1.434,30.15,0
MSFT,1h,3,250,trend,-2.67,-1.91,-0.014,-19.92,15,20,39.42,22.58,41.08,1.501,-6.51,5,40,33.37,27.75,13.05,0.659,-20.03,21,22.28,10.6,-0.041,1.434,30.15,1
MSFT,1h,3,300,trend,0.95,0.67,0.127,-18.8,13,15.38,33.76,22.14,40.22,1.492,-6.56,5,20,32.03,29.42,13.79,0.698,-20.31,19,22.28,10.6,-0.041,1.434,30.15,1
MSFT,1h,4,2,dip,-27.45,-20.42,-1.284,-29.25,328,57.01,48.48,-5.98,-9.91,-0.397,-19.02,138,52.9,48.85,-30.88,-16.89,-0.934,-39.83,467,22.28,10.6,-0.041,1.434,30.15,0
MSFT,1h,4,3,dip,-23.11,-17.06,-1.043,-25.89,361,51.52,48.65,-4.06,-6.76,-0.237,-25.67,155,49.68,50.1,-25.38,-13.64,-0.728,-37.25,517,22.28,10.6,-0.041,1.434,30.15,0
MSFT,1h,4,5,trend,-33.38,-25.1,-1.38,-37.84,321,38.01,50.82,6.33,10.94,0.506,-16.53,130,40.77,49.81,-30.39,-16.59,-0.701,-42,453,22.28,10.6,-0.041,1.434,30.15,0
MSFT,1h,4,7,trend,-14.81,-10.78,-0.603,-20.44,204,37.75,50.82,36.3,68.8,1.99,-7.19,77,49.35,49.52,14.64,7.08,0.43,-22.45,282,22.28,10.6,-0.041,1.434,30.15,1
MSFT,1h,4,9,trend,-17.07,-12.48,-0.762,-23.16,154,34.42,50.94,33.72,63.43,1.87,-7.2,54,40.74,49.52,9.89,4.84,0.331,-25.25,209,22.28,10.6,-0.041,1.434,30.15,1
MSFT,1h,4,12,trend,-18.79,-13.77,-0.859,-24.89,117,36.75,50.7,26.96,49.72,1.568,-7.65,46,28.26,46.75,4.26,2.11,0.202,-24.89,164,22.28,10.6,-0.041,1.434,30.15,1
MSFT,1h,4,15,trend,-28.87,-21.53,-1.149,-29.59,105,34.29,51.15,35.69,67.52,1.974,-6.66,37,40.54,47.04,-2.41,-1.21,0.057,-32.19,143,22.28,10.6,-0.041,1.434,30.15,1
MSFT,1h,4,20,trend,-14.53,-10.58,-0.462,-19.67,78,33.33,52.83,21.58,39.14,1.303,-9.4,32,34.38,47.42,3.35,1.67,0.186,-19.67,112,22.28,10.6,-0.041,1.434,30.15,0
MSFT,1h,4,25,trend,-24.37,-18.03,-0.951,-24.39,67,31.34,52.13,26.02,47.84,1.532,-9.29,28,32.14,47.32,-4.81,-2.44,-0.002,-26.96,97,22.28,10.6,-0.041,1.434,30.15,1
MSFT,1h,4,30,trend,-28.92,-21.57,-1.183,-29.83,61,29.51,52.46,26.06,47.92,1.466,-14.22,21,33.33,47.99,-10.14,-5.21,-0.122,-32.89,84,22.28,10.6,-0.041,1.434,30.15,1
MSFT,1h,4,40,trend,-14.6,-10.63,-0.427,-23.64,43,25.58,53.57,32.97,61.89,1.794,-10.49,19,42.11,47.42,15.7,7.58,0.424,-23.76,63,22.28,10.6,-0.041,1.434,30.15,1
MSFT,1h,4,50,trend,-21.08,-15.51,-0.701,-29.16,43,23.26,53.2,24.64,45.12,1.436,-10.92,21,42.86,48.37,0.13,0.07,0.119,-29.75,65,22.28,10.6,-0.041,1.434,30.15,1
MSFT,1h,4,60,trend,-14.4,-10.47,-0.435,-24.35,32,28.13,51.23,21.82,39.62,1.309,-12.08,20,30,49.14,5.02,2.48,0.22,-25.78,53,22.28,10.6,-0.041,1.434,30.15,0
MSFT,1h,4,75,trend,-15.64,-11.4,-0.483,-28.4,31,19.35,49.92,25.15,46.12,1.415,-13.92,13,38.46,51.05,5.65,2.79,0.234,-29.41,45,22.28,10.6,-0.041,1.434,30.15,0
MSFT,1h,4,100,trend,-5.34,-3.83,-0.104,-23.3,21,14.29,46.68,19.96,36.02,1.171,-13.61,12,33.33,49.81,11.2,5.46,0.344,-27.44,34,22.28,10.6,-0.041,1.434,30.15,0
MSFT,1h,4,125,trend,0.45,0.32,0.113,-20.4,17,17.65,45.78,14.63,25.97,0.919,-16.9,14,21.43,54.4,12.77,6.2,0.377,-26.34,32,22.28,10.6,-0.041,1.434,30.15,0
MSFT,1h,4,150,trend,-4.02,-2.88,-0.061,-19.25,19,26.32,45.32,15.03,26.71,0.937,-16.62,14,14.29,54.68,8.34,4.09,0.289,-25.13,34,22.28,10.6,-0.041,1.434,30.15,0
MSFT,1h,4,200,trend,-4.05,-2.9,-0.065,-20.54,15,26.67,43.07,25.61,47.03,1.434,-14.05,11,36.36,56.12,20.52,9.8,0.526,-22.19,26,22.28,10.6,-0.041,1.434,30.15,1
MSFT,1h,4,250,trend,-0.47,-0.34,0.073,-19.51,13,23.08,39.38,22.42,40.77,1.492,-6.45,5,40,33.37,30.04,14.06,0.699,-19.63,19,22.28,10.6,-0.041,1.434,30.15,1
MSFT,1h,4,300,trend,4.82,3.41,0.281,-17.72,11,18.18,33.51,18.98,34.16,1.307,-8.93,5,20,32.03,30.05,14.06,0.709,-21.87,17,22.28,10.6,-0.041,1.434,30.15,0
MSFT,1h,5,2,dip,-14.55,-10.59,-0.61,-19.27,275,58.91,48.36,-2.1,-3.53,-0.079,-18.69,113,56.64,48.95,-15.16,-7.91,-0.385,-25.64,388,22.28,10.6,-0.041,1.434,30.15,0
MSFT,1h,5,3,dip,-15.61,-11.38,-0.646,-20.38,269,53.16,48.81,4.74,8.14,0.506,-17.35,116,60.34,48.66,-10.36,-5.33,-0.229,-25.4,385,22.28,10.6,-0.041,1.434,30.15,0
MSFT,1h,5,4,dip,-3.57,-2.56,-0.057,-17.56,321,52.65,48.69,4.95,8.51,0.508,-16.63,130,58.46,49.33,2.84,1.41,0.168,-24.88,452,22.28,10.6,-0.041,1.434,30.15,0
MSFT,1h,5,7,trend,-15.95,-11.63,-0.686,-21.08,209,40.19,50.62,24.82,45.46,1.462,-9.24,80,43.75,50,3.59,1.78,0.186,-23.95,290,22.28,10.6,-0.041,1.434,30.15,1
MSFT,1h,5,9,trend,-16,-11.67,-0.647,-22.88,152,36.18,50.53,31.4,58.67,1.768,-7.59,50,42,50.19,11.14,5.43,0.354,-22.88,203,22.28,10.6,-0.041,1.434,30.15,1
MSFT,1h,5,12,trend,-31.23,-23.39,-1.612,-32.77,113,34.51,50.98,41.97,80.84,2.239,-6.72,41,39.02,47.04,-1.28,-0.64,0.068,-33.63,155,22.28,10.6,-0.041,1.434,30.15,1
MSFT,1h,5,15,trend,-37.59,-28.5,-1.667,-38.19,100,30,50.66,33.11,62.18,1.844,-8.08,35,40,47.13,-15.99,-8.35,-0.281,-39.67,136,22.28,10.6,-0.041,1.434,30.15,1
MSFT,1h,5,20,trend,-21.68,-15.97,-0.802,-22.6,71,28.17,52.01,25.7,47.21,1.502,-9.17,32,37.5,48.28,-0.34,-0.17,0.104,-22.9,104,22.28,10.6,-0.041,1.434,30.15,1
MSFT,1h,5,25,trend,-25.52,-18.92,-1.008,-25.52,61,34.43,52.13,28.1,51.99,1.623,-9.27,27,33.33,47.61,-4.98,-2.53,-0.005,-28.37,90,22.28,10.6,-0.041,1.434,30.15,1
MSFT,1h,5,30,trend,-19.09,-13.99,-0.625,-24.35,60,30,52.79,34.17,64.36,1.857,-10.14,18,44.44,47.42,9.28,4.54,0.305,-24.35,80,22.28,10.6,-0.041,1.434,30.15,1
MSFT,1h,5,40,trend,-20.81,-15.3,-0.689,-24.38,45,24.44,53.57,34.22,64.47,1.858,-10.28,17,41.18,47.61,8.12,3.99,0.282,-25.31,63,22.28,10.6,-0.041,1.434,30.15,1
MSFT,1h,5,50,trend,-23.27,-17.18,-0.805,-28.79,37,27.03,52.91,23.54,42.95,1.379,-12.06,21,38.1,48.66,-3.51,-1.77,0.04,-29.41,59,22.28,10.6,-0.041,1.434,30.15,0
MSFT,1h,5,60,trend,-17.64,-12.9,-0.572,-25.89,31,32.26,51.11,23.1,42.1,1.371,-11.77,17,29.41,49.62,2.35,1.17,0.165,-27.22,49,22.28,10.6,-0.041,1.434,30.15,0
MSFT,1h,5,75,trend,-15.78,-11.51,-0.487,-30,29,13.79,50,21.34,38.67,1.248,-12.95,11,45.45,50.86,2.23,1.11,0.164,-31.01,41,22.28,10.6,-0.041,1.434,30.15,0
MSFT,1h,5,100,trend,-3.09,-2.21,-0.02,-23.11,19,15.79,46.27,19.51,35.15,1.15,-14.13,12,33.33,50.1,13.42,6.51,0.388,-26.98,32,22.28,10.6,-0.041,1.434,30.15,0
MSFT,1h,5,125,trend,-1.8,-1.28,0.028,-20.79,16,18.75,45.65,14.69,26.08,0.922,-15.88,13,15.38,53.92,9.97,4.88,0.321,-26.22,30,22.28,10.6,-0.041,1.434,30.15,0
MSFT,1h,5,150,trend,-3.38,-2.42,-0.036,-19.77,16,25,45.04,16.94,30.29,1.029,-14.83,13,23.08,54.59,10.88,5.31,0.34,-22.61,30,22.28,10.6,-0.041,1.434,30.15,0
MSFT,1h,5,200,trend,-4.53,-3.25,-0.086,-20.53,14,21.43,43.03,26.96,49.7,1.488,-14,11,54.55,55.83,21.2,10.11,0.539,-22.46,25,22.28,10.6,-0.041,1.434,30.15,1
MSFT,1h,5,250,trend,-1,-0.71,0.052,-20.09,13,23.08,39.54,22.05,40.04,1.472,-6.54,5,40,33.46,28.09,13.2,0.665,-20.74,19,22.28,10.6,-0.041,1.434,30.15,1
MSFT,1h,5,300,trend,1.96,1.39,0.167,-19.32,10,10,33.39,20.52,37.1,1.401,-7.75,4,25,32.03,28.18,13.24,0.678,-22.37,15,22.28,10.6,-0.041,1.434,30.15,0
MSFT,1h,7,2,dip,-4.15,-2.97,-0.068,-20.88,216,60.19,48.56,-5.59,-9.27,-0.384,-17.96,81,58.02,49.04,-8.23,-4.21,-0.129,-28.97,297,22.28,10.6,-0.041,1.434,30.15,0
MSFT,1h,7,3,dip,-17.85,-13.06,-0.599,-24.47,195,58.97,48.73,-7.19,-11.85,-0.536,-15.39,78,53.85,49.04,-22.68,-12.09,-0.544,-32.75,273,22.28,10.6,-0.041,1.434,30.15,0
MSFT,1h,7,4,dip,-13.54,-9.83,-0.432,-25.9,204,59.8,48.48,-12.94,-20.88,-1.062,-19.55,78,55.13,49.52,-23.66,-12.65,-0.586,-37.57,282,22.28,10.6,-0.041,1.434,30.15,0
MSFT,1h,7,5,dip,-12.9,-9.36,-0.362,-26.8,209,55.98,48.69,-5.27,-8.74,-0.313,-17.69,81,58.02,49.04,-16.32,-8.54,-0.314,-36.09,290,22.28,10.6,-0.041,1.434,30.15,0
MSFT,1h,7,9,trend,-22.09,-16.28,-1.009,-25.65,170,41.76,50.94,26.76,49.32,1.542,-9.88,60,38.33,51.34,0.56,0.28,0.115,-27.66,231,22.28,10.6,-0.041,1.434,30.15,1
MSFT,1h,7,12,trend,-26.72,-19.85,-1.264,-28.67,113,31.86,51.11,16.03,28.58,1.275,-6.66,42,40.48,48.28,-14.01,-7.28,-0.324,-30.83,156,22.28,10.6,-0.041,1.434,30.15,0
MSFT,1h,7,15,trend,-33.41,-25.13,-1.366,-33.99,92,31.52,51.11,26.47,48.74,1.986,-7.86,33,45.45,47.23,-14.01,-7.28,-0.27,-34.85,126,22.28,10.6,-0.041,1.434,30.15,1
MSFT,1h,7,20,trend,-25.39,-18.82,-0.958,-25.42,69,33.33,52.21,21.06,38.13,1.276,-12.07,31,41.94,48.18,-7.16,-3.65,-0.051,-26.14,101,22.28,10.6,-0.041,1.434,30.15,0
MSFT,1h,7,25,trend,-29.18,-21.78,-1.198,-29.31,56,30.36,52.54,23.25,42.39,1.381,-9.57,26,34.62,48.47,-9.53,-4.89,-0.115,-29.64,83,22.28,10.6,-0.041,1.434,30.15,0
MSFT,1h,7,30,trend,-19.83,-14.56,-0.656,-23.88,48,33.33,52.67,21.53,39.04,1.262,-13.94,17,41.18,47.42,-1.56,-0.79,0.084,-24.03,66,22.28,10.6,-0.041,1.434,30.15,0
MSFT,1h,7,40,trend,-22.32,-16.46,-0.748,-26.92,43,23.26,53.86,27.4,50.58,1.57,-11.77,17,35.29,47.61,0.99,0.5,0.138,-26.92,61,22.28,10.6,-0.041,1.434,30.15,1
MSFT,1h,7,50,trend,-20.33,-14.93,-0.667,-27.66,34,26.47,53.4,20.68,37.4,1.255,-13.06,19,42.11,48.76,-2.59,-1.31,0.061,-28.34,54,22.28,10.6,-0.041,1.434,30.15,0
MSFT,1h,7,60,trend,-19.56,-14.35,-0.655,-26.37,29,31.03,51.56,15.44,27.47,0.973,-14.94,14,35.71,50.38,-6.22,-3.16,-0.02,-27.44,44,22.28,10.6,-0.041,1.434,30.15,0
MSFT,1h,7,75,trend,-12.78,-9.27,-0.37,-27.13,25,20,50.29,21.33,38.67,1.242,-11.91,10,50,51.05,6,2.96,0.24,-28.27,36,22.28,10.6,-0.041,1.434,30.15,0
MSFT,1h,7,100,trend,1.29,0.91,0.144,-22.04,17,23.53,45.94,20.7,37.45,1.219,-14.28,12,33.33,50.19,20.55,9.81,0.523,-25.28,30,22.28,10.6,-0.041,1.434,30.15,0
MSFT,1h,7,125,trend,2.97,2.1,0.206,-21.66,16,25,45.65,20.25,36.58,1.192,-13.66,11,27.27,53.54,20.93,9.99,0.531,-25.09,28,22.28,10.6,-0.041,1.434,30.15,0
MSFT,1h,7,150,trend,0.58,0.41,0.116,-19.71,14,28.57,44.75,19.5,35.14,1.154,-14.23,12,25,54.88,17.5,8.41,0.469,-23.84,27,22.28,10.6,-0.041,1.434,30.15,0
MSFT,1h,7,200,trend,-3.38,-2.42,-0.04,-21.09,13,23.08,43.11,23.29,42.46,1.329,-15.04,8,50,55.93,19.12,9.16,0.501,-23.94,21,22.28,10.6,-0.041,1.434,30.15,0
MSFT,1h,7,250,trend,-1.19,-0.85,0.044,-19.97,12,25,39.29,18.69,33.6,1.298,-6.58,5,40,33.65,23.82,11.29,0.592,-20.58,18,22.28,10.6,-0.041,1.434,30.15,0
MSFT,1h,7,300,trend,3.26,2.31,0.22,-19.3,7,14.29,33.31,24.45,44.75,1.623,-6.45,4,25,31.74,34.74,16.11,0.793,-19.4,12,22.28,10.6,-0.041,1.434,30.15,1
MSFT,1h,9,2,dip,-3.9,-2.79,-0.056,-21.22,178,62.36,48.11,-6.19,-10.23,-0.398,-20.17,64,65.63,50.86,-8.57,-4.39,-0.13,-31.9,242,22.28,10.6,-0.041,1.434,30.15,0
MSFT,1h,9,3,dip,-4.01,-2.87,-0.047,-26.75,155,61.94,48.48,-13.94,-22.42,-1.093,-22.02,54,59.26,50.1,-16.54,-8.66,-0.345,-40.16,209,22.28,10.6,-0.041,1.434,30.15,0
MSFT,1h,9,4,dip,-5.69,-4.08,-0.107,-26.54,154,57.79,48.36,-8.77,-14.37,-0.621,-21.52,55,54.55,49.52,-13.07,-6.77,-0.239,-39.53,209,22.28,10.6,-0.041,1.434,30.15,0
MSFT,1h,9,5,dip,-6.74,-4.85,-0.132,-30.35,152,53.95,48.73,-8.19,-13.45,-0.567,-19.97,51,54.9,48.76,-13.49,-7,-0.238,-41.63,203,22.28,10.6,-0.041,1.434,30.15,0
MSFT,1h,9,7,dip,-1.57,-1.12,0.051,-30.77,170,58.24,48.28,-7.01,-11.57,-0.498,-17.89,61,59.02,47.42,-7.53,-3.84,-0.085,-39.92,231,22.28,10.6,-0.041,1.434,30.15,0
MSFT,1h,9,12,trend,-34.33,-25.87,-1.574,-34.9,124,33.87,51.8,17.03,30.46,1.368,-8.55,44,36.36,49.04,-21.38,-11.35,-0.536,-36.76,169,22.28,10.6,-0.041,1.434,30.15,0
MSFT,1h,9,15,trend,-22.94,-16.93,-0.845,-23.13,94,35.11,51.8,10.39,18.18,0.906,-13.61,38,36.84,48.09,-12.92,-6.69,-0.243,-23.64,133,22.28,10.6,-0.041,1.434,30.15,0
MSFT,1h,9,20,trend,-13.05,-9.47,-0.355,-25.34,67,37.31,51.97,7.12,12.34,0.548,-17.41,31,35.48,48.47,-4.21,-2.13,0.027,-25.34,99,22.28,10.6,-0.041,1.434,30.15,0
MSFT,1h,9,25,trend,-23.72,-17.53,-0.825,-25.09,52,30.77,52.91,12.78,22.55,0.833,-18.17,24,33.33,48.76,-13,-6.74,-0.177,-30.48,77,22.28,10.6,-0.041,1.434,30.15,0
MSFT,1h,9,30,trend,-23.5,-17.36,-0.807,-27.26,45,31.11,53.32,21.31,38.62,1.25,-14.69,18,33.33,48.18,-5.06,-2.57,0.009,-27.89,65,22.28,10.6,-0.041,1.434,30.15,0
MSFT,1h,9,40,trend,-19.29,-14.15,-0.622,-26.94,37,27.03,53.81,25.88,47.56,1.462,-13.57,14,50,47.9,5.04,2.49,0.221,-26.99,51,22.28,10.6,-0.041,1.434,30.15,1
MSFT,1h,9,50,trend,-23.11,-17.06,-0.797,-28.97,32,28.13,53.16,21.63,39.23,1.266,-15.17,15,46.67,48.76,-4.94,-2.51,0.011,-29.41,48,22.28,10.6,-0.041,1.434,30.15,0
MSFT,1h,9,60,trend,-20.43,-15.01,-0.692,-28.27,29,31.03,51.56,22.86,41.63,1.33,-13.02,13,46.15,50.86,-1.51,-0.76,0.084,-29.52,43,22.28,10.6,-0.041,1.434,30.15,0
MSFT,1h,9,75,trend,-12.85,-9.32,-0.377,-25.83,24,12.5,50,23.13,42.15,1.314,-14.25,9,66.67,51.82,7.68,3.77,0.273,-26.85,34,22.28,10.6,-0.041,1.434,30.15,0
MSFT,1h,9,100,trend,-1.73,-1.23,0.031,-22.07,17,23.53,46.02,19.87,35.86,1.168,-14.35,11,36.36,50.57,15.39,7.43,0.426,-25.56,29,22.28,10.6,-0.041,1.434,30.15,0
MSFT,1h,9,125,trend,-3.81,-2.73,-0.053,-21.2,15,26.67,45.24,16.49,29.43,1.014,-15.08,10,20,52.96,9.3,4.55,0.309,-26.03,26,22.28,10.6,-0.041,1.434,30.15,0
MSFT,1h,9,150,trend,-3.01,-2.15,-0.024,-19.86,13,23.08,44.75,13.32,23.54,0.851,-17.18,10,30,54.78,6.82,3.36,0.258,-28.06,24,22.28,10.6,-0.041,1.434,30.15,0
MSFT,1h,9,200,trend,-0.83,-0.59,0.062,-19.87,11,27.27,43.23,21.79,39.55,1.262,-15.8,7,57.14,55.74,20.78,9.92,0.532,-23.85,18,22.28,10.6,-0.041,1.434,30.15,0
MSFT,1h,9,250,trend,-0.15,-0.1,0.086,-18.67,9,22.22,39.25,21.41,38.82,1.434,-7.31,4,50,33.84,26.88,12.66,0.643,-19.31,14,22.28,10.6,-0.041,1.434,30.15,1
MSFT,1h,9,300,trend,5.46,3.86,0.306,-19.07,6,16.67,33.06,23.51,42.9,1.753,-6.45,3,66.67,31.36,36.05,16.67,0.842,-19.07,10,22.28,10.6,-0.041,1.434,30.15,1
MSFT,1h,12,2,dip,0.06,0.04,0.095,-22.78,138,65.22,47.79,-8.5,-13.94,-0.6,-20.67,54,61.11,50.76,-5.64,-2.86,-0.052,-34.67,193,22.28,10.6,-0.041,1.434,30.15,0
MSFT,1h,12,3,dip,-2.8,-2,0.001,-26.99,123,62.6,48.48,-10.15,-16.55,-0.748,-23.41,47,61.7,50.38,-9.7,-4.98,-0.146,-41.39,171,22.28,10.6,-0.041,1.434,30.15,0
MSFT,1h,12,4,dip,0.59,0.42,0.129,-30.04,117,60.68,48.56,-5.66,-9.38,-0.364,-21.63,47,57.45,49.71,-3.37,-1.7,0.029,-42.16,164,22.28,10.6,-0.041,1.434,30.15,0
MSFT,1h,12,5,dip,19.37,13.43,0.693,-22.69,113,64.6,48.28,-15.13,-24.22,-1.245,-25.03,42,52.38,49.43,3.16,1.57,0.18,-39.9,155,22.28,10.6,-0.041,1.434,30.15,0
MSFT,1h,12,7,dip,12.05,8.44,0.493,-26.26,113,61.95,48.11,3.68,6.31,0.353,-20.17,43,55.81,48.09,18.33,8.8,0.478,-38.63,156,22.28,10.6,-0.041,1.434,30.15,0
MSFT,1h,12,9,dip,23.64,16.3,0.892,-23.93,124,61.29,47.37,1.49,2.53,0.224,-23.42,45,55.56,48.09,27.67,13.01,0.662,-38.74,169,22.28,10.6,-0.041,1.434,30.15,0
MSFT,1h,12,15,trend,-21.6,-15.9,-0.771,-22.14,114,42.11,51.56,12.35,21.75,0.809,-15.69,38,36.84,50,-9.29,-4.76,-0.095,-23.06,153,22.28,10.6,-0.041,1.434,30.15,0
MSFT,1h,12,20,trend,-17.75,-12.98,-0.534,-23.93,66,33.33,52.3,4.12,7.06,0.372,-22.98,31,35.48,49.52,-12.97,-6.72,-0.162,-30.66,98,22.28,10.6,-0.041,1.434,30.15,0
MSFT,1h,12,25,trend,-20.39,-14.98,-0.661,-24.61,48,31.25,53.16,19.9,35.91,1.181,-18.08,25,40,49.9,-2.46,-1.24,0.067,-27.56,74,22.28,10.6,-0.041,1.434,30.15,0
MSFT,1h,12,30,trend,-25.51,-18.91,-0.901,-28.31,44,29.55,53.45,28.05,51.89,1.556,-15.53,16,37.5,49.62,-2.94,-1.48,0.056,-30.01,61,22.28,10.6,-0.041,1.434,30.15,1
MSFT,1h,12,40,trend,-23.02,-16.99,-0.784,-29.61,36,25,54.22,19.28,34.71,1.156,-15.79,15,40,47.61,-5.23,-2.66,0.006,-30.56,51,22.28,10.6,-0.041,1.434,30.15,0
MSFT,1h,12,50,trend,-22.16,-16.33,-0.748,-30.53,31,29.03,53.2,21.54,39.06,1.26,-14.07,13,53.85,48.28,-2.93,-1.48,0.056,-30.58,44,22.28,10.6,-0.041,1.434,30.15,0
MSFT,1h,12,60,trend,-13.24,-9.62,-0.392,-25.83,27,18.52,51.64,25.86,47.53,1.462,-15.73,12,50,50.67,12.1,5.89,0.359,-25.87,39,22.28,10.6,-0.041,1.434,30.15,1
MSFT,1h,12,75,trend,-13.15,-9.55,-0.392,-27.57,23,13.04,49.92,22.93,41.76,1.308,-15.87,9,55.56,52.1,11.15,5.44,0.341,-27.61,33,22.28,10.6,-0.041,1.434,30.15,0
MSFT,1h,12,100,trend,-1.81,-1.29,0.027,-19.66,14,28.57,45.86,20.11,36.3,1.177,-15.07,9,33.33,50.76,15.38,7.43,0.426,-21.48,24,22.28,10.6,-0.041,1.434,30.15,0
MSFT,1h,12,125,trend,0.44,0.31,0.112,-20.42,13,23.08,45.28,15.08,26.81,0.944,-15.04,9,22.22,53.25,12.89,6.26,0.38,-24.82,23,22.28,10.6,-0.041,1.434,30.15,0
MSFT,1h,12,150,trend,3.03,2.14,0.208,-18.12,12,41.67,44.59,18.42,33.09,1.104,-15.67,8,25,54.88,17.33,8.33,0.466,-25.59,21,22.28,10.6,-0.041,1.434,30.15,0
MSFT,1h,12,200,trend,-2.99,-2.14,-0.025,-20.08,9,22.22,42.17,15.98,28.48,0.985,-15.91,7,42.86,55.74,12.51,6.08,0.374,-25.18,16,22.28,10.6,-0.041,1.434,30.15,0
MSFT,1h,12,250,trend,4.51,3.19,0.265,-17.25,7,14.29,39.29,22.28,40.49,1.48,-6.45,3,66.67,34.32,33.94,15.76,0.764,-18.46,11,22.28,10.6,-0.041,1.434,30.15,1
MSFT,1h,12,300,trend,6.42,4.53,0.343,-18.09,6,33.33,32.94,26.12,48.04,1.719,-6.45,2,50,30.98,36.18,16.73,0.82,-19.77,9,22.28,10.6,-0.041,1.434,30.15,1
MSFT,1h,15,2,dip,5.95,4.2,0.318,-19.27,125,61.6,47.58,-7.54,-12.42,-0.52,-20.18,48,56.25,49.43,0.5,0.25,0.107,-31.06,174,22.28,10.6,-0.041,1.434,30.15,0
MSFT,1h,15,3,dip,6.82,4.81,0.35,-18.9,107,61.68,48.15,-7.39,-12.18,-0.515,-19.91,44,63.64,49.24,0.72,0.36,0.113,-32.2,151,22.28,10.6,-0.041,1.434,30.15,0
MSFT,1h,15,4,dip,16.56,11.52,0.702,-14.83,105,63.81,48.07,-10.8,-17.57,-0.824,-20.94,38,55.26,49.33,5.9,2.91,0.246,-27.53,143,22.28,10.6,-0.041,1.434,30.15,0
MSFT,1h,15,5,dip,33.63,22.92,1.215,-13.15,100,65,48.56,-8.86,-14.51,-0.653,-21.14,36,61.11,49.24,24.05,11.4,0.659,-27.99,136,22.28,10.6,-0.041,1.434,30.15,0
MSFT,1h,15,7,dip,26.72,18.36,1.03,-17,92,68.48,48.07,-4.67,-7.76,-0.152,-26.51,34,52.94,49.04,22.91,10.88,0.585,-36.89,126,22.28,10.6,-0.041,1.434,30.15,0
MSFT,1h,15,9,dip,9.52,6.69,0.453,-23.2,94,56.38,47.33,9.01,15.69,0.653,-22.51,39,58.97,48.09,20.67,9.87,0.544,-36.66,133,22.28,10.6,-0.041,1.434,30.15,0
MSFT,1h,15,12,dip,5.77,4.08,0.31,-20.73,114,57.02,47.42,7.65,13.26,0.755,-15.25,38,57.89,46.08,13.89,6.73,0.446,-27.85,152,22.28,10.6,-0.041,1.434,30.15,0
MSFT,1h,15,20,trend,-15.82,-11.54,-0.454,-24.41,77,41.56,52.05,7.86,13.65,0.572,-21.91,32,37.5,49.62,-7.86,-4.02,-0.046,-32.28,110,22.28,10.6,-0.041,1.434,30.15,0
MSFT,1h,15,25,trend,-18.18,-13.31,-0.584,-25.3,50,40,52.79,18.34,32.93,1.117,-17.58,24,37.5,49.71,-1.8,-0.91,0.079,-31.13,75,22.28,10.6,-0.041,1.434,30.15,0
MSFT,1h,15,30,trend,-18.29,-13.39,-0.589,-23.7,39,38.46,53.12,21.52,39.03,1.254,-15.75,17,47.06,49.52,0.87,0.44,0.136,-26.12,57,22.28,10.6,-0.041,1.434,30.15,0
MSFT,1h,15,40,trend,-20.5,-15.07,-0.676,-25.32,35,25.71,54.02,22.66,41.23,1.315,-15.02,14,42.86,47.42,0.4,0.2,0.127,-26.24,49,22.28,10.6,-0.041,1.434,30.15,0
MSFT,1h,15,50,trend,-23.04,-17.01,-0.795,-28.17,29,24.14,52.3,29.52,54.85,1.635,-12.52,13,46.15,47.42,2.27,1.13,0.165,-28.21,42,22.28,10.6,-0.041,1.434,30.15,1
MSFT,1h,15,60,trend,-13.17,-9.57,-0.386,-24.55,25,24,51.03,23.7,43.27,1.362,-15.69,11,45.45,50.1,10.26,5.02,0.324,-24.6,36,22.28,10.6,-0.041,1.434,30.15,0
MSFT,1h,15,75,trend,-10.85,-7.85,-0.301,-25.29,20,20,49.67,25.51,46.84,1.427,-13.54,9,44.44,51.72,12.21,5.94,0.361,-26.18,30,22.28,10.6,-0.041,1.434,30.15,0
MSFT,1h,15,100,trend,-3.28,-2.34,-0.029,-18.74,13,23.08,46.06,29.45,54.72,1.606,-12.53,8,37.5,50,21.68,10.33,0.543,-21.91,22,22.28,10.6,-0.041,1.434,30.15,1
MSFT,1h,15,125,trend,-1.99,-1.42,0.018,-20.84,13,15.38,45.2,14.74,26.17,0.928,-14.62,10,30,53.06,10.16,4.97,0.326,-24.43,24,22.28,10.6,-0.041,1.434,30.15,0
MSFT,1h,15,150,trend,-3.52,-2.52,-0.044,-18.66,11,27.27,44.5,19.1,34.39,1.136,-15.81,8,25,55.83,11.74,5.72,0.358,-24.21,20,22.28,10.6,-0.041,1.434,30.15,0
MSFT,1h,15,200,trend,-2.02,-1.44,0.014,-20.81,9,11.11,42.33,16.7,29.84,1.022,-15.6,7,42.86,56.31,14.35,6.95,0.411,-26.88,16,22.28,10.6,-0.041,1.434,30.15,0
MSFT,1h,15,250,trend,0.63,0.45,0.117,-18.68,7,14.29,39.34,20.69,37.43,1.392,-7.77,2,50,34.32,22.69,10.79,0.569,-24.12,10,22.28,10.6,-0.041,1.434,30.15,0
MSFT,1h,15,300,trend,6.13,4.33,0.332,-17.92,5,20,32.73,25.08,45.98,1.663,-6.45,2,50,30.78,33.17,15.43,0.769,-21.17,8,22.28,10.6,-0.041,1.434,30.15,1
MSFT,1h,20,2,dip,8.91,6.26,0.423,-19.56,97,62.89,46.02,0.12,0.2,0.114,-19.9,37,67.57,49.04,13.26,6.43,0.42,-29.64,135,22.28,10.6,-0.041,1.434,30.15,0
MSFT,1h,20,3,dip,9.67,6.79,0.448,-21.48,91,63.74,46.6,-0.91,-1.53,0.03,-20.77,34,67.65,48.76,12.37,6.01,0.399,-32.09,126,22.28,10.6,-0.041,1.434,30.15,0
MSFT,1h,20,4,dip,0.65,0.46,0.113,-22.02,79,62.03,46.27,0.21,0.35,0.121,-20.05,32,68.75,48.95,4.31,2.14,0.206,-32.2,112,22.28,10.6,-0.041,1.434,30.15,0
MSFT,1h,20,5,dip,10.86,7.61,0.495,-21.53,72,65.28,47.05,-3.08,-5.14,-0.15,-20.57,32,65.63,48.09,9.32,4.57,0.329,-33.35,104,22.28,10.6,-0.041,1.434,30.15,0
MSFT,1h,20,7,dip,16.61,11.56,0.701,-17.23,69,65.22,46.88,-0.1,-0.17,0.095,-17.67,31,67.74,48.09,17.75,8.53,0.529,-28.53,100,22.28,10.6,-0.041,1.434,30.15,0
MSFT,1h,20,9,dip,-0.45,-0.32,0.056,-19.75,66,63.64,46.51,13.85,24.51,1.175,-14.19,31,74.19,47.61,13.47,6.53,0.455,-26.21,98,22.28,10.6,-0.041,1.434,30.15,0
MSFT,1h,20,12,dip,5.55,3.92,0.325,-14.72,65,66.15,46.1,16.34,29.16,1.477,-12.05,31,67.74,46.37,25.26,11.94,0.763,-19.55,97,22.28,10.6,-0.041,1.434,30.15,1
MSFT,1h,20,15,dip,2.03,1.44,0.17,-17.24,76,59.21,46.27,11.58,20.35,1.097,-11.94,32,68.75,46.18,16.9,8.14,0.557,-21.92,109,22.28,10.6,-0.041,1.434,30.15,0
MSFT,1h,20,25,trend,-11.34,-8.21,-0.323,-24.37,64,43.75,52.79,14.74,26.16,0.939,-18.79,28,42.86,49.71,3.62,1.79,0.192,-31.3,93,22.28,10.6,-0.041,1.434,30.15,0
MSFT,1h,20,30,trend,-13.86,-10.08,-0.433,-26.54,44,38.64,52.58,28.44,52.67,1.584,-15.3,19,42.11,49.71,10.77,5.26,0.335,-29.27,64,22.28,10.6,-0.041,1.434,30.15,1
MSFT,1h,20,40,trend,-10.74,-7.77,-0.301,-24.12,31,35.48,53.53,30.2,56.22,1.671,-16.1,13,53.85,47.9,19.59,9.37,0.5,-24.17,44,22.28,10.6,-0.041,1.434,30.15,1
MSFT,1h,20,50,trend,-10.49,-7.58,-0.281,-23.27,27,37.04,52.13,35.78,67.72,1.904,-14.01,11,45.45,47.13,24.83,11.75,0.587,-23.27,38,22.28,10.6,-0.041,1.434,30.15,1
MSFT,1h,20,60,trend,-10.8,-7.81,-0.291,-22.83,23,30.43,50.25,26.21,48.22,1.479,-16.58,11,45.45,49.14,15.97,7.7,0.43,-22.83,34,22.28,10.6,-0.041,1.434,30.15,1
MSFT,1h,20,75,trend,-9.34,-6.74,-0.261,-23.71,16,12.5,46.39,27.42,50.62,1.51,-12.56,10,50,51.53,16.93,8.15,0.452,-23.71,26,22.28,10.6,-0.041,1.434,30.15,1
MSFT,1h,20,100,trend,-6.65,-4.78,-0.159,-21.34,13,23.08,46.39,29.62,55.05,1.628,-13.19,7,42.86,49.43,19.96,9.54,0.512,-21.34,21,22.28,10.6,-0.041,1.434,30.15,1
MSFT,1h,20,125,trend,-4.14,-2.97,-0.067,-19.81,12,25,45,23.26,42.41,1.337,-13.09,7,42.86,52.68,15.62,7.54,0.433,-22.15,20,22.28,10.6,-0.041,1.434,30.15,0
MSFT,1h,20,150,trend,-3.79,-2.72,-0.055,-20,10,30,44.67,16.32,29.12,1.001,-15.44,7,28.57,57.46,9.33,4.57,0.309,-26.71,18,22.28,10.6,-0.041,1.434,30.15,0
MSFT,1h,20,200,trend,-0.43,-0.31,0.076,-20.39,8,25,42.62,15.73,28.01,0.98,-15.97,6,50,57.93,13.3,6.45,0.391,-30.25,15,22.28,10.6,-0.041,1.434,30.15,0
MSFT,1h,20,250,trend,0.56,0.4,0.114,-18.25,7,28.57,39.17,23.58,43.04,1.561,-6.61,3,66.67,33.84,25.13,11.88,0.614,-21.65,11,22.28,10.6,-0.041,1.434,30.15,1
MSFT,1h,20,300,trend,15.92,11.09,0.79,-10.25,4,25,32.28,13.92,24.64,1.541,-6.45,1,100,30.11,29.18,13.68,0.827,-14.62,6,22.28,10.6,-0.041,1.434,30.15,1
MSFT,1h,25,2,dip,9.83,6.9,0.458,-19.6,78,65.38,46.02,1.7,2.9,0.241,-17.69,39,69.23,48.18,15.31,7.4,0.469,-23.33,118,22.28,10.6,-0.041,1.434,30.15,0
MSFT,1h,25,3,dip,17.01,11.83,0.712,-18.54,72,66.67,45.98,2.11,3.59,0.272,-17.91,32,68.75,49.04,24.11,11.42,0.662,-23.63,105,22.28,10.6,-0.041,1.434,30.15,0
MSFT,1h,25,4,dip,14.38,10.03,0.61,-19.18,67,59.7,46.35,-3.69,-6.16,-0.201,-18.22,28,60.71,48.95,14.45,7,0.447,-27.54,96,22.28,10.6,-0.041,1.434,30.15,0
MSFT,1h,25,5,dip,17.06,11.86,0.696,-18.15,60,63.33,46.35,-4.76,-7.92,-0.297,-17.92,27,62.96,48.57,15.63,7.54,0.473,-26.75,89,22.28,10.6,-0.041,1.434,30.15,0
MSFT,1h,25,7,dip,23.85,16.45,0.919,-14.24,55,67.27,45.94,-0.89,-1.51,0.026,-17.4,26,69.23,47.71,22.47,10.68,0.628,-24.44,82,22.28,10.6,-0.041,1.434,30.15,0
MSFT,1h,25,9,dip,15.69,10.93,0.713,-13.83,51,70.59,45.53,9.05,15.77,0.876,-15.62,24,70.83,47.32,28.44,13.36,0.813,-19.02,76,22.28,10.6,-0.041,1.434,30.15,0
MSFT,1h,25,12,dip,11.61,8.13,0.562,-12.61,47,59.57,45.2,1.76,2.99,0.25,-15.56,25,72,45.98,15.22,7.35,0.5,-18.77,73,22.28,10.6,-0.041,1.434,30.15,0
MSFT,1h,25,15,dip,9.02,6.34,0.457,-14.29,49,59.18,45.49,4.11,7.04,0.45,-15.61,24,62.5,45.98,15.01,7.25,0.491,-16.2,74,22.28,10.6,-0.041,1.434,30.15,0
MSFT,1h,25,20,dip,-1.41,-1,0.028,-16.21,63,49.21,45.37,6.54,11.31,0.647,-15.98,28,60.71,45.6,6.31,3.11,0.26,-18.78,92,22.28,10.6,-0.041,1.434,30.15,0
MSFT,1h,25,30,trend,-15.3,-11.15,-0.483,-22.46,54,46.3,52.58,34.7,65.46,1.837,-11.89,24,50,49.62,14.32,6.93,0.401,-22.87,79,22.28,10.6,-0.041,1.434,30.15,1
MSFT,1h,25,40,trend,-11.46,-8.3,-0.335,-24.55,32,37.5,53.08,37.54,71.41,1.969,-10.61,13,46.15,48.47,24.95,11.8,0.594,-24.55,45,22.28,10.6,-0.041,1.434,30.15,1
MSFT,1h,25,50,trend,-19.25,-14.11,-0.627,-24.57,27,29.63,53.16,29.98,55.79,1.668,-16.67,11,36.36,47.13,8.12,3.99,0.282,-24.61,38,22.28,10.6,-0.041,1.434,30.15,1
MSFT,1h,25,60,trend,-22.2,-16.36,-0.764,-26.26,23,21.74,50.33,23,41.9,1.343,-19.57,11,45.45,47.51,-1.61,-0.81,0.082,-27.87,35,22.28,10.6,-0.041,1.434,30.15,0
MSFT,1h,25,75,trend,-11.42,-8.27,-0.34,-23.11,14,14.29,46.88,14.53,25.77,1.097,-12.76,7,42.86,51.05,0.87,0.43,0.126,-24.29,22,22.28,10.6,-0.041,1.434,30.15,0
MSFT,1h,25,100,trend,-6.12,-4.39,-0.137,-21.95,12,25,46.55,31.65,59.17,1.709,-14.67,6,50,49.04,21.66,10.32,0.542,-21.95,19,22.28,10.6,-0.041,1.434,30.15,1
MSFT,1h,25,125,trend,-3.96,-2.83,-0.057,-20.06,10,30,44.75,20.47,36.99,1.211,-13.78,7,28.57,51.82,13.19,6.4,0.386,-22.07,18,22.28,10.6,-0.041,1.434,30.15,0
MSFT,1h,25,150,trend,-8.34,-6.01,-0.238,-21.71,10,20,44.5,21.8,39.57,1.253,-15.01,6,33.33,58.32,9.86,4.82,0.319,-22.5,17,22.28,10.6,-0.041,1.434,30.15,0
MSFT,1h,25,200,trend,-0.11,-0.08,0.089,-19.49,9,33.33,42.12,18.82,33.84,1.118,-16.94,5,60,58.6,16.18,7.8,0.446,-28.26,15,22.28,10.6,-0.041,1.434,30.15,0
MSFT,1h,25,250,trend,15.94,11.1,0.761,-16.78,6,16.67,38.76,21.51,39.01,1.441,-7.05,3,66.67,33.37,39.78,18.26,0.91,-16.78,10,22.28,10.6,-0.041,1.434,30.15,1
MSFT,1h,25,300,trend,21.26,14.7,1.026,-7.28,3,33.33,32.12,13.92,24.64,1.541,-6.45,1,100,30.11,34.94,16.19,0.961,-14.01,5,22.28,10.6,-0.041,1.434,30.15,1
MSFT,1h,30,2,dip,12.51,8.75,0.593,-16.87,75,72,45.78,-7.71,-12.68,-0.639,-18.34,29,68.97,47.71,7.35,3.61,0.293,-24.32,106,22.28,10.6,-0.041,1.434,30.15,0
MSFT,1h,30,3,dip,10.88,7.63,0.527,-17.46,64,65.63,45.73,-6.29,-10.41,-0.503,-16.55,22,68.18,47.99,7.02,3.45,0.283,-23.59,88,22.28,10.6,-0.041,1.434,30.15,0
MSFT,1h,30,4,dip,22.66,15.65,0.881,-15.49,60,66.67,46.02,-2.52,-4.23,-0.138,-15.92,21,66.67,48.18,23.15,10.99,0.654,-20.93,83,22.28,10.6,-0.041,1.434,30.15,0
MSFT,1h,30,5,dip,7.88,5.55,0.409,-18.22,59,61.02,45.69,-7.67,-12.63,-0.608,-16.78,18,61.11,48.66,1.76,0.88,0.137,-27.2,79,22.28,10.6,-0.041,1.434,30.15,0
MSFT,1h,30,7,dip,10.61,7.44,0.519,-13.89,47,65.96,45.78,2.1,3.57,0.279,-15.93,17,70.59,48.57,15.03,7.27,0.492,-20.46,65,22.28,10.6,-0.041,1.434,30.15,0
MSFT,1h,30,9,dip,16.34,11.37,0.742,-13.12,44,65.91,45.12,2.15,3.67,0.286,-15.57,18,77.78,47.8,19.41,9.29,0.604,-20.08,64,22.28,10.6,-0.041,1.434,30.15,0
MSFT,1h,30,12,dip,19.86,13.76,0.869,-10.64,43,65.12,44.91,-2.86,-4.79,-0.172,-16.02,16,75,46.08,17.6,8.46,0.559,-16.02,60,22.28,10.6,-0.041,1.434,30.15,0
MSFT,1h,30,15,dip,10.63,7.46,0.52,-14.23,38,60.53,45.12,1.83,3.11,0.257,-15.22,17,70.59,46.08,14.43,6.99,0.479,-18.49,56,22.28,10.6,-0.041,1.434,30.15,0
MSFT,1h,30,20,dip,4.28,3.02,0.258,-12.93,43,55.81,45.49,-3.79,-6.32,-0.25,-14.7,19,57.89,45.6,3.29,1.63,0.18,-15.42,63,22.28,10.6,-0.041,1.434,30.15,0
MSFT,1h,30,25,dip,4.4,3.11,0.264,-13.29,53,54.72,45.37,-8.18,-13.43,-0.665,-17.56,24,41.67,45.32,-2.06,-1.04,0.03,-23.19,78,22.28,10.6,-0.041,1.434,30.15,0
MSFT,1h,30,40,trend,-13.84,-10.06,-0.43,-23.16,35,37.14,52.5,39.86,76.31,2.142,-15.41,14,57.14,48.85,23.67,11.23,0.577,-23.26,50,22.28,10.6,-0.041,1.434,30.15,1
MSFT,1h,30,50,trend,-21.54,-15.86,-0.728,-25.25,28,28.57,52.54,14.1,24.98,1.176,-16.93,10,40,47.51,-9.39,-4.82,-0.131,-27.06,39,22.28,10.6,-0.041,1.434,30.15,0
MSFT,1h,30,60,trend,-22.16,-16.33,-0.758,-28,22,18.18,50.45,9.09,15.85,0.805,-17.64,11,45.45,46.56,-15.02,-7.83,-0.284,-31.05,34,22.28,10.6,-0.041,1.434,30.15,0
MSFT,1h,30,75,trend,-11.12,-8.04,-0.326,-24.88,15,20,46.72,13.07,23.08,1.008,-14.44,7,42.86,49.52,-0.52,-0.26,0.094,-26.05,23,22.28,10.6,-0.041,1.434,30.15,0
MSFT,1h,30,100,trend,-9.11,-6.57,-0.254,-22.1,12,25,46.14,15.37,27.35,1.176,-14,6,50,49.14,3,1.49,0.176,-24.06,19,22.28,10.6,-0.041,1.434,30.15,0
MSFT,1h,30,125,trend,-5.73,-4.11,-0.127,-20.71,11,36.36,44.42,23.68,43.23,1.366,-15.45,7,28.57,50.38,13.9,6.73,0.4,-21.28,19,22.28,10.6,-0.041,1.434,30.15,0
MSFT,1h,30,150,trend,-6.59,-4.74,-0.165,-22.15,10,30,44.13,27.27,50.34,1.497,-14.72,5,40,58.89,16,7.72,0.439,-22.15,16,22.28,10.6,-0.041,1.434,30.15,1
MSFT,1h,30,200,trend,9.4,6.6,0.486,-18.89,8,25,41.8,19.9,35.91,1.171,-17.29,5,60,58.89,29.24,13.71,0.716,-19.15,14,22.28,10.6,-0.041,1.434,30.15,0
MSFT,1h,30,250,trend,20.05,13.89,0.926,-13.98,6,33.33,38.47,25.34,46.5,1.649,-6.45,3,66.67,33.27,44.55,20.27,0.991,-18.07,10,22.28,10.6,-0.041,1.434,30.15,1
MSFT,1h,30,300,trend,18.27,12.68,0.902,-7.99,3,33.33,32.12,15.3,27.22,1.687,-6.45,1,100,30.02,31.85,14.85,0.896,-13.51,5,22.28,10.6,-0.041,1.434,30.15,1
MSFT,1h,40,2,dip,6.94,4.89,0.376,-13.63,68,73.53,44.54,-1.61,-2.7,-0.057,-16.58,28,78.57,48.57,6.63,3.27,0.275,-22.73,97,22.28,10.6,-0.041,1.434,30.15,0
MSFT,1h,40,3,dip,7.42,5.22,0.398,-10.72,51,72.55,44.26,-6.14,-10.16,-0.479,-17.01,23,69.57,48.66,2.17,1.08,0.148,-20.66,75,22.28,10.6,-0.041,1.434,30.15,0
MSFT,1h,40,4,dip,5.56,3.92,0.321,-12.46,44,63.64,44.3,-7.24,-11.92,-0.591,-17.09,19,57.89,47.99,-0.7,-0.35,0.063,-23.71,63,22.28,10.6,-0.041,1.434,30.15,0
MSFT,1h,40,5,dip,13.62,9.51,0.644,-10.89,45,68.89,44.3,-7.71,-12.69,-0.592,-17.59,17,58.82,47.71,6.27,3.09,0.262,-22.59,63,22.28,10.6,-0.041,1.434,30.15,0
MSFT,1h,40,7,dip,15.88,11.06,0.739,-10.93,43,74.42,43.97,-3.17,-5.29,-0.182,-17.52,17,64.71,47.9,13.8,6.69,0.465,-21.77,61,22.28,10.6,-0.041,1.434,30.15,0
MSFT,1h,40,9,dip,12.18,8.52,0.587,-10.03,37,72.97,43.97,-1.42,-2.38,-0.036,-18.13,14,71.43,47.51,10.59,5.17,0.382,-18.2,51,22.28,10.6,-0.041,1.434,30.15,0
MSFT,1h,40,12,dip,17.83,12.38,0.802,-9.24,35,71.43,44.05,4.1,7.03,0.454,-17.47,15,66.67,47.71,22.66,10.77,0.686,-17.47,50,22.28,10.6,-0.041,1.434,30.15,0
MSFT,1h,40,15,dip,14.03,9.8,0.656,-10.7,34,64.71,44.18,1.59,2.7,0.235,-16.82,14,57.14,47.8,15.85,7.64,0.517,-16.95,48,22.28,10.6,-0.041,1.434,30.15,0
MSFT,1h,40,20,dip,2.21,1.57,0.177,-12.9,30,63.33,44.5,-4.12,-6.87,-0.273,-16.4,13,61.54,47.13,-2,-1.01,0.032,-18.95,43,22.28,10.6,-0.041,1.434,30.15,0
MSFT,1h,40,25,dip,3.28,2.33,0.219,-12.81,31,64.52,44.79,-8.97,-14.69,-0.755,-18.57,13,53.85,46.37,-5.99,-3.04,-0.084,-26.5,44,22.28,10.6,-0.041,1.434,30.15,0
MSFT,1h,40,30,dip,3.26,2.31,0.219,-12.45,35,57.14,45.16,-10.68,-17.37,-0.834,-19.27,14,64.29,45.79,-7.76,-3.96,-0.13,-26.91,49,22.28,10.6,-0.041,1.434,30.15,0
MSFT,1h,40,50,trend,-27.17,-20.2,-0.969,-34.48,31,25.81,51.52,9.95,17.38,0.867,-17.71,13,53.85,47.8,-18.56,-9.77,-0.38,-34.48,45,22.28,10.6,-0.041,1.434,30.15,0
MSFT,1h,40,60,trend,-13.96,-10.15,-0.409,-28.26,25,32,51.15,-4.06,-6.76,-0.218,-22.24,10,20,47.42,-18.6,-9.79,-0.382,-35.35,36,22.28,10.6,-0.041,1.434,30.15,0
MSFT,1h,40,75,trend,-6.11,-4.39,-0.128,-26.2,14,14.29,44.95,5.86,10.11,0.546,-15.32,8,50,47.99,-2.65,-1.34,0.038,-29.86,23,22.28,10.6,-0.041,1.434,30.15,0
MSFT,1h,40,100,trend,6.3,4.45,0.343,-18.5,11,27.27,45.57,11.77,20.7,0.952,-15.62,6,50,49.71,17.2,8.27,0.518,-18.5,18,22.28,10.6,-0.041,1.434,30.15,0
MSFT,1h,40,125,trend,6.06,4.28,0.341,-17.99,10,20,43.48,8.68,15.11,0.741,-16.74,6,50,50.76,12.17,5.92,0.406,-17.99,17,22.28,10.6,-0.041,1.434,30.15,0
MSFT,1h,40,150,trend,1.87,1.33,0.161,-20.68,9,22.22,43.19,27.97,51.73,1.541,-14.73,4,75,58.89,24.83,11.75,0.628,-20.68,14,22.28,10.6,-0.041,1.434,30.15,1
MSFT,1h,40,200,trend,6.41,4.52,0.36,-16.7,8,25,42.29,20.13,36.34,1.177,-18.22,4,50,61.38,26.3,12.41,0.66,-22.32,13,22.28,10.6,-0.041,1.434,30.15,0
MSFT,1h,40,250,trend,16.48,11.47,0.79,-14.12,5,40,38.64,30.76,57.37,1.928,-6.45,2,100,34.03,46.93,21.25,1.032,-17.54,8,22.28,10.6,-0.041,1.434,30.15,1
MSFT,1h,40,300,trend,16.13,11.23,0.811,-9.38,3,33.33,32.12,12.39,21.84,1.426,-6.45,1,100,29.83,25.07,11.86,0.744,-14.42,5,22.28,10.6,-0.041,1.434,30.15,0
MSFT,1h,50,2,dip,10.94,7.67,0.538,-11.51,52,63.46,44.63,4.5,7.72,0.493,-18.29,24,83.33,46.75,17.57,8.44,0.563,-18.29,76,22.28,10.6,-0.041,1.434,30.15,0
MSFT,1h,50,3,dip,13.41,9.37,0.632,-9.94,47,61.7,44.83,1.7,2.89,0.245,-18.29,23,78.26,47.13,16.96,8.16,0.543,-18.29,70,22.28,10.6,-0.041,1.434,30.15,0
MSFT,1h,50,4,dip,11.65,8.16,0.567,-11.32,43,65.12,44.46,-0.81,-1.36,0.032,-18.29,21,76.19,46.65,11.9,5.79,0.411,-20.43,64,22.28,10.6,-0.041,1.434,30.15,0
MSFT,1h,50,5,dip,15.74,10.97,0.717,-9.24,36,69.44,44.75,0.08,0.14,0.107,-18.29,21,80.95,46.37,16.96,8.16,0.535,-18.97,58,22.28,10.6,-0.041,1.434,30.15,0
MSFT,1h,50,7,dip,11.87,8.31,0.576,-10.12,33,66.67,44.26,3.11,5.31,0.363,-18.29,19,68.42,46.18,16.55,7.97,0.532,-18.29,53,22.28,10.6,-0.041,1.434,30.15,0
MSFT,1h,50,9,dip,18.43,12.79,0.817,-9.59,32,65.63,44.75,2.8,4.77,0.342,-18.29,15,66.67,46.18,22.62,10.75,0.682,-18.29,48,22.28,10.6,-0.041,1.434,30.15,0
MSFT,1h,50,12,dip,17.3,12.03,0.783,-10.88,31,70.97,44.63,3.02,5.15,0.362,-18.42,13,76.92,46.56,20.84,9.94,0.644,-18.42,44,22.28,10.6,-0.041,1.434,30.15,0
MSFT,1h,50,15,dip,18.07,12.55,0.808,-10.86,29,62.07,44.5,-3.33,-5.57,-0.211,-17.86,13,76.92,47.42,14.13,6.84,0.473,-19.3,42,22.28,10.6,-0.041,1.434,30.15,0
MSFT,1h,50,20,dip,2.17,1.54,0.175,-13.07,27,62.96,44.5,-7.66,-12.61,-0.618,-17.86,11,63.64,47.51,-5.66,-2.88,-0.082,-24.1,38,22.28,10.6,-0.041,1.434,30.15,0
MSFT,1h,50,25,dip,13.53,9.45,0.638,-9.87,26,73.08,44.63,-3.83,-6.38,-0.246,-16.79,11,54.55,47.32,9.19,4.5,0.342,-21.28,37,22.28,10.6,-0.041,1.434,30.15,0
MSFT,1h,50,30,dip,14.35,10.01,0.666,-9.5,28,60.71,45.12,10.02,17.52,0.709,-16.48,10,40,46.75,27.58,12.98,0.694,-20.59,38,22.28,10.6,-0.041,1.434,30.15,0
MSFT,1h,50,40,dip,24.78,17.06,1.06,-11.49,31,67.74,45.82,14.6,25.9,0.956,-17.04,13,53.85,45.98,43.26,19.73,0.981,-22.05,44,22.28,10.6,-0.041,1.434,30.15,0
MSFT,1h,50,60,trend,-8.94,-6.45,-0.221,-25.97,29,41.38,50,-5.4,-8.96,-0.334,-21.63,14,42.86,48.76,-16.6,-8.69,-0.331,-35.23,44,22.28,10.6,-0.041,1.434,30.15,0
MSFT,1h,50,75,trend,-9.65,-6.97,-0.251,-25.69,15,26.67,48.65,20.76,37.56,1.531,-15.52,10,60,48.57,6.68,3.29,0.26,-27.17,26,22.28,10.6,-0.041,1.434,30.15,1
MSFT,1h,50,100,trend,8.48,5.97,0.432,-17.68,10,40,45.32,11.06,19.41,0.906,-16.82,6,50,50.1,17.88,8.59,0.536,-17.68,17,22.28,10.6,-0.041,1.434,30.15,0
MSFT,1h,50,125,trend,8.93,6.28,0.454,-20.21,9,33.33,43.72,28.19,52.18,1.561,-14.81,5,40,52.29,32.57,15.16,0.768,-20.21,15,22.28,10.6,-0.041,1.434,30.15,1
MSFT,1h,50,150,trend,1.89,1.34,0.162,-18.36,9,22.22,42.29,22.03,40.01,1.279,-15.7,4,50,55.93,17.61,8.46,0.489,-22.57,14,22.28,10.6,-0.041,1.434,30.15,0
MSFT,1h,50,200,trend,7.55,5.32,0.413,-14.15,7,28.57,41.63,17.87,32.03,1.064,-20.66,3,66.67,61.57,23.32,11.07,0.603,-24.89,11,22.28,10.6,-0.041,1.434,30.15,0
MSFT,1h,50,250,trend,16.83,11.71,0.815,-12.3,4,25,38.35,24.07,44,1.591,-6.45,2,50,34.13,32.58,15.17,0.789,-21.26,7,22.28,10.6,-0.041,1.434,30.15,1
MSFT,1h,50,300,trend,13.85,9.67,0.716,-10.37,3,33.33,32.03,12.39,21.84,1.426,-6.45,1,100,29.83,15.28,7.38,0.504,-20.08,5,22.28,10.6,-0.041,1.434,30.15,0
MSFT,1h,60,2,dip,2.8,1.99,0.202,-11.86,42,69.05,45.78,6.07,10.48,0.659,-18.29,22,81.82,35.95,2.23,1.11,0.15,-22.75,65,22.28,10.6,-0.041,1.434,30.15,0
MSFT,1h,60,3,dip,2.45,1.74,0.187,-12.46,35,65.71,45.86,10.21,17.86,1.026,-18.29,19,84.21,36.04,5.35,2.65,0.237,-22.11,55,22.28,10.6,-0.041,1.434,30.15,0
MSFT,1h,60,4,dip,6.3,4.44,0.345,-12.51,33,66.67,45.82,10.35,18.12,1.01,-18.29,19,78.95,35.66,10.31,5.04,0.368,-22.76,53,22.28,10.6,-0.041,1.434,30.15,0
MSFT,1h,60,5,dip,10.72,7.52,0.515,-12.28,32,65.63,45.9,9.6,16.77,0.938,-18.29,16,81.25,35.18,13.84,6.71,0.454,-23.02,49,22.28,10.6,-0.041,1.434,30.15,0
MSFT,1h,60,7,dip,13.79,9.63,0.639,-11.58,29,72.41,45.41,17.53,31.39,1.62,-18.29,13,84.62,34.32,25.07,11.86,0.73,-19.61,44,22.28,10.6,-0.041,1.434,30.15,1
MSFT,1h,60,9,dip,15.04,10.48,0.684,-11.94,29,65.52,45.41,11.41,20.04,1.129,-18.32,12,83.33,33.75,19.24,9.21,0.594,-20.66,43,22.28,10.6,-0.041,1.434,30.15,0
MSFT,1h,60,12,dip,5.49,3.88,0.311,-13.43,27,62.96,45.24,9.59,16.75,0.998,-17.86,11,81.82,33.65,5,2.47,0.228,-22.34,39,22.28,10.6,-0.041,1.434,30.15,0
MSFT,1h,60,15,dip,5.21,3.68,0.302,-13.9,25,72,45.49,10.72,18.79,1.093,-17.86,10,80,34.03,6.68,3.29,0.274,-22.85,36,22.28,10.6,-0.041,1.434,30.15,0
MSFT,1h,60,20,dip,2.69,1.91,0.197,-14.5,23,60.87,46.14,-0.96,-1.61,0.008,-16.93,11,63.64,45.03,1.71,0.85,0.135,-22.88,34,22.28,10.6,-0.041,1.434,30.15,0
MSFT,1h,60,25,dip,17.52,12.18,0.784,-9.65,24,66.67,46.02,1.76,2.99,0.248,-16.27,11,54.55,46.56,19.6,9.38,0.604,-18.33,35,22.28,10.6,-0.041,1.434,30.15,0
MSFT,1h,60,30,dip,17.84,12.39,0.797,-9.77,23,65.22,45.78,15.77,28.08,1.038,-14.86,11,63.64,47.23,38.9,17.89,0.912,-15.26,34,22.28,10.6,-0.041,1.434,30.15,0
MSFT,1h,60,40,dip,6.4,4.51,0.353,-12.88,25,44,46.14,33.18,62.32,1.893,-14.29,10,80,45.98,44.9,20.41,1.013,-14.72,35,22.28,10.6,-0.041,1.434,30.15,1
MSFT,1h,60,50,dip,0.24,0.17,0.093,-13.23,29,55.17,46.92,35.1,66.29,1.965,-12.89,14,57.14,44.46,40.35,18.5,0.925,-13.23,43,22.28,10.6,-0.041,1.434,30.15,1
MSFT,1h,60,75,trend,6.05,4.27,0.322,-20.56,19,42.11,48.36,11.67,20.51,0.919,-18.16,9,66.67,50.67,15.64,7.55,0.467,-20.56,29,22.28,10.6,-0.041,1.434,30.15,0
MSFT,1h,60,100,trend,3.09,2.19,0.224,-17.06,10,30,44.71,24.64,45.12,1.386,-17.99,6,50,51.43,23.09,10.97,0.612,-20.1,17,22.28,10.6,-0.041,1.434,30.15,0
MSFT,1h,60,125,trend,16.25,11.31,0.733,-17.85,9,33.33,44.42,25.65,47.11,1.445,-16.45,5,60,52.1,38.16,17.57,0.863,-18.11,15,22.28,10.6,-0.041,1.434,30.15,1
MSFT,1h,60,150,trend,5.75,4.06,0.331,-18.4,8,25,42.17,22,39.96,1.277,-17.76,5,60,54.59,23,10.92,0.597,-22.38,14,22.28,10.6,-0.041,1.434,30.15,0
MSFT,1h,60,200,trend,-1.17,-0.83,-0.002,-14.81,7,28.57,41.76,17.17,30.72,1.03,-21.8,4,50,59.75,11.43,5.57,0.371,-24.97,12,22.28,10.6,-0.041,1.434,30.15,0
MSFT,1h,60,250,trend,4.45,3.15,0.314,-15.57,4,25,38.93,31.89,59.68,1.993,-6.45,1,100,33.75,27.14,12.78,0.718,-17.82,6,22.28,10.6,-0.041,1.434,30.15,1
MSFT,1h,60,300,trend,8.33,5.86,0.557,-10.68,3,33.33,32.24,12.39,21.84,1.426,-6.45,1,100,29.83,10.58,5.17,0.405,-18.56,5,22.28,10.6,-0.041,1.434,30.15,0
MSFT,1h,75,2,dip,-1.01,-0.72,0.041,-14.77,41,63.41,47.13,3.17,5.41,0.404,-18.9,17,76.47,32.7,-2.79,-1.41,0.004,-22.87,61,22.28,10.6,-0.041,1.434,30.15,0
MSFT,1h,75,3,dip,6.32,4.46,0.348,-11.99,35,65.71,47.01,6.04,10.42,0.685,-17.86,12,66.67,32.98,6.04,2.98,0.258,-21.21,48,22.28,10.6,-0.041,1.434,30.15,0
MSFT,1h,75,4,dip,7.45,5.25,0.394,-12.32,31,67.74,46.88,8.15,14.17,0.893,-17.86,12,83.33,32.7,10.15,4.96,0.371,-19.64,44,22.28,10.6,-0.041,1.434,30.15,0
MSFT,1h,75,5,dip,7.92,5.57,0.413,-13.64,29,65.52,46.76,11.98,21.09,1.213,-17.86,10,90,32.79,14.41,6.98,0.48,-20.57,40,22.28,10.6,-0.041,1.434,30.15,0
MSFT,1h,75,7,dip,4.71,3.33,0.282,-12.26,24,66.67,46.43,12.51,22.05,1.251,-19.4,9,88.89,32.5,10.95,5.34,0.389,-22.02,35,22.28,10.6,-0.041,1.434,30.15,0
MSFT,1h,75,9,dip,4.98,3.52,0.291,-12.88,23,65.22,46.68,10.83,18.98,1.142,-18.35,8,87.5,31.64,9.55,4.67,0.352,-20.97,33,22.28,10.6,-0.041,1.434,30.15,0
MSFT,1h,75,12,dip,5.47,3.87,0.309,-12.6,22,63.64,46.76,10.93,19.17,1.166,-17.86,8,87.5,31.26,6.25,3.08,0.262,-23.42,32,22.28,10.6,-0.041,1.434,30.15,0
MSFT,1h,75,15,dip,3.09,2.19,0.213,-13.55,20,65,46.84,8.45,14.7,0.925,-17.97,8,87.5,31.55,5.59,2.76,0.244,-21.96,30,22.28,10.6,-0.041,1.434,30.15,0
MSFT,1h,75,20,dip,2.47,1.75,0.187,-14.49,16,56.25,47.21,6.7,11.59,0.754,-16.27,9,88.89,31.74,2.43,1.21,0.156,-26.38,26,22.28,10.6,-0.041,1.434,30.15,0
MSFT,1h,75,25,dip,5.35,3.78,0.308,-11.4,15,60,46.68,19.32,34.79,1.323,-15.59,6,83.33,32.12,19.64,9.4,0.551,-22.49,22,22.28,10.6,-0.041,1.434,30.15,0
MSFT,1h,75,30,dip,5.34,3.78,0.308,-12.29,16,56.25,46.76,22.25,40.44,1.473,-14.72,6,83.33,33.37,21.71,10.34,0.592,-18.79,23,22.28,10.6,-0.041,1.434,30.15,1
MSFT,1h,75,40,dip,0.39,0.28,0.098,-17.04,15,60,48.4,26.77,49.33,1.678,-15.49,7,85.71,34.32,25.05,11.85,0.654,-17.86,23,22.28,10.6,-0.041,1.434,30.15,1
MSFT,1h,75,50,dip,1.12,0.8,0.131,-14.87,15,53.33,48.2,4.86,8.36,0.427,-21.58,10,40,43.88,10.35,5.05,0.342,-26.51,25,22.28,10.6,-0.041,1.434,30.15,0
MSFT,1h,75,60,dip,-13.24,-9.61,-0.423,-23.79,19,57.89,48.15,13.63,24.11,0.953,-17.21,9,44.44,41.4,2.64,1.31,0.168,-32.66,28,22.28,10.6,-0.041,1.434,30.15,0
MSFT,1h,75,100,trend,-2.81,-2.01,-0.061,-15.89,12,33.33,47.91,26.36,48.51,1.48,-17.19,6,66.67,51.15,16.48,7.94,0.473,-24.12,19,22.28,10.6,-0.041,1.434,30.15,1
MSFT,1h,75,125,trend,8.67,6.09,0.447,-17.28,9,33.33,45.94,22.59,41.1,1.307,-17.19,5,60,51.05,25.52,12.06,0.642,-23.07,15,22.28,10.6,-0.041,1.434,30.15,0
MSFT,1h,75,150,trend,15.48,10.79,0.749,-14.21,7,42.86,43.23,20.15,36.38,1.196,-17.19,5,40,52.29,31.78,14.82,0.772,-26.53,13,22.28,10.6,-0.041,1.434,30.15,0
MSFT,1h,75,200,trend,3.69,2.61,0.269,-14.41,5,20,41.39,13.8,24.43,0.874,-19.28,3,33.33,60.42,13.66,6.62,0.424,-26.22,9,22.28,10.6,-0.041,1.434,30.15,0
MSFT,1h,75,250,trend,12.9,9.02,0.826,-9.55,3,33.33,38.11,34.31,64.66,2.129,-6.45,1,100,33.08,45.27,20.57,1.084,-17.19,5,22.28,10.6,-0.041,1.434,30.15,1
MSFT,1h,75,300,trend,5.36,3.79,0.362,-14.89,4,25,38.52,12.56,22.15,1.443,-6.45,1,100,29.92,13.69,6.64,0.482,-17.19,6,22.28,10.6,-0.041,1.434,30.15,1
MSFT,1h,100,2,dip,-1.79,-1.28,0.01,-13.62,28,71.43,47.25,8.53,14.85,0.934,-16.93,14,78.57,32.89,4.43,2.2,0.211,-18.39,44,22.28,10.6,-0.041,1.434,30.15,0
MSFT,1h,100,3,dip,0.31,0.22,0.098,-12.93,25,68,47.46,8.35,14.52,0.922,-16.93,11,81.82,32.41,6.73,3.32,0.274,-17.41,38,22.28,10.6,-0.041,1.434,30.15,0
MSFT,1h,100,4,dip,-0.81,-0.58,0.05,-13.11,22,63.64,47.21,11.7,20.56,1.238,-16.93,11,90.91,32.41,8.53,4.19,0.323,-17.12,34,22.28,10.6,-0.041,1.434,30.15,0
MSFT,1h,100,5,dip,-3.11,-2.22,-0.047,-14.22,20,60,47.58,12.12,21.34,1.277,-17.03,11,90.91,32.12,6.41,3.16,0.266,-18.6,32,22.28,10.6,-0.041,1.434,30.15,0
MSFT,1h,100,7,dip,-7.07,-5.08,-0.219,-17.52,18,55.56,47.87,10.85,19.02,1.12,-16.88,11,72.73,31.93,0.36,0.18,0.099,-22.97,30,22.28,10.6,-0.041,1.434,30.15,0
MSFT,1h,100,9,dip,-4.15,-2.97,-0.089,-15.27,18,55.56,47.74,12.13,21.35,1.29,-16.3,10,80,31.45,5.05,2.5,0.228,-20.29,29,22.28,10.6,-0.041,1.434,30.15,0
MSFT,1h,100,12,dip,-4.04,-2.89,-0.081,-15.27,15,60,47.87,13.78,24.39,1.442,-16.3,8,87.5,31.07,5.34,2.64,0.236,-23.57,24,22.28,10.6,-0.041,1.434,30.15,1
MSFT,1h,100,15,dip,-2.93,-2.1,-0.037,-14.98,14,50,47.58,5.39,9.29,0.627,-16.3,7,85.71,31.74,-0.35,-0.17,0.078,-26.08,22,22.28,10.6,-0.041,1.434,30.15,0
MSFT,1h,100,20,dip,-0.06,-0.04,0.082,-13.52,14,57.14,47.13,6.81,11.79,0.757,-15.99,6,83.33,32.22,0.56,0.28,0.104,-27.21,21,22.28,10.6,-0.041,1.434,30.15,0
MSFT,1h,100,25,dip,0.2,0.14,0.093,-13.02,13,53.85,46.88,4.91,8.44,0.58,-15.3,5,80,32.5,0.1,0.05,0.09,-26.41,19,22.28,10.6,-0.041,1.434,30.15,0
MSFT,1h,100,30,dip,3.95,2.79,0.248,-11.29,13,53.85,47.21,18.74,33.7,1.281,-14.72,5,80,32.22,18.75,8.99,0.524,-23.39,19,22.28,10.6,-0.041,1.434,30.15,0
MSFT,1h,100,40,dip,-10.6,-7.66,-0.314,-21.46,12,50,47.62,22.44,40.81,1.473,-13.94,5,80,31.45,4.98,2.47,0.22,-31.74,18,22.28,10.6,-0.041,1.434,30.15,1
MSFT,1h,100,50,dip,-13.65,-9.92,-0.435,-23.5,11,45.45,47.66,23.25,42.39,1.513,-14.51,5,80,30.78,2.88,1.43,0.174,-33.43,17,22.28,10.6,-0.041,1.434,30.15,1
MSFT,1h,100,60,dip,-10.35,-7.48,-0.259,-22.48,11,45.45,48.07,8.28,14.39,0.933,-12.44,5,40,28.87,-2.79,-1.41,0.034,-24.79,17,22.28,10.6,-0.041,1.434,30.15,0
MSFT,1h,100,75,dip,-6.41,-4.61,-0.111,-22.52,12,66.67,47.95,2.71,4.63,0.364,-12.44,5,60,28.49,1.09,0.55,0.13,-24.08,18,22.28,10.6,-0.041,1.434,30.15,0
MSFT,1h,100,125,trend,10.22,7.17,0.514,-20.36,11,54.55,46.14,15.87,28.28,0.992,-18.31,6,33.33,50.38,18.06,8.67,0.499,-23.91,18,22.28,10.6,-0.041,1.434,30.15,0
MSFT,1h,100,150,trend,12.67,8.86,0.621,-13.67,7,28.57,46.1,13.99,24.77,0.911,-18.32,5,40,49.43,20.61,9.84,0.557,-29.56,13,22.28,10.6,-0.041,1.434,30.15,0
MSFT,1h,100,200,trend,22.53,15.56,1.087,-9.71,4,25,40.85,7.6,13.19,0.561,-22.85,3,33.33,58.51,23.13,10.98,0.614,-32.09,8,22.28,10.6,-0.041,1.434,30.15,0
MSFT,1h,100,250,trend,25.16,17.32,1.19,-9.3,3,33.33,39.7,18.86,33.93,1.118,-17.7,2,50,58.89,48.77,22.01,1.081,-17.7,5,22.28,10.6,-0.041,1.434,30.15,0
MSFT,1h,100,300,trend,13.6,9.5,0.95,-11.01,2,50,32.61,11.85,20.84,1.371,-6.45,1,100,29.73,15.63,7.54,0.566,-19.28,4,22.28,10.6,-0.041,1.434,30.15,0
MSFT,1h,125,2,dip,-9.3,-6.71,-0.317,-19.5,20,65,48.2,17.01,30.42,1.741,-16.78,17,94.12,25.81,3.71,1.84,0.191,-25.46,38,22.28,10.6,-0.041,1.434,30.15,1
MSFT,1h,125,3,dip,-7.35,-5.29,-0.232,-16.79,18,61.11,48.03,17.88,32.06,1.815,-16.3,17,88.24,25.72,7.43,3.65,0.291,-21.73,36,22.28,10.6,-0.041,1.434,30.15,1
MSFT,1h,125,4,dip,-6.08,-4.37,-0.173,-16.2,18,55.56,48.11,15.72,27.99,1.631,-16.27,13,84.62,25.81,7.28,3.58,0.287,-20.47,32,22.28,10.6,-0.041,1.434,30.15,1
MSFT,1h,125,5,dip,-4.04,-2.89,-0.084,-15.26,17,58.82,48.2,15.48,27.55,1.619,-16.37,12,91.67,26.2,10.01,4.9,0.359,-20.12,30,22.28,10.6,-0.041,1.434,30.15,1
MSFT,1h,125,7,dip,-8.48,-6.11,-0.276,-18.02,17,52.94,48.15,10.41,18.22,1.129,-16.09,10,80,26.58,0.29,0.14,0.097,-23.61,28,22.28,10.6,-0.041,1.434,30.15,0
MSFT,1h,125,9,dip,-1.84,-1.31,0.013,-14.42,16,62.5,48.52,14.03,24.85,1.458,-15.71,9,77.78,27.06,11.31,5.51,0.388,-18.21,26,22.28,10.6,-0.041,1.434,30.15,1
MSFT,1h,125,12,dip,-5.87,-4.21,-0.16,-15.69,14,57.14,48.4,15.56,27.69,1.582,-15.26,8,87.5,26.77,8.04,3.95,0.305,-21.81,23,22.28,10.6,-0.041,1.434,30.15,1
MSFT,1h,125,15,dip,-4.93,-3.53,-0.119,-14.29,14,57.14,48.4,15.73,28.01,1.582,-14.86,9,77.78,26.86,8.99,4.41,0.329,-20.9,24,22.28,10.6,-0.041,1.434,30.15,1
MSFT,1h,125,20,dip,-1.97,-1.4,0.006,-13.2,13,61.54,48.48,7.97,13.84,0.886,-15.02,6,83.33,27.15,5.1,2.52,0.229,-22.66,20,22.28,10.6,-0.041,1.434,30.15,0
MSFT,1h,125,25,dip,-1.39,-0.99,0.029,-13.69,11,54.55,48.61,10.47,18.34,1.111,-14.72,6,83.33,28.01,8.2,4.02,0.31,-21.9,18,22.28,10.6,-0.041,1.434,30.15,0
MSFT,1h,125,30,dip,1,0.71,0.127,-14.54,12,66.67,48.85,7.6,13.18,0.834,-15.56,6,83.33,29.45,8.1,3.98,0.307,-24.04,19,22.28,10.6,-0.041,1.434,30.15,0
MSFT,1h,125,40,dip,-10.39,-7.51,-0.288,-22.08,11,63.64,49.63,19.42,34.98,1.316,-14.13,5,80,28.87,9.7,4.75,0.318,-27.57,17,22.28,10.6,-0.041,1.434,30.15,0
MSFT,1h,125,50,dip,-13.42,-9.75,-0.422,-24.31,10,50,49.14,1.58,2.69,0.247,-13.87,4,50,27.25,-7.78,-3.97,-0.111,-29.67,15,22.28,10.6,-0.041,1.434,30.15,0
MSFT,1h,125,60,dip,-20.21,-14.85,-0.725,-26.6,10,50,48.2,2.94,5.03,0.386,-12.44,4,50,27.34,-12.98,-6.73,-0.262,-28.31,15,22.28,10.6,-0.041,1.434,30.15,0
MSFT,1h,125,75,dip,-15.38,-11.21,-0.502,-23.77,10,60,46.02,2.45,4.18,0.347,-13.04,4,75,27.92,-5.05,-2.56,-0.035,-24.81,15,22.28,10.6,-0.041,1.434,30.15,0
MSFT,1h,125,100,dip,-16.92,-12.36,-0.559,-26.26,12,50,45.32,5.31,9.14,0.637,-10.88,5,60,27.53,0.42,0.21,0.11,-26.26,18,22.28,10.6,-0.041,1.434,30.15,0
MSFT,1h,125,150,trend,4.15,2.94,0.285,-16.5,9,55.56,46.06,11.18,19.61,0.771,-18,4,25,47.42,7.18,3.53,0.275,-27.77,14,22.28,10.6,-0.041,1.434,30.15,0
MSFT,1h,125,200,trend,3.96,2.81,0.303,-12.03,6,16.67,40.98,2.43,4.15,0.28,-23.19,4,50,55.35,2.94,1.46,0.168,-34.42,11,22.28,10.6,-0.041,1.434,30.15,0
MSFT,1h,125,250,trend,9.47,6.65,0.626,-10.32,3,33.33,40.28,20.14,36.36,1.195,-17.99,2,50,57.17,31.51,14.71,0.827,-17.99,5,22.28,10.6,-0.041,1.434,30.15,0
MSFT,1h,125,300,trend,9.26,6.51,0.679,-11.34,2,50,33.02,10.55,18.47,1.253,-6.45,1,100,29.25,12.65,6.15,0.485,-18.94,4,22.28,10.6,-0.041,1.434,30.15,0
MSFT,1h,150,2,dip,-8.97,-6.47,-0.3,-17.53,22,63.64,47.37,14.96,26.57,1.585,-16.3,15,93.33,24.95,3.24,1.61,0.179,-25.58,38,22.28,10.6,-0.041,1.434,30.15,1
MSFT,1h,150,3,dip,-3.84,-2.75,-0.077,-13.96,20,70,47.29,15.54,27.65,1.645,-16.3,15,93.33,25.05,9.91,4.85,0.357,-21.45,36,22.28,10.6,-0.041,1.434,30.15,1
MSFT,1h,150,4,dip,-5.33,-3.82,-0.142,-15.12,19,63.16,47.17,14.92,26.5,1.584,-16.27,13,92.31,25.33,7.54,3.71,0.295,-22.33,33,22.28,10.6,-0.041,1.434,30.15,1
MSFT,1h,150,5,dip,-6.24,-4.48,-0.18,-15.8,16,62.5,47.42,13.14,23.21,1.403,-16.09,12,91.67,25.33,4.9,2.42,0.224,-23.04,29,22.28,10.6,-0.041,1.434,30.15,0
MSFT,1h,150,7,dip,-6.07,-4.36,-0.164,-17.14,15,60,49.06,10.7,18.75,1.172,-15.71,11,90.91,24.95,3.34,1.66,0.181,-23.86,27,22.28,10.6,-0.041,1.434,30.15,0
MSFT,1h,150,9,dip,-2.42,-1.73,-0.01,-13.54,14,71.43,49.02,15.36,27.32,1.623,-15.15,9,77.78,24.95,14.17,6.86,0.459,-18.2,24,22.28,10.6,-0.041,1.434,30.15,1
MSFT,1h,150,12,dip,-8.12,-5.85,-0.254,-17.85,13,61.54,49.1,9.33,16.28,1.05,-14.86,7,85.71,24.76,4.2,2.08,0.204,-21.4,21,22.28,10.6,-0.041,1.434,30.15,0
MSFT,1h,150,15,dip,-3.19,-2.28,-0.042,-14.65,12,75,49.1,8.94,15.58,1.008,-14.72,7,85.71,23.71,7.96,3.91,0.303,-20.22,20,22.28,10.6,-0.041,1.434,30.15,0
MSFT,1h,150,20,dip,-1.99,-1.42,0.007,-14.13,11,72.73,48.77,10.94,19.18,1.214,-14.72,6,83.33,21.99,11.52,5.61,0.394,-18.31,18,22.28,10.6,-0.041,1.434,30.15,0
MSFT,1h,150,25,dip,3.76,2.66,0.237,-13.88,11,72.73,48.81,6.9,11.94,0.833,-16.43,5,80,20.94,12.08,5.88,0.411,-22.34,17,22.28,10.6,-0.041,1.434,30.15,0
MSFT,1h,150,30,dip,1.94,1.38,0.166,-14.38,11,72.73,49.1,2.16,3.68,0.32,-15.41,4,75,20.27,6.4,3.16,0.264,-21.11,16,22.28,10.6,-0.041,1.434,30.15,0
MSFT,1h,150,40,dip,-7.78,-5.6,-0.185,-23.13,10,70,49.84,-1.74,-2.92,-0.126,-14.27,3,66.67,20.08,-2.33,-1.17,0.039,-25.39,14,22.28,10.6,-0.041,1.434,30.15,0
MSFT,1h,150,50,dip,-8.3,-5.98,-0.206,-23.04,10,60,50.45,2.28,3.89,0.328,-12.45,3,66.67,22.85,3.1,1.54,0.177,-24.38,14,22.28,10.6,-0.041,1.434,30.15,0
MSFT,1h,150,60,dip,-13.55,-9.85,-0.412,-24.75,9,66.67,50.29,1.37,2.32,0.227,-12.44,4,50,24,-3.66,-1.85,0.005,-26.64,14,22.28,10.6,-0.041,1.434,30.15,0
MSFT,1h,150,75,dip,-19.47,-14.28,-0.64,-27.7,8,50,48.61,2.33,3.97,0.331,-12.44,4,50,26,-8.52,-4.36,-0.118,-29.25,13,22.28,10.6,-0.041,1.434,30.15,0
MSFT,1h,150,100,dip,-19.08,-13.98,-0.649,-25.89,8,25,44.79,5.57,9.59,0.633,-12.31,4,50,27.92,-2.01,-1.01,0.051,-26.65,13,22.28,10.6,-0.041,1.434,30.15,0
MSFT,1h,150,125,dip,-10.12,-7.31,-0.241,-25.24,10,50,44.34,10,17.48,1.02,-12.09,4,50,29.06,13.28,6.45,0.399,-25.24,15,22.28,10.6,-0.041,1.434,30.15,0
MSFT,1h,150,200,trend,-3.33,-2.38,-0.149,-15.84,6,16.67,41.96,15.56,27.69,1.006,-16.43,4,75,50.86,9.73,4.76,0.344,-28.87,11,22.28,10.6,-0.041,1.434,30.15,0
MSFT,1h,150,250,trend,10.21,7.17,0.666,-10.09,3,33.33,39.5,15.76,28.07,0.986,-19.11,2,50,55.26,27.59,12.98,0.747,-19.11,5,22.28,10.6,-0.041,1.434,30.15,0
MSFT,1h,150,300,trend,5.28,3.73,0.368,-13.48,3,33.33,41.1,10.9,19.1,1.291,-6.45,1,100,28.97,6.14,3.03,0.271,-21.92,5,22.28,10.6,-0.041,1.434,30.15,0
MSFT,1h,200,2,dip,-7.84,-5.65,-0.247,-16,17,76.47,48.69,3.86,6.6,0.494,-16.27,10,90,23.52,-4.41,-2.23,-0.038,-25.28,27,22.28,10.6,-0.041,1.434,30.15,0
MSFT,1h,200,3,dip,-6.94,-4.99,-0.208,-15.66,16,75,48.52,4.58,7.86,0.57,-16.37,10,90,23.9,-2.8,-1.41,0.009,-24.55,26,22.28,10.6,-0.041,1.434,30.15,0
MSFT,1h,200,4,dip,-4.45,-3.19,-0.1,-15.66,15,66.67,48.48,2.7,4.61,0.371,-16.09,10,90,23.52,-1.99,-1,0.032,-23.36,25,22.28,10.6,-0.041,1.434,30.15,0
MSFT,1h,200,5,dip,-3.53,-2.53,-0.058,-15.66,15,73.33,48.73,1.84,3.13,0.28,-15.99,10,80,23.71,-2.1,-1.05,0.03,-23.89,25,22.28,10.6,-0.041,1.434,30.15,0
MSFT,1h,200,7,dip,-4.31,-3.09,-0.09,-15.66,14,78.57,48.56,5.25,9.03,0.642,-15.15,7,85.71,23.61,0.37,0.18,0.1,-23.6,21,22.28,10.6,-0.041,1.434,30.15,0
MSFT,1h,200,9,dip,-6.71,-4.82,-0.195,-15.66,12,75,48.4,5.95,10.27,0.711,-14.87,6,83.33,23.71,-0.83,-0.42,0.066,-22.87,18,22.28,10.6,-0.041,1.434,30.15,0
MSFT,1h,200,12,dip,-3.45,-2.47,-0.056,-15.66,10,70,48.36,12.13,21.35,1.31,-14.72,6,83.33,23.52,7.78,3.82,0.298,-19.92,16,22.28,10.6,-0.041,1.434,30.15,0
MSFT,1h,200,15,dip,-4.76,-3.41,-0.112,-15.75,10,70,48.11,9.59,16.75,1.074,-14.72,6,83.33,22.75,5.66,2.79,0.243,-20.08,16,22.28,10.6,-0.041,1.434,30.15,0
MSFT,1h,200,20,dip,-6.08,-4.37,-0.169,-16.5,9,66.67,47.7,7.91,13.74,0.925,-14.74,5,80,20.94,6.85,3.37,0.274,-18.79,15,22.28,10.6,-0.041,1.434,30.15,0
MSFT,1h,200,25,dip,-5.84,-4.19,-0.158,-15.72,10,60,48.07,4.77,8.2,0.615,-13.05,4,75,20.08,4.94,2.45,0.225,-18.75,15,22.28,10.6,-0.041,1.434,30.15,0
MSFT,1h,200,30,dip,-14.34,-10.43,-0.452,-23.82,9,66.67,48.32,3.14,5.37,0.432,-12.89,4,75,19.69,-6.02,-3.06,-0.06,-28.14,14,22.28,10.6,-0.041,1.434,30.15,0
MSFT,1h,200,40,dip,-13.58,-9.87,-0.415,-22.98,8,62.5,49.18,2.47,4.22,0.361,-12.68,3,33.33,16.92,-5.51,-2.8,-0.045,-27.55,12,22.28,10.6,-0.041,1.434,30.15,0
MSFT,1h,200,50,dip,-14.76,-10.74,-0.458,-24.64,7,57.14,49.51,3.5,5.99,0.495,-12.44,2,100,16.44,-3.41,-1.72,0.011,-28,10,22.28,10.6,-0.041,1.434,30.15,0
MSFT,1h,200,60,dip,-7.44,-5.36,-0.14,-25.08,7,71.43,49.1,2.6,4.43,0.389,-12.44,3,33.33,17.97,6.54,3.22,0.257,-27.64,11,22.28,10.6,-0.041,1.434,30.15,0
MSFT,1h,200,75,dip,-11.09,-8.02,-0.266,-24.46,6,66.67,50.04,5.99,10.34,0.769,-12.09,2,100,16.92,5.4,2.67,0.231,-27.11,9,22.28,10.6,-0.041,1.434,30.15,0
MSFT,1h,200,100,dip,-23.57,-17.41,-0.804,-32.15,5,40,49.63,13.14,23.2,1.496,-8.82,2,100,17.88,-1.17,-0.59,0.074,-32.48,8,22.28,10.6,-0.041,1.434,30.15,1
MSFT,1h,200,125,dip,-9.39,-6.77,-0.195,-22.69,7,57.14,48.85,15.73,28.01,1.728,-8.7,3,100,19.89,18.77,9,0.506,-25.66,11,22.28,10.6,-0.041,1.434,30.15,1
MSFT,1h,200,150,dip,-2.7,-1.93,0.026,-21.52,7,71.43,47.21,5.51,9.5,0.634,-12.12,3,100,23.14,11.25,5.49,0.353,-25.74,11,22.28,10.6,-0.041,1.434,30.15,0
MSFT,1h,200,250,trend,7.11,5.01,0.474,-11.89,4,25,40.07,11.33,19.89,1.085,-8.26,3,100,41.4,19.25,9.22,0.699,-13.84,7,22.28,10.6,-0.041,1.434,30.15,0
MSFT,1h,200,300,trend,11.64,8.15,0.824,-10.44,2,50,32.57,-2.07,-3.47,-0.097,-19.43,2,50,45.51,9.33,4.57,0.404,-19.43,4,22.28,10.6,-0.041,1.434,30.15,0
MSFT,1h,250,2,dip,-9.26,-6.69,-0.31,-17.25,17,76.47,49.22,-1.56,-2.62,-0.107,-16.27,5,80,21.32,-10.79,-5.56,-0.234,-29.06,22,22.28,10.6,-0.041,1.434,30.15,0
MSFT,1h,250,3,dip,-6.63,-4.77,-0.193,-16.11,15,80,49.34,-0.91,-1.53,-0.03,-16.24,5,80,21.22,-7.8,-3.98,-0.141,-28.21,20,22.28,10.6,-0.041,1.434,30.15,0
MSFT,1h,250,4,dip,-8.61,-6.21,-0.277,-17.45,13,76.92,49.34,-0.45,-0.76,0.022,-15.97,5,80,21.13,-9.33,-4.79,-0.186,-29.13,18,22.28,10.6,-0.041,1.434,30.15,0
MSFT,1h,250,5,dip,-8.13,-5.85,-0.256,-16.74,13,69.23,49.18,-0.15,-0.25,0.057,-15.97,5,80,21.03,-7.96,-4.07,-0.144,-28.04,18,22.28,10.6,-0.041,1.434,30.15,0
MSFT,1h,250,7,dip,-7.85,-5.66,-0.243,-15.78,12,66.67,49.38,3.14,5.37,0.418,-15.62,5,80,20.75,-4.68,-2.37,-0.044,-26.9,17,22.28,10.6,-0.041,1.434,30.15,0
MSFT,1h,250,9,dip,-8.49,-6.12,-0.272,-17.59,9,66.67,49.43,1.85,3.14,0.282,-14.84,4,75,20.36,-6.53,-3.33,-0.101,-27.84,13,22.28,10.6,-0.041,1.434,30.15,0
MSFT,1h,250,12,dip,-12.49,-9.06,-0.455,-19.01,7,57.14,49.34,1.58,2.68,0.254,-14.72,3,66.67,19.79,-11.28,-5.82,-0.249,-29.2,10,22.28,10.6,-0.041,1.434,30.15,0
MSFT,1h,250,15,dip,-9.57,-6.91,-0.323,-16.23,7,57.14,49.22,3.26,5.58,0.444,-14.72,2,50,19.69,-3.52,-1.78,-0.011,-24.02,9,22.28,10.6,-0.041,1.434,30.15,0
MSFT,1h,250,20,dip,-8.93,-6.44,-0.294,-16.12,7,57.14,49.3,0.3,0.51,0.108,-14.73,3,66.67,19.98,-4.9,-2.49,-0.051,-23.66,10,22.28,10.6,-0.041,1.434,30.15,0
MSFT,1h,250,25,dip,-20.58,-15.12,-0.719,-26.47,6,66.67,49.59,2.7,4.61,0.375,-14.15,3,66.67,20.17,-14.4,-7.49,-0.295,-32.09,9,22.28,10.6,-0.041,1.434,30.15,0
MSFT,1h,250,30,dip,-22.62,-16.68,-0.809,-28.6,6,66.67,49.75,0.99,1.67,0.187,-12.93,3,33.33,20.17,-16.49,-8.63,-0.358,-33.56,9,22.28,10.6,-0.041,1.434,30.15,0
MSFT,1h,250,40,dip,-22.07,-16.26,-0.782,-27.96,5,20,49.34,-2.91,-4.87,-0.276,-12.77,2,0,18.83,-19.62,-10.36,-0.456,-32.97,7,22.28,10.6,-0.041,1.434,30.15,0
MSFT,1h,250,50,dip,-22.44,-16.54,-0.791,-29.48,4,50,49.47,5.8,10,0.727,-12.44,2,100,18.07,-11.08,-5.71,-0.195,-34.38,6,22.28,10.6,-0.041,1.434,30.15,0
MSFT,1h,250,60,dip,-8.96,-6.47,-0.192,-25.1,5,80,50.7,-0.79,-1.32,-0.024,-12.44,1,0,17.88,-2.59,-1.31,0.044,-30.3,6,22.28,10.6,-0.041,1.434,30.15,0
MSFT,1h,250,75,dip,-16.05,-11.71,-0.436,-25.94,4,75,51.19,-5.03,-8.36,-0.561,-12.47,1,0,17.59,-15.03,-7.83,-0.271,-31.08,5,22.28,10.6,-0.041,1.434,30.15,0
MSFT,1h,250,100,dip,-27.17,-20.2,-0.984,-33.64,3,33.33,47.87,-0.11,-0.19,0.053,-8.78,1,0,16.73,-20.2,-10.68,-0.46,-38.25,4,22.28,10.6,-0.041,1.434,30.15,0
MSFT,1h,250,125,dip,-13.94,-10.14,-0.359,-25.44,4,75,49.22,2.18,3.72,0.332,-8.67,1,100,17.21,-6.7,-3.42,-0.051,-30.62,5,22.28,10.6,-0.041,1.434,30.15,0
MSFT,1h,250,150,dip,-16.53,-12.07,-0.458,-25.29,4,75,49.22,3.7,6.33,0.505,-7.4,1,100,17.69,-6.08,-3.1,-0.035,-30.49,5,22.28,10.6,-0.041,1.434,30.15,0
MSFT,1h,250,200,dip,-17.74,-12.98,-0.516,-23.55,5,40,46.51,11.35,19.94,0.827,-17.86,2,100,28.97,-3.88,-1.96,0.043,-32.41,7,22.28,10.6,-0.041,1.434,30.15,0
MSFT,1h,250,300,trend,9.41,6.61,0.655,-13.67,2,50,34.78,-2.7,-4.52,-0.173,-18.68,2,50,41.49,6.46,3.19,0.304,-20.82,4,22.28,10.6,-0.041,1.434,30.15,0
MSFT,1h,300,2,dip,-10.4,-7.52,-0.357,-18.56,15,53.33,49.22,4.26,7.3,0.53,-14.84,6,83.33,22.08,-6.91,-3.52,-0.109,-29.14,21,22.28,10.6,-0.041,1.434,30.15,0
MSFT,1h,300,3,dip,-10.25,-7.41,-0.35,-18.58,14,64.29,49.14,1.45,2.46,0.235,-14.72,5,60,22.08,-9.26,-4.75,-0.182,-28.93,19,22.28,10.6,-0.041,1.434,30.15,0
MSFT,1h,300,4,dip,-13.65,-9.92,-0.505,-20.85,12,58.33,49.34,4.14,7.09,0.529,-14.72,5,80,22.08,-9.79,-5.03,-0.198,-30.44,17,22.28,10.6,-0.041,1.434,30.15,0
MSFT,1h,300,5,dip,-11.45,-8.29,-0.399,-19.04,11,63.64,49.43,2.93,5,0.397,-14.72,4,75,22.08,-8.59,-4.4,-0.159,-28.88,15,22.28,10.6,-0.041,1.434,30.15,0
MSFT,1h,300,7,dip,-11.47,-8.3,-0.402,-18.8,8,62.5,49.43,-0.1,-0.16,0.065,-14.72,4,75,22.28,-11.95,-6.17,-0.263,-29.04,12,22.28,10.6,-0.041,1.434,30.15,0
MSFT,1h,300,9,dip,-12.65,-9.18,-0.459,-19.21,7,57.14,49.63,0.91,1.54,0.175,-14.72,3,66.67,22.56,-12.03,-6.22,-0.264,-29.13,10,22.28,10.6,-0.041,1.434,30.15,0
MSFT,1h,300,12,dip,-14,-10.18,-0.522,-19.79,7,57.14,49.63,-1.61,-2.71,-0.101,-14.74,2,50,22.75,-12.57,-6.51,-0.28,-27.57,9,22.28,10.6,-0.041,1.434,30.15,0
MSFT,1h,300,15,dip,-13.67,-9.94,-0.506,-19.34,6,50,49.75,-0.11,-0.19,0.065,-14.15,2,50,22.75,-10.5,-5.4,-0.215,-26.32,8,22.28,10.6,-0.041,1.434,30.15,0
MSFT,1h,300,20,dip,-20.34,-14.94,-0.753,-26.17,5,40,50.08,12.11,21.32,0.901,-12.89,1,100,23.23,-6.9,-3.51,-0.056,-31.3,6,22.28,10.6,-0.041,1.434,30.15,0
MSFT,1h,300,25,dip,-23.51,-17.37,-0.846,-29.27,4,50,50.12,11.32,19.88,0.853,-12.97,1,100,23.04,-10.48,-5.39,-0.135,-34.18,5,22.28,10.6,-0.041,1.434,30.15,0
MSFT,1h,300,30,dip,-21.79,-16.05,-0.768,-27.68,4,50,50,10.24,17.91,0.785,-12.77,1,100,22.85,-8.63,-4.42,-0.089,-32.71,5,22.28,10.6,-0.041,1.434,30.15,0
MSFT,1h,300,40,dip,-19.42,-14.25,-0.663,-26.29,4,50,49.79,13.61,24.08,0.985,-12.44,1,100,22.66,-2.56,-1.29,0.054,-31.42,5,22.28,10.6,-0.041,1.434,30.15,0
MSFT,1h,300,50,dip,-18.67,-13.68,-0.628,-25.9,4,50,49.67,17.48,31.3,1.219,-12.44,1,100,22.18,4.61,2.28,0.212,-31.05,5,22.28,10.6,-0.041,1.434,30.15,0
MSFT,1h,300,60,dip,-15.59,-11.36,-0.443,-25.1,4,75,49.18,18.65,33.52,1.292,-12.44,1,100,21.7,7.7,3.79,0.274,-30.3,5,22.28,10.6,-0.041,1.434,30.15,0
MSFT,1h,300,75,dip,-13.59,-9.87,-0.365,-25.1,4,75,49.06,13.32,23.53,0.982,-12.47,1,100,20.75,4.3,2.13,0.206,-30.3,5,22.28,10.6,-0.041,1.434,30.15,0
MSFT,1h,300,100,dip,-17.93,-13.12,-0.517,-24.92,3,66.67,47.87,16.38,29.24,1.171,-10.74,1,100,20.36,5.03,2.49,0.221,-30.13,4,22.28,10.6,-0.041,1.434,30.15,0
MSFT,1h,300,125,dip,-15.86,-11.56,-0.441,-22.62,3,66.67,46.76,18.24,32.74,1.276,-10.74,1,100,20.75,6.3,3.11,0.246,-27.99,4,22.28,10.6,-0.041,1.434,30.15,0
MSFT,1h,300,150,dip,-14.91,-10.86,-0.408,-23.33,3,66.67,46.23,18.36,32.96,1.286,-9.93,1,100,20.65,9.93,4.85,0.316,-28.66,4,22.28,10.6,-0.041,1.434,30.15,0
MSFT,1h,300,200,dip,-21.45,-15.79,-0.68,-24.02,3,33.33,44.79,28.13,52.05,1.768,-12.44,1,100,23.52,4.47,2.21,0.211,-29.3,4,22.28,10.6,-0.041,1.434,30.15,1
MSFT,1h,300,250,dip,-13,-9.44,-0.371,-22.29,3,33.33,41.51,26.95,49.68,1.701,-12.44,1,100,24.86,16.45,7.93,0.435,-27.69,4,22.28,10.6,-0.041,1.434,30.15,1
