symbol,interval,fast,slow,style,is_return,is_cagr,is_sharpe,is_maxdd,is_trades,is_winrate,is_exposure,oos_return,oos_cagr,oos_sharpe,oos_maxdd,oos_trades,oos_winrate,oos_exposure,full_return,full_cagr,full_sharpe,full_maxdd,full_trades,bh_full_return,bh_full_cagr,bh_is_sharpe,bh_oos_sharpe,bh_oos_return,oos_beats_bh_sharpe
SPY,1d,2,3,trend,-47.06,-2.66,-0.166,-73.28,710,39.72,58.45,58.22,4.64,0.465,-23.97,303,48.84,62.56,-16.51,-0.53,0.013,-73.28,1015,3072.66,10.81,0.556,0.873,311.77,0
SPY,1d,2,4,trend,-41.99,-2.29,-0.132,-73.11,624,38.94,58.72,55.23,4.44,0.45,-26.75,262,43.89,63.43,-10.37,-0.32,0.031,-73.11,887,3072.66,10.81,0.556,0.873,311.77,0
SPY,1d,2,5,trend,-27.53,-1.36,-0.055,-65.29,571,38.18,59.57,61.17,4.83,0.488,-29.77,231,45.02,64.33,15.61,0.43,0.095,-65.29,803,3072.66,10.81,0.556,0.873,311.77,0
SPY,1d,2,7,trend,-0.69,-0.03,0.057,-48.62,495,36.97,60.31,64.77,5.06,0.512,-31.28,199,43.72,65.59,62.54,1.45,0.183,-48.62,694,3072.66,10.81,0.556,0.873,311.77,0
SPY,1d,2,9,trend,26.32,1,0.144,-40.55,426,33.57,61.23,73.07,5.57,0.558,-34.38,170,44.71,67.2,117.17,2.33,0.261,-40.55,596,3072.66,10.81,0.556,0.873,311.77,0
SPY,1d,2,12,trend,25.22,0.96,0.141,-41.57,369,33.6,62.35,105.31,7.37,0.725,-23.04,137,48.91,68.11,146.98,2.72,0.296,-41.57,508,3072.66,10.81,0.556,0.873,311.77,0
SPY,1d,2,15,trend,33.58,1.24,0.165,-37.08,334,34.43,63.05,88.39,6.46,0.647,-28.1,123,43.09,68.78,142.06,2.66,0.291,-37.08,459,3072.66,10.81,0.556,0.873,311.77,0
SPY,1d,2,20,trend,37.09,1.35,0.176,-42.06,284,33.45,64,118.32,8.02,0.789,-18.3,110,42.73,69.84,188.62,3.2,0.341,-42.06,396,3072.66,10.81,0.556,0.873,311.77,0
SPY,1d,2,25,trend,41.84,1.5,0.19,-40.9,256,31.25,64.89,137.24,8.91,0.859,-18.44,94,39.36,71.37,221.88,3.53,0.372,-40.9,352,3072.66,10.81,0.556,0.873,311.77,0
SPY,1d,2,30,trend,51.21,1.77,0.215,-43.48,230,31.3,65.84,151.08,9.53,0.905,-16.01,84,41.67,72.16,263.36,3.91,0.406,-43.48,318,3072.66,10.81,0.556,0.873,311.77,1
SPY,1d,2,40,trend,118.21,3.37,0.356,-40.89,191,33.51,67.42,165.78,10.14,0.932,-16.91,67,46.27,73.81,448.5,5.18,0.514,-40.89,261,3072.66,10.81,0.556,0.873,311.77,1
SPY,1d,2,50,trend,165.22,4.23,0.424,-43.07,158,36.08,68.72,160.87,9.94,0.909,-17.12,61,49.18,75.74,550.43,5.72,0.551,-43.07,222,3072.66,10.81,0.556,0.873,311.77,1
SPY,1d,2,60,trend,191.06,4.64,0.458,-42.02,143,34.97,69.49,120.33,8.12,0.767,-16.87,49,44.9,69.05,595.75,5.93,0.568,-42.02,195,3072.66,10.81,0.556,0.873,311.77,0
SPY,1d,2,75,trend,171.74,4.34,0.429,-50.74,138,30.43,70.66,109.48,7.58,0.735,-15.21,44,40.91,65.95,596.08,5.93,0.563,-50.74,185,3072.66,10.81,0.556,0.873,311.77,0
SPY,1d,2,100,trend,240.44,5.34,0.503,-48.25,104,32.69,71.72,142.36,9.15,0.855,-16.26,36,38.89,67.13,915.42,7.13,0.65,-48.25,141,3072.66,10.81,0.556,0.873,311.77,0
SPY,1d,2,125,trend,314.67,6.23,0.574,-43.79,86,30.23,69.54,135.29,8.83,0.814,-24.48,30,40,68.58,1086.09,7.62,0.686,-43.79,117,3072.66,10.81,0.556,0.873,311.77,0
SPY,1d,2,150,trend,358.66,6.68,0.602,-37.54,85,27.06,70.39,103.92,7.3,0.68,-27.96,31,35.48,68.46,1043.81,7.51,0.666,-37.54,117,3072.66,10.81,0.556,0.873,311.77,0
SPY,1d,2,200,trend,420.57,7.26,0.637,-23.78,62,30.65,71.95,103.57,7.28,0.68,-31.11,25,32,64.02,1224.71,7.98,0.689,-31.11,88,3072.66,10.81,0.556,0.873,311.77,0
SPY,1d,2,250,trend,461.67,7.6,0.647,-26.32,45,31.11,73.39,83.78,6.2,0.562,-32.53,21,33.33,65.83,1216.72,7.96,0.667,-32.53,66,3072.66,10.81,0.556,0.873,311.77,0
SPY,1d,2,300,trend,564.81,8.38,0.696,-25.36,32,31.25,74.33,129.89,8.58,0.731,-23.05,19,42.11,66.89,1822.5,9.18,0.745,-25.36,51,3072.66,10.81,0.556,0.873,311.77,0
SPY,1d,3,2,dip,512.64,8,0.601,-37.31,711,69.62,41.41,81.64,6.08,0.49,-30.75,304,68.75,37.28,1007.04,7.4,0.567,-37.31,1016,3072.66,10.81,0.556,0.873,311.77,0
SPY,1d,3,4,trend,-31.8,-1.61,-0.077,-63.52,528,37.12,59.4,59.37,4.71,0.484,-30.42,214,44.86,63.9,7.97,0.23,0.078,-63.52,742,3072.66,10.81,0.556,0.873,311.77,0
SPY,1d,3,5,trend,-14.46,-0.66,0.003,-55.15,476,37.82,59.5,86.77,6.37,0.63,-25.96,197,43.65,64.81,58.7,1.38,0.177,-55.15,673,3072.66,10.81,0.556,0.873,311.77,0
SPY,1d,3,7,trend,37.61,1.36,0.175,-42.22,396,35.86,60.83,89.63,6.53,0.641,-31.1,162,46.3,66.57,159.21,2.87,0.307,-42.22,558,3072.66,10.81,0.556,0.873,311.77,0
SPY,1d,3,9,trend,29.22,1.09,0.152,-44.68,355,34.93,61.71,116.82,7.95,0.772,-16.41,134,50,67.36,178.48,3.09,0.327,-44.68,489,3072.66,10.81,0.556,0.873,311.77,0
SPY,1d,3,12,trend,25.46,0.97,0.142,-44.58,308,36.04,62.48,104.84,7.35,0.732,-16.6,110,51.82,68.15,148.36,2.74,0.3,-44.58,419,3072.66,10.81,0.556,0.873,311.77,0
SPY,1d,3,15,trend,27.9,1.05,0.149,-42.78,275,34.55,63.37,141.78,9.12,0.899,-16.05,101,46.53,68.7,199.44,3.31,0.351,-42.78,377,3072.66,10.81,0.556,0.873,311.77,1
SPY,1d,3,20,trend,31.24,1.16,0.16,-45.36,239,33.05,63.95,146.14,9.31,0.901,-18.74,90,44.44,70.19,212.82,3.45,0.364,-45.36,330,3072.66,10.81,0.556,0.873,311.77,1
SPY,1d,3,25,trend,49.54,1.72,0.21,-37.25,207,35.27,65.25,163.23,10.04,0.954,-15.36,73,43.84,71.1,279.75,4.04,0.416,-37.25,281,3072.66,10.81,0.556,0.873,311.77,1
SPY,1d,3,30,trend,62.76,2.09,0.243,-39.83,191,32.98,65.84,176.72,10.58,1.003,-15.92,64,45.31,71.92,331.64,4.44,0.454,-39.83,258,3072.66,10.81,0.556,0.873,311.77,1
SPY,1d,3,40,trend,133.18,3.66,0.379,-41.06,159,35.85,67.67,151.51,9.55,0.888,-17.63,52,46.15,73.89,460.56,5.25,0.518,-41.06,212,3072.66,10.81,0.556,0.873,311.77,1
SPY,1d,3,50,trend,202.86,4.82,0.473,-35.82,129,39.53,68.9,146.81,9.34,0.868,-16.99,49,42.86,75.34,616.58,6.02,0.577,-35.82,179,3072.66,10.81,0.556,0.873,311.77,0
SPY,1d,3,60,trend,251.39,5.48,0.528,-39.31,115,36.52,69.8,151.96,9.57,0.89,-17.27,39,48.72,69.37,857.78,6.94,0.651,-39.31,157,3072.66,10.81,0.556,0.873,311.77,1
SPY,1d,3,75,trend,227.22,5.16,0.491,-46.75,107,34.58,71.25,111.75,7.7,0.744,-16.99,37,43.24,65.87,734.8,6.51,0.605,-46.75,146,3072.66,10.81,0.556,0.873,311.77,0
SPY,1d,3,100,trend,262.12,5.62,0.528,-50.84,83,33.73,68.9,177.37,10.61,0.976,-13.79,27,37.04,67.32,1122.86,7.72,0.7,-50.84,111,3072.66,10.81,0.556,0.873,311.77,1
SPY,1d,3,125,trend,304.04,6.11,0.56,-44.14,75,32,69.63,134.3,8.78,0.813,-21.41,22,36.36,67.44,1059.42,7.55,0.675,-44.14,98,3072.66,10.81,0.556,0.873,311.77,0
SPY,1d,3,150,trend,395.14,7.03,0.627,-28.8,66,25.76,70.4,112.66,7.74,0.719,-28.58,25,36,68.38,1162.09,7.82,0.689,-28.8,92,3072.66,10.81,0.556,0.873,311.77,0
SPY,1d,3,200,trend,447.75,7.49,0.652,-21.13,50,34,72.02,101.38,7.16,0.676,-32.24,20,30,63.98,1307.1,8.17,0.703,-32.24,70,3072.66,10.81,0.556,0.873,311.77,0
SPY,1d,3,250,trend,510.4,7.98,0.675,-24.51,38,39.47,73.5,89.73,6.54,0.587,-29.26,17,41.18,65.59,1377.3,8.33,0.693,-29.26,55,3072.66,10.81,0.556,0.873,311.77,0
SPY,1d,3,300,trend,582.3,8.5,0.704,-22.39,27,29.63,74.36,126.97,8.44,0.713,-22.05,17,41.18,66.93,1829.31,9.19,0.743,-22.39,45,3072.66,10.81,0.556,0.873,311.77,0
SPY,1d,4,2,dip,519.87,8.05,0.604,-29.81,625,70.4,41.14,93.83,6.76,0.537,-27.87,262,68.7,36.3,1102.48,7.67,0.585,-29.81,888,3072.66,10.81,0.556,0.873,311.77,0
SPY,1d,4,3,dip,494.51,7.86,0.593,-29.81,528,70.83,40.42,99.59,7.07,0.549,-29.92,214,70.09,35.67,1092.98,7.64,0.581,-29.92,743,3072.66,10.81,0.556,0.873,311.77,0
SPY,1d,4,5,trend,0.27,0.01,0.06,-51.61,412,35.92,60.07,87.44,6.41,0.635,-29.41,169,49.11,65.63,86.7,1.87,0.22,-51.61,581,3072.66,10.81,0.556,0.873,311.77,0
SPY,1d,4,7,trend,-2.11,-0.09,0.05,-54.12,350,34,61.28,107.92,7.5,0.736,-17.79,134,48.51,66.26,102.17,2.11,0.242,-54.12,484,3072.66,10.81,0.556,0.873,311.77,0
SPY,1d,4,9,trend,15.53,0.61,0.111,-50.07,309,35.92,61.79,118.49,8.03,0.782,-14.97,117,52.99,67.75,151.34,2.78,0.3,-50.07,426,3072.66,10.81,0.556,0.873,311.77,0
SPY,1d,4,12,trend,29.6,1.11,0.154,-41.57,270,36.3,62.87,120.87,8.15,0.803,-15.85,94,47.87,68.58,176.45,3.07,0.328,-41.57,365,3072.66,10.81,0.556,0.873,311.77,0
SPY,1d,4,15,trend,33.7,1.24,0.166,-45.8,246,34.55,63.68,132.65,8.7,0.848,-19.42,88,44.32,69.09,201.2,3.33,0.351,-45.8,335,3072.66,10.81,0.556,0.873,311.77,0
SPY,1d,4,20,trend,41.07,1.47,0.187,-43.14,205,34.15,64.92,152.09,9.57,0.923,-15.38,74,44.59,70.15,242.38,3.72,0.388,-43.14,281,3072.66,10.81,0.556,0.873,311.77,1
SPY,1d,4,25,trend,52.92,1.82,0.218,-39.87,185,34.05,65.26,167.88,10.23,0.972,-15.8,63,44.44,71.25,295.19,4.17,0.426,-39.87,249,3072.66,10.81,0.556,0.873,311.77,1
SPY,1d,4,30,trend,71.75,2.32,0.261,-42.24,166,34.34,66.21,172.08,10.4,0.972,-15.99,53,39.62,72.47,347.08,4.55,0.456,-42.24,221,3072.66,10.81,0.556,0.873,311.77,1
SPY,1d,4,40,trend,173.12,4.36,0.436,-35.55,135,37.78,67.81,157.08,9.78,0.905,-19.11,45,48.89,73.85,571.13,5.82,0.562,-35.55,181,3072.66,10.81,0.556,0.873,311.77,1
SPY,1d,4,50,trend,219.62,5.06,0.491,-41.17,111,39.64,69.12,144.41,9.24,0.857,-17.69,45,42.22,75.58,645.95,6.15,0.586,-41.17,156,3072.66,10.81,0.556,0.873,311.77,0
SPY,1d,4,60,trend,245.97,5.41,0.516,-42.64,96,42.71,70.08,117.06,7.96,0.772,-19.58,31,48.39,65.12,771.69,6.64,0.621,-42.64,130,3072.66,10.81,0.556,0.873,311.77,0
SPY,1d,4,75,trend,280.97,5.84,0.546,-44.02,89,35.96,71.28,133.81,8.76,0.835,-15.83,29,48.28,65.87,967.84,7.29,0.667,-44.02,120,3072.66,10.81,0.556,0.873,311.77,0
SPY,1d,4,100,trend,332.73,6.42,0.589,-45.53,69,36.23,68.89,149.72,9.47,0.871,-17.69,22,40.91,67.44,1200.73,7.92,0.71,-45.53,92,3072.66,10.81,0.556,0.873,311.77,0
SPY,1d,4,125,trend,341.5,6.51,0.59,-41.15,64,31.25,69.78,137.66,8.93,0.829,-24.56,18,44.44,67.56,1178.35,7.86,0.697,-41.15,83,3072.66,10.81,0.556,0.873,311.77,0
SPY,1d,4,150,trend,316.85,6.25,0.563,-29.38,60,28.33,70.44,122.71,8.24,0.757,-27.07,24,41.67,68.38,1008.69,7.41,0.653,-29.38,86,3072.66,10.81,0.556,0.873,311.77,0
SPY,1d,4,200,trend,419.72,7.25,0.632,-22.45,47,36.17,72.16,104.69,7.34,0.689,-29.22,19,31.58,64.18,1257.03,8.05,0.692,-29.22,66,3072.66,10.81,0.556,0.873,311.77,0
SPY,1d,4,250,trend,565.12,8.38,0.702,-24.43,34,38.24,73.59,106.08,7.41,0.652,-27.07,14,42.86,65.83,1657.09,8.89,0.731,-27.07,48,3072.66,10.81,0.556,0.873,311.77,0
SPY,1d,4,300,trend,631.13,8.81,0.724,-22.17,20,40,74.41,133.91,8.76,0.741,-22.47,12,50,66.18,1994.76,9.46,0.76,-22.47,33,3072.66,10.81,0.556,0.873,311.77,0
SPY,1d,5,2,dip,431.34,7.35,0.56,-32.06,571,70.4,40.25,93.37,6.74,0.534,-29.03,231,68.83,35.23,935.48,7.19,0.554,-32.06,804,3072.66,10.81,0.556,0.873,311.77,0
SPY,1d,5,3,dip,404.54,7.11,0.542,-32.51,476,72.9,40.32,73.82,5.62,0.454,-34.35,197,71.57,34.76,781.7,6.68,0.517,-34.35,674,3072.66,10.81,0.556,0.873,311.77,0
SPY,1d,5,4,dip,375.49,6.84,0.524,-35.07,412,74.03,39.73,79.11,5.93,0.473,-37.53,169,73.37,33.94,756.23,6.59,0.51,-37.53,582,3072.66,10.81,0.556,0.873,311.77,0
SPY,1d,5,7,trend,-1.23,-0.05,0.053,-52.44,319,34.8,61.44,103.19,7.26,0.713,-15.85,127,50.39,67.01,99.82,2.08,0.239,-52.44,446,3072.66,10.81,0.556,0.873,311.77,0
SPY,1d,5,9,trend,13.55,0.54,0.104,-49.28,282,35.46,62.28,113.52,7.79,0.765,-13.98,100,49,67.91,141.4,2.65,0.29,-49.28,382,3072.66,10.81,0.556,0.873,311.77,0
SPY,1d,5,12,trend,30.56,1.14,0.157,-41.97,244,34.43,63.34,139.72,9.03,0.884,-18.46,84,46.43,68.78,201.59,3.33,0.352,-41.97,329,3072.66,10.81,0.556,0.873,311.77,1
SPY,1d,5,15,trend,36.54,1.33,0.174,-41.98,212,36.32,63.98,143.57,9.2,0.888,-16.97,74,48.65,69.45,221.48,3.53,0.37,-41.98,286,3072.66,10.81,0.556,0.873,311.77,1
SPY,1d,5,20,trend,62.78,2.09,0.241,-37.64,184,35.87,65.03,142.84,9.17,0.875,-17.38,66,42.42,70.63,280.84,4.05,0.415,-37.64,249,3072.66,10.81,0.556,0.873,311.77,1
SPY,1d,5,25,trend,68.22,2.23,0.253,-44.87,168,35.12,65.6,156.31,9.75,0.925,-16.65,55,41.82,71.61,316.05,4.33,0.438,-44.87,223,3072.66,10.81,0.556,0.873,311.77,1
SPY,1d,5,30,trend,101.12,3.01,0.321,-37.4,149,36.91,66.29,170.46,10.33,0.959,-19.71,46,47.83,72.75,415.33,4.99,0.494,-37.4,197,3072.66,10.81,0.556,0.873,311.77,1
SPY,1d,5,40,trend,158.9,4.12,0.414,-36.55,123,39.84,67.99,184.21,10.88,0.99,-17.62,41,48.78,74.16,606.32,5.98,0.573,-36.55,165,3072.66,10.81,0.556,0.873,311.77,1
SPY,1d,5,50,trend,239.34,5.33,0.512,-40.17,100,41,69,153.71,9.64,0.892,-15.25,40,45,75.82,720.89,6.45,0.609,-40.17,141,3072.66,10.81,0.556,0.873,311.77,1
SPY,1d,5,60,trend,270.01,5.71,0.539,-42.19,91,39.56,70.05,126.96,8.44,0.816,-19.47,25,56,65.12,899.35,7.08,0.655,-42.19,119,3072.66,10.81,0.556,0.873,311.77,0
SPY,1d,5,75,trend,338.36,6.48,0.595,-39.54,80,37.5,71.26,129.75,8.57,0.819,-14.8,27,48.15,65.91,1112.71,7.69,0.698,-39.54,109,3072.66,10.81,0.556,0.873,311.77,0
SPY,1d,5,100,trend,375.65,6.85,0.62,-44.57,64,37.5,69.04,136.13,8.86,0.83,-21.39,19,47.37,66.34,1248.58,8.03,0.716,-44.57,84,3072.66,10.81,0.556,0.873,311.77,0
SPY,1d,5,125,trend,287.2,5.92,0.543,-45.93,61,27.87,69.73,150.17,9.49,0.877,-22.09,17,47.06,67.24,1080.12,7.61,0.678,-45.93,79,3072.66,10.81,0.556,0.873,311.77,1
SPY,1d,5,150,trend,298.92,6.05,0.547,-29.21,56,28.57,70.42,142.14,9.14,0.836,-24.27,17,47.06,68.34,1060.57,7.55,0.665,-29.21,74,3072.66,10.81,0.556,0.873,311.77,0
SPY,1d,5,200,trend,432.66,7.36,0.637,-22.47,41,39.02,72.12,95.08,6.83,0.634,-27.46,17,35.29,63.94,1225.51,7.98,0.681,-27.46,58,3072.66,10.81,0.556,0.873,311.77,0
SPY,1d,5,250,trend,563.95,8.37,0.701,-25.4,28,35.71,73.61,111.24,7.67,0.671,-25.25,13,46.15,65.67,1698.64,8.96,0.736,-25.4,41,3072.66,10.81,0.556,0.873,311.77,0
SPY,1d,5,300,trend,623.53,8.77,0.718,-23.93,21,38.1,74.4,123.64,8.28,0.704,-26.01,13,38.46,66.26,1923,9.34,0.75,-26.01,35,3072.66,10.81,0.556,0.873,311.77,0
SPY,1d,7,2,dip,324.78,6.33,0.492,-35.73,495,72.93,39.51,96.56,6.91,0.538,-35.5,199,72.86,33.98,739.43,6.52,0.506,-35.73,695,3072.66,10.81,0.556,0.873,311.77,0
SPY,1d,7,3,dip,253.19,5.5,0.436,-39.52,396,73.99,38.97,78.54,5.9,0.473,-36.81,162,74.69,32.99,533.97,5.64,0.448,-39.52,559,3072.66,10.81,0.556,0.873,311.77,0
SPY,1d,7,4,dip,424.69,7.29,0.549,-38.71,350,76.29,38.51,68.29,5.28,0.43,-35.42,134,74.63,33.27,788.31,6.7,0.515,-38.71,485,3072.66,10.81,0.556,0.873,311.77,0
SPY,1d,7,5,dip,439.73,7.42,0.557,-39.37,319,78.68,38.36,73.66,5.61,0.453,-32.88,127,71.65,32.52,840.68,6.88,0.527,-39.37,447,3072.66,10.81,0.556,0.873,311.77,0
SPY,1d,7,9,trend,32.84,1.21,0.163,-41.77,240,35,62.99,151.78,9.56,0.933,-16.66,84,47.62,68.62,231.95,3.63,0.376,-41.77,324,3072.66,10.81,0.556,0.873,311.77,1
SPY,1d,7,12,trend,46.89,1.65,0.201,-39.42,198,35.35,63.95,148.28,9.41,0.904,-17.3,68,47.06,69.25,249.79,3.79,0.392,-39.42,268,3072.66,10.81,0.556,0.873,311.77,1
SPY,1d,7,15,trend,54.48,1.86,0.22,-41.36,183,34.43,64.49,136.78,8.89,0.854,-20.93,62,41.94,69.88,253.36,3.82,0.394,-41.36,247,3072.66,10.81,0.556,0.873,311.77,0
SPY,1d,7,20,trend,72.99,2.35,0.263,-40.44,160,36.25,65.36,137.87,8.94,0.85,-19.08,53,45.28,70.94,293.89,4.16,0.422,-40.44,214,3072.66,10.81,0.556,0.873,311.77,0
SPY,1d,7,25,trend,114.7,3.3,0.347,-32.75,139,38.13,65.9,141.92,9.13,0.86,-20.77,43,44.19,72.04,396.52,4.87,0.485,-32.75,184,3072.66,10.81,0.556,0.873,311.77,0
SPY,1d,7,30,trend,91.68,2.8,0.302,-39.27,128,36.72,66.58,145.76,9.3,0.867,-19.52,40,50,72.91,356.14,4.61,0.46,-39.27,169,3072.66,10.81,0.556,0.873,311.77,0
SPY,1d,7,40,trend,183.29,4.52,0.444,-39.83,99,41.41,68.19,176.35,10.57,0.97,-15.15,36,52.78,74.28,651.46,6.17,0.586,-39.83,136,3072.66,10.81,0.556,0.873,311.77,1
SPY,1d,7,50,trend,265.44,5.66,0.535,-41.86,88,38.64,69.32,144.72,9.25,0.854,-20.72,29,48.28,76.13,755.1,6.58,0.616,-41.86,118,3072.66,10.81,0.556,0.873,311.77,0
SPY,1d,7,60,trend,330.29,6.39,0.59,-37.01,79,41.77,70.34,192.69,11.2,1.009,-15.67,23,56.52,77.43,1127.46,7.73,0.704,-37.01,103,3072.66,10.81,0.556,0.873,311.77,1
SPY,1d,7,75,trend,520.7,8.06,0.714,-31,57,42.11,71.6,130.1,8.59,0.804,-18.67,21,47.62,66.22,1650.48,8.87,0.782,-31,80,3072.66,10.81,0.556,0.873,311.77,0
SPY,1d,7,100,trend,418.24,7.24,0.651,-33.12,52,38.46,68.84,147.21,9.36,0.875,-20.51,17,47.06,66.02,1425.37,8.43,0.748,-33.12,70,3072.66,10.81,0.556,0.873,311.77,1
SPY,1d,7,125,trend,276.8,5.79,0.53,-42,56,33.93,69.61,165.94,10.15,0.931,-21.47,14,57.14,67.44,1116.25,7.7,0.682,-42,71,3072.66,10.81,0.556,0.873,311.77,1
SPY,1d,7,150,trend,431.03,7.35,0.645,-23.98,42,40.48,70.86,149.34,9.45,0.875,-25.85,14,42.86,63,1592.03,8.76,0.754,-25.85,57,3072.66,10.81,0.556,0.873,311.77,1
SPY,1d,7,200,trend,638.83,8.86,0.747,-19.22,29,48.28,72.31,84.59,6.25,0.578,-27.76,14,42.86,64.06,1630.26,8.84,0.74,-27.76,43,3072.66,10.81,0.556,0.873,311.77,0
SPY,1d,7,250,trend,619.38,8.74,0.725,-26.21,23,43.48,73.52,95.83,6.87,0.602,-26.59,12,41.67,65.79,1690.45,8.95,0.73,-26.59,35,3072.66,10.81,0.556,0.873,311.77,0
SPY,1d,7,300,trend,562.18,8.36,0.687,-25.26,22,36.36,74.5,130.06,8.58,0.725,-24.51,8,50,65.87,1837.05,9.2,0.737,-25.26,30,3072.66,10.81,0.556,0.873,311.77,0
SPY,1d,9,2,dip,271.14,5.73,0.447,-41.22,426,74.88,38.56,93.75,6.76,0.526,-36.69,170,72.94,32.36,622.95,6.05,0.472,-41.22,597,3072.66,10.81,0.556,0.873,311.77,0
SPY,1d,9,3,dip,295.09,6.01,0.467,-38.71,355,75.21,38.09,61.38,4.84,0.402,-35.21,134,74.63,32.17,541.03,5.67,0.449,-38.71,490,3072.66,10.81,0.556,0.873,311.77,0
SPY,1d,9,4,dip,366.99,6.76,0.514,-39.86,309,77.99,38.01,63.45,4.98,0.41,-33.15,117,71.79,31.77,666.05,6.23,0.485,-39.86,427,3072.66,10.81,0.556,0.873,311.77,0
SPY,1d,9,5,dip,390.78,6.99,0.528,-40.92,282,78.72,37.52,70.71,5.43,0.439,-30.8,100,75,31.62,740.83,6.53,0.503,-40.92,383,3072.66,10.81,0.556,0.873,311.77,0
SPY,1d,9,7,dip,341.22,6.51,0.498,-43.41,240,77.08,36.81,47.81,3.94,0.339,-30.8,83,72.29,30.87,555.96,5.75,0.452,-43.41,324,3072.66,10.81,0.556,0.873,311.77,0
SPY,1d,9,12,trend,60.43,2.03,0.234,-39,179,35.2,64.37,142.92,9.17,0.879,-20.56,61,45.9,69.76,275.43,4.01,0.41,-39,241,3072.66,10.81,0.556,0.873,311.77,1
SPY,1d,9,15,trend,79.22,2.51,0.276,-37.82,156,35.9,64.69,134.14,8.77,0.839,-19.92,57,43.86,70.27,307.95,4.26,0.431,-37.82,211,3072.66,10.81,0.556,0.873,311.77,0
SPY,1d,9,20,trend,131.25,3.62,0.371,-30.49,138,39.86,65.99,152.62,9.59,0.895,-16.61,45,48.89,71.77,458.43,5.24,0.512,-30.49,185,3072.66,10.81,0.556,0.873,311.77,1
SPY,1d,9,25,trend,79.88,2.52,0.278,-39.39,123,37.4,66.1,163.1,10.03,0.931,-20.06,39,46.15,72.32,352.21,4.58,0.457,-39.39,165,3072.66,10.81,0.556,0.873,311.77,1
SPY,1d,9,30,trend,146.54,3.91,0.395,-35.29,111,41.44,67.02,177.58,10.62,0.978,-16.78,35,57.14,73.14,556.97,5.75,0.555,-35.29,148,3072.66,10.81,0.556,0.873,311.77,1
SPY,1d,9,40,trend,221.09,5.08,0.488,-40.14,91,39.56,68.57,157.16,9.79,0.897,-15.22,36,50,74.75,690.59,6.33,0.595,-40.14,129,3072.66,10.81,0.556,0.873,311.77,1
SPY,1d,9,50,trend,330.43,6.39,0.591,-38.03,75,41.33,69.46,169.93,10.31,0.933,-17.49,25,56,76.56,1028.31,7.46,0.682,-38.03,101,3072.66,10.81,0.556,0.873,311.77,1
SPY,1d,9,60,trend,480.3,7.75,0.694,-30.46,61,45.9,70.55,176.68,10.58,0.945,-17.96,20,55,77.7,1474.95,8.53,0.761,-30.46,81,3072.66,10.81,0.556,0.873,311.77,1
SPY,1d,9,75,trend,404.32,7.11,0.638,-33.41,55,43.64,71.67,127.84,8.48,0.804,-20.44,18,44.44,65.2,1302.52,8.16,0.724,-33.41,74,3072.66,10.81,0.556,0.873,311.77,0
SPY,1d,9,100,trend,351.6,6.61,0.6,-37.37,44,43.18,68.9,153.75,9.64,0.898,-22.57,15,53.33,66.38,1264.42,8.07,0.718,-37.37,60,3072.66,10.81,0.556,0.873,311.77,1
SPY,1d,9,125,trend,321.28,6.3,0.569,-38.35,48,33.33,69.75,159.2,9.87,0.896,-23.54,13,53.85,67.48,1211.71,7.94,0.697,-38.35,62,3072.66,10.81,0.556,0.873,311.77,1
SPY,1d,9,150,trend,386.32,6.95,0.613,-24.08,35,42.86,70.72,128.64,8.52,0.786,-27.74,12,50,63,1318.41,8.2,0.707,-27.74,47,3072.66,10.81,0.556,0.873,311.77,0
SPY,1d,9,200,trend,561.75,8.35,0.708,-25.54,27,48.15,72.44,98.84,7.03,0.641,-26.46,12,50,64.02,1587.46,8.75,0.733,-26.46,39,3072.66,10.81,0.556,0.873,311.77,0
SPY,1d,9,250,trend,598.89,8.61,0.712,-26.25,20,40,73.64,120.35,8.12,0.7,-23.43,10,50,65.24,1802.6,9.14,0.742,-26.25,30,3072.66,10.81,0.556,0.873,311.77,0
SPY,1d,9,300,trend,577.53,8.46,0.691,-24.94,18,44.44,74.65,133.45,8.74,0.726,-24.87,7,42.86,65.87,1864.94,9.25,0.735,-24.94,25,3072.66,10.81,0.556,0.873,311.77,0
SPY,1d,12,2,dip,294.34,6,0.464,-40.1,368,76.9,37.35,74.87,5.68,0.455,-35.1,138,76.09,31.3,594.94,5.93,0.463,-40.1,508,3072.66,10.81,0.556,0.873,311.77,0
SPY,1d,12,3,dip,321.4,6.3,0.482,-41.52,307,77.85,37.2,81.04,6.04,0.476,-33.52,111,73.87,31.26,665.19,6.23,0.481,-41.52,419,3072.66,10.81,0.556,0.873,311.77,0
SPY,1d,12,4,dip,325.78,6.34,0.485,-44.71,269,78.81,36.79,71.16,5.46,0.438,-30.8,95,70.53,30.83,631.41,6.09,0.472,-44.71,365,3072.66,10.81,0.556,0.873,311.77,0
SPY,1d,12,5,dip,336.06,6.45,0.494,-42.98,243,78.19,36.32,59.61,4.73,0.391,-30.8,85,75.29,30.63,600.04,5.95,0.465,-42.98,329,3072.66,10.81,0.556,0.873,311.77,0
SPY,1d,12,7,dip,305.59,6.13,0.471,-42.7,197,77.66,35.68,57.19,4.57,0.381,-30.8,68,77.94,30.16,543.5,5.69,0.447,-42.7,267,3072.66,10.81,0.556,0.873,311.77,0
SPY,1d,12,9,dip,279.93,5.83,0.453,-40.56,178,76.4,35.26,62.01,4.88,0.403,-30.8,61,80.33,29.65,519.31,5.56,0.44,-40.56,240,3072.66,10.81,0.556,0.873,311.77,0
SPY,1d,12,15,trend,123.4,3.47,0.359,-28.51,141,37.59,65.38,131.36,8.65,0.82,-20.08,48,47.92,70.94,399.18,4.89,0.484,-28.51,190,3072.66,10.81,0.556,0.873,311.77,0
SPY,1d,12,20,trend,99.85,2.98,0.316,-32.15,119,36.97,66.24,162.87,10.02,0.932,-17.65,38,47.37,72.04,402.98,4.91,0.484,-32.15,160,3072.66,10.81,0.556,0.873,311.77,1
SPY,1d,12,25,trend,154.5,4.05,0.406,-33.87,102,39.22,66.61,163.66,10.06,0.933,-15.08,35,57.14,72.75,545.18,5.69,0.549,-33.87,140,3072.66,10.81,0.556,0.873,311.77,1
SPY,1d,12,30,trend,176.12,4.41,0.433,-38.1,96,38.54,67.59,157.85,9.82,0.9,-16.16,31,61.29,73.77,585.98,5.89,0.56,-38.1,129,3072.66,10.81,0.556,0.873,311.77,1
SPY,1d,12,40,trend,287.64,5.92,0.556,-35.31,78,39.74,68.72,154.4,9.67,0.881,-17.49,26,53.85,75.82,845.86,6.9,0.64,-35.31,105,3072.66,10.81,0.556,0.873,311.77,1
SPY,1d,12,50,trend,409.17,7.16,0.648,-34.94,58,46.55,69.98,154.04,9.65,0.87,-21.2,23,52.17,77.51,1158.11,7.81,0.705,-34.94,82,3072.66,10.81,0.556,0.873,311.77,0
SPY,1d,12,60,trend,435.71,7.39,0.661,-35.17,51,49.02,70.99,174.93,10.51,0.931,-23.15,16,56.25,78.1,1352.57,8.27,0.735,-35.17,67,3072.66,10.81,0.556,0.873,311.77,1
SPY,1d,12,75,trend,392.78,7.01,0.628,-37.55,47,44.68,71.85,124.74,8.33,0.792,-23.57,15,53.33,65.4,1266.57,8.08,0.716,-37.55,63,3072.66,10.81,0.556,0.873,311.77,0
SPY,1d,12,100,trend,355.63,6.65,0.6,-36.18,39,43.59,69.11,175.15,10.52,0.957,-20.62,13,53.85,66.46,1387.13,8.35,0.734,-36.18,53,3072.66,10.81,0.556,0.873,311.77,1
SPY,1d,12,125,trend,291.96,5.97,0.539,-37.04,40,37.5,69.9,131.53,8.65,0.788,-27.26,13,53.85,67.56,1007.2,7.4,0.65,-37.04,55,3072.66,10.81,0.556,0.873,311.77,0
SPY,1d,12,150,trend,438.71,7.41,0.649,-23.28,34,47.06,70.84,119.39,8.08,0.736,-25.59,10,60,63.04,1407.63,8.39,0.718,-25.59,44,3072.66,10.81,0.556,0.873,311.77,0
SPY,1d,12,200,trend,593.18,8.57,0.717,-27.72,21,47.62,72.39,106.72,7.44,0.673,-27.34,11,54.55,64.14,1702.56,8.97,0.744,-27.72,32,3072.66,10.81,0.556,0.873,311.77,0
SPY,1d,12,250,trend,613.23,8.7,0.719,-27.18,16,43.75,73.54,92.78,6.7,0.577,-25.55,8,37.5,65.32,1643.46,8.86,0.716,-27.18,24,3072.66,10.81,0.556,0.873,311.77,0
SPY,1d,12,300,trend,635.94,8.84,0.714,-23.45,15,46.67,74.7,127.82,8.48,0.69,-26.67,6,50,65.87,1975.24,9.43,0.738,-26.67,21,3072.66,10.81,0.556,0.873,311.77,0
SPY,1d,15,2,dip,283.61,5.87,0.456,-45.85,333,77.78,36.63,88.85,6.49,0.507,-33.32,123,77.24,30.32,648.3,6.16,0.477,-45.85,459,3072.66,10.81,0.556,0.873,311.77,0
SPY,1d,15,3,dip,328.86,6.38,0.488,-40.58,274,80.66,36.29,51.28,4.18,0.353,-32.51,101,72.28,30.36,565.6,5.79,0.453,-40.58,377,3072.66,10.81,0.556,0.873,311.77,0
SPY,1d,15,4,dip,320.65,6.29,0.483,-39.75,245,77.55,35.95,59.69,4.74,0.393,-30.8,88,75,29.96,589.15,5.9,0.461,-39.75,335,3072.66,10.81,0.556,0.873,311.77,0
SPY,1d,15,5,dip,329.06,6.38,0.486,-42.41,211,78.2,35.65,55.21,4.44,0.374,-30.8,73,75.34,29.61,585.2,5.88,0.459,-42.41,285,3072.66,10.81,0.556,0.873,311.77,0
SPY,1d,15,7,dip,292.68,5.98,0.463,-40.53,182,76.92,35.14,62.21,4.9,0.405,-30.8,61,78.69,29.02,553.26,5.73,0.45,-40.53,246,3072.66,10.81,0.556,0.873,311.77,0
SPY,1d,15,9,dip,248.17,5.44,0.428,-45.57,155,78.06,34.92,65.03,5.08,0.418,-28.65,56,80.36,28.63,488.38,5.4,0.429,-45.57,210,3072.66,10.81,0.556,0.873,311.77,0
SPY,1d,15,12,dip,186.56,4.57,0.373,-45.76,140,77.14,34.2,69.4,5.35,0.438,-28.79,47,82.98,27.64,396.91,4.88,0.396,-45.76,189,3072.66,10.81,0.556,0.873,311.77,0
SPY,1d,15,20,trend,155.3,4.06,0.407,-31.77,103,38.83,66.69,158.14,9.83,0.913,-15.16,34,55.88,72.51,540.31,5.67,0.547,-31.77,138,3072.66,10.81,0.556,0.873,311.77,1
SPY,1d,15,25,trend,199.91,4.77,0.465,-33.52,96,39.58,67.08,151.57,9.55,0.879,-14.08,30,60,73.22,627.81,6.07,0.577,-33.52,127,3072.66,10.81,0.556,0.873,311.77,1
SPY,1d,15,30,trend,236.79,5.29,0.503,-32.66,83,43.37,67.93,149.8,9.47,0.869,-17.76,32,62.5,74.28,709.35,6.41,0.599,-32.66,117,3072.66,10.81,0.556,0.873,311.77,0
SPY,1d,15,40,trend,370.7,6.8,0.621,-36.3,66,42.42,69.12,129.63,8.56,0.787,-20.28,24,45.83,76.37,943.71,7.21,0.659,-36.3,91,3072.66,10.81,0.556,0.873,311.77,0
SPY,1d,15,50,trend,416.18,7.22,0.648,-35.26,54,46.3,70.37,169.75,10.31,0.914,-23.21,17,52.94,78.1,1268.88,8.08,0.721,-35.26,71,3072.66,10.81,0.556,0.873,311.77,1
SPY,1d,15,60,trend,397.74,7.05,0.633,-34.88,48,47.92,71.14,171.22,10.37,0.92,-25.41,17,58.82,78.25,1232.93,8,0.712,-34.88,65,3072.66,10.81,0.556,0.873,311.77,1
SPY,1d,15,75,trend,360.57,6.7,0.603,-38.93,43,46.51,71.85,164.13,10.08,0.93,-20.41,13,69.23,65.79,1354.8,8.28,0.729,-38.93,57,3072.66,10.81,0.556,0.873,311.77,1
SPY,1d,15,100,trend,354.41,6.64,0.597,-33.93,34,50,69.17,130.47,8.6,0.789,-23.17,13,53.85,66.54,1131.58,7.74,0.682,-33.93,48,3072.66,10.81,0.556,0.873,311.77,0
SPY,1d,15,125,trend,349.32,6.59,0.586,-33.69,34,41.18,70.05,102.71,7.23,0.674,-30.9,14,42.86,62.52,1061.88,7.56,0.657,-33.69,48,3072.66,10.81,0.556,0.873,311.77,0
SPY,1d,15,150,trend,420.2,7.25,0.63,-23.18,28,46.43,71.08,108.75,7.55,0.69,-28.77,10,60,62.92,1277.7,8.1,0.69,-28.77,38,3072.66,10.81,0.556,0.873,311.77,0
SPY,1d,15,200,trend,542.82,8.22,0.691,-30.18,20,50,72.44,89.79,6.54,0.581,-25.39,9,44.44,64.29,1475.31,8.53,0.704,-30.18,29,3072.66,10.81,0.556,0.873,311.77,0
SPY,1d,15,250,trend,596.83,8.59,0.704,-27.7,14,50,73.66,93.72,6.75,0.57,-26.94,8,37.5,65.2,1626.98,8.83,0.706,-27.7,22,3072.66,10.81,0.556,0.873,311.77,0
SPY,1d,15,300,trend,700.27,9.23,0.739,-20.9,13,53.85,74.72,111.16,7.67,0.633,-26.67,6,50,65.75,1955.79,9.39,0.735,-26.67,19,3072.66,10.81,0.556,0.873,311.77,0
SPY,1d,20,2,dip,294.82,6,0.464,-39.55,284,78.17,35.24,65.73,5.12,0.416,-30.8,110,74.55,29.22,573.31,5.83,0.455,-39.55,397,3072.66,10.81,0.556,0.873,311.77,0
SPY,1d,20,3,dip,335.32,6.44,0.489,-39.73,239,79.5,35.29,50.57,4.13,0.353,-30.87,90,72.22,28.86,572.41,5.82,0.454,-39.73,331,3072.66,10.81,0.556,0.873,311.77,0
SPY,1d,20,4,dip,318.8,6.27,0.479,-40.91,204,78.92,34.7,50.18,4.1,0.35,-32.32,73,73.97,28.75,547.26,5.7,0.447,-40.91,280,3072.66,10.81,0.556,0.873,311.77,0
SPY,1d,20,5,dip,272.2,5.74,0.446,-43.12,183,79.23,34.6,57.41,4.59,0.385,-30.8,65,80,28.27,504.66,5.49,0.434,-43.12,248,3072.66,10.81,0.556,0.873,311.77,0
SPY,1d,20,7,dip,260.47,5.6,0.437,-43.51,159,81.13,34.27,62.55,4.92,0.409,-28.65,52,82.69,26.78,509.72,5.52,0.437,-43.51,213,3072.66,10.81,0.556,0.873,311.77,0
SPY,1d,20,9,dip,175.72,4.4,0.362,-45.98,137,77.37,33.63,55.41,4.45,0.381,-28.79,44,81.82,25.91,343.45,4.52,0.374,-45.98,184,3072.66,10.81,0.556,0.873,311.77,0
SPY,1d,20,12,dip,228.21,5.18,0.41,-46.42,118,78.81,33.36,50.61,4.13,0.357,-28.79,37,81.08,25.64,410.16,4.96,0.4,-46.42,159,3072.66,10.81,0.556,0.873,311.77,0
SPY,1d,20,15,dip,160.46,4.15,0.345,-44.68,102,79.41,32.92,53.43,4.32,0.371,-28.32,33,81.82,25.13,309.19,4.27,0.357,-44.68,137,3072.66,10.81,0.556,0.873,311.77,0
SPY,1d,20,25,trend,211.23,4.94,0.473,-36.42,78,42.31,67.89,147.18,9.36,0.861,-15.42,29,62.07,74.24,638.5,6.12,0.575,-36.42,110,3072.66,10.81,0.556,0.873,311.77,0
SPY,1d,20,30,trend,300.8,6.07,0.563,-39.68,66,43.94,68.48,111.66,7.69,0.721,-20.28,24,50,75.62,722.88,6.46,0.6,-39.68,91,3072.66,10.81,0.556,0.873,311.77,0
SPY,1d,20,40,trend,479.93,7.75,0.691,-31.11,54,46.3,70.08,150.9,9.52,0.85,-27.43,19,57.89,77.86,1334.17,8.23,0.733,-31.11,73,3072.66,10.81,0.556,0.873,311.77,0
SPY,1d,20,50,trend,414.33,7.2,0.645,-35.07,49,44.9,70.87,168.81,10.27,0.903,-25.64,17,58.82,78.21,1269.65,8.08,0.717,-35.07,66,3072.66,10.81,0.556,0.873,311.77,1
SPY,1d,20,60,trend,406.51,7.13,0.637,-35.03,43,44.19,71.53,192.62,11.2,0.97,-22.36,17,52.94,78.8,1363.49,8.3,0.73,-35.03,60,3072.66,10.81,0.556,0.873,311.77,1
SPY,1d,20,75,trend,362.73,6.72,0.602,-37.16,39,46.15,72.26,166.72,10.18,0.923,-21.75,12,58.33,66.1,1373.41,8.32,0.727,-37.16,52,3072.66,10.81,0.556,0.873,311.77,1
SPY,1d,20,100,trend,321.77,6.3,0.568,-35.97,32,40.63,69.46,102.48,7.22,0.662,-25.4,12,50,66.97,934.21,7.18,0.633,-35.97,45,3072.66,10.81,0.556,0.873,311.77,0
SPY,1d,20,125,trend,471.19,7.68,0.668,-23.11,25,60,70.12,124.1,8.3,0.755,-26.6,10,60,62.64,1523.95,8.63,0.735,-26.6,35,3072.66,10.81,0.556,0.873,311.77,0
SPY,1d,20,150,trend,456.31,7.56,0.646,-25.07,23,52.17,71.43,106.38,7.42,0.672,-30.84,10,60,63.08,1344.21,8.25,0.694,-30.84,33,3072.66,10.81,0.556,0.873,311.77,0
SPY,1d,20,200,trend,616.58,8.72,0.725,-24.87,18,50,72.61,119.75,8.09,0.687,-26.67,6,50,63.74,1897.31,9.3,0.753,-26.67,24,3072.66,10.81,0.556,0.873,311.77,0
SPY,1d,20,250,trend,771.82,9.63,0.771,-19.95,12,58.33,73.94,110.76,7.65,0.62,-29.2,5,60,64.61,2457.77,10.11,0.79,-26.67,17,3072.66,10.81,0.556,0.873,311.77,0
SPY,1d,20,300,trend,721.75,9.36,0.744,-19.54,12,58.33,74.94,111.29,7.67,0.595,-29.11,6,50,65.71,2030.52,9.51,0.726,-29.11,18,3072.66,10.81,0.556,0.873,311.77,0
SPY,1d,25,2,dip,294.63,6,0.46,-39.9,256,78.91,34.35,57.32,4.58,0.384,-31.49,95,72.63,27.61,536.47,5.65,0.443,-39.9,353,3072.66,10.81,0.556,0.873,311.77,0
SPY,1d,25,3,dip,296.99,6.03,0.463,-44.17,207,79.23,34,45.49,3.78,0.331,-32.66,73,76.71,27.88,487.82,5.4,0.428,-44.17,281,3072.66,10.81,0.556,0.873,311.77,0
SPY,1d,25,4,dip,298.61,6.05,0.464,-42.11,185,79.46,33.98,43.21,3.61,0.319,-30.8,62,80.65,27.64,486.97,5.4,0.428,-42.11,249,3072.66,10.81,0.556,0.873,311.77,0
SPY,1d,25,5,dip,269.83,5.71,0.444,-43.57,168,79.17,33.64,51.46,4.19,0.359,-28.65,54,81.48,27.17,475.2,5.33,0.424,-43.57,223,3072.66,10.81,0.556,0.873,311.77,0
SPY,1d,25,7,dip,200.24,4.78,0.385,-43.45,139,79.14,33.32,62.67,4.93,0.411,-28.79,42,83.33,25.64,405.44,4.93,0.399,-43.45,184,3072.66,10.81,0.556,0.873,311.77,0
SPY,1d,25,9,dip,265.31,5.66,0.439,-42.31,123,81.3,33.12,50.3,4.11,0.357,-28.79,38,84.21,25.36,467.77,5.29,0.422,-42.31,165,3072.66,10.81,0.556,0.873,311.77,0
SPY,1d,25,12,dip,165.72,4.24,0.351,-44,102,80.39,32.6,50.04,4.09,0.355,-28.32,34,82.35,24.89,311.53,4.29,0.358,-44,140,3072.66,10.81,0.556,0.873,311.77,0
SPY,1d,25,15,dip,125.68,3.52,0.306,-45.41,96,81.25,32.11,58.19,4.64,0.395,-28.32,29,79.31,24.38,268.2,3.95,0.337,-45.41,127,3072.66,10.81,0.556,0.873,311.77,0
SPY,1d,25,20,dip,125.71,3.52,0.307,-43.6,78,79.49,31.13,61.19,4.83,0.409,-28.32,28,78.57,23.36,276.15,4.01,0.343,-43.6,110,3072.66,10.81,0.556,0.873,311.77,0
SPY,1d,25,30,trend,412.16,7.18,0.649,-35.27,58,46.55,69.49,139.65,9.02,0.816,-23.72,24,50,77.11,1079.91,7.61,0.687,-35.27,83,3072.66,10.81,0.556,0.873,311.77,0
SPY,1d,25,40,trend,486.05,7.8,0.69,-32.39,46,47.83,70.42,160.52,9.93,0.875,-25.39,16,62.5,77.98,1404.43,8.38,0.74,-32.39,62,3072.66,10.81,0.556,0.873,311.77,1
SPY,1d,25,50,trend,395.25,7.03,0.627,-36.16,41,46.34,71.21,202.95,11.58,0.991,-19.68,15,60,78.88,1381.17,8.33,0.731,-36.16,57,3072.66,10.81,0.556,0.873,311.77,1
SPY,1d,25,60,trend,428.48,7.32,0.646,-33.62,37,48.65,71.85,224.88,12.35,1.038,-19.98,14,64.29,79.39,1605.69,8.79,0.76,-33.62,51,3072.66,10.81,0.556,0.873,311.77,1
SPY,1d,25,75,trend,330.53,6.39,0.571,-37.24,35,45.71,72.44,129.25,8.55,0.773,-21.47,10,70,66.1,1067.26,7.57,0.661,-37.24,46,3072.66,10.81,0.556,0.873,311.77,0
SPY,1d,25,100,trend,303.02,6.1,0.551,-33.38,31,38.71,69.56,121.37,8.17,0.732,-21.44,11,63.64,67.13,1018.92,7.44,0.65,-33.38,42,3072.66,10.81,0.556,0.873,311.77,0
SPY,1d,25,125,trend,466.35,7.64,0.66,-24.13,24,50,70.2,96.78,6.92,0.627,-25.85,9,55.56,62.37,1301.95,8.16,0.691,-25.85,33,3072.66,10.81,0.556,0.873,311.77,0
SPY,1d,25,150,trend,507.88,7.96,0.676,-23.72,21,52.38,71.41,108.99,7.56,0.66,-26.67,7,71.43,62.6,1546.17,8.67,0.718,-26.67,28,3072.66,10.81,0.556,0.873,311.77,0
SPY,1d,25,200,trend,686.25,9.15,0.75,-25.31,12,58.33,72.7,84.99,6.27,0.527,-30.14,6,50,63.86,1726.23,9.01,0.719,-30.14,18,3072.66,10.81,0.556,0.873,311.77,0
SPY,1d,25,250,trend,759.66,9.57,0.766,-20.28,11,63.64,73.91,95.26,6.84,0.56,-29.11,5,60,64.65,2005.85,9.47,0.737,-29.11,16,3072.66,10.81,0.556,0.873,311.77,0
SPY,1d,25,300,trend,813.56,9.85,0.77,-22.43,8,62.5,74.94,100.62,7.12,0.554,-30.65,5,60,65.55,2131.15,9.66,0.729,-30.65,13,3072.66,10.81,0.556,0.873,311.77,0
SPY,1d,30,2,dip,281.91,5.85,0.451,-41.59,230,78.7,33.41,49.58,4.06,0.351,-31.78,84,77.38,26.58,487.64,5.4,0.428,-41.59,318,3072.66,10.81,0.556,0.873,311.77,0
SPY,1d,30,3,dip,271.83,5.73,0.444,-44.17,191,79.06,33.41,39.02,3.31,0.3,-30.9,64,79.69,26.82,431.63,5.09,0.407,-44.17,258,3072.66,10.81,0.556,0.873,311.77,0
SPY,1d,30,4,dip,263.09,5.63,0.438,-40.48,166,78.92,33.04,43.27,3.62,0.321,-28.65,53,81.13,26.27,436.57,5.12,0.411,-40.48,221,3072.66,10.81,0.556,0.873,311.77,0
SPY,1d,30,5,dip,216.68,5.02,0.4,-43.23,149,79.19,32.93,44.17,3.68,0.327,-28.65,45,80,24.97,379.45,4.77,0.389,-43.23,197,3072.66,10.81,0.556,0.873,311.77,0
SPY,1d,30,7,dip,241.96,5.36,0.421,-44.48,128,82.81,32.63,60.71,4.8,0.404,-28.79,39,84.62,24.77,462.16,5.26,0.42,-44.48,169,3072.66,10.81,0.556,0.873,311.77,0
SPY,1d,30,9,dip,171.35,4.33,0.356,-44.4,111,80.18,32.19,43.14,3.61,0.322,-28.79,34,82.35,24.54,300.28,4.21,0.352,-44.4,148,3072.66,10.81,0.556,0.873,311.77,0
SPY,1d,30,12,dip,144.1,3.86,0.328,-44.71,96,81.25,31.59,54.16,4.37,0.377,-28.32,30,80,23.87,288.08,4.11,0.348,-44.71,129,3072.66,10.81,0.556,0.873,311.77,0
SPY,1d,30,15,dip,107.33,3.14,0.283,-46.42,83,79.52,31.1,58.92,4.69,0.4,-28.32,31,80.65,23.32,240.35,3.7,0.322,-46.42,117,3072.66,10.81,0.556,0.873,311.77,0
SPY,1d,30,20,dip,78.06,2.48,0.24,-50.68,66,77.27,30.52,88.92,6.49,0.521,-28.32,23,91.3,21.94,245.86,3.75,0.327,-50.68,91,3072.66,10.81,0.556,0.873,311.77,0
SPY,1d,30,25,dip,42.11,1.5,0.175,-54.38,58,77.59,29.5,66.85,5.19,0.438,-28.32,23,78.26,20.45,145.99,2.71,0.258,-54.38,83,3072.66,10.81,0.556,0.873,311.77,0
SPY,1d,30,40,trend,430.62,7.34,0.654,-34.73,42,50,70.86,204.77,11.65,0.996,-24.42,16,62.5,78.69,1502.79,8.59,0.753,-34.73,58,3072.66,10.81,0.556,0.873,311.77,1
SPY,1d,30,50,trend,410.55,7.17,0.636,-34.8,40,47.5,71.5,209.76,11.82,0.998,-21.7,14,71.43,79.24,1467.38,8.52,0.74,-34.8,54,3072.66,10.81,0.556,0.873,311.77,1
SPY,1d,30,60,trend,412.62,7.19,0.633,-34.1,35,48.57,72.11,201.62,11.53,0.972,-22.19,11,72.73,79.43,1415.94,8.41,0.728,-34.1,46,3072.66,10.81,0.556,0.873,311.77,1
SPY,1d,30,75,trend,319.48,6.28,0.56,-38.29,32,40.63,72.76,128.38,8.51,0.764,-21.61,9,66.67,65.83,1053.71,7.53,0.655,-38.29,42,3072.66,10.81,0.556,0.873,311.77,0
SPY,1d,30,100,trend,483.64,7.78,0.678,-19.94,25,60,69.8,126.92,8.44,0.764,-21.51,8,75,61.78,1598.41,8.78,0.747,-21.51,33,3072.66,10.81,0.556,0.873,311.77,0
SPY,1d,30,125,trend,512.03,8,0.681,-24.5,20,60,70.61,121.49,8.18,0.713,-26.67,8,62.5,61.78,1650.34,8.87,0.736,-26.67,28,3072.66,10.81,0.556,0.873,311.77,0
SPY,1d,30,150,trend,472.12,7.69,0.654,-24.6,23,43.48,71.4,135.74,8.85,0.754,-26.67,7,71.43,63.11,1629.45,8.83,0.727,-26.67,30,3072.66,10.81,0.556,0.873,311.77,0
SPY,1d,30,200,trend,769.46,9.62,0.782,-21.64,11,63.64,72.63,86.45,6.35,0.528,-30.07,8,37.5,64.1,1959.91,9.4,0.742,-30.07,19,3072.66,10.81,0.556,0.873,311.77,0
SPY,1d,30,250,trend,713.15,9.31,0.742,-25.3,9,77.78,74.13,100.08,7.1,0.555,-32.39,5,60,64.65,1913.49,9.33,0.714,-32.39,14,3072.66,10.81,0.556,0.873,311.77,0
SPY,1d,30,300,trend,201.13,4.79,0.536,-20.59,5,80,47.28,120.63,8.14,0.619,-30.03,5,60,65.71,684.79,6.31,0.584,-30.03,10,3072.66,10.81,0.556,0.873,311.77,0
SPY,1d,40,2,dip,177.35,4.43,0.361,-46.37,191,76.44,31.82,43.05,3.6,0.323,-30.9,66,80.3,23.91,316.86,4.33,0.36,-46.37,261,3072.66,10.81,0.556,0.873,311.77,0
SPY,1d,40,3,dip,169.7,4.3,0.354,-47.32,159,79.87,31.57,53.92,4.35,0.374,-28.75,51,80.39,23.83,332.6,4.45,0.368,-47.32,212,3072.66,10.81,0.556,0.873,311.77,0
SPY,1d,40,4,dip,137.15,3.73,0.318,-50.45,135,80.74,31.42,51.85,4.22,0.365,-28.65,44,84.09,23.87,275.28,4.01,0.339,-50.45,181,3072.66,10.81,0.556,0.873,311.77,0
SPY,1d,40,5,dip,154.7,4.05,0.338,-48.59,123,82.93,31.22,38.8,3.29,0.302,-28.65,40,82.5,23.52,264.79,3.92,0.334,-48.59,165,3072.66,10.81,0.556,0.873,311.77,0
SPY,1d,40,7,dip,138.07,3.75,0.32,-50.81,99,81.82,31,43.61,3.64,0.325,-28.65,35,77.14,23.4,252.78,3.82,0.328,-50.81,136,3072.66,10.81,0.556,0.873,311.77,0
SPY,1d,40,9,dip,111.17,3.22,0.287,-47.55,91,78.02,30.61,53.64,4.34,0.376,-28.32,35,82.86,22.89,236.73,3.67,0.32,-47.55,129,3072.66,10.81,0.556,0.873,311.77,0
SPY,1d,40,12,dip,81.22,2.56,0.244,-55.04,78,79.49,30.31,57.18,4.57,0.391,-28.32,25,84,21.79,195.45,3.27,0.293,-55.04,105,3072.66,10.81,0.556,0.873,311.77,0
SPY,1d,40,15,dip,51.62,1.78,0.194,-54.82,66,81.82,29.88,74.13,5.64,0.466,-28.32,23,91.3,21.2,172.68,3.02,0.279,-54.82,91,3072.66,10.81,0.556,0.873,311.77,0
SPY,1d,40,20,dip,26.11,0.99,0.14,-54.48,54,81.48,28.91,59.97,4.75,0.41,-28.32,18,83.33,19.66,104.82,2.15,0.22,-54.48,73,3072.66,10.81,0.556,0.873,311.77,0
SPY,1d,40,25,dip,24.65,0.94,0.137,-53.69,46,80.43,28.55,53.9,4.35,0.383,-28.32,15,80,19.5,95.73,2.01,0.211,-53.69,62,3072.66,10.81,0.556,0.873,311.77,0
SPY,1d,40,30,dip,38.13,1.38,0.167,-53.66,42,80.95,28.1,31.5,2.74,0.269,-28.32,15,80,18.76,84.34,1.83,0.199,-53.66,58,3072.66,10.81,0.556,0.873,311.77,0
SPY,1d,40,50,trend,414.14,7.2,0.634,-34.44,33,51.52,72.05,175.58,10.54,0.884,-21.35,10,80,79.28,1284.81,8.12,0.703,-34.44,43,3072.66,10.81,0.556,0.873,311.77,1
SPY,1d,40,60,trend,339.69,6.49,0.576,-36.78,31,41.94,72.59,190.76,11.13,0.919,-20.33,10,70,79.2,1154.96,7.8,0.674,-36.78,41,3072.66,10.81,0.556,0.873,311.77,1
SPY,1d,40,75,trend,330.63,6.4,0.567,-31.83,31,41.94,73.07,120.75,8.14,0.728,-19.66,10,60,66.26,1101.93,7.66,0.661,-31.83,41,3072.66,10.81,0.556,0.873,311.77,0
SPY,1d,40,100,trend,542.78,8.22,0.704,-20.32,19,63.16,69.85,100.05,7.09,0.634,-26.67,7,71.43,61.11,1566.25,8.71,0.73,-26.67,26,3072.66,10.81,0.556,0.873,311.77,0
SPY,1d,40,125,trend,604.26,8.64,0.73,-19.03,16,62.5,70.44,109.17,7.57,0.64,-33.13,6,66.67,62.13,1788.93,9.12,0.745,-33.13,22,3072.66,10.81,0.556,0.873,311.77,0
SPY,1d,40,150,trend,670.69,9.06,0.747,-19.03,12,75,71.53,84.04,6.22,0.525,-32.06,5,60,63.31,1680.9,8.93,0.716,-32.06,17,3072.66,10.81,0.556,0.873,311.77,0
SPY,1d,40,200,trend,757.24,9.55,0.77,-19.03,12,58.33,72.78,104.91,7.35,0.578,-33.66,4,75,64.45,2141.45,9.68,0.747,-33.66,16,3072.66,10.81,0.556,0.873,311.77,0
SPY,1d,40,250,trend,785.73,9.7,0.765,-26.37,7,71.43,74.53,92.73,6.7,0.528,-31.72,5,60,64.84,1934.91,9.36,0.714,-31.72,12,3072.66,10.81,0.556,0.873,311.77,0
SPY,1d,40,300,trend,188.71,4.6,0.515,-20.11,5,80,47.35,113.9,7.81,0.596,-34.31,4,50,65.71,601.65,5.96,0.553,-34.31,9,3072.66,10.81,0.556,0.873,311.77,0
SPY,1d,50,2,dip,138.07,3.75,0.32,-53.58,158,81.01,30.32,46.8,3.87,0.343,-28.75,60,81.67,21.98,269.41,3.96,0.337,-53.58,222,3072.66,10.81,0.556,0.873,311.77,0
SPY,1d,50,3,dip,115.87,3.32,0.292,-55.78,129,80.62,30.14,57.41,4.59,0.39,-28.75,48,81.25,22.38,253.07,3.82,0.327,-55.78,179,3072.66,10.81,0.556,0.873,311.77,0
SPY,1d,50,4,dip,111.25,3.23,0.286,-56.12,111,80.18,29.9,60.63,4.8,0.405,-28.75,44,81.82,22.1,252.39,3.81,0.327,-56.12,156,3072.66,10.81,0.556,0.873,311.77,0
SPY,1d,50,5,dip,101.61,3.02,0.273,-57.33,100,79,30.02,55.67,4.47,0.382,-28.65,39,79.49,21.86,226.04,3.57,0.312,-57.33,141,3072.66,10.81,0.556,0.873,311.77,0
SPY,1d,50,7,dip,89.93,2.76,0.257,-52.85,88,80.68,29.7,62.82,4.94,0.415,-28.32,28,78.57,21.51,221.75,3.53,0.31,-52.85,118,3072.66,10.81,0.556,0.873,311.77,0
SPY,1d,50,9,dip,63.79,2.12,0.215,-52.94,75,78.67,29.56,48.31,3.97,0.35,-28.32,24,79.17,21.04,148.87,2.74,0.259,-52.94,101,3072.66,10.81,0.556,0.873,311.77,0
SPY,1d,50,12,dip,41.51,1.49,0.174,-55.31,58,79.31,29.02,57.59,4.6,0.395,-28.32,22,90.91,20.06,128.67,2.49,0.243,-55.31,82,3072.66,10.81,0.556,0.873,311.77,0
SPY,1d,50,15,dip,40.26,1.45,0.171,-52.99,54,81.48,28.64,49.15,4.03,0.357,-28.32,16,81.25,19.43,112.95,2.27,0.228,-52.99,71,3072.66,10.81,0.556,0.873,311.77,0
SPY,1d,50,20,dip,43.05,1.53,0.177,-53.43,49,83.67,28.11,48.98,4.02,0.36,-28.32,16,81.25,19.27,116.28,2.32,0.232,-53.43,66,3072.66,10.81,0.556,0.873,311.77,0
SPY,1d,50,25,dip,48.39,1.69,0.188,-53.85,41,85.37,27.76,32.45,2.82,0.275,-28.32,14,71.43,18.56,100,2.08,0.216,-53.85,57,3072.66,10.81,0.556,0.873,311.77,0
SPY,1d,50,30,dip,44.11,1.56,0.18,-53.91,40,87.5,27.47,28.9,2.54,0.256,-26.49,13,76.92,18.17,89.68,1.92,0.205,-53.91,54,3072.66,10.81,0.556,0.873,311.77,0
SPY,1d,50,40,dip,45.87,1.62,0.183,-51.93,33,81.82,26.93,45.93,3.81,0.353,-22.25,9,88.89,18.09,119.9,2.37,0.237,-51.93,43,3072.66,10.81,0.556,0.873,311.77,0
SPY,1d,50,60,trend,301.45,6.08,0.543,-37.11,31,41.94,72.95,165.98,10.15,0.844,-20.15,11,63.64,79.67,985.13,7.34,0.636,-37.11,41,3072.66,10.81,0.556,0.873,311.77,0
SPY,1d,50,75,trend,438.17,7.41,0.637,-23.88,24,50,73.22,118.01,8.01,0.706,-26.67,7,71.43,61.11,1414.95,8.41,0.704,-26.67,31,3072.66,10.81,0.556,0.873,311.77,0
SPY,1d,50,100,trend,587.8,8.53,0.722,-19.03,16,62.5,70.1,98.5,7.01,0.601,-33.14,6,83.33,61.34,1685.73,8.94,0.733,-33.14,22,3072.66,10.81,0.556,0.873,311.77,0
SPY,1d,50,125,trend,630.04,8.81,0.732,-19.03,14,64.29,71.08,112.37,7.73,0.643,-32.31,5,60,62.41,1866.49,9.25,0.744,-32.31,19,3072.66,10.81,0.556,0.873,311.77,0
SPY,1d,50,150,trend,823.99,9.9,0.805,-19.03,10,70,71.63,83.01,6.16,0.512,-34.74,5,60,63.31,2074.96,9.58,0.755,-34.74,15,3072.66,10.81,0.556,0.873,311.77,0
SPY,1d,50,200,trend,717.97,9.33,0.748,-21.21,9,77.78,73.13,100.36,7.11,0.558,-32.37,5,60,64.49,1915.47,9.33,0.718,-32.37,14,3072.66,10.81,0.556,0.873,311.77,0
SPY,1d,50,250,trend,154.55,4.05,0.464,-21.15,6,66.67,46.87,103.08,7.25,0.559,-34.62,4,50,65.16,492.96,5.43,0.512,-34.62,10,3072.66,10.81,0.556,0.873,311.77,0
SPY,1d,50,300,trend,182.95,4.52,0.503,-20.05,5,80,47.46,119.27,8.07,0.602,-33.72,4,50,65.67,639.71,6.12,0.559,-33.72,9,3072.66,10.81,0.556,0.873,311.77,0
SPY,1d,60,2,dip,119.92,3.4,0.297,-56.2,142,80.99,29.38,55.46,4.46,0.382,-28.75,49,81.63,21.04,255.19,3.84,0.329,-56.2,194,3072.66,10.81,0.556,0.873,311.77,0
SPY,1d,60,3,dip,88.78,2.73,0.255,-58.6,114,78.95,29.01,37.06,3.16,0.294,-28.75,39,82.05,20.68,170.62,3,0.274,-58.6,156,3072.66,10.81,0.556,0.873,311.77,0
SPY,1d,60,4,dip,96.17,2.9,0.266,-58.11,95,81.05,28.72,48.51,3.99,0.351,-28.75,31,77.42,20.29,207.14,3.39,0.301,-58.11,129,3072.66,10.81,0.556,0.873,311.77,0
SPY,1d,60,5,dip,84.52,2.64,0.249,-56.29,90,81.11,28.75,43.06,3.6,0.324,-28.32,25,76,20.29,171.47,3.01,0.276,-56.29,118,3072.66,10.81,0.556,0.873,311.77,0
SPY,1d,60,7,dip,58.3,1.97,0.206,-54.9,78,80.77,28.35,37.11,3.17,0.294,-28.32,22,77.27,20.17,121.56,2.39,0.235,-54.9,102,3072.66,10.81,0.556,0.873,311.77,0
SPY,1d,60,9,dip,19.94,0.78,0.126,-57.37,60,80,28.13,45.22,3.76,0.336,-28.32,19,84.21,19.86,77.3,1.72,0.19,-57.37,80,3072.66,10.81,0.556,0.873,311.77,0
SPY,1d,60,12,dip,31.5,1.17,0.153,-52.69,50,80,27.69,46.84,3.87,0.346,-28.32,15,86.67,19.47,95.49,2.01,0.211,-52.69,66,3072.66,10.81,0.556,0.873,311.77,0
SPY,1d,60,15,dip,42.04,1.5,0.175,-52.7,47,82.98,27.54,48.34,3.98,0.354,-28.32,16,81.25,19.27,113.55,2.28,0.229,-52.7,64,3072.66,10.81,0.556,0.873,311.77,0
SPY,1d,60,20,dip,41.49,1.48,0.174,-54.28,42,85.71,27.14,36.79,3.15,0.298,-28.32,16,68.75,18.64,97.17,2.04,0.213,-54.28,59,3072.66,10.81,0.556,0.873,311.77,0
SPY,1d,60,25,dip,35.74,1.31,0.162,-56.44,36,86.11,26.8,22.9,2.06,0.22,-27.68,13,76.92,18.01,69.94,1.59,0.182,-56.44,50,3072.66,10.81,0.556,0.873,311.77,0
SPY,1d,60,30,dip,40.28,1.45,0.172,-52.81,34,85.29,26.55,33.17,2.87,0.28,-25.45,10,90,17.93,92.37,1.96,0.209,-52.81,45,3072.66,10.81,0.556,0.873,311.77,0
SPY,1d,60,40,dip,62.42,2.08,0.216,-51.56,30,83.33,26.02,37.61,3.21,0.31,-22.25,9,88.89,18.13,131.05,2.52,0.249,-51.56,40,3072.66,10.81,0.556,0.873,311.77,0
SPY,1d,60,50,dip,78.87,2.5,0.245,-52.01,30,83.33,25.65,50.21,4.1,0.378,-20.61,10,90,17.62,168.68,2.98,0.282,-52.01,40,3072.66,10.81,0.556,0.873,311.77,0
SPY,1d,60,75,trend,545.47,8.24,0.699,-22.68,21,61.9,73.34,105.03,7.36,0.656,-27.07,7,71.43,60.76,1620.13,8.82,0.734,-27.07,28,3072.66,10.81,0.556,0.873,311.77,0
SPY,1d,60,100,trend,678.16,9.1,0.76,-19.03,13,69.23,70.32,126.73,8.43,0.699,-32.31,4,75,62.01,2133.59,9.66,0.78,-32.31,17,3072.66,10.81,0.556,0.873,311.77,0
SPY,1d,60,125,trend,884.92,10.2,0.827,-19.03,10,90,71.14,86.47,6.35,0.531,-32.65,5,60,62.72,2233.65,9.81,0.774,-32.65,15,3072.66,10.81,0.556,0.873,311.77,0
SPY,1d,60,150,trend,799.88,9.78,0.791,-19.03,10,70,71.9,107.73,7.49,0.594,-30.45,5,60,63.66,2287.03,9.88,0.766,-30.45,15,3072.66,10.81,0.556,0.873,311.77,0
SPY,1d,60,200,trend,818.76,9.87,0.782,-19.18,8,75,73.76,88.44,6.46,0.509,-34.86,5,60,64.22,1963.82,9.41,0.717,-34.86,13,3072.66,10.81,0.556,0.873,311.77,0
SPY,1d,60,250,trend,176.77,4.42,0.501,-20.19,5,80,46.91,128.88,8.53,0.636,-33.72,3,66.67,64.53,617.28,6.03,0.558,-33.72,8,3072.66,10.81,0.556,0.873,311.77,0
SPY,1d,60,300,trend,175.62,4.4,0.489,-23.03,4,100,47.68,149.88,9.48,0.686,-33.72,3,66.67,65.32,727.09,6.48,0.583,-33.72,7,3072.66,10.81,0.556,0.873,311.77,0
SPY,1d,75,2,dip,134.34,3.68,0.317,-51.59,137,81.02,28.05,51.51,4.19,0.366,-28.65,44,79.55,19.47,255.31,3.84,0.331,-51.59,184,3072.66,10.81,0.556,0.873,311.77,0
SPY,1d,75,3,dip,101.99,3.03,0.275,-51.98,106,82.08,27.46,51.14,4.17,0.365,-28.75,37,81.08,19.54,210.47,3.42,0.304,-51.98,145,3072.66,10.81,0.556,0.873,311.77,0
SPY,1d,75,4,dip,77.27,2.46,0.238,-52.87,88,81.82,27.42,38.21,3.25,0.301,-28.32,29,79.31,19.54,150.4,2.76,0.26,-52.87,119,3072.66,10.81,0.556,0.873,311.77,0
SPY,1d,75,5,dip,55.2,1.88,0.2,-53.29,79,83.54,27.42,40.99,3.45,0.316,-28.32,27,81.48,19.5,122.65,2.41,0.237,-53.29,108,3072.66,10.81,0.556,0.873,311.77,0
SPY,1d,75,7,dip,12.68,0.51,0.107,-57.43,56,78.57,27.09,40.09,3.39,0.312,-28.32,21,85.71,19.11,59.71,1.4,0.169,-57.43,79,3072.66,10.81,0.556,0.873,311.77,0
SPY,1d,75,9,dip,39.01,1.41,0.169,-52.96,54,79.63,27.02,42.41,3.56,0.324,-28.32,18,83.33,19.03,100.77,2.09,0.216,-52.96,73,3072.66,10.81,0.556,0.873,311.77,0
SPY,1d,75,12,dip,44.74,1.58,0.181,-52.74,46,80.43,26.82,42.7,3.58,0.326,-28.32,15,80,18.8,110.39,2.23,0.226,-52.74,62,3072.66,10.81,0.556,0.873,311.77,0
SPY,1d,75,15,dip,54.64,1.87,0.2,-52.74,42,85.71,26.8,24.24,2.17,0.226,-28.32,13,69.23,18.36,97.82,2.05,0.214,-52.74,56,3072.66,10.81,0.556,0.873,311.77,0
SPY,1d,75,20,dip,54.55,1.87,0.2,-52.32,38,86.84,26.38,23.01,2.07,0.22,-28.74,12,75,18.01,96.36,2.02,0.213,-52.32,51,3072.66,10.81,0.556,0.873,311.77,0
SPY,1d,75,25,dip,66.91,2.2,0.223,-53.49,34,85.29,26.19,44.7,3.72,0.345,-22.25,10,90,17.93,149.66,2.75,0.264,-53.49,45,3072.66,10.81,0.556,0.873,311.77,0
SPY,1d,75,30,dip,70.04,2.28,0.229,-51.75,31,83.87,25.86,41.77,3.51,0.332,-22.84,9,88.89,18.13,151.02,2.77,0.266,-51.75,41,3072.66,10.81,0.556,0.873,311.77,0
SPY,1d,75,40,dip,66.75,2.19,0.224,-52.4,30,83.33,25.54,45.47,3.77,0.354,-20.61,10,90,17.46,142.57,2.67,0.259,-52.4,40,3072.66,10.81,0.556,0.873,311.77,0
SPY,1d,75,50,dip,34.18,1.26,0.159,-51.98,23,86.96,25.35,44.76,3.72,0.362,-22.1,7,85.71,17.11,94.23,1.99,0.213,-51.98,30,3072.66,10.81,0.556,0.873,311.77,0
SPY,1d,75,60,dip,12.35,0.5,0.105,-53.63,20,80,25.21,52.91,4.29,0.406,-22.1,7,85.71,17.34,71.8,1.62,0.186,-53.63,27,3072.66,10.81,0.556,0.873,311.77,0
SPY,1d,75,100,trend,804.95,9.8,0.8,-19.03,11,81.82,70.96,90.64,6.59,0.553,-32.5,4,75,62.01,2087.57,9.6,0.763,-32.5,15,3072.66,10.81,0.556,0.873,311.77,0
SPY,1d,75,125,trend,859.59,10.08,0.815,-19.03,9,77.78,71.5,104.18,7.31,0.585,-30.86,5,60,63.08,2401.91,10.03,0.78,-30.86,14,3072.66,10.81,0.556,0.873,311.77,0
SPY,1d,75,150,trend,712.87,9.31,0.749,-20.39,9,77.78,72.43,100.55,7.12,0.564,-34.95,4,75,63.86,1917.51,9.33,0.723,-34.95,13,3072.66,10.81,0.556,0.873,311.77,0
SPY,1d,75,200,trend,160.36,4.15,0.476,-21.22,5,80,46.49,134.74,8.8,0.656,-33.72,3,66.67,64.18,601.07,5.95,0.555,-33.72,8,3072.66,10.81,0.556,0.873,311.77,0
SPY,1d,75,250,trend,174.07,4.37,0.492,-22.97,6,66.67,47.21,135.7,8.84,0.647,-33.72,3,66.67,64.77,662.51,6.22,0.566,-33.72,9,3072.66,10.81,0.556,0.873,311.77,0
SPY,1d,75,300,trend,169.72,4.3,0.475,-26.65,4,100,47.75,142.9,9.17,0.801,-21.85,2,100,54.35,708.03,6.4,0.57,-33.72,6,3072.66,10.81,0.556,0.873,311.77,0
SPY,1d,100,2,dip,96.21,2.9,0.268,-51.61,104,83.65,26.43,32.21,2.8,0.27,-28.82,36,80.56,18.29,158.59,2.86,0.268,-51.61,141,3072.66,10.81,0.556,0.873,311.77,0
SPY,1d,100,3,dip,77.95,2.48,0.24,-52.06,83,85.54,26.43,16.78,1.55,0.181,-28.32,27,77.78,18.09,109.38,2.22,0.224,-52.06,111,3072.66,10.81,0.556,0.873,311.77,0
SPY,1d,100,4,dip,52.41,1.81,0.196,-52.36,69,82.61,26.18,28.99,2.55,0.253,-28.32,22,77.27,17.93,102.68,2.12,0.218,-52.36,92,3072.66,10.81,0.556,0.873,311.77,0
SPY,1d,100,5,dip,39.49,1.42,0.17,-52.39,64,81.25,26.01,37.25,3.18,0.298,-28.32,19,84.21,17.89,97.38,2.04,0.213,-52.39,84,3072.66,10.81,0.556,0.873,311.77,0
SPY,1d,100,7,dip,29.89,1.12,0.149,-53.61,52,80.77,26.21,32.11,2.79,0.27,-28.32,17,82.35,18.13,77.46,1.72,0.191,-53.61,70,3072.66,10.81,0.556,0.873,311.77,0
SPY,1d,100,9,dip,53.41,1.83,0.198,-52.94,44,86.36,26.13,29.01,2.55,0.254,-28.32,15,86.67,17.77,104.68,2.15,0.221,-52.94,60,3072.66,10.81,0.556,0.873,311.77,0
SPY,1d,100,12,dip,52.96,1.82,0.197,-54.81,39,82.05,25.92,19.09,1.74,0.196,-28.52,13,69.23,17.66,89.37,1.91,0.205,-54.81,53,3072.66,10.81,0.556,0.873,311.77,0
SPY,1d,100,15,dip,54.3,1.86,0.2,-52.32,34,82.35,25.86,43.42,3.63,0.335,-25.86,13,84.62,17.5,130.05,2.51,0.246,-52.32,48,3072.66,10.81,0.556,0.873,311.77,0
SPY,1d,100,20,dip,69.1,2.26,0.227,-51.72,32,84.38,25.55,61.87,4.88,0.433,-22.25,12,91.67,16.91,178.99,3.09,0.288,-51.72,45,3072.66,10.81,0.556,0.873,311.77,0
SPY,1d,100,25,dip,77.18,2.46,0.241,-51.64,31,83.87,25.45,46.07,3.82,0.356,-22.25,11,81.82,16.63,158.8,2.86,0.273,-51.64,42,3072.66,10.81,0.556,0.873,311.77,0
SPY,1d,100,30,dip,26.43,1,0.141,-54.48,25,80,25.2,39.86,3.37,0.325,-20.99,8,87.5,16.52,76.83,1.71,0.192,-54.48,33,3072.66,10.81,0.556,0.873,311.77,0
SPY,1d,100,40,dip,13.02,0.52,0.107,-56.34,19,84.21,25.13,57.19,4.57,0.428,-22.1,7,85.71,17.07,77.66,1.72,0.194,-56.34,26,3072.66,10.81,0.556,0.873,311.77,0
SPY,1d,100,50,dip,4.97,0.21,0.084,-59.66,16,75,24.84,57.14,4.57,0.443,-22.1,6,83.33,16.48,64.94,1.5,0.178,-59.66,22,3072.66,10.81,0.556,0.873,311.77,0
SPY,1d,100,60,dip,-7.18,-0.32,0.046,-63.6,13,76.92,24.57,42.47,3.56,0.366,-22.1,4,75,15.65,32.24,0.83,0.129,-63.6,17,3072.66,10.81,0.556,0.873,311.77,0
SPY,1d,100,75,dip,-19.38,-0.91,0.001,-63.62,11,72.73,23.88,69.17,5.33,0.527,-22.1,4,75,15.53,36.39,0.93,0.136,-63.62,15,3072.66,10.81,0.556,0.873,311.77,0
SPY,1d,100,125,trend,708.28,9.28,0.746,-19.03,10,70,72.39,102.43,7.22,0.566,-33.72,4,75,63.74,1907.7,9.32,0.719,-33.72,14,3072.66,10.81,0.556,0.873,311.77,0
SPY,1d,100,150,trend,819.89,9.88,0.779,-20.91,6,83.33,73.08,136.32,8.87,0.664,-33.72,3,66.67,63.74,2473.95,10.13,0.762,-33.72,9,3072.66,10.81,0.556,0.873,311.77,0
SPY,1d,100,200,trend,153.97,4.04,0.462,-21.51,5,80,46.64,124.28,8.31,0.614,-33.72,3,66.67,64.49,572.35,5.82,0.537,-33.72,8,3072.66,10.81,0.556,0.873,311.77,0
SPY,1d,100,250,trend,191.75,4.65,0.51,-20.55,4,100,47.65,138.93,8.99,0.791,-21.62,2,100,54.07,818.68,6.81,0.6,-33.72,6,3072.66,10.81,0.556,0.873,311.77,0
SPY,1d,100,300,trend,207.94,4.89,0.527,-18.61,3,100,47.94,154.32,9.67,0.833,-23.01,2,100,54.74,1012.42,7.42,0.638,-33.72,5,3072.66,10.81,0.556,0.873,311.77,0
SPY,1d,125,2,dip,55.84,1.9,0.202,-50.54,86,83.72,25.52,37.17,3.17,0.3,-28.32,30,90,16.83,115.7,2.31,0.231,-50.54,117,3072.66,10.81,0.556,0.873,311.77,0
SPY,1d,125,3,dip,62.06,2.07,0.214,-51.03,75,81.33,25.43,37.82,3.22,0.303,-28.32,22,90.91,16.79,125.75,2.45,0.241,-51.03,98,3072.66,10.81,0.556,0.873,311.77,0
SPY,1d,125,4,dip,50.28,1.74,0.192,-51.3,64,85.94,25.27,37.25,3.18,0.299,-28.32,18,83.33,16.59,108.47,2.21,0.225,-51.3,83,3072.66,10.81,0.556,0.873,311.77,0
SPY,1d,125,5,dip,75.31,2.41,0.237,-51.28,61,85.25,25.3,30.54,2.67,0.262,-28.32,17,82.35,16.91,131.31,2.52,0.247,-51.28,79,3072.66,10.81,0.556,0.873,311.77,0
SPY,1d,125,7,dip,81.23,2.56,0.248,-51.76,56,89.29,25.42,23.07,2.07,0.22,-28.32,14,78.57,16.67,126.6,2.46,0.243,-51.76,71,3072.66,10.81,0.556,0.873,311.77,0
SPY,1d,125,9,dip,63.66,2.11,0.218,-51.79,48,85.42,25.28,27.52,2.43,0.248,-28.61,13,69.23,16.56,112.39,2.26,0.23,-51.79,62,3072.66,10.81,0.556,0.873,311.77,0
SPY,1d,125,12,dip,80.22,2.53,0.246,-51.43,40,82.5,25.11,41.39,3.48,0.326,-25.86,13,84.62,16.32,157.49,2.85,0.271,-51.43,55,3072.66,10.81,0.556,0.873,311.77,0
SPY,1d,125,15,dip,58.35,1.97,0.208,-52.79,34,85.29,24.96,56.26,4.51,0.408,-22.25,14,92.86,15.85,147.45,2.73,0.264,-52.79,48,3072.66,10.81,0.556,0.873,311.77,0
SPY,1d,125,20,dip,29.19,1.09,0.147,-56.82,25,84,24.88,42.81,3.59,0.341,-22.84,10,90,15.69,84.49,1.84,0.201,-56.82,35,3072.66,10.81,0.556,0.873,311.77,0
SPY,1d,125,25,dip,27.5,1.04,0.143,-57.45,24,83.33,24.78,64.22,5.03,0.461,-17.62,9,88.89,15.89,109.38,2.22,0.23,-57.45,33,3072.66,10.81,0.556,0.873,311.77,0
SPY,1d,125,30,dip,18.55,0.73,0.121,-57.05,20,85,24.37,42.31,3.55,0.349,-20.35,8,87.5,16.44,68.71,1.57,0.183,-57.05,28,3072.66,10.81,0.556,0.873,311.77,0
SPY,1d,125,40,dip,2.16,0.09,0.076,-61.78,16,81.25,24.49,52.11,4.23,0.419,-20.38,6,83.33,15.65,55.38,1.32,0.165,-61.78,22,3072.66,10.81,0.556,0.873,311.77,0
SPY,1d,125,50,dip,-0.91,-0.04,0.066,-62.96,14,78.57,23.8,51.64,4.2,0.428,-20.57,5,80,15.22,50.26,1.22,0.158,-62.96,19,3072.66,10.81,0.556,0.873,311.77,0
SPY,1d,125,60,dip,-25.83,-1.26,-0.025,-65.87,10,80,23.7,72.39,5.53,0.553,-19.25,5,80,14.79,27.85,0.73,0.121,-65.87,15,3072.66,10.81,0.556,0.873,311.77,0
SPY,1d,125,75,dip,-23.65,-1.14,-0.017,-65.67,9,77.78,23.28,56.66,4.54,0.49,-16.68,5,100,14.08,19.61,0.53,0.105,-65.67,14,3072.66,10.81,0.556,0.873,311.77,0
SPY,1d,125,100,dip,-9.63,-0.43,0.034,-64.96,10,80,22.18,64.64,5.05,0.58,-16.68,4,75,13.21,48.79,1.19,0.157,-64.96,14,3072.66,10.81,0.556,0.873,311.77,0
SPY,1d,125,150,trend,168.11,4.28,0.488,-23.98,5,80,46.42,133.08,8.72,0.645,-33.72,3,66.67,64.02,648.44,6.16,0.567,-33.72,8,3072.66,10.81,0.556,0.873,311.77,0
SPY,1d,125,200,trend,153.34,4.03,0.454,-28.75,5,80,47.28,164.92,10.11,0.712,-33.72,3,100,65.28,722.45,6.46,0.577,-33.72,8,3072.66,10.81,0.556,0.873,311.77,0
SPY,1d,125,250,trend,204.82,4.85,0.524,-18.61,3,100,47.83,149.56,9.46,0.819,-23.83,2,100,54.38,943.68,7.21,0.623,-33.72,5,3072.66,10.81,0.556,0.873,311.77,0
SPY,1d,125,300,trend,206.7,4.87,0.527,-21.44,3,100,47.73,91.96,6.66,0.789,-18.76,1,100,33.78,1059.41,7.55,0.647,-33.72,4,3072.66,10.81,0.556,0.873,311.77,0
SPY,1d,150,2,dip,41.06,1.47,0.173,-49.88,85,84.71,24.66,56.65,4.54,0.399,-28.32,31,90.32,15.77,123.68,2.42,0.24,-49.88,117,3072.66,10.81,0.556,0.873,311.77,0
SPY,1d,150,3,dip,36.27,1.32,0.163,-52.23,66,84.85,24.62,51.89,4.22,0.376,-28.32,25,88,15.73,112.94,2.27,0.23,-52.23,92,3072.66,10.81,0.556,0.873,311.77,0
SPY,1d,150,4,dip,63.04,2.1,0.216,-52.54,60,88.33,24.59,46.47,3.84,0.35,-28.32,24,83.33,15.65,144.15,2.69,0.259,-52.54,86,3072.66,10.81,0.556,0.873,311.77,0
SPY,1d,150,5,dip,71.18,2.31,0.231,-49.77,56,87.5,24.61,35.85,3.08,0.295,-28.32,17,76.47,15.69,136.62,2.59,0.253,-49.77,74,3072.66,10.81,0.556,0.873,311.77,0
SPY,1d,150,7,dip,30.77,1.15,0.151,-55.56,42,85.71,24.17,24.27,2.17,0.229,-28.61,14,71.43,15.41,65.65,1.51,0.177,-55.56,57,3072.66,10.81,0.556,0.873,311.77,0
SPY,1d,150,9,dip,46.13,1.62,0.184,-56.45,35,85.71,24.29,38.88,3.3,0.315,-25.35,12,83.33,15.38,102.94,2.12,0.221,-56.45,47,3072.66,10.81,0.556,0.873,311.77,0
SPY,1d,150,12,dip,32.08,1.19,0.154,-55.61,34,85.29,24.17,45.08,3.75,0.352,-22.25,10,90,15.34,91.62,1.95,0.209,-55.61,44,3072.66,10.81,0.556,0.873,311.77,0
SPY,1d,150,15,dip,41.34,1.48,0.175,-54.63,28,85.71,23.92,53.31,4.31,0.397,-23.23,10,100,15.41,116.68,2.32,0.237,-54.63,38,3072.66,10.81,0.556,0.873,311.77,0
SPY,1d,150,20,dip,29.96,1.12,0.149,-55.99,23,82.61,23.55,56.4,4.52,0.415,-21.76,10,100,15.18,103.26,2.13,0.223,-55.99,33,3072.66,10.81,0.556,0.873,311.77,0
SPY,1d,150,25,dip,17.81,0.7,0.119,-58.76,21,80.95,23.55,50.47,4.12,0.397,-16.73,7,85.71,15.57,77.27,1.71,0.194,-58.76,28,3072.66,10.81,0.556,0.873,311.77,0
SPY,1d,150,30,dip,25.13,0.96,0.138,-58.58,23,82.61,23.55,34.8,3,0.31,-16.73,7,71.43,14.67,68.68,1.56,0.183,-58.58,30,3072.66,10.81,0.556,0.873,311.77,0
SPY,1d,150,40,dip,-5.91,-0.26,0.049,-64.78,12,83.33,23.34,76.76,5.79,0.573,-16.68,5,80,14.27,66.32,1.52,0.181,-64.78,17,3072.66,10.81,0.556,0.873,311.77,0
SPY,1d,150,50,dip,-21.06,-1,-0.005,-66.95,10,80,23.19,73.53,5.6,0.562,-16.68,5,80,14.16,36.99,0.94,0.137,-66.95,15,3072.66,10.81,0.556,0.873,311.77,0
SPY,1d,150,60,dip,-18.68,-0.87,0.003,-65.88,10,80,22.87,53.99,4.36,0.481,-16.68,5,80,13.49,25.21,0.67,0.116,-65.88,15,3072.66,10.81,0.556,0.873,311.77,0
SPY,1d,150,75,dip,-11.46,-0.52,0.028,-66.73,9,77.78,22.2,64.77,5.06,0.559,-16.68,4,100,13.13,45.89,1.13,0.152,-66.73,13,3072.66,10.81,0.556,0.873,311.77,0
SPY,1d,150,100,dip,-20.82,-0.99,-0.009,-59.9,6,66.67,20.83,51.04,4.16,0.504,-16.68,3,100,13.06,15.86,0.44,0.096,-59.9,9,3072.66,10.81,0.556,0.873,311.77,0
SPY,1d,150,125,dip,-18.05,-0.84,0.001,-61.61,5,60,20.28,46.67,3.86,0.499,-16.68,3,100,12.66,20.19,0.55,0.105,-61.61,8,3072.66,10.81,0.556,0.873,311.77,0
SPY,1d,150,200,trend,217.89,5.03,0.541,-18.61,3,100,47.78,141.16,9.09,0.793,-24.13,2,100,54.03,997.32,7.37,0.637,-33.72,5,3072.66,10.81,0.556,0.873,311.77,0
SPY,1d,150,250,trend,204.61,4.84,0.525,-19.99,3,100,47.67,92.7,6.7,0.797,-18.76,1,100,33.5,1021.93,7.44,0.639,-33.72,4,3072.66,10.81,0.556,0.873,311.77,0
SPY,1d,150,300,trend,211.29,4.94,0.53,-21.58,2,100,47.73,78.63,5.9,0.699,-18.76,2,50,34.17,1015.01,7.42,0.634,-33.72,4,3072.66,10.81,0.556,0.873,311.77,0
SPY,1d,200,2,dip,30.24,1.13,0.15,-55.54,62,85.48,23.07,53.56,4.33,0.39,-25.48,25,88,14.35,103.84,2.14,0.222,-55.54,88,3072.66,10.81,0.556,0.873,311.77,0
SPY,1d,200,3,dip,25.57,0.97,0.139,-56.51,50,90,23.01,56.17,4.5,0.403,-25.48,20,100,14.39,96.1,2.02,0.214,-56.51,70,3072.66,10.81,0.556,0.873,311.77,0
SPY,1d,200,4,dip,34.78,1.28,0.16,-54.64,47,89.36,22.86,53.83,4.35,0.393,-25.48,19,94.74,14.2,107.33,2.19,0.226,-54.64,66,3072.66,10.81,0.556,0.873,311.77,0
SPY,1d,200,5,dip,32.46,1.2,0.155,-56.05,41,90.24,22.89,61.79,4.87,0.438,-22.25,17,82.35,14.43,114.31,2.29,0.234,-56.05,58,3072.66,10.81,0.556,0.873,311.77,0
SPY,1d,200,7,dip,-3.12,-0.13,0.06,-60.56,29,82.76,22.7,72.54,5.54,0.49,-22.25,14,100,14.27,67.16,1.54,0.18,-60.56,43,3072.66,10.81,0.556,0.873,311.77,0
SPY,1d,200,9,dip,11.24,0.45,0.102,-60.85,27,85.19,22.55,58.84,4.68,0.425,-22.75,12,91.67,14.27,76.69,1.71,0.192,-60.85,39,3072.66,10.81,0.556,0.873,311.77,0
SPY,1d,200,12,dip,4.55,0.19,0.083,-60.89,21,80.95,22.59,55.95,4.49,0.415,-23.17,11,100,14.12,63.04,1.46,0.175,-60.89,32,3072.66,10.81,0.556,0.873,311.77,0
SPY,1d,200,15,dip,11.54,0.46,0.102,-61.7,20,85,22.52,65.88,5.13,0.484,-16.73,9,100,13.92,85.02,1.84,0.204,-61.7,29,3072.66,10.81,0.556,0.873,311.77,0
SPY,1d,200,20,dip,0.16,0.01,0.069,-62.92,18,88.89,22.32,46.37,3.84,0.387,-16.73,6,83.33,13.88,46.6,1.14,0.152,-62.92,24,3072.66,10.81,0.556,0.873,311.77,0
SPY,1d,200,25,dip,-7.77,-0.34,0.043,-66.59,12,83.33,22.18,75.64,5.73,0.57,-16.68,6,83.33,13.72,62,1.44,0.176,-66.59,18,3072.66,10.81,0.556,0.873,311.77,0
SPY,1d,200,30,dip,-16.09,-0.74,0.013,-65.87,11,81.82,22.21,71.79,5.49,0.556,-16.68,8,100,13.41,44.15,1.09,0.149,-65.87,19,3072.66,10.81,0.556,0.873,311.77,0
SPY,1d,200,40,dip,-14.84,-0.68,0.016,-66.15,12,83.33,22,56.4,4.52,0.508,-16.68,4,75,12.66,33.19,0.85,0.13,-66.15,16,3072.66,10.81,0.556,0.873,311.77,0
SPY,1d,200,50,dip,-10.68,-0.48,0.031,-64.96,9,77.78,21.46,66.14,5.15,0.575,-16.68,5,80,12.47,48.06,1.17,0.156,-64.96,14,3072.66,10.81,0.556,0.873,311.77,0
SPY,1d,200,60,dip,-20.41,-0.96,-0.007,-62.55,8,75,20.77,81.84,6.09,0.711,-16.68,5,100,12.66,44.72,1.1,0.151,-62.55,13,3072.66,10.81,0.556,0.873,311.77,0
SPY,1d,200,75,dip,-16.93,-0.78,0.006,-59.52,5,60,20.26,52.06,4.23,0.523,-16.68,3,100,12.62,26.31,0.7,0.118,-59.52,8,3072.66,10.81,0.556,0.873,311.77,0
SPY,1d,200,100,dip,-13.97,-0.64,0.016,-61.23,5,60,20.01,54.66,4.4,0.581,-16.68,3,100,12.11,33.05,0.85,0.131,-61.23,8,3072.66,10.81,0.556,0.873,311.77,0
SPY,1d,200,125,dip,-15.45,-0.71,0.009,-61.43,5,60,19.25,23.48,2.11,0.326,-16.68,3,100,10.93,6.63,0.19,0.074,-61.43,8,3072.66,10.81,0.556,0.873,311.77,0
SPY,1d,200,150,dip,-26.75,-1.31,-0.042,-61.16,3,33.33,18.59,18.75,1.71,0.295,-16.68,2,100,9.52,-13.01,-0.41,0.018,-61.16,5,3072.66,10.81,0.556,0.873,311.77,0
SPY,1d,200,250,trend,215.31,5,0.535,-20.97,2,100,47.62,92.22,6.67,0.795,-18.76,1,100,33.27,1115.73,7.7,0.652,-33.72,3,3072.66,10.81,0.556,0.873,311.77,0
SPY,1d,200,300,trend,202.28,4.81,0.513,-22.19,2,100,48.02,92.7,6.7,0.797,-18.76,1,100,33.5,973.87,7.3,0.619,-33.72,3,3072.66,10.81,0.556,0.873,311.77,0
SPY,1d,250,2,dip,25.01,0.95,0.137,-56.98,45,93.33,21.62,70.92,5.44,0.493,-22.25,21,95.24,12.54,113.68,2.28,0.235,-56.98,66,3072.66,10.81,0.556,0.873,311.77,0
SPY,1d,250,3,dip,16,0.63,0.115,-60.05,38,92.11,21.51,65.48,5.1,0.467,-22.25,17,94.12,12.7,92.98,1.97,0.213,-60.05,55,3072.66,10.81,0.556,0.873,311.77,0
SPY,1d,250,4,dip,6.97,0.29,0.09,-60.46,34,88.24,21.42,52.9,4.29,0.409,-22.25,14,100,12.47,63.62,1.47,0.176,-60.46,48,3072.66,10.81,0.556,0.873,311.77,0
SPY,1d,250,5,dip,10.74,0.43,0.1,-61,28,85.71,21.39,49.34,4.04,0.39,-22.25,13,100,12.62,65.37,1.51,0.179,-61,41,3072.66,10.81,0.556,0.873,311.77,0
SPY,1d,250,7,dip,0.5,0.02,0.07,-63.43,23,86.96,21.46,64.42,5.04,0.471,-22.25,12,100,12.47,63.55,1.47,0.176,-63.43,35,3072.66,10.81,0.556,0.873,311.77,0
SPY,1d,250,9,dip,3.82,0.16,0.08,-63.79,20,90,21.34,46.75,3.86,0.378,-22.25,10,100,12.35,54.84,1.31,0.164,-63.79,30,3072.66,10.81,0.556,0.873,311.77,0
SPY,1d,250,12,dip,0.87,0.04,0.071,-64.48,16,87.5,21.39,66.5,5.17,0.498,-16.73,8,100,12.23,67.94,1.55,0.183,-64.48,24,3072.66,10.81,0.556,0.873,311.77,0
SPY,1d,250,15,dip,3.82,0.16,0.079,-65.02,14,85.71,21.22,65.34,5.1,0.504,-16.73,8,100,12.31,70.49,1.6,0.187,-65.02,22,3072.66,10.81,0.556,0.873,311.77,0
SPY,1d,250,20,dip,-16.53,-0.76,0.009,-65.42,12,83.33,20.88,51.88,4.22,0.442,-16.68,5,100,12.5,16.21,0.45,0.099,-65.42,17,3072.66,10.81,0.556,0.873,311.77,0
SPY,1d,250,25,dip,-14.8,-0.68,0.016,-66.5,11,81.82,20.88,66.74,5.18,0.539,-16.68,5,100,12.39,42.06,1.05,0.146,-66.5,16,3072.66,10.81,0.556,0.873,311.77,0
SPY,1d,250,30,dip,-10.15,-0.45,0.032,-64.96,9,77.78,20.46,66.37,5.16,0.581,-16.68,5,100,12.31,48.21,1.18,0.156,-64.96,14,3072.66,10.81,0.556,0.873,311.77,0
SPY,1d,250,40,dip,-17.29,-0.8,0.004,-62.69,7,71.43,19.97,77.79,5.85,0.656,-16.68,5,100,12.03,47.05,1.15,0.155,-62.69,12,3072.66,10.81,0.556,0.873,311.77,0
SPY,1d,250,50,dip,-15.14,-0.69,0.012,-58.89,6,66.67,19.87,75.56,5.72,0.689,-16.68,4,100,11.64,48.98,1.19,0.159,-58.89,10,3072.66,10.81,0.556,0.873,311.77,0
SPY,1d,250,60,dip,-20.62,-0.98,-0.01,-60.97,5,60,19.79,57.98,4.62,0.573,-16.68,3,100,12.23,25.42,0.67,0.116,-60.97,8,3072.66,10.81,0.556,0.873,311.77,0
SPY,1d,250,75,dip,-19.25,-0.9,-0.005,-61.08,6,66.67,19.42,47.17,3.89,0.516,-16.68,3,100,11.84,18.84,0.51,0.102,-61.08,9,3072.66,10.81,0.556,0.873,311.77,0
SPY,1d,250,100,dip,-24.55,-1.19,-0.03,-60.78,4,50,18.79,30.18,2.64,0.412,-16.68,2,100,9.99,-1.78,-0.05,0.052,-60.78,6,3072.66,10.81,0.556,0.873,311.77,0
SPY,1d,250,125,dip,-26.44,-1.3,-0.041,-61.7,3,33.33,18.51,19.73,1.8,0.319,-16.68,2,100,8.69,-11.93,-0.38,0.021,-61.7,5,3072.66,10.81,0.556,0.873,311.77,0
SPY,1d,250,150,dip,-26.5,-1.3,-0.042,-59.71,3,33.33,18.52,11.43,1.08,0.209,-16.68,1,100,8.42,-18.1,-0.59,0.001,-59.71,4,3072.66,10.81,0.556,0.873,311.77,0
SPY,1d,250,200,dip,-26.27,-1.29,-0.042,-57.47,2,0,18.07,6.44,0.62,0.146,-9.27,1,100,6.69,-21.52,-0.72,-0.013,-57.47,3,3072.66,10.81,0.556,0.873,311.77,0
SPY,1d,250,300,trend,190.17,4.63,0.498,-24.79,2,100,47.4,94.25,6.78,0.8,-18.76,1,100,33.94,998.25,7.38,0.623,-33.72,3,3072.66,10.81,0.556,0.873,311.77,0
SPY,1d,300,2,dip,5.45,0.23,0.085,-59.28,31,93.55,20.39,38.89,3.3,0.335,-22.25,19,78.95,11.36,46.47,1.14,0.152,-59.28,50,3072.66,10.81,0.556,0.873,311.77,0
SPY,1d,300,3,dip,3.37,0.14,0.078,-60.1,26,92.31,20.36,41.02,3.46,0.347,-22.25,17,76.47,11.33,47,1.15,0.153,-60.1,44,3072.66,10.81,0.556,0.873,311.77,0
SPY,1d,300,4,dip,-2.56,-0.11,0.06,-61.67,19,89.47,20.29,36.56,3.13,0.321,-22.25,12,91.67,11.36,37.59,0.95,0.138,-61.67,32,3072.66,10.81,0.556,0.873,311.77,0
SPY,1d,300,5,dip,-1.65,-0.07,0.063,-62.05,20,90,20.31,42.66,3.57,0.358,-22.25,13,84.62,11.29,42.13,1.05,0.145,-62.05,34,3072.66,10.81,0.556,0.873,311.77,0
SPY,1d,300,7,dip,7.56,0.31,0.09,-61.38,21,90.48,20.18,39.13,3.32,0.339,-20.18,8,87.5,11.21,49.64,1.2,0.157,-61.38,29,3072.66,10.81,0.556,0.873,311.77,0
SPY,1d,300,9,dip,5.97,0.25,0.085,-62.85,18,83.33,20.24,41.04,3.46,0.358,-16.73,7,100,11.13,48.89,1.19,0.156,-62.85,25,3072.66,10.81,0.556,0.873,311.77,0
SPY,1d,300,12,dip,-1.34,-0.06,0.062,-62.84,15,86.67,20.14,44.7,3.72,0.39,-16.73,6,100,11.13,42.74,1.06,0.147,-62.84,21,3072.66,10.81,0.556,0.873,311.77,0
SPY,1d,300,15,dip,-8.38,-0.37,0.038,-64.26,13,84.62,20.09,57.46,4.59,0.469,-16.73,6,100,11.21,45.51,1.12,0.151,-64.26,19,3072.66,10.81,0.556,0.873,311.77,0
SPY,1d,300,20,dip,-11.85,-0.53,0.025,-61.92,12,83.33,19.8,58.61,4.67,0.533,-12.89,6,100,11.21,38.72,0.98,0.14,-61.92,18,3072.66,10.81,0.556,0.873,311.77,0
SPY,1d,300,25,dip,-19.96,-0.94,-0.007,-61.17,8,75,19.59,70.8,5.43,0.62,-16.68,5,100,11.33,33.86,0.87,0.132,-61.17,13,3072.66,10.81,0.556,0.873,311.77,0
SPY,1d,300,30,dip,-28.18,-1.4,-0.043,-61.89,5,60,19.47,56.36,4.52,0.529,-16.68,5,100,11.13,12.56,0.35,0.089,-61.89,10,3072.66,10.81,0.556,0.873,311.77,0
SPY,1d,300,40,dip,-23.9,-1.15,-0.024,-59.36,5,60,19.35,68.84,5.31,0.63,-16.68,4,100,11.05,28.06,0.74,0.121,-59.36,9,3072.66,10.81,0.556,0.873,311.77,0
SPY,1d,300,50,dip,-22.78,-1.09,-0.021,-60.1,5,60,19.18,55.73,4.48,0.576,-16.68,4,100,11.01,20.79,0.56,0.106,-60.1,9,3072.66,10.81,0.556,0.873,311.77,0
SPY,1d,300,60,dip,-19.13,-0.9,-0.006,-60.66,4,50,18.91,37.91,3.23,0.443,-16.68,3,100,11.21,10.34,0.29,0.083,-60.66,7,3072.66,10.81,0.556,0.873,311.77,0
SPY,1d,300,75,dip,-18.39,-0.86,-0.004,-60.78,4,50,18.69,36.84,3.15,0.465,-16.68,2,100,9.83,11.67,0.33,0.085,-60.78,6,3072.66,10.81,0.556,0.873,311.77,0
SPY,1d,300,100,dip,-28.26,-1.4,-0.049,-61.36,3,33.33,18.37,14.33,1.33,0.245,-16.68,2,100,8.61,-18.6,-0.61,0,-61.36,5,3072.66,10.81,0.556,0.873,311.77,0
SPY,1d,300,125,dip,-27.53,-1.36,-0.046,-59.38,3,33.33,18.39,8.57,0.82,0.168,-16.68,1,100,8.02,-21.32,-0.71,-0.01,-59.38,4,3072.66,10.81,0.556,0.873,311.77,0
SPY,1d,300,150,dip,-28.96,-1.44,-0.055,-57.28,2,0,18.02,14.43,1.34,0.269,-12.89,2,100,7.12,-18.71,-0.61,-0.003,-57.28,4,3072.66,10.81,0.556,0.873,311.77,0
SPY,1d,300,200,dip,-23.24,-1.12,-0.03,-56.81,2,0,17.5,15.52,1.44,0.318,-7.54,1,100,5.94,-11.33,-0.36,0.02,-56.81,3,3072.66,10.81,0.556,0.873,311.77,0
SPY,1d,300,250,dip,-9.87,-0.44,0.025,-53.83,2,0,17.95,8.43,0.8,0.215,-7.54,1,100,4.84,-2.27,-0.07,0.046,-53.83,3,3072.66,10.81,0.556,0.873,311.77,0
SPY,1h,2,3,trend,-4.5,-3.22,-0.217,-11.52,270,36.3,57.34,-1.8,-3.02,-0.282,-7.69,112,26.79,53.49,-6.57,-3.35,-0.248,-13.79,383,34.35,15.94,0.886,1.547,12.5,0
SPY,1h,2,4,trend,-12.9,-9.36,-0.809,-15.2,243,35.8,57.22,-0.64,-1.08,-0.067,-6.45,91,30.77,53.97,-13.98,-7.26,-0.641,-20.72,336,34.35,15.94,0.886,1.547,12.5,0
SPY,1h,2,5,trend,-14.11,-10.26,-0.908,-17.01,220,34.55,57.51,4.57,7.84,0.885,-5.54,77,32.47,53.97,-12.75,-6.6,-0.581,-23.17,299,34.35,15.94,0.886,1.547,12.5,0
SPY,1h,2,7,trend,-11.67,-8.45,-0.742,-16.68,181,34.81,57.59,3.29,5.62,0.653,-5.32,69,30.43,53.68,-10.46,-5.38,-0.466,-20.66,252,34.35,15.94,0.886,1.547,12.5,0
SPY,1h,2,9,trend,-9.27,-6.69,-0.581,-17.82,153,36.6,58.04,4.59,7.89,0.906,-5.32,60,31.67,53.97,-6.85,-3.49,-0.287,-18.89,216,34.35,15.94,0.886,1.547,12.5,0
SPY,1h,2,12,trend,-5.51,-3.95,-0.308,-17.92,134,35.07,59.06,6.99,12.11,1.334,-4.58,49,30.61,54.45,-1.41,-0.71,-0.014,-17.92,184,34.35,15.94,0.886,1.547,12.5,0
SPY,1h,2,15,trend,-4.63,-3.32,-0.254,-18.03,124,29.84,58.78,8.65,15.06,1.609,-5.12,41,39.02,55.31,1.01,0.5,0.1,-18.03,166,34.35,15.94,0.886,1.547,12.5,1
SPY,1h,2,20,trend,-1.76,-1.25,-0.063,-14.26,107,29.91,59.68,10.23,17.9,1.915,-4.78,38,36.84,54.35,6.22,3.07,0.346,-14.26,148,34.35,15.94,0.886,1.547,12.5,1
SPY,1h,2,25,trend,-3.17,-2.26,-0.161,-13.47,95,27.37,61.57,11.63,20.44,2.14,-4.03,35,40,55.22,6.91,3.4,0.379,-13.47,132,34.35,15.94,0.886,1.547,12.5,1
SPY,1h,2,30,trend,-5.26,-3.78,-0.308,-13.24,85,29.41,59.72,11.36,19.95,2.107,-4.15,28,35.71,54.83,4.12,2.04,0.25,-13.24,115,34.35,15.94,0.886,1.547,12.5,1
SPY,1h,2,40,trend,-7.24,-5.21,-0.462,-17.42,69,28.99,61.32,11.83,20.81,2.26,-5.02,25,32,55.98,2.02,1.01,0.151,-17.42,96,34.35,15.94,0.886,1.547,12.5,1
SPY,1h,2,50,trend,-6.86,-4.93,-0.459,-17.95,62,24.19,62.06,14.6,25.91,2.775,-4.69,17,29.41,56.36,4.86,2.4,0.296,-17.95,82,34.35,15.94,0.886,1.547,12.5,1
SPY,1h,2,60,trend,-13.26,-9.63,-0.986,-20.25,67,25.37,62.8,11.49,20.2,2.23,-5.55,22,27.27,56.84,-5.01,-2.54,-0.226,-20.25,92,34.35,15.94,0.886,1.547,12.5,1
SPY,1h,2,75,trend,-8.61,-6.2,-0.659,-15.32,60,25,64.19,6.76,11.69,1.36,-7.2,21,19.05,57.51,-4.31,-2.18,-0.203,-15.32,84,34.35,15.94,0.886,1.547,12.5,0
SPY,1h,2,100,trend,-1.62,-1.16,-0.084,-10.93,44,29.55,66.04,7.26,12.59,1.46,-6.27,18,16.67,57.61,3.67,1.82,0.248,-10.93,65,34.35,15.94,0.886,1.547,12.5,0
SPY,1h,2,125,trend,6.96,4.9,0.584,-6.05,38,26.32,66.16,4.82,8.28,1.067,-6.51,18,22.22,59.71,9.54,4.67,0.575,-9,60,34.35,15.94,0.886,1.547,12.5,0
SPY,1h,2,150,trend,9.93,6.97,0.787,-6.25,29,37.93,67.47,6.97,12.06,1.418,-5.29,14,21.43,62.68,17.03,8.19,0.933,-6.5,44,34.35,15.94,0.886,1.547,12.5,0
SPY,1h,2,200,trend,7.72,5.44,0.645,-10.12,26,30.77,60.79,-2.07,-3.47,-0.53,-5.29,9,22.22,37.51,13.79,6.68,0.78,-10.72,37,34.35,15.94,0.886,1.547,12.5,0
SPY,1h,2,250,trend,9.6,6.74,0.77,-10.39,21,23.81,62.22,-2.63,-4.41,-0.637,-5.38,12,25,41.34,14.19,6.87,0.783,-10.99,36,34.35,15.94,0.886,1.547,12.5,0
SPY,1h,2,300,trend,6.08,4.29,0.495,-10.05,20,20,63.17,-1.27,-2.14,-0.323,-4.53,9,11.11,39.04,10.29,5.03,0.57,-11.29,36,34.35,15.94,0.886,1.547,12.5,0
SPY,1h,3,2,dip,-8.7,-6.27,-0.501,-19.91,271,57.2,42.49,-0.86,-1.45,-0.104,-4.72,111,61.26,46.12,-9.14,-4.69,-0.379,-19.91,383,34.35,15.94,0.886,1.547,12.5,0
SPY,1h,3,4,trend,-14.95,-10.89,-1.001,-18.9,200,34,57.01,4.36,7.48,0.849,-5.82,74,32.43,53.97,-12.9,-6.68,-0.604,-24.17,276,34.35,15.94,0.886,1.547,12.5,0
SPY,1h,3,5,trend,-12.19,-8.84,-0.778,-17.12,176,35.23,57.14,5.07,8.72,0.993,-4.98,65,32.31,52.92,-9.53,-4.89,-0.419,-21.19,243,34.35,15.94,0.886,1.547,12.5,0
SPY,1h,3,7,trend,-5.77,-4.14,-0.329,-16.12,145,36.55,57.47,4.87,8.38,0.954,-4.83,58,31.03,53.78,-3.01,-1.52,-0.092,-16.12,205,34.35,15.94,0.886,1.547,12.5,0
SPY,1h,3,9,trend,-5.81,-4.17,-0.338,-17.58,125,35.2,58.37,6.1,10.54,1.165,-5.17,47,31.91,53.97,-2.58,-1.3,-0.073,-17.87,173,34.35,15.94,0.886,1.547,12.5,0
SPY,1h,3,12,trend,-3.25,-2.32,-0.164,-17.08,110,30.91,58.78,9.85,17.21,1.849,-4.58,38,39.47,53.78,3.6,1.79,0.223,-17.08,149,34.35,15.94,0.886,1.547,12.5,1
SPY,1h,3,15,trend,-3.07,-2.19,-0.143,-17.08,99,32.32,59.64,10.08,17.63,1.879,-4.17,34,38.24,55.12,4.01,1.99,0.238,-17.08,134,34.35,15.94,0.886,1.547,12.5,1
SPY,1h,3,20,trend,0.22,0.16,0.068,-12.53,88,34.09,60.17,9.08,15.83,1.704,-4.55,32,40.63,54.55,7,3.45,0.382,-14.27,123,34.35,15.94,0.886,1.547,12.5,1
SPY,1h,3,25,trend,-2.34,-1.67,-0.106,-13.89,80,32.5,61.36,12.17,21.44,2.268,-4.22,26,42.31,54.83,8.11,3.98,0.438,-13.89,108,34.35,15.94,0.886,1.547,12.5,1
SPY,1h,3,30,trend,-1.95,-1.39,-0.081,-14.93,70,28.57,59.76,11.52,20.24,2.155,-4.74,24,37.5,54.93,8.06,3.96,0.437,-14.93,96,34.35,15.94,0.886,1.547,12.5,1
SPY,1h,3,40,trend,-11.31,-8.19,-0.791,-20.38,63,25.4,61.12,10.89,19.1,2.081,-4.87,23,30.43,56.17,-3.14,-1.59,-0.116,-20.38,88,34.35,15.94,0.886,1.547,12.5,1
SPY,1h,3,50,trend,-8.49,-6.12,-0.595,-19.42,50,26,61.89,11.43,20.08,2.182,-5.26,17,23.53,55.69,0.15,0.07,0.055,-19.42,70,34.35,15.94,0.886,1.547,12.5,1
SPY,1h,3,60,trend,-12.7,-9.21,-0.963,-17.87,52,25,62.59,8.63,15.03,1.664,-5.66,19,21.05,56.46,-6.89,-3.51,-0.336,-17.87,74,34.35,15.94,0.886,1.547,12.5,1
SPY,1h,3,75,trend,-6.74,-4.84,-0.518,-12.67,47,25.53,64.11,8.64,15.04,1.712,-5.87,16,25,57.03,-0.63,-0.32,0.007,-12.67,66,34.35,15.94,0.886,1.547,12.5,1
SPY,1h,3,100,trend,-0.21,-0.15,0.028,-9.76,37,27.03,65.91,8.48,14.75,1.694,-5.26,14,21.43,57.89,7.37,3.63,0.448,-10.41,53,34.35,15.94,0.886,1.547,12.5,1
SPY,1h,3,125,trend,8.35,5.87,0.68,-6.32,27,37.04,66.53,5.54,9.55,1.213,-6.18,16,12.5,59.33,13.02,6.32,0.751,-7.57,44,34.35,15.94,0.886,1.547,12.5,0
SPY,1h,3,150,trend,11.24,7.88,0.882,-6.49,22,40.91,67.47,7.07,12.25,1.442,-5.2,11,18.18,62.78,19.11,9.15,1.036,-6.67,33,34.35,15.94,0.886,1.547,12.5,0
SPY,1h,3,200,trend,8.55,6.01,0.704,-9.89,23,26.09,60.79,-2.9,-4.86,-0.762,-5.29,9,22.22,37.22,14.39,6.97,0.81,-10.07,33,34.35,15.94,0.886,1.547,12.5,0
SPY,1h,3,250,trend,11.6,8.13,0.911,-8.93,18,27.78,62.26,-3.42,-5.71,-0.836,-5.45,10,30,41.24,15.91,7.67,0.863,-9.54,30,34.35,15.94,0.886,1.547,12.5,0
SPY,1h,3,300,trend,7.73,5.44,0.617,-8.87,17,23.53,63.33,-1.25,-2.11,-0.317,-4.43,8,12.5,38.95,13.22,6.42,0.711,-9.87,31,34.35,15.94,0.886,1.547,12.5,0
SPY,1h,4,2,dip,3.31,2.34,0.252,-16.6,243,60.49,42.53,0.59,0.99,0.153,-4.04,91,68.13,45.36,4.31,2.14,0.243,-16.6,335,34.35,15.94,0.886,1.547,12.5,0
SPY,1h,4,3,dip,10.79,7.56,0.655,-16.86,200,65.5,42.41,0.01,0.01,0.048,-4.84,74,64.86,45.17,10.11,4.94,0.475,-16.86,275,34.35,15.94,0.886,1.547,12.5,0
SPY,1h,4,5,trend,-7.97,-5.74,-0.476,-15.14,157,35.03,57.38,5.93,10.22,1.151,-4.34,58,34.48,53.01,-4.33,-2.19,-0.155,-16.77,217,34.35,15.94,0.886,1.547,12.5,0
SPY,1h,4,7,trend,-7.14,-5.13,-0.436,-18.12,125,34.4,58.24,4.08,7,0.805,-5.08,50,28,53.59,-5.78,-2.94,-0.235,-18.12,176,34.35,15.94,0.886,1.547,12.5,0
SPY,1h,4,9,trend,-2.65,-1.9,-0.122,-15.58,107,31.78,58.57,7.98,13.86,1.525,-4.58,41,34.15,53.21,2.46,1.23,0.169,-15.58,149,34.35,15.94,0.886,1.547,12.5,0
SPY,1h,4,12,trend,-1.28,-0.91,-0.031,-16.73,98,33.67,59.15,8.89,15.49,1.682,-4.44,36,38.89,54.26,4.79,2.37,0.277,-16.73,135,34.35,15.94,0.886,1.547,12.5,1
SPY,1h,4,15,trend,-2.93,-2.1,-0.14,-15.16,89,30.34,60.05,7.78,13.51,1.476,-4.6,33,39.39,55.22,1.62,0.81,0.129,-15.16,123,34.35,15.94,0.886,1.547,12.5,0
SPY,1h,4,20,trend,0.68,0.48,0.098,-12.67,79,36.71,60.01,11.18,19.62,2.1,-4.22,29,44.83,54.64,9.7,4.75,0.512,-12.9,111,34.35,15.94,0.886,1.547,12.5,1
SPY,1h,4,25,trend,-1.99,-1.42,-0.081,-15.38,69,30.43,61.73,10.14,17.74,1.913,-4.8,24,41.67,54.26,6.69,3.3,0.371,-15.38,95,34.35,15.94,0.886,1.547,12.5,1
SPY,1h,4,30,trend,-0.46,-0.33,0.021,-14.75,60,25,59.6,11.68,20.55,2.196,-4.23,23,34.78,55.22,9.85,4.82,0.521,-14.75,85,34.35,15.94,0.886,1.547,12.5,1
SPY,1h,4,40,trend,-7.51,-5.4,-0.511,-19.07,55,29.09,60.95,10.29,18.01,1.968,-4.73,22,22.73,55.69,0.2,0.1,0.059,-19.07,79,34.35,15.94,0.886,1.547,12.5,1
SPY,1h,4,50,trend,-12.83,-9.31,-0.95,-19.33,49,26.53,62.06,10,17.48,1.911,-5.33,15,20,55.6,-5.85,-2.97,-0.271,-19.33,67,34.35,15.94,0.886,1.547,12.5,1
SPY,1h,4,60,trend,-11.35,-8.22,-0.871,-17.47,50,28,62.67,11.55,20.3,2.191,-4.68,15,33.33,55.79,-3.29,-1.66,-0.137,-17.47,68,34.35,15.94,0.886,1.547,12.5,1
SPY,1h,4,75,trend,-7.85,-5.65,-0.616,-14.37,43,23.26,64.15,9.9,17.31,1.928,-4.65,15,33.33,56.94,-0.28,-0.14,0.028,-14.37,60,34.35,15.94,0.886,1.547,12.5,1
SPY,1h,4,100,trend,1.46,1.04,0.16,-8.01,35,31.43,66,8.33,14.48,1.654,-5.2,13,15.38,57.89,10.12,4.95,0.589,-10.15,48,34.35,15.94,0.886,1.547,12.5,1
SPY,1h,4,125,trend,7.22,5.09,0.601,-7.1,28,35.71,66.32,5.96,10.29,1.292,-5.81,13,15.38,59.71,13.1,6.36,0.759,-8.06,41,34.35,15.94,0.886,1.547,12.5,0
SPY,1h,4,150,trend,11.48,8.04,0.901,-6.2,21,42.86,67.27,8.76,15.25,1.776,-4.16,8,37.5,62.78,21.24,10.13,1.142,-6.38,29,34.35,15.94,0.886,1.547,12.5,1
SPY,1h,4,200,trend,8.2,5.77,0.676,-10.29,21,28.57,60.91,-3.4,-5.68,-0.903,-5.63,9,22.22,37.03,13.27,6.44,0.752,-10.46,31,34.35,15.94,0.886,1.547,12.5,0
SPY,1h,4,250,trend,12.84,8.98,0.993,-7.59,14,35.71,62.39,-2.67,-4.47,-0.65,-5.46,8,25,40.96,17.55,8.43,0.939,-7.7,24,34.35,15.94,0.886,1.547,12.5,0
SPY,1h,4,300,trend,8.58,6.03,0.68,-7.95,15,26.67,63.08,-1.37,-2.3,-0.344,-4.57,8,25,38.95,15.14,7.32,0.808,-8.3,25,34.35,15.94,0.886,1.547,12.5,0
SPY,1h,5,2,dip,7.69,5.42,0.493,-16.32,220,64.09,42.25,-0.55,-0.93,-0.053,-5.62,77,66.23,45.17,7.51,3.69,0.374,-16.32,298,34.35,15.94,0.886,1.547,12.5,0
SPY,1h,5,3,dip,11.17,7.83,0.679,-15.7,176,64.2,42.25,0.41,0.69,0.119,-4.8,65,63.08,46.22,11.02,5.38,0.511,-15.7,242,34.35,15.94,0.886,1.547,12.5,0
SPY,1h,5,4,dip,8.52,5.99,0.536,-16.76,157,63.69,42,0.44,0.74,0.124,-5.25,58,63.79,46.12,8.32,4.08,0.403,-16.76,216,34.35,15.94,0.886,1.547,12.5,0
SPY,1h,5,7,trend,-3.09,-2.21,-0.154,-15.63,110,34.55,58.04,6.67,11.54,1.294,-4.58,42,33.33,53.21,0.77,0.38,0.089,-15.63,153,34.35,15.94,0.886,1.547,12.5,0
SPY,1h,5,9,trend,-3.56,-2.55,-0.183,-16.76,99,31.31,58.65,8.42,14.65,1.6,-4.74,37,37.84,53.49,1.93,0.96,0.144,-16.76,137,34.35,15.94,0.886,1.547,12.5,1
SPY,1h,5,12,trend,4.38,3.1,0.332,-14.83,86,32.56,59.47,8.22,14.29,1.561,-4.49,33,42.42,54.07,9.52,4.66,0.484,-14.83,120,34.35,15.94,0.886,1.547,12.5,1
SPY,1h,5,15,trend,0.5,0.35,0.087,-11.97,78,33.33,60.01,8.32,14.47,1.588,-4.54,31,35.48,54.55,5.69,2.81,0.32,-13.5,110,34.35,15.94,0.886,1.547,12.5,1
SPY,1h,5,20,trend,3.64,2.58,0.293,-13.32,73,35.62,60.3,10.53,18.44,1.994,-4.58,27,33.33,54.35,13,6.31,0.657,-13.32,102,34.35,15.94,0.886,1.547,12.5,1
SPY,1h,5,25,trend,0.59,0.42,0.093,-15.66,63,28.57,61.61,9.28,16.19,1.764,-5.13,24,37.5,54.26,8.62,4.23,0.462,-15.66,89,34.35,15.94,0.886,1.547,12.5,1
SPY,1h,5,30,trend,-3.62,-2.59,-0.197,-16.21,56,26.79,59.93,10.81,18.95,2.067,-4.39,21,33.33,54.74,6.03,2.98,0.343,-16.21,78,34.35,15.94,0.886,1.547,12.5,1
SPY,1h,5,40,trend,-6.28,-4.51,-0.414,-17.68,51,33.33,61.44,11.89,20.91,2.229,-4.33,19,36.84,55.12,3.56,1.77,0.23,-17.68,73,34.35,15.94,0.886,1.547,12.5,1
SPY,1h,5,50,trend,-11.66,-8.45,-0.881,-18.68,48,29.17,61.85,12.16,21.42,2.294,-4.37,14,28.57,55.41,-2.68,-1.35,-0.1,-18.68,64,34.35,15.94,0.886,1.547,12.5,1
SPY,1h,5,60,trend,-9.76,-7.05,-0.775,-15.51,46,26.09,62.8,11.88,20.9,2.251,-4.51,14,35.71,55.69,-0.87,-0.43,-0.005,-15.51,62,34.35,15.94,0.886,1.547,12.5,1
SPY,1h,5,75,trend,-4.79,-3.43,-0.352,-11.81,36,27.78,64.11,10.21,17.86,1.977,-5,12,16.67,57.7,4.04,2,0.271,-11.81,49,34.35,15.94,0.886,1.547,12.5,1
SPY,1h,5,100,trend,1.73,1.23,0.182,-8.96,31,35.48,64.19,8.73,15.2,1.733,-5.08,11,27.27,58.18,10.23,5,0.602,-9.57,42,34.35,15.94,0.886,1.547,12.5,1
SPY,1h,5,125,trend,8.32,5.85,0.682,-6.43,24,41.67,66.57,5.52,9.52,1.199,-6.57,11,27.27,60.1,13.2,6.41,0.763,-7.51,36,34.35,15.94,0.886,1.547,12.5,0
SPY,1h,5,150,trend,12.33,8.62,0.958,-5.96,20,40,67.56,8.69,15.13,1.747,-4.06,8,25,62.58,22.09,10.51,1.176,-6.14,28,34.35,15.94,0.886,1.547,12.5,1
SPY,1h,5,200,trend,10.04,7.05,0.81,-9.28,19,31.58,61.07,-3.34,-5.59,-0.886,-5.57,9,22.22,37.22,13.99,6.78,0.787,-9.45,29,34.35,15.94,0.886,1.547,12.5,0
SPY,1h,5,250,trend,10.63,7.46,0.838,-8.7,13,30.77,62.26,-2.84,-4.76,-0.699,-5.2,7,14.29,40.96,16.13,7.78,0.871,-8.7,21,34.35,15.94,0.886,1.547,12.5,0
SPY,1h,5,300,trend,7.41,5.22,0.597,-8.52,14,21.43,63.25,-0.84,-1.42,-0.202,-4.51,8,25,38.85,14.18,6.87,0.762,-9.18,24,34.35,15.94,0.886,1.547,12.5,0
SPY,1h,7,2,dip,9.85,6.92,0.604,-15.23,181,65.75,41.8,1.65,2.8,0.339,-4.45,69,68.12,45.45,10.97,5.35,0.508,-15.23,251,34.35,15.94,0.886,1.547,12.5,0
SPY,1h,7,3,dip,7.52,5.3,0.478,-16.08,145,63.45,41.92,1.44,2.45,0.298,-5.1,58,65.52,45.36,8.4,4.12,0.404,-16.08,204,34.35,15.94,0.886,1.547,12.5,0
SPY,1h,7,4,dip,11.76,8.23,0.691,-13.14,125,64,41.14,3.2,5.47,0.602,-4.89,50,62,45.55,15.53,7.5,0.672,-13.14,175,34.35,15.94,0.886,1.547,12.5,0
SPY,1h,7,5,dip,9.25,6.5,0.559,-14.59,111,66.67,41.63,1.67,2.83,0.337,-4.96,42,64.29,45.93,11.26,5.49,0.509,-14.59,153,34.35,15.94,0.886,1.547,12.5,0
SPY,1h,7,9,trend,-1.85,-1.32,-0.071,-14.8,88,32.95,59.19,7.63,13.23,1.456,-4.67,33,39.39,53.88,2.64,1.31,0.178,-14.8,122,34.35,15.94,0.886,1.547,12.5,0
SPY,1h,7,12,trend,3.1,2.2,0.256,-11.82,74,37.84,59.6,8.86,15.44,1.687,-4.37,30,36.67,54.93,10.8,5.27,0.554,-11.82,106,34.35,15.94,0.886,1.547,12.5,1
SPY,1h,7,15,trend,5.62,3.97,0.42,-13.92,71,36.62,60.17,8.93,15.57,1.724,-4.53,28,42.86,54.74,15.08,7.29,0.751,-13.92,99,34.35,15.94,0.886,1.547,12.5,1
SPY,1h,7,20,trend,0.08,0.06,0.058,-15.48,62,27.42,60.91,8.49,14.78,1.628,-5.12,25,36,54.26,7.59,3.73,0.415,-15.48,88,34.35,15.94,0.886,1.547,12.5,1
SPY,1h,7,25,trend,-2.8,-2,-0.152,-15.54,52,28.85,59.27,11.18,19.62,2.096,-4.15,21,38.1,55.02,6.96,3.43,0.397,-15.54,74,34.35,15.94,0.886,1.547,12.5,1
SPY,1h,7,30,trend,-5.92,-4.25,-0.382,-16.37,50,28,60.21,11.57,20.33,2.181,-4.08,18,33.33,54.64,4.09,2.03,0.256,-16.37,69,34.35,15.94,0.886,1.547,12.5,1
SPY,1h,7,40,trend,-10.7,-7.74,-0.786,-18.7,44,31.82,61.44,12.14,21.38,2.31,-4.21,14,28.57,54.83,-1.65,-0.83,-0.042,-18.7,60,34.35,15.94,0.886,1.547,12.5,1
SPY,1h,7,50,trend,-9.41,-6.79,-0.707,-18.86,41,29.27,61.85,12.62,22.26,2.406,-3.86,13,38.46,55.22,1.16,0.58,0.109,-18.86,55,34.35,15.94,0.886,1.547,12.5,1
SPY,1h,7,60,trend,-4.48,-3.21,-0.32,-11.93,37,27.03,62.96,10.38,18.16,2.029,-4.39,11,36.36,56.27,4.53,2.24,0.296,-11.93,49,34.35,15.94,0.886,1.547,12.5,1
SPY,1h,7,75,trend,-1.9,-1.36,-0.111,-9.99,31,35.48,63.7,9.78,17.09,1.907,-5.24,10,30,58.18,7.7,3.78,0.47,-9.99,41,34.35,15.94,0.886,1.547,12.5,1
SPY,1h,7,100,trend,1.34,0.95,0.152,-9.17,27,33.33,64.68,8.31,14.45,1.67,-6.33,9,33.33,58.28,9.77,4.78,0.58,-9.17,36,34.35,15.94,0.886,1.547,12.5,1
SPY,1h,7,125,trend,7.46,5.26,0.619,-7.96,21,38.1,66.78,5.28,9.09,1.144,-6.78,10,20,59.81,12.48,6.07,0.725,-8.58,32,34.35,15.94,0.886,1.547,12.5,0
SPY,1h,7,150,trend,11.2,7.85,0.872,-6.96,17,41.18,67.68,6.15,10.61,1.307,-6.16,8,25,62.2,17.83,8.57,0.977,-7.05,25,34.35,15.94,0.886,1.547,12.5,0
SPY,1h,7,200,trend,15.28,10.65,1.171,-7.38,12,33.33,61.24,-3.39,-5.67,-0.897,-5.35,8,25,37.8,20.24,9.67,1.082,-7.58,21,34.35,15.94,0.886,1.547,12.5,0
SPY,1h,7,250,trend,11.17,7.83,0.879,-8.65,12,16.67,62.1,-1.05,-1.78,-0.234,-4.54,5,20,41.05,17.12,8.23,0.92,-8.79,19,34.35,15.94,0.886,1.547,12.5,0
SPY,1h,7,300,trend,7.36,5.18,0.594,-8.54,12,25,63.04,-0.17,-0.29,-0.035,-4.43,5,40,27.18,16.21,7.81,0.855,-8.77,19,34.35,15.94,0.886,1.547,12.5,0
SPY,1h,9,2,dip,10.61,7.44,0.639,-13.34,153,64.71,41.35,-0.88,-1.48,-0.108,-5.25,59,61.02,44.5,11.38,5.54,0.519,-13.34,215,34.35,15.94,0.886,1.547,12.5,0
SPY,1h,9,3,dip,10.19,7.15,0.612,-14.53,125,66.4,41.02,-0.75,-1.27,-0.089,-4.89,46,60.87,44.5,12.14,5.91,0.546,-14.53,172,34.35,15.94,0.886,1.547,12.5,0
SPY,1h,9,4,dip,8.94,6.28,0.545,-14.36,107,66.36,40.81,-1.77,-2.98,-0.269,-5.38,40,62.5,45.26,9.74,4.76,0.452,-14.36,148,34.35,15.94,0.886,1.547,12.5,0
SPY,1h,9,5,dip,10.99,7.7,0.653,-13.24,99,69.7,40.69,-1.76,-2.97,-0.27,-5.58,37,62.16,44.98,11.81,5.75,0.533,-13.24,137,34.35,15.94,0.886,1.547,12.5,0
SPY,1h,9,7,dip,10.3,7.23,0.615,-13.77,88,68.18,40.11,-0.44,-0.75,-0.032,-5.07,33,63.64,44.4,12.85,6.24,0.57,-13.77,122,34.35,15.94,0.886,1.547,12.5,0
SPY,1h,9,12,trend,4.1,2.9,0.325,-13.76,70,37.14,59.84,8.89,15.49,1.715,-4.5,27,44.44,54.45,13.51,6.55,0.685,-13.76,97,34.35,15.94,0.886,1.547,12.5,1
SPY,1h,9,15,trend,2.11,1.5,0.193,-13.96,66,30.3,60.38,7.29,12.63,1.409,-5.19,25,36,54.83,9.97,4.87,0.522,-13.96,91,34.35,15.94,0.886,1.547,12.5,0
SPY,1h,9,20,trend,-1.41,-1.01,-0.052,-14.58,51,31.37,58.94,11.68,20.54,2.171,-4.38,21,42.86,54.64,8.98,4.4,0.495,-14.58,73,34.35,15.94,0.886,1.547,12.5,1
SPY,1h,9,25,trend,-4.67,-3.35,-0.29,-15.31,48,29.17,59.52,12.76,22.52,2.367,-3.37,17,35.29,54.64,6.32,3.12,0.366,-15.31,66,34.35,15.94,0.886,1.547,12.5,1
SPY,1h,9,30,trend,-10.34,-7.47,-0.722,-17.09,48,33.33,60.75,8.73,15.2,1.667,-4.64,16,31.25,54.07,-3.39,-1.71,-0.13,-17.09,65,34.35,15.94,0.886,1.547,12.5,1
SPY,1h,9,40,trend,-12.15,-8.81,-0.912,-20.56,44,27.27,61.61,12.89,22.75,2.458,-3.93,11,45.45,55.02,-1.67,-0.84,-0.044,-20.56,56,34.35,15.94,0.886,1.547,12.5,1
SPY,1h,9,50,trend,-5.87,-4.21,-0.44,-15.14,35,28.57,62.31,11.77,20.7,2.319,-3.95,9,44.44,55.6,5.21,2.58,0.336,-15.14,44,34.35,15.94,0.886,1.547,12.5,1
SPY,1h,9,60,trend,-7.34,-5.28,-0.561,-14.25,32,31.25,63.25,9.8,17.12,1.934,-4.54,9,44.44,56.08,1.73,0.87,0.142,-14.25,41,34.35,15.94,0.886,1.547,12.5,1
SPY,1h,9,75,trend,-2.66,-1.9,-0.173,-9.52,27,37.04,63.82,9.35,16.32,1.823,-5.45,9,33.33,58.37,6.44,3.18,0.402,-9.52,36,34.35,15.94,0.886,1.547,12.5,1
SPY,1h,9,100,trend,1.53,1.08,0.166,-8.73,25,36,64.68,7.69,13.35,1.548,-7.08,9,22.22,58.76,9.09,4.45,0.546,-9.48,34,34.35,15.94,0.886,1.547,12.5,1
SPY,1h,9,125,trend,7.03,4.95,0.588,-9.22,18,33.33,66.69,5.21,8.97,1.125,-6.84,9,22.22,60.19,12.16,5.92,0.71,-9.67,28,34.35,15.94,0.886,1.547,12.5,0
SPY,1h,9,150,trend,12.88,9,0.986,-7.65,14,50,67.35,4,6.86,0.868,-7.85,8,25,62.68,17.21,8.28,0.944,-7.85,22,34.35,15.94,0.886,1.547,12.5,0
SPY,1h,9,200,trend,15.26,10.64,1.169,-7.76,10,30,61.03,-2.6,-4.36,-0.688,-4.84,6,16.67,37.7,21.24,10.13,1.13,-7.76,17,34.35,15.94,0.886,1.547,12.5,0
SPY,1h,9,250,trend,11.31,7.92,0.887,-8.88,12,16.67,62.22,-1.28,-2.15,-0.291,-4.48,5,20,41.15,18.04,8.66,0.96,-9.1,18,34.35,15.94,0.886,1.547,12.5,0
SPY,1h,9,300,trend,6.64,4.68,0.539,-8.15,11,27.27,63.08,-0.29,-0.49,-0.076,-4.54,5,40,27.27,15.45,7.46,0.817,-8.36,17,34.35,15.94,0.886,1.547,12.5,0
SPY,1h,12,2,dip,8.66,6.09,0.538,-14.32,134,64.93,40.32,-1.82,-3.05,-0.281,-4.89,48,56.25,44.02,9.36,4.58,0.442,-14.32,183,34.35,15.94,0.886,1.547,12.5,0
SPY,1h,12,3,dip,9.18,6.45,0.556,-13.98,110,67.27,40.57,-3.15,-5.28,-0.523,-5.64,38,52.63,44.69,8.43,4.14,0.401,-13.98,149,34.35,15.94,0.886,1.547,12.5,0
SPY,1h,12,4,dip,8.55,6.01,0.525,-13.71,98,70.41,40.2,-2.07,-3.48,-0.326,-5.24,36,58.33,44.21,9.01,4.42,0.424,-13.71,135,34.35,15.94,0.886,1.547,12.5,0
SPY,1h,12,5,dip,3.97,2.81,0.285,-14.05,86,67.44,39.83,-0.97,-1.63,-0.126,-5.07,33,63.64,44.31,6.01,2.97,0.308,-14.05,120,34.35,15.94,0.886,1.547,12.5,0
SPY,1h,12,7,dip,6.78,4.78,0.431,-15.14,74,68.92,39.7,-1.22,-2.05,-0.169,-5.62,30,56.67,43.35,6.56,3.23,0.326,-15.14,106,34.35,15.94,0.886,1.547,12.5,0
SPY,1h,12,9,dip,6.04,4.26,0.386,-15.4,70,65.71,39.42,-1,-1.68,-0.128,-6.1,27,55.56,43.73,4.91,2.43,0.257,-15.4,97,34.35,15.94,0.886,1.547,12.5,0
SPY,1h,12,15,trend,1.9,1.35,0.184,-13.97,55,34.55,61.4,9.85,17.21,1.844,-4.15,22,40.91,55.22,11.85,5.77,0.628,-13.97,77,34.35,15.94,0.886,1.547,12.5,1
SPY,1h,12,20,trend,-4.33,-3.1,-0.263,-14.91,48,31.25,59.11,11.78,20.73,2.198,-3.52,17,35.29,54.83,5.36,2.65,0.318,-14.91,66,34.35,15.94,0.886,1.547,12.5,1
SPY,1h,12,25,trend,-4.3,-3.08,-0.271,-13.94,45,33.33,59.68,8.61,14.98,1.639,-4.7,16,37.5,54.07,3.05,1.52,0.206,-13.94,62,34.35,15.94,0.886,1.547,12.5,1
SPY,1h,12,30,trend,-6.67,-4.8,-0.452,-15.67,41,36.59,60.71,12.85,22.69,2.443,-4.07,12,58.33,55.02,5.07,2.51,0.309,-15.67,54,34.35,15.94,0.886,1.547,12.5,1
SPY,1h,12,40,trend,-4.33,-3.1,-0.308,-12.44,34,29.41,61.65,12.61,22.24,2.516,-4.05,8,50,54.83,7.74,3.8,0.472,-12.44,42,34.35,15.94,0.886,1.547,12.5,1
SPY,1h,12,50,trend,-2.26,-1.61,-0.137,-11.03,30,30,61.98,11.02,19.34,2.192,-4.09,8,50,55.69,8.52,4.18,0.513,-11.03,38,34.35,15.94,0.886,1.547,12.5,1
SPY,1h,12,60,trend,-6.9,-4.96,-0.526,-13.6,28,35.71,63.08,10.49,18.37,2.083,-4.41,8,50,56.56,2.86,1.42,0.205,-13.6,36,34.35,15.94,0.886,1.547,12.5,1
SPY,1h,12,75,trend,-2.82,-2.02,-0.186,-9.82,25,36,63.99,10.45,18.3,2.088,-4.94,8,37.5,57.51,7.92,3.89,0.483,-9.82,34,34.35,15.94,0.886,1.547,12.5,1
SPY,1h,12,100,trend,5.14,3.64,0.45,-8.05,22,36.36,64.4,5.55,9.56,1.138,-8.86,9,22.22,58.85,10.92,5.33,0.643,-8.86,31,34.35,15.94,0.886,1.547,12.5,0
SPY,1h,12,125,trend,9.88,6.93,0.781,-9.06,15,53.33,66.78,3.72,6.38,0.829,-8.16,9,22.22,60.29,13.97,6.77,0.792,-9.23,24,34.35,15.94,0.886,1.547,12.5,0
SPY,1h,12,150,trend,12.29,8.6,0.94,-8.44,13,30.77,67.47,2.86,4.89,0.643,-8.6,8,25,62.87,15.66,7.56,0.867,-8.61,21,34.35,15.94,0.886,1.547,12.5,0
SPY,1h,12,200,trend,13.5,9.43,1.051,-8.75,9,22.22,60.83,-2.57,-4.31,-0.678,-4.4,5,40,38.37,20.36,9.72,1.089,-8.98,15,34.35,15.94,0.886,1.547,12.5,0
SPY,1h,12,250,trend,10.14,7.11,0.798,-9.95,10,10,62.02,-0.86,-1.44,-0.18,-4.6,6,33.33,41.63,16.45,7.92,0.88,-10.16,17,34.35,15.94,0.886,1.547,12.5,0
SPY,1h,12,300,trend,7.73,5.44,0.614,-8.23,10,20,63.13,0.33,0.55,0.138,-4.3,4,25,27.08,17.71,8.51,0.915,-8.23,17,34.35,15.94,0.886,1.547,12.5,0
SPY,1h,15,2,dip,8.71,6.12,0.532,-13.59,125,67.2,40.16,-2.44,-4.09,-0.399,-5.41,41,60.98,43.16,8.76,4.29,0.414,-13.59,167,34.35,15.94,0.886,1.547,12.5,0
SPY,1h,15,3,dip,10.43,7.31,0.631,-12.53,99,69.7,39.7,-2.89,-4.84,-0.479,-5.61,34,55.88,43.35,9.96,4.87,0.466,-12.53,134,34.35,15.94,0.886,1.547,12.5,0
SPY,1h,15,4,dip,11.6,8.13,0.69,-12.8,89,71.91,39.29,-0.57,-0.96,-0.055,-4.67,33,63.64,43.16,14.04,6.8,0.622,-12.8,123,34.35,15.94,0.886,1.547,12.5,0
SPY,1h,15,5,dip,9.03,6.35,0.55,-13.66,78,69.23,39.29,-0.82,-1.39,-0.099,-5.62,31,58.06,43.83,11.18,5.45,0.507,-13.66,110,34.35,15.94,0.886,1.547,12.5,0
SPY,1h,15,7,dip,4.62,3.27,0.313,-15.35,71,69.01,39.13,-1.05,-1.76,-0.136,-6.37,28,57.14,43.54,3.46,1.72,0.2,-15.35,99,34.35,15.94,0.886,1.547,12.5,0
SPY,1h,15,9,dip,8.86,6.23,0.536,-15.45,66,72.73,38.93,0.72,1.22,0.174,-5.4,25,60,43.35,9.32,4.56,0.429,-15.45,91,34.35,15.94,0.886,1.547,12.5,0
SPY,1h,15,12,dip,10.54,7.39,0.612,-15.3,55,70.91,37.9,-1.27,-2.14,-0.181,-5.43,22,54.55,42.97,9.3,4.55,0.424,-15.3,77,34.35,15.94,0.886,1.547,12.5,0
SPY,1h,15,20,trend,-3.87,-2.77,-0.239,-14.25,43,34.88,59.35,8.42,14.65,1.605,-4.79,15,40,54.26,3.34,1.66,0.221,-14.25,59,34.35,15.94,0.886,1.547,12.5,1
SPY,1h,15,25,trend,-2.39,-1.71,-0.127,-14.4,40,40,60.01,12.39,21.84,2.364,-4.12,15,46.67,55.02,10.29,5.03,0.568,-14.4,54,34.35,15.94,0.886,1.547,12.5,1
SPY,1h,15,30,trend,-0.03,-0.02,0.042,-10.04,35,37.14,61.03,14.99,26.63,2.867,-4.15,10,50,54.74,14.96,7.23,0.844,-10.04,45,34.35,15.94,0.886,1.547,12.5,1
SPY,1h,15,40,trend,-3.36,-2.4,-0.226,-12.02,32,28.13,61.65,11.16,19.6,2.218,-3.93,8,50,55.5,7.43,3.65,0.454,-12.02,40,34.35,15.94,0.886,1.547,12.5,1
SPY,1h,15,50,trend,-5.84,-4.19,-0.432,-11.68,28,32.14,62.1,10.26,17.95,2.046,-4.32,8,50,55.89,3.82,1.89,0.258,-11.68,36,34.35,15.94,0.886,1.547,12.5,1
SPY,1h,15,60,trend,-3.22,-2.3,-0.218,-10.94,26,34.62,62.84,10.17,17.79,1.974,-5.78,7,42.86,57.22,6.62,3.26,0.41,-10.94,33,34.35,15.94,0.886,1.547,12.5,1
SPY,1h,15,75,trend,-0.69,-0.49,-0.012,-10.48,23,34.78,63.04,8.13,14.13,1.625,-7.06,8,25,57.42,7.39,3.63,0.455,-10.48,31,34.35,15.94,0.886,1.547,12.5,1
SPY,1h,15,100,trend,6.29,4.44,0.545,-8.78,18,38.89,64.48,5.32,9.16,1.091,-8.99,9,22.22,58.28,11.89,5.79,0.7,-9.5,27,34.35,15.94,0.886,1.547,12.5,0
SPY,1h,15,125,trend,11.2,7.85,0.879,-9.18,13,38.46,66.53,2.13,3.63,0.494,-9.37,9,22.22,61.24,13.57,6.58,0.774,-9.37,22,34.35,15.94,0.886,1.547,12.5,0
SPY,1h,15,150,trend,11.06,7.75,0.85,-9.11,12,25,67.84,1.38,2.35,0.326,-9.91,8,25,63.73,12.92,6.28,0.723,-9.91,20,34.35,15.94,0.886,1.547,12.5,0
SPY,1h,15,200,trend,11.24,7.88,0.891,-9.7,9,11.11,60.95,-2.86,-4.78,-0.758,-4.68,4,25,38.47,17.03,8.2,0.93,-9.92,14,34.35,15.94,0.886,1.547,12.5,0
SPY,1h,15,250,trend,10.5,7.37,0.808,-7.83,8,25,62.22,-0.91,-1.53,-0.196,-4.56,5,20,42.68,18.78,9,0.974,-7.83,14,34.35,15.94,0.886,1.547,12.5,0
SPY,1h,15,300,trend,11.29,7.91,0.862,-5.59,7,28.57,63.25,0.6,1.01,0.23,-4.05,3,33.33,27.18,22.2,10.56,1.114,-5.59,11,34.35,15.94,0.886,1.547,12.5,0
SPY,1h,20,2,dip,8.02,5.64,0.497,-12.45,108,71.3,39.21,-2.79,-4.68,-0.458,-4.67,39,64.1,43.44,5.99,2.96,0.304,-12.45,149,34.35,15.94,0.886,1.547,12.5,0
SPY,1h,20,3,dip,8.32,5.85,0.511,-13.47,89,71.91,38.72,-1.06,-1.79,-0.145,-4.53,33,57.58,43.25,8.42,4.13,0.399,-13.47,124,34.35,15.94,0.886,1.547,12.5,0
SPY,1h,20,4,dip,9.01,6.33,0.539,-15.39,80,70,38.88,-2.39,-4.01,-0.383,-6.35,30,60,43.06,7.28,3.58,0.351,-15.39,112,34.35,15.94,0.886,1.547,12.5,0
SPY,1h,20,5,dip,6.18,4.36,0.395,-15.71,74,70.27,38.56,-1.58,-2.66,-0.235,-6.31,28,60.71,43.35,4.81,2.38,0.254,-15.71,103,34.35,15.94,0.886,1.547,12.5,0
SPY,1h,20,7,dip,11.42,8,0.665,-14.34,63,68.25,37.94,0.51,0.86,0.137,-5.57,26,61.54,43.44,11.95,5.81,0.527,-14.34,89,34.35,15.94,0.886,1.547,12.5,0
SPY,1h,20,9,dip,12.44,8.7,0.706,-14.88,52,75,37,-1.75,-2.93,-0.267,-5.7,22,50,42.97,10.4,5.08,0.466,-14.88,74,34.35,15.94,0.886,1.547,12.5,0
SPY,1h,20,12,dip,16.29,11.34,0.886,-14.65,49,77.55,36.83,-1.04,-1.75,-0.138,-5.83,18,50,42.68,15.15,7.32,0.635,-14.65,67,34.35,15.94,0.886,1.547,12.5,0
SPY,1h,20,15,dip,16.36,11.39,0.88,-14.11,44,72.73,36.51,2.22,3.78,0.434,-6.21,16,62.5,43.16,18.33,8.8,0.739,-14.11,60,34.35,15.94,0.886,1.547,12.5,0
SPY,1h,20,25,trend,-2.43,-1.74,-0.153,-10.91,34,35.29,60.71,13.23,23.37,2.634,-3.92,8,50,54.83,10.47,5.11,0.619,-10.91,42,34.35,15.94,0.886,1.547,12.5,1
SPY,1h,20,30,trend,-3.62,-2.59,-0.248,-11.79,34,26.47,61.32,12.7,22.4,2.538,-3.93,8,50,55.02,8.62,4.23,0.519,-11.79,42,34.35,15.94,0.886,1.547,12.5,1
SPY,1h,20,40,trend,-5.3,-3.8,-0.393,-12.53,29,31.03,61.57,9.34,16.3,1.838,-5.56,8,50,55.69,3.54,1.76,0.243,-12.53,37,34.35,15.94,0.886,1.547,12.5,1
SPY,1h,20,50,trend,-5.07,-3.64,-0.377,-11.23,26,34.62,61.98,11.68,20.53,2.299,-5.29,8,50,56.84,6.01,2.97,0.381,-11.23,34,34.35,15.94,0.886,1.547,12.5,1
SPY,1h,20,60,trend,-2.15,-1.54,-0.132,-8.45,24,37.5,63.13,8.85,15.41,1.798,-6.2,7,28.57,57.03,6.5,3.21,0.409,-8.45,31,34.35,15.94,0.886,1.547,12.5,1
SPY,1h,20,75,trend,0.24,0.17,0.063,-9.67,18,33.33,63.7,6.49,11.22,1.333,-8.12,8,25,57.7,6.74,3.32,0.419,-10.2,26,34.35,15.94,0.886,1.547,12.5,0
SPY,1h,20,100,trend,9.72,6.83,0.785,-9.19,13,38.46,65.59,1.29,2.19,0.317,-9.82,9,22.22,59.23,14.48,7.01,0.818,-9.82,22,34.35,15.94,0.886,1.547,12.5,0
SPY,1h,20,125,trend,10.8,7.57,0.845,-10.13,12,16.67,66.94,2.83,4.84,0.638,-8.89,7,28.57,62.68,13.94,6.75,0.788,-10.13,19,34.35,15.94,0.886,1.547,12.5,0
SPY,1h,20,150,trend,12.36,8.65,0.942,-10.83,10,30,68.09,1.93,3.28,0.432,-9.45,7,28.57,64.98,14.5,7.02,0.801,-11.05,17,34.35,15.94,0.886,1.547,12.5,0
SPY,1h,20,200,trend,7.3,5.14,0.595,-11.41,9,11.11,61.28,-3.42,-5.71,-0.895,-5.42,4,25,38.95,11.96,5.82,0.671,-11.62,14,34.35,15.94,0.886,1.547,12.5,0
SPY,1h,20,250,trend,9.98,7.01,0.765,-8.18,7,28.57,62.47,-1.92,-3.23,-0.552,-5.15,4,25,37.32,17.37,8.35,0.904,-8.18,12,34.35,15.94,0.886,1.547,12.5,0
SPY,1h,20,300,trend,12.19,8.53,0.919,-6.28,7,28.57,63.41,0.9,1.52,0.335,-3.79,3,33.33,27.08,21.67,10.32,1.088,-6.53,11,34.35,15.94,0.886,1.547,12.5,0
SPY,1h,25,2,dip,11.18,7.83,0.657,-13.93,96,73.96,37.33,-3.16,-5.29,-0.57,-5.52,35,57.14,40.67,7.35,3.61,0.356,-13.93,133,34.35,15.94,0.886,1.547,12.5,0
SPY,1h,25,3,dip,12.24,8.57,0.708,-14.33,81,75.31,37.53,-2.59,-4.34,-0.448,-6.5,26,57.69,41.05,9.25,4.53,0.428,-14.33,109,34.35,15.94,0.886,1.547,12.5,0
SPY,1h,25,4,dip,12.82,8.96,0.737,-14.06,70,71.43,37.12,-0.54,-0.92,-0.057,-5.51,24,58.33,41.53,11.95,5.81,0.529,-14.06,96,34.35,15.94,0.886,1.547,12.5,0
SPY,1h,25,5,dip,10.72,7.52,0.627,-13.67,64,71.88,37.24,-0.27,-0.46,-0.006,-5.57,24,54.17,41.44,10.75,5.25,0.482,-13.67,90,34.35,15.94,0.886,1.547,12.5,0
SPY,1h,25,7,dip,13.91,9.71,0.777,-14.22,53,77.36,36.67,-1.62,-2.72,-0.263,-5.49,21,47.62,40.67,12.35,6.01,0.537,-14.22,75,34.35,15.94,0.886,1.547,12.5,0
SPY,1h,25,9,dip,16.55,11.51,0.897,-14.65,49,77.55,36.38,-2.46,-4.13,-0.424,-6.2,17,52.94,40.96,13.96,6.76,0.593,-14.65,67,34.35,15.94,0.886,1.547,12.5,0
SPY,1h,25,12,dip,16.61,11.55,0.892,-14.11,46,73.91,36.18,1,1.7,0.231,-6.21,16,62.5,41.44,18.23,8.75,0.736,-14.11,63,34.35,15.94,0.886,1.547,12.5,0
SPY,1h,25,15,dip,15.58,10.85,0.844,-14.79,41,78.05,35.6,-1.72,-2.89,-0.278,-6.65,15,60,40.38,12.09,5.89,0.521,-14.79,55,34.35,15.94,0.886,1.547,12.5,0
SPY,1h,25,20,dip,16.47,11.46,0.853,-15.51,35,88.57,34.91,1.83,3.11,0.455,-3.41,8,62.5,30.14,13.53,6.56,0.555,-15.51,43,34.35,15.94,0.886,1.547,12.5,0
SPY,1h,25,30,trend,-1.88,-1.34,-0.103,-9.23,27,33.33,61.16,8.35,14.52,1.641,-5.56,8,50,55.6,6.31,3.11,0.388,-9.23,35,34.35,15.94,0.886,1.547,12.5,1
SPY,1h,25,40,trend,-7,-5.03,-0.535,-11.01,28,32.14,61.53,11.55,20.29,2.281,-5.32,8,37.5,56.17,3.74,1.86,0.255,-11.01,36,34.35,15.94,0.886,1.547,12.5,1
SPY,1h,25,50,trend,-3.68,-2.63,-0.259,-9.43,24,33.33,62.26,8.76,15.26,1.78,-6.28,7,28.57,56.65,4.76,2.36,0.313,-9.43,31,34.35,15.94,0.886,1.547,12.5,1
SPY,1h,25,60,trend,2.01,1.43,0.204,-9.18,19,26.32,62.72,5.98,10.31,1.242,-8.35,8,25,57.03,8.11,3.98,0.493,-9.69,27,34.35,15.94,0.886,1.547,12.5,0
SPY,1h,25,75,trend,3.92,2.78,0.356,-8.95,17,29.41,64.03,6.6,11.42,1.348,-7.63,8,37.5,57.89,10.78,5.26,0.638,-9.66,25,34.35,15.94,0.886,1.547,12.5,0
SPY,1h,25,100,trend,11.74,8.22,0.923,-8.59,13,38.46,65.67,1.59,2.71,0.38,-9.85,8,25,59.71,13.52,6.56,0.776,-9.85,21,34.35,15.94,0.886,1.547,12.5,0
SPY,1h,25,125,trend,8.96,6.3,0.711,-11.38,12,16.67,67.31,0.88,1.49,0.222,-10.36,7,28.57,63.44,10.23,5,0.593,-11.38,19,34.35,15.94,0.886,1.547,12.5,0
SPY,1h,25,150,trend,8.86,6.23,0.695,-11.31,11,9.09,68.33,2.72,4.64,0.583,-8.93,5,40,65.36,11.52,5.61,0.649,-11.53,16,34.35,15.94,0.886,1.547,12.5,0
SPY,1h,25,200,trend,10.37,7.28,0.806,-9.02,8,25,61.57,-3.35,-5.59,-0.871,-5.57,4,25,39.43,15.14,7.31,0.818,-9.12,13,34.35,15.94,0.886,1.547,12.5,0
SPY,1h,25,250,trend,13.25,9.26,0.989,-6.84,6,16.67,62.63,-0.59,-1,-0.142,-4.29,3,66.67,37.99,20.94,9.99,1.064,-7.04,10,34.35,15.94,0.886,1.547,12.5,0
SPY,1h,25,300,trend,14.31,9.99,1.089,-6.31,5,20,62.43,0.79,1.34,0.297,-3.71,3,33.33,27.27,23.18,11.01,1.175,-6.89,10,34.35,15.94,0.886,1.547,12.5,0
SPY,1h,30,2,dip,12.44,8.71,0.724,-14.24,86,76.74,36.46,-2.11,-3.54,-0.359,-5.2,28,64.29,41.05,9.98,4.88,0.459,-14.24,116,34.35,15.94,0.886,1.547,12.5,0
SPY,1h,30,3,dip,10.62,7.45,0.627,-13.55,71,71.83,36.42,-1.77,-2.97,-0.29,-5.99,24,58.33,40.86,8.41,4.13,0.395,-13.55,97,34.35,15.94,0.886,1.547,12.5,0
SPY,1h,30,4,dip,10.17,7.13,0.601,-14.31,61,75.41,36.34,-2.3,-3.85,-0.391,-5.96,23,52.17,40.48,7.96,3.91,0.377,-14.31,86,34.35,15.94,0.886,1.547,12.5,0
SPY,1h,30,5,dip,14.32,10,0.81,-14.14,57,73.68,36.01,-1.29,-2.17,-0.196,-5.98,21,52.38,40.96,12.79,6.21,0.559,-14.14,79,34.35,15.94,0.886,1.547,12.5,0
SPY,1h,30,7,dip,17.81,12.37,0.958,-14.19,51,76.47,35.68,-1.54,-2.59,-0.245,-6.2,18,55.56,40.96,15.98,7.71,0.665,-14.19,70,34.35,15.94,0.886,1.547,12.5,0
SPY,1h,30,9,dip,24,16.55,1.237,-13.52,49,79.59,35.11,0.89,1.5,0.209,-6.21,16,62.5,41.44,25.66,12.12,0.99,-13.52,66,34.35,15.94,0.886,1.547,12.5,0
SPY,1h,30,12,dip,20.74,14.35,1.083,-14.4,42,80.95,34.91,1.87,3.19,0.49,-3.64,12,66.67,30.05,17.66,8.49,0.718,-14.4,55,34.35,15.94,0.886,1.547,12.5,0
SPY,1h,30,15,dip,13.53,9.45,0.723,-16.73,36,83.33,34.58,0.03,0.05,0.042,-3.81,10,50,30.24,8.71,4.27,0.388,-16.73,46,34.35,15.94,0.886,1.547,12.5,0
SPY,1h,30,20,dip,18.06,12.54,0.925,-14.87,35,85.71,34.25,2.17,3.7,0.528,-3.43,8,75,29.86,15.63,7.54,0.625,-14.87,43,34.35,15.94,0.886,1.547,12.5,0
SPY,1h,30,25,dip,17.18,11.94,0.892,-17.01,28,85.71,34.37,6.09,10.51,1.419,-2.99,8,87.5,29.19,19.37,9.27,0.753,-17.01,36,34.35,15.94,0.886,1.547,12.5,0
SPY,1h,30,40,trend,-4.97,-3.56,-0.365,-10.31,24,33.33,61.98,8.96,15.62,1.814,-6.38,7,28.57,56.56,2.5,1.25,0.186,-10.31,31,34.35,15.94,0.886,1.547,12.5,1
SPY,1h,30,50,trend,-0.8,-0.57,-0.02,-9.14,21,33.33,63.54,6.32,10.92,1.308,-8.41,8,25,56.94,4.41,2.18,0.291,-10.2,29,34.35,15.94,0.886,1.547,12.5,0
SPY,1h,30,60,trend,-0.76,-0.54,-0.017,-9.53,17,23.53,63.37,6.99,12.1,1.426,-7.57,8,37.5,57.13,6.17,3.04,0.389,-9.95,25,34.35,15.94,0.886,1.547,12.5,0
SPY,1h,30,75,trend,3.56,2.52,0.326,-9.97,15,33.33,64.4,6.48,11.2,1.333,-8.07,7,28.57,57.89,10.52,5.14,0.621,-10.16,22,34.35,15.94,0.886,1.547,12.5,0
SPY,1h,30,100,trend,9.69,6.8,0.769,-10.21,11,18.18,66.32,1.47,2.51,0.354,-10.09,8,25,60.48,11.31,5.51,0.657,-10.21,19,34.35,15.94,0.886,1.547,12.5,0
SPY,1h,30,125,trend,10.41,7.3,0.809,-10.45,10,20,67.51,1.17,1.98,0.28,-10.11,6,33.33,63.73,11.7,5.7,0.664,-10.67,16,34.35,15.94,0.886,1.547,12.5,0
SPY,1h,30,150,trend,10.79,7.57,0.818,-10.29,9,22.22,68.66,2.24,3.81,0.484,-9.33,5,40,65.65,13.17,6.39,0.72,-10.5,14,34.35,15.94,0.886,1.547,12.5,0
SPY,1h,30,200,trend,12.87,9,0.973,-7.2,6,16.67,61.65,-4.12,-6.87,-1.051,-6.08,5,20,40.1,16.36,7.88,0.869,-8.68,12,34.35,15.94,0.886,1.547,12.5,0
SPY,1h,30,250,trend,8.95,6.29,0.703,-7.52,6,16.67,62.47,-0.88,-1.48,-0.224,-4.27,3,33.33,38.47,16.02,7.73,0.846,-7.57,10,34.35,15.94,0.886,1.547,12.5,0
SPY,1h,30,300,trend,14.52,10.13,1.098,-6.37,5,40,62.59,0.31,0.53,0.126,-4.17,3,66.67,28.13,19.48,9.32,0.988,-9.38,10,34.35,15.94,0.886,1.547,12.5,0
SPY,1h,40,2,dip,16.88,11.74,0.925,-13.17,70,74.29,34.54,-2.66,-4.46,-0.455,-6.97,25,64,39.71,14.65,7.09,0.623,-13.17,97,34.35,15.94,0.886,1.547,12.5,0
SPY,1h,40,3,dip,23.74,16.37,1.23,-13.76,64,78.13,34.5,-1.6,-2.69,-0.255,-7.05,23,69.57,39.52,22.53,10.71,0.892,-13.76,89,34.35,15.94,0.886,1.547,12.5,0
SPY,1h,40,4,dip,19.8,13.72,1.044,-13.29,56,75,34.66,-0.87,-1.47,-0.118,-7.06,22,68.18,39.9,19.73,9.44,0.792,-13.29,80,34.35,15.94,0.886,1.547,12.5,0
SPY,1h,40,5,dip,18.8,13.04,1.005,-13.6,52,75,34.17,-2.31,-3.88,-0.394,-7.09,19,63.16,40.38,16.69,8.04,0.691,-13.6,74,34.35,15.94,0.886,1.547,12.5,0
SPY,1h,40,7,dip,25.73,17.7,1.297,-13.28,45,82.22,34.17,2.45,4.19,0.62,-3.23,14,64.29,30.33,24.8,11.73,0.952,-13.28,61,34.35,15.94,0.886,1.547,12.5,0
SPY,1h,40,9,dip,27.81,19.08,1.38,-12.15,45,86.67,34,1.97,3.35,0.508,-3.09,11,63.64,30.05,25.43,12.01,0.969,-12.15,57,34.35,15.94,0.886,1.547,12.5,0
SPY,1h,40,12,dip,18.94,13.14,0.963,-14.27,35,85.71,33.92,2.38,4.06,0.576,-3.09,8,62.5,30.14,16.58,7.98,0.657,-14.27,43,34.35,15.94,0.886,1.547,12.5,0
SPY,1h,40,15,dip,18.03,12.52,0.922,-14.32,33,84.85,33.92,3.58,6.13,0.856,-2.71,8,75,29.38,17.19,8.27,0.677,-14.32,41,34.35,15.94,0.886,1.547,12.5,0
SPY,1h,40,20,dip,21.12,14.61,1.048,-15.15,30,90,33.96,5.78,9.98,1.352,-2.71,8,87.5,29,22.26,10.59,0.837,-15.15,38,34.35,15.94,0.886,1.547,12.5,0
SPY,1h,40,25,dip,23.86,16.45,1.169,-14.85,28,89.29,33.96,4.94,8.5,1.178,-2.71,8,87.5,28.33,22.48,10.69,0.846,-14.85,37,34.35,15.94,0.886,1.547,12.5,0
SPY,1h,40,30,dip,21.43,14.82,1.064,-14.35,24,87.5,33.47,6.53,11.28,1.558,-2.71,7,85.71,27.66,24.32,11.52,0.903,-14.35,32,34.35,15.94,0.886,1.547,12.5,1
SPY,1h,40,50,trend,-0.5,-0.36,0.005,-10.57,17,23.53,63.58,5.75,9.92,1.191,-8.48,7,28.57,56.94,4.17,2.07,0.277,-11.83,24,34.35,15.94,0.886,1.547,12.5,0
SPY,1h,40,60,trend,3.91,2.77,0.352,-10.13,14,28.57,64.07,6.63,11.47,1.365,-8.31,7,28.57,57.03,10.6,5.17,0.624,-10.32,21,34.35,15.94,0.886,1.547,12.5,0
SPY,1h,40,75,trend,6.97,4.91,0.571,-11.06,12,33.33,65.63,2.1,3.57,0.485,-9.4,8,25,58.66,9.21,4.51,0.547,-11.23,20,34.35,15.94,0.886,1.547,12.5,0
SPY,1h,40,100,trend,9.62,6.75,0.752,-11.42,10,20,67.02,1.13,1.92,0.273,-10.22,6,33.33,62.68,10.85,5.29,0.621,-11.65,16,34.35,15.94,0.886,1.547,12.5,0
SPY,1h,40,125,trend,9.02,6.34,0.7,-10.54,11,18.18,67.84,2.98,5.09,0.629,-8.89,5,40,64.98,12.49,6.07,0.69,-10.54,16,34.35,15.94,0.886,1.547,12.5,0
SPY,1h,40,150,trend,16.14,11.24,1.16,-6.62,6,33.33,69.24,1.56,2.64,0.35,-9.65,5,40,66.32,18.46,8.86,0.961,-9.65,11,34.35,15.94,0.886,1.547,12.5,0
SPY,1h,40,200,trend,12.55,8.78,0.955,-7.66,8,12.5,61.48,-1.73,-2.9,-0.486,-3.88,3,33.33,36.08,19.21,9.2,0.999,-7.86,12,34.35,15.94,0.886,1.547,12.5,0
SPY,1h,40,250,trend,14.06,9.82,1.07,-6.53,5,20,62.06,-1.08,-1.82,-0.376,-4.35,2,0,26.22,22.39,10.65,1.142,-6.91,8,34.35,15.94,0.886,1.547,12.5,0
SPY,1h,40,300,trend,13.98,9.76,1.058,-5.59,4,50,62.88,2.35,4,0.747,-3.59,1,100,29.09,22.58,10.73,1.112,-7.22,6,34.35,15.94,0.886,1.547,12.5,0
SPY,1h,50,2,dip,17.97,12.48,0.967,-12.72,63,76.19,33.55,0.85,1.44,0.239,-3.23,17,64.71,29,14,6.78,0.595,-12.72,83,34.35,15.94,0.886,1.547,12.5,0
SPY,1h,50,3,dip,21.82,15.08,1.13,-12.62,51,74.51,33.72,3.45,5.9,0.859,-3.23,17,70.59,29.57,21.1,10.06,0.834,-12.62,71,34.35,15.94,0.886,1.547,12.5,0
SPY,1h,50,4,dip,28.04,19.23,1.397,-12.41,50,84,33.55,4.33,7.42,1.074,-3.23,15,73.33,29.57,29.27,13.72,1.098,-12.41,68,34.35,15.94,0.886,1.547,12.5,0
SPY,1h,50,5,dip,26.49,18.21,1.322,-12.01,49,87.76,33.76,2.43,4.15,0.619,-3.14,14,64.29,29.76,25.52,12.06,0.972,-12.01,65,34.35,15.94,0.886,1.547,12.5,0
SPY,1h,50,7,dip,24.56,16.92,1.219,-11.21,42,83.33,33.72,1.96,3.34,0.508,-3.14,13,69.23,29.86,22.24,10.58,0.854,-11.21,56,34.35,15.94,0.886,1.547,12.5,0
SPY,1h,50,9,dip,20.74,14.35,1.04,-13.42,36,83.33,33.26,3.03,5.17,0.734,-3.09,9,77.78,29.38,19.09,9.14,0.74,-13.42,45,34.35,15.94,0.886,1.547,12.5,0
SPY,1h,50,12,dip,17.2,11.96,0.884,-15.05,31,87.1,33.55,3.71,6.36,0.886,-2.71,8,75,29.19,16.52,7.96,0.654,-15.05,39,34.35,15.94,0.886,1.547,12.5,0
SPY,1h,50,15,dip,22.26,15.38,1.096,-15.48,29,86.21,33.39,4.25,7.3,1.01,-2.71,8,87.5,28.9,22.39,10.65,0.841,-15.48,37,34.35,15.94,0.886,1.547,12.5,0
SPY,1h,50,20,dip,21.19,14.66,1.053,-14.55,27,88.89,33.47,4.82,8.29,1.158,-2.71,8,100,27.66,19.78,9.46,0.758,-14.55,35,34.35,15.94,0.886,1.547,12.5,0
SPY,1h,50,25,dip,19.46,13.49,0.974,-15.46,24,87.5,33.1,6.41,11.07,1.525,-2.71,7,100,27.46,21.3,10.16,0.804,-15.46,32,34.35,15.94,0.886,1.547,12.5,0
SPY,1h,50,30,dip,16.39,11.41,0.846,-15.95,21,85.71,31.71,8.52,14.82,1.983,-2.71,8,87.5,26.89,21.98,10.46,0.828,-15.95,30,34.35,15.94,0.886,1.547,12.5,1
SPY,1h,50,40,dip,18.22,12.65,0.934,-16.33,17,82.35,30.31,8.97,15.64,2.115,-2.71,7,100,26.51,24.71,11.7,0.921,-16.33,25,34.35,15.94,0.886,1.547,12.5,1
SPY,1h,50,60,trend,6.96,4.9,0.57,-11.11,12,33.33,65.3,2.2,3.76,0.515,-9.3,8,25,57.7,9.32,4.56,0.554,-11.28,20,34.35,15.94,0.886,1.547,12.5,0
SPY,1h,50,75,trend,8.5,5.98,0.686,-11.39,11,9.09,65.79,0.65,1.1,0.176,-10.64,7,28.57,60.38,9.21,4.51,0.546,-11.61,18,34.35,15.94,0.886,1.547,12.5,0
SPY,1h,50,100,trend,9.44,6.63,0.737,-9.25,9,22.22,67.15,3.09,5.27,0.66,-9.02,6,33.33,63.16,12.82,6.23,0.715,-9.25,15,34.35,15.94,0.886,1.547,12.5,0
SPY,1h,50,125,trend,15.95,11.11,1.148,-6.53,6,33.33,69.16,1.79,3.04,0.398,-9.25,5,40,65.26,18.79,9.01,0.978,-9.25,11,34.35,15.94,0.886,1.547,12.5,0
SPY,1h,50,150,trend,15.44,10.76,1.11,-6.43,5,40,69.52,0.7,1.18,0.179,-10.1,5,20,66.79,16.65,8.02,0.873,-10.1,10,34.35,15.94,0.886,1.547,12.5,0
SPY,1h,50,200,trend,13.81,9.65,1.052,-5.52,5,20,61.69,-2.66,-4.45,-0.753,-4.57,3,0,36.84,19.41,9.29,1.013,-6.33,9,34.35,15.94,0.886,1.547,12.5,0
SPY,1h,50,250,trend,13.31,9.3,1.011,-5.49,4,25,62.31,-0.7,-1.17,-0.232,-3.98,2,50,26.7,22.71,10.79,1.15,-5.49,7,34.35,15.94,0.886,1.547,12.5,0
SPY,1h,50,300,trend,13.64,9.53,1.005,-6,4,50,63.7,2.57,4.38,0.813,-3.59,1,100,29.28,22.3,10.61,1.077,-7.37,6,34.35,15.94,0.886,1.547,12.5,0
SPY,1h,60,2,dip,25.91,17.82,1.294,-12.37,68,73.53,32.81,2.06,3.51,0.517,-3.54,22,63.64,28.33,24.35,11.53,0.93,-12.37,93,34.35,15.94,0.886,1.547,12.5,0
SPY,1h,60,3,dip,27.38,18.79,1.354,-12.34,53,86.79,33.02,5.13,8.82,1.271,-3.23,19,73.68,28.71,29.62,13.88,1.099,-12.34,75,34.35,15.94,0.886,1.547,12.5,0
SPY,1h,60,4,dip,25.92,17.82,1.284,-12.13,51,86.27,32.9,2.69,4.6,0.687,-3.09,15,60,29.28,25.87,12.21,0.976,-12.13,69,34.35,15.94,0.886,1.547,12.5,0
SPY,1h,60,5,dip,24.3,16.74,1.195,-14,47,82.98,32.77,2.51,4.29,0.643,-3.13,14,57.14,29.38,23.69,11.23,0.894,-14,63,34.35,15.94,0.886,1.547,12.5,0
SPY,1h,60,7,dip,18.93,13.13,0.963,-15.79,38,78.95,32.57,4.08,7,0.988,-2.65,11,81.82,28.71,19.37,9.27,0.751,-15.79,50,34.35,15.94,0.886,1.547,12.5,0
SPY,1h,60,9,dip,23.34,16.1,1.146,-14.72,33,87.88,32.28,4.74,8.15,1.135,-2.65,9,77.78,28.8,23.84,11.3,0.89,-14.72,42,34.35,15.94,0.886,1.547,12.5,0
SPY,1h,60,12,dip,23.66,16.32,1.159,-14.48,29,89.66,32.4,4.03,6.92,0.964,-2.71,8,87.5,28.23,23.53,11.17,0.88,-14.48,37,34.35,15.94,0.886,1.547,12.5,0
SPY,1h,60,15,dip,18.87,13.09,0.954,-15.7,27,92.59,32.61,4.81,8.28,1.149,-2.71,7,100,27.37,19.24,9.21,0.742,-15.7,34,34.35,15.94,0.886,1.547,12.5,0
SPY,1h,60,20,dip,17.59,12.22,0.895,-15.78,25,88,32.2,6.32,10.92,1.506,-2.71,7,100,27.08,19.38,9.28,0.744,-15.78,32,34.35,15.94,0.886,1.547,12.5,0
SPY,1h,60,25,dip,15.04,10.48,0.789,-16.56,19,89.47,31.17,8.45,14.69,1.969,-2.71,8,87.5,26.7,19.74,9.44,0.759,-16.56,28,34.35,15.94,0.886,1.547,12.5,1
SPY,1h,60,30,dip,18.54,12.87,0.944,-16.46,17,82.35,30.52,7.53,13.05,1.786,-2.71,8,87.5,26.41,22.21,10.57,0.84,-16.46,26,34.35,15.94,0.886,1.547,12.5,1
SPY,1h,60,40,dip,13.46,9.41,0.72,-15.89,15,86.67,29.78,8.76,15.26,2.079,-2.71,7,100,25.93,17.8,8.55,0.698,-15.89,22,34.35,15.94,0.886,1.547,12.5,1
SPY,1h,60,50,dip,10.58,7.42,0.592,-15.64,13,84.62,28.51,9.83,17.18,2.353,-2.7,8,100,24.69,19.42,9.29,0.752,-15.64,21,34.35,15.94,0.886,1.547,12.5,1
SPY,1h,60,75,trend,9.4,6.61,0.74,-9.55,10,20,66.57,1.41,2.4,0.33,-10.32,6,33.33,61.72,10.93,5.33,0.626,-10.32,16,34.35,15.94,0.886,1.547,12.5,0
SPY,1h,60,100,trend,14.34,10.01,1.048,-6.45,7,28.57,68.74,3.15,5.38,0.664,-8.63,5,20,64.4,18.23,8.75,0.956,-8.63,12,34.35,15.94,0.886,1.547,12.5,0
SPY,1h,60,125,trend,16.46,11.46,1.181,-5.78,5,40,69.28,1.08,1.83,0.258,-9.93,5,20,65.74,17.65,8.48,0.927,-9.93,10,34.35,15.94,0.886,1.547,12.5,0
SPY,1h,60,150,trend,15.44,10.76,1.105,-6.1,5,60,69.65,5.46,9.41,1.044,-6.06,4,50,67.94,22.6,10.74,1.122,-6.11,9,34.35,15.94,0.886,1.547,12.5,0
SPY,1h,60,200,trend,14.76,10.29,1.12,-5.68,3,33.33,61.53,5.75,9.91,1.052,-5.84,4,25,73.4,21.31,10.16,1.098,-5.84,7,34.35,15.94,0.886,1.547,12.5,0
SPY,1h,60,250,trend,13.56,9.47,1.028,-5.16,4,50,62.47,-0.34,-0.57,-0.085,-3.81,3,33.33,27.46,21.59,10.28,1.09,-5.16,8,34.35,15.94,0.886,1.547,12.5,0
SPY,1h,60,300,trend,9.54,6.7,0.723,-6.54,6,33.33,64.15,0,0,0,0,0,0,0,17.29,8.32,0.854,-8.45,8,34.35,15.94,0.886,1.547,12.5,0
SPY,1h,75,2,dip,20.68,14.31,1.049,-15.55,61,81.97,31.38,6.53,11.3,1.544,-3.09,21,76.19,27.56,24.8,11.73,0.932,-15.55,85,34.35,15.94,0.886,1.547,12.5,0
SPY,1h,75,3,dip,20.12,13.94,1.016,-15.51,48,87.5,31.46,5.32,9.16,1.27,-3.09,16,81.25,28.04,22.8,10.84,0.863,-15.51,67,34.35,15.94,0.886,1.547,12.5,0
SPY,1h,75,4,dip,22.39,15.47,1.106,-15.27,44,88.64,31.38,4.03,6.91,0.977,-3.09,15,73.33,28.04,23.49,11.15,0.88,-15.27,61,34.35,15.94,0.886,1.547,12.5,0
SPY,1h,75,5,dip,19.46,13.49,0.978,-15.96,37,89.19,31.42,4.12,7.06,1.002,-2.62,12,75,27.27,19.94,9.53,0.765,-15.96,50,34.35,15.94,0.886,1.547,12.5,0
SPY,1h,75,7,dip,16.93,11.78,0.869,-16.73,32,81.25,31.79,4.63,7.96,1.127,-2.62,10,80,26.7,17.28,8.31,0.679,-16.73,42,34.35,15.94,0.886,1.547,12.5,0
SPY,1h,75,9,dip,18.05,12.53,0.917,-15.87,28,89.29,31.62,4.99,8.58,1.212,-2.53,9,88.89,26.41,19.01,9.11,0.735,-15.87,37,34.35,15.94,0.886,1.547,12.5,0
SPY,1h,75,12,dip,18.26,12.68,0.928,-15.94,26,92.31,31.34,4.55,7.81,1.093,-2.71,8,87.5,26.79,17.39,8.36,0.68,-15.94,35,34.35,15.94,0.886,1.547,12.5,0
SPY,1h,75,15,dip,17.53,12.18,0.901,-15.94,24,91.67,30.84,6.94,12.02,1.637,-2.71,8,87.5,26.51,19.96,9.54,0.768,-15.94,32,34.35,15.94,0.886,1.547,12.5,1
SPY,1h,75,20,dip,17.14,11.92,0.883,-17.22,19,89.47,30.19,8.17,14.19,1.921,-2.71,8,87.5,25.93,21.41,10.2,0.814,-17.22,27,34.35,15.94,0.886,1.547,12.5,1
SPY,1h,75,25,dip,13.12,9.17,0.702,-16.63,18,83.33,29.86,7.84,13.61,1.875,-2.71,8,100,25.45,17.12,8.24,0.674,-16.63,26,34.35,15.94,0.886,1.547,12.5,1
SPY,1h,75,30,dip,13.71,9.57,0.731,-16.02,16,87.5,29.45,8.48,14.75,2.028,-2.71,7,100,24.98,17.74,8.52,0.696,-16.02,23,34.35,15.94,0.886,1.547,12.5,1
SPY,1h,75,40,dip,10.56,7.41,0.592,-15.93,13,84.62,28.18,9.95,17.39,2.423,-2.48,8,100,23.73,19.53,9.35,0.757,-15.93,21,34.35,15.94,0.886,1.547,12.5,1
SPY,1h,75,50,dip,9.11,6.4,0.522,-17.42,12,83.33,27.93,11.51,20.22,2.911,-1.92,7,100,21.82,19.8,9.47,0.767,-17.42,19,34.35,15.94,0.886,1.547,12.5,1
SPY,1h,75,60,dip,7.53,5.3,0.45,-17.52,11,81.82,27.07,10.83,18.98,2.818,-1.92,6,83.33,20.29,17.33,8.33,0.692,-17.52,17,34.35,15.94,0.886,1.547,12.5,1
SPY,1h,75,100,trend,16.48,11.47,1.182,-5.66,5,40,69.24,0.83,1.4,0.209,-10.16,5,20,64.4,17.38,8.36,0.917,-10.16,10,34.35,15.94,0.886,1.547,12.5,0
SPY,1h,75,125,trend,15.41,10.74,1.102,-6.36,5,40,69.61,4.5,7.73,0.883,-7.05,4,25,67.37,20.1,9.61,1.018,-7.05,9,34.35,15.94,0.886,1.547,12.5,0
SPY,1h,75,150,trend,13.2,9.23,0.962,-7.02,6,50,70.47,4.43,7.61,0.849,-6.41,4,50,69.47,18.98,9.1,0.963,-7.02,10,34.35,15.94,0.886,1.547,12.5,0
SPY,1h,75,200,trend,13.67,9.55,1.048,-5.64,3,33.33,61.61,7.34,12.72,1.315,-4.54,3,66.67,74.74,21.83,10.39,1.121,-5.64,6,34.35,15.94,0.886,1.547,12.5,0
SPY,1h,75,250,trend,10.78,7.56,0.813,-6.19,4,50,63.17,1.2,2.03,0.408,-3.59,1,100,28.8,19.24,9.21,0.966,-6.19,6,34.35,15.94,0.886,1.547,12.5,0
SPY,1h,75,300,trend,15.5,10.8,1.11,-5.29,4,50,64.6,0,0,0,0,0,0,0,24.41,11.56,1.146,-5.59,5,34.35,15.94,0.886,1.547,12.5,0
SPY,1h,100,2,dip,14.51,10.12,0.77,-16.82,45,84.44,29.49,6.2,10.71,1.462,-2.67,18,77.78,27.37,18.08,8.68,0.711,-16.82,66,34.35,15.94,0.886,1.547,12.5,0
SPY,1h,100,3,dip,14.13,9.86,0.748,-17.45,38,86.84,29.57,5.38,9.27,1.275,-2.67,14,85.71,26.99,15.95,7.7,0.637,-17.45,54,34.35,15.94,0.886,1.547,12.5,0
SPY,1h,100,4,dip,12.52,8.75,0.676,-17.23,36,86.11,29.49,5.47,9.43,1.294,-2.56,13,76.92,26.89,13.74,6.66,0.563,-17.23,49,34.35,15.94,0.886,1.547,12.5,0
SPY,1h,100,5,dip,13.46,9.4,0.718,-17.41,32,90.63,29.74,5.7,9.82,1.349,-2.55,11,72.73,26.41,15.15,7.32,0.61,-17.41,43,34.35,15.94,0.886,1.547,12.5,0
SPY,1h,100,7,dip,14.44,10.07,0.763,-17.41,28,85.71,29.25,5.98,10.32,1.446,-2.4,9,88.89,25.45,16.48,7.94,0.654,-17.41,37,34.35,15.94,0.886,1.547,12.5,0
SPY,1h,100,9,dip,14.69,10.24,0.773,-17.31,26,92.31,29.2,6.83,11.82,1.649,-2.4,9,88.89,24.88,17.67,8.49,0.693,-17.31,35,34.35,15.94,0.886,1.547,12.5,1
SPY,1h,100,12,dip,11.14,7.81,0.611,-17.06,23,86.96,29.49,8.92,15.55,2.146,-2.4,9,88.89,24.59,16.14,7.78,0.643,-17.06,32,34.35,15.94,0.886,1.547,12.5,1
SPY,1h,100,15,dip,10.47,7.34,0.577,-18.16,19,89.47,29.41,9.08,15.83,2.161,-2.44,9,88.89,24.98,15.69,7.57,0.624,-18.16,28,34.35,15.94,0.886,1.547,12.5,1
SPY,1h,100,20,dip,7.58,5.34,0.447,-17.36,14,85.71,28.26,10.32,18.06,2.484,-2.28,9,100,23.25,13.67,6.63,0.562,-17.36,23,34.35,15.94,0.886,1.547,12.5,1
SPY,1h,100,25,dip,5.72,4.04,0.357,-17.49,14,85.71,28.14,10.49,18.37,2.544,-2.13,8,100,22.68,14.86,7.19,0.6,-17.49,22,34.35,15.94,0.886,1.547,12.5,1
SPY,1h,100,30,dip,8.06,5.67,0.472,-17.43,12,83.33,27.44,10.79,18.92,2.615,-2.15,8,100,21.82,17.54,8.43,0.691,-17.43,20,34.35,15.94,0.886,1.547,12.5,1
SPY,1h,100,40,dip,8.11,5.7,0.479,-17.82,11,90.91,26.66,11.12,19.51,2.887,-1.92,6,100,19.43,18.28,8.77,0.725,-17.82,17,34.35,15.94,0.886,1.547,12.5,1
SPY,1h,100,50,dip,7.96,5.6,0.472,-17.52,10,90,26.37,9.25,16.13,2.462,-1.92,6,83.33,18.76,15.87,7.66,0.645,-17.52,16,34.35,15.94,0.886,1.547,12.5,1
SPY,1h,100,60,dip,4.04,2.86,0.278,-17.52,8,87.5,24.65,8.99,15.67,2.494,-2.06,4,100,17.22,11.52,5.61,0.499,-17.52,12,34.35,15.94,0.886,1.547,12.5,1
SPY,1h,100,75,dip,2.52,1.79,0.2,-17.52,6,83.33,23.95,10.85,19.02,2.96,-1.92,4,100,16.84,12.77,6.2,0.543,-17.52,10,34.35,15.94,0.886,1.547,12.5,1
SPY,1h,100,125,trend,16.96,11.79,1.194,-5.35,4,50,71.04,3.7,6.34,0.718,-7.07,4,25,69.57,22.04,10.49,1.091,-7.07,8,34.35,15.94,0.886,1.547,12.5,0
SPY,1h,100,150,trend,14.23,9.93,1.012,-6.34,4,50,71.53,2.76,4.71,0.543,-6.37,4,25,71.67,19.59,9.38,0.973,-6.37,8,34.35,15.94,0.886,1.547,12.5,0
SPY,1h,100,200,trend,12.09,8.46,0.909,-6.15,3,66.67,62.26,6.4,11.06,1.126,-4.54,3,66.67,77.42,19.1,9.15,0.968,-6.15,6,34.35,15.94,0.886,1.547,12.5,0
SPY,1h,100,250,trend,10.76,7.54,0.802,-5.85,5,40,64.44,0,0,0,0,0,0,0,20.97,10.01,1.021,-5.85,7,34.35,15.94,0.886,1.547,12.5,0
SPY,1h,100,300,trend,19.16,13.29,1.335,-5.29,2,50,64.89,0,0,0,0,0,0,0,29.36,13.76,1.337,-5.29,3,34.35,15.94,0.886,1.547,12.5,0
SPY,1h,125,2,dip,7.01,4.94,0.418,-17.72,39,84.62,27.77,8.63,15.02,1.876,-2.53,18,83.33,23.44,13.41,6.5,0.548,-17.72,61,34.35,15.94,0.886,1.547,12.5,1
SPY,1h,125,3,dip,7.04,4.96,0.421,-17.48,28,89.29,27.4,8.14,14.16,1.808,-2.56,16,81.25,23.83,12.05,5.86,0.503,-17.48,45,34.35,15.94,0.886,1.547,12.5,1
SPY,1h,125,4,dip,8.04,5.66,0.469,-17.51,29,89.66,27.6,8.1,14.08,1.793,-2.4,13,84.62,23.44,12.37,6.01,0.513,-17.51,42,34.35,15.94,0.886,1.547,12.5,1
SPY,1h,125,5,dip,7.45,5.25,0.441,-17.45,25,84,27.36,5.99,10.34,1.49,-2.4,11,81.82,22.3,12.94,6.29,0.534,-17.45,37,34.35,15.94,0.886,1.547,12.5,0
SPY,1h,125,7,dip,8.87,6.24,0.508,-17.28,22,86.36,27.11,6.36,10.99,1.585,-2.4,10,90,22.58,14.39,6.97,0.583,-17.28,33,34.35,15.94,0.886,1.547,12.5,1
SPY,1h,125,9,dip,9.71,6.82,0.547,-17.47,19,78.95,27.19,6.56,11.34,1.639,-2.44,9,88.89,22.2,15.27,7.38,0.612,-17.47,29,34.35,15.94,0.886,1.547,12.5,1
SPY,1h,125,12,dip,7.25,5.11,0.432,-17.72,16,81.25,27.11,8.09,14.06,1.995,-2.43,9,88.89,22.11,13.98,6.78,0.571,-17.72,25,34.35,15.94,0.886,1.547,12.5,1
SPY,1h,125,15,dip,6.15,4.34,0.379,-18.11,14,85.71,27.32,9.78,17.08,2.384,-2.26,9,100,21.15,14.58,7.05,0.592,-18.11,23,34.35,15.94,0.886,1.547,12.5,1
SPY,1h,125,20,dip,6.75,4.76,0.409,-18.17,13,84.62,26.87,9.46,16.5,2.33,-2.15,7,100,19.62,14.71,7.12,0.598,-18.17,20,34.35,15.94,0.886,1.547,12.5,1
SPY,1h,125,25,dip,8.65,6.08,0.503,-18.01,13,92.31,26.46,11.26,19.77,2.913,-1.92,7,100,18.76,18.68,8.96,0.735,-18.01,20,34.35,15.94,0.886,1.547,12.5,1
SPY,1h,125,30,dip,7.35,5.18,0.44,-17.75,11,90.91,26.21,11.08,19.44,2.9,-1.92,6,100,18.37,17.41,8.37,0.694,-17.75,17,34.35,15.94,0.886,1.547,12.5,1
SPY,1h,125,40,dip,7.84,5.52,0.468,-17.52,12,83.33,25.76,9.28,16.18,2.588,-1.92,5,80,16.84,15.77,7.61,0.645,-17.52,17,34.35,15.94,0.886,1.547,12.5,1
SPY,1h,125,50,dip,2.61,1.85,0.205,-17.52,7,85.71,24.28,9.74,17.01,2.716,-1.92,4,100,16.17,11.02,5.37,0.481,-17.52,11,34.35,15.94,0.886,1.547,12.5,1
SPY,1h,125,60,dip,2.4,1.7,0.193,-17.52,6,83.33,24.04,10.57,18.52,2.968,-1.92,4,100,15.5,12.35,6.01,0.529,-17.52,10,34.35,15.94,0.886,1.547,12.5,1
SPY,1h,125,75,dip,3.48,2.46,0.25,-17.52,6,83.33,23.58,7.27,12.6,2.359,-1.92,3,100,13.4,10.35,5.06,0.461,-17.52,9,34.35,15.94,0.886,1.547,12.5,1
SPY,1h,125,100,dip,2.25,1.59,0.186,-17.38,5,80,22.11,7.29,12.63,2.619,-1.64,3,100,10.33,8.74,4.28,0.403,-17.38,8,34.35,15.94,0.886,1.547,12.5,1
SPY,1h,125,150,trend,11.9,8.33,0.84,-8.45,4,50,72.15,5.04,8.67,0.913,-4.54,3,66.67,73.59,18.75,8.99,0.912,-8.45,7,34.35,15.94,0.886,1.547,12.5,0
SPY,1h,125,200,trend,11.94,8.36,0.888,-5.86,5,40,63.17,7.15,12.39,1.217,-4.54,2,100,78.28,19.29,9.24,0.961,-5.86,7,34.35,15.94,0.886,1.547,12.5,0
SPY,1h,125,250,trend,18.5,12.84,1.296,-5.29,2,50,64.73,0,0,0,0,0,0,0,27.45,12.92,1.264,-5.29,3,34.35,15.94,0.886,1.547,12.5,0
SPY,1h,125,300,trend,12.33,8.63,0.905,-7.23,2,50,64.93,0,0,0,0,0,0,0,21.31,10.16,1.015,-7.23,3,34.35,15.94,0.886,1.547,12.5,0
SPY,1h,150,2,dip,2.3,1.63,0.187,-17.67,29,82.76,25.31,4.18,7.18,1.129,-2.4,14,78.57,19.71,5.17,2.56,0.262,-17.67,44,34.35,15.94,0.886,1.547,12.5,0
SPY,1h,150,3,dip,1.94,1.38,0.169,-17.52,22,86.36,25.31,4.46,7.65,1.209,-2.4,11,81.82,19.62,4.71,2.33,0.245,-17.52,33,34.35,15.94,0.886,1.547,12.5,0
SPY,1h,150,4,dip,1.85,1.31,0.164,-17.45,21,80.95,25.51,3.21,5.49,0.875,-2.4,8,87.5,19.62,3.36,1.67,0.194,-17.45,29,34.35,15.94,0.886,1.547,12.5,0
SPY,1h,150,5,dip,1.2,0.85,0.13,-17.45,20,80,25.23,3.28,5.6,0.903,-2.44,8,75,19.81,2.77,1.38,0.171,-17.45,28,34.35,15.94,0.886,1.547,12.5,0
SPY,1h,150,7,dip,2.59,1.84,0.203,-17.32,17,82.35,25.1,5.91,10.2,1.527,-2.28,8,87.5,20.1,6.86,3.38,0.325,-17.32,25,34.35,15.94,0.886,1.547,12.5,0
SPY,1h,150,9,dip,1.43,1.02,0.142,-18.67,14,71.43,25.43,8.1,14.07,2.06,-2.13,8,100,19.62,7.81,3.84,0.359,-18.67,22,34.35,15.94,0.886,1.547,12.5,1
SPY,1h,150,12,dip,2.2,1.56,0.183,-18.44,13,84.62,25.27,8.98,15.65,2.228,-2.15,8,100,19.33,9.52,4.66,0.422,-18.44,21,34.35,15.94,0.886,1.547,12.5,1
SPY,1h,150,15,dip,6.5,4.58,0.399,-18.12,13,92.31,25.96,10.57,18.52,2.731,-1.92,8,100,18.47,15.6,7.53,0.633,-18.12,21,34.35,15.94,0.886,1.547,12.5,1
SPY,1h,150,20,dip,5.62,3.97,0.355,-18.18,11,90.91,25.68,10.13,17.73,2.7,-1.92,7,100,17.03,14.53,7.03,0.597,-18.18,18,34.35,15.94,0.886,1.547,12.5,1
SPY,1h,150,25,dip,8.75,6.15,0.51,-17.75,12,91.67,25.39,9.77,17.07,2.664,-1.92,5,100,16.56,17.6,8.46,0.704,-17.75,17,34.35,15.94,0.886,1.547,12.5,1
SPY,1h,150,30,dip,7.09,4.99,0.431,-17.52,10,90,25.02,10.16,17.78,2.833,-1.92,5,100,16.08,16.13,7.78,0.659,-17.52,15,34.35,15.94,0.886,1.547,12.5,1
SPY,1h,150,40,dip,2.1,1.49,0.178,-17.52,7,85.71,24.28,10.22,17.89,2.889,-1.92,4,100,15.02,10.95,5.34,0.479,-17.52,11,34.35,15.94,0.886,1.547,12.5,1
SPY,1h,150,50,dip,3.29,2.33,0.24,-17.52,6,83.33,23.87,10.78,18.89,3.129,-1.92,4,100,14.16,13.3,6.45,0.565,-17.52,10,34.35,15.94,0.886,1.547,12.5,1
SPY,1h,150,60,dip,3.52,2.49,0.252,-17.52,6,83.33,23.63,6.14,10.6,2.148,-1.92,3,100,12.63,8.16,4.01,0.381,-17.52,9,34.35,15.94,0.886,1.547,12.5,1
SPY,1h,150,75,dip,5.39,3.81,0.349,-17.08,7,85.71,22.68,6.54,11.3,2.393,-1.64,3,100,10.43,11.27,5.49,0.497,-17.08,10,34.35,15.94,0.886,1.547,12.5,1
SPY,1h,150,100,dip,4.6,3.25,0.31,-17.01,5,80,21.58,6.49,11.22,2.602,-1.64,3,100,7.46,10.87,5.3,0.486,-17.01,8,34.35,15.94,0.886,1.547,12.5,1
SPY,1h,150,125,dip,5.86,4.14,0.38,-16.89,5,80,20.71,3.48,5.96,1.754,-1.64,2,100,4.69,10.83,5.28,0.492,-16.89,7,34.35,15.94,0.886,1.547,12.5,1
SPY,1h,150,200,trend,18.7,12.98,1.309,-5.29,2,50,64.73,0,0,0,0,0,0,0,26.51,12.5,1.229,-5.29,3,34.35,15.94,0.886,1.547,12.5,0
SPY,1h,150,250,trend,13.21,9.23,0.968,-6.13,2,50,64.73,0,0,0,0,0,0,0,22.32,10.62,1.064,-6.13,3,34.35,15.94,0.886,1.547,12.5,0
SPY,1h,150,300,trend,13.36,9.33,0.966,-7.49,2,50,65.46,0,0,0,0,0,0,0,21.3,10.15,1.007,-7.49,3,34.35,15.94,0.886,1.547,12.5,0
SPY,1h,200,2,dip,3.95,2.79,0.273,-17.9,27,92.59,23.58,5.51,9.49,1.644,-1.84,10,90,15.98,8.22,4.04,0.378,-17.9,38,34.35,15.94,0.886,1.547,12.5,1
SPY,1h,200,3,dip,3.53,2.5,0.251,-17.9,24,91.67,23.58,6.42,11.09,1.892,-1.84,10,90,16.27,8.17,4.01,0.376,-17.9,34,34.35,15.94,0.886,1.547,12.5,1
SPY,1h,200,4,dip,4.42,3.13,0.297,-17.9,22,90.91,23.42,6.97,12.06,2.063,-1.84,10,100,16.46,9.83,4.81,0.437,-17.9,32,34.35,15.94,0.886,1.547,12.5,1
SPY,1h,200,5,dip,2.92,2.07,0.22,-17.9,20,95,23.26,7.44,12.9,2.215,-1.84,10,100,16.17,9.4,4.6,0.422,-17.9,30,34.35,15.94,0.886,1.547,12.5,1
SPY,1h,200,7,dip,-0.92,-0.66,0.016,-18.17,13,76.92,23.09,7.63,13.23,2.279,-1.84,9,100,15.6,4.71,2.33,0.248,-18.17,22,34.35,15.94,0.886,1.547,12.5,1
SPY,1h,200,9,dip,-0.22,-0.16,0.054,-18.28,11,72.73,23.26,7.01,12.14,2.067,-1.92,7,100,15.69,4.82,2.39,0.252,-18.28,18,34.35,15.94,0.886,1.547,12.5,1
SPY,1h,200,12,dip,1.09,0.77,0.124,-18.23,10,90,23.42,5.97,10.3,1.836,-1.92,6,100,14.83,5.47,2.7,0.277,-18.23,16,34.35,15.94,0.886,1.547,12.5,1
SPY,1h,200,15,dip,3.63,2.57,0.258,-17.73,10,90,23.26,6.94,12.01,2.125,-1.92,5,100,14.35,9.11,4.46,0.414,-17.73,15,34.35,15.94,0.886,1.547,12.5,1
SPY,1h,200,20,dip,7.15,5.04,0.44,-17.52,10,90,22.89,7.84,13.61,2.454,-1.92,5,100,13.59,13.75,6.66,0.586,-17.52,15,34.35,15.94,0.886,1.547,12.5,1
SPY,1h,200,25,dip,4.46,3.15,0.303,-17.52,9,88.89,22.52,7.88,13.68,2.514,-1.92,5,80,12.92,10.92,5.33,0.486,-17.52,14,34.35,15.94,0.886,1.547,12.5,1
SPY,1h,200,30,dip,3.6,2.55,0.258,-17.52,7,85.71,22.4,8.93,15.55,2.911,-1.84,5,100,12.06,11.25,5.49,0.499,-17.52,12,34.35,15.94,0.886,1.547,12.5,1
SPY,1h,200,40,dip,1.89,1.34,0.168,-17.52,9,88.89,22.31,5.64,9.72,2.07,-1.84,3,100,9.86,6.75,3.33,0.33,-17.52,12,34.35,15.94,0.886,1.547,12.5,1
SPY,1h,200,50,dip,0.76,0.54,0.107,-17.6,6,83.33,21.86,6.45,11.14,2.454,-1.64,3,100,8.61,6.58,3.24,0.323,-17.6,9,34.35,15.94,0.886,1.547,12.5,1
SPY,1h,200,60,dip,1.19,0.84,0.129,-17.08,4,75,21.12,5.9,10.17,2.393,-1.64,3,100,7.27,6.22,3.07,0.311,-17.08,7,34.35,15.94,0.886,1.547,12.5,1
SPY,1h,200,75,dip,1.76,1.25,0.161,-16.96,4,75,20.84,4.15,7.12,1.765,-1.64,2,100,5.45,5.49,2.71,0.282,-16.96,6,34.35,15.94,0.886,1.547,12.5,1
SPY,1h,200,100,dip,3.33,2.36,0.247,-16.89,4,75,19.89,3.42,5.84,2.054,-1.05,2,100,2.2,8.05,3.95,0.388,-16.89,6,34.35,15.94,0.886,1.547,12.5,1
SPY,1h,200,125,dip,3.56,2.52,0.261,-16.89,6,83.33,18.7,2.61,4.46,2.495,-0.2,1,100,1.24,8.1,3.98,0.394,-16.89,7,34.35,15.94,0.886,1.547,12.5,1
SPY,1h,200,150,dip,-2.19,-1.57,-0.066,-17,2,50,16.12,0,0,0,0,0,0,0,2.15,1.07,0.151,-17,3,34.35,15.94,0.886,1.547,12.5,0
SPY,1h,200,250,trend,16.54,11.51,1.29,-5.29,1,100,56.19,0,0,0,0,0,0,0,23.18,11.01,1.156,-5.29,2,34.35,15.94,0.886,1.547,12.5,0
SPY,1h,200,300,trend,16.23,11.3,1.271,-5.29,1,100,55.82,0,0,0,0,0,0,0,21.1,10.06,1.062,-5.52,2,34.35,15.94,0.886,1.547,12.5,0
SPY,1h,250,2,dip,3.09,2.19,0.23,-17.9,22,90.91,22.11,6.34,10.95,2.099,-1.84,12,91.67,12.06,8.36,4.1,0.387,-17.9,36,34.35,15.94,0.886,1.547,12.5,1
SPY,1h,250,3,dip,1.6,1.14,0.152,-17.9,19,84.21,22.07,6.89,11.92,2.339,-1.84,11,100,12.06,7.46,3.67,0.354,-17.9,31,34.35,15.94,0.886,1.547,12.5,1
SPY,1h,250,4,dip,0.98,0.69,0.118,-18.03,15,86.67,21.94,6.49,11.22,2.246,-1.84,9,100,11.67,6.73,3.31,0.326,-18.03,25,34.35,15.94,0.886,1.547,12.5,1
SPY,1h,250,5,dip,3.11,2.21,0.231,-17.9,14,85.71,22.07,6.82,11.8,2.334,-1.84,8,100,11.58,8.42,4.13,0.39,-17.9,22,34.35,15.94,0.886,1.547,12.5,1
SPY,1h,250,7,dip,3.2,2.27,0.236,-17.9,13,84.62,22.19,5.66,9.75,1.983,-1.84,6,100,11.39,8.26,4.05,0.384,-17.9,20,34.35,15.94,0.886,1.547,12.5,1
SPY,1h,250,9,dip,2.71,1.92,0.21,-17.97,13,92.31,22.03,5.9,10.17,2.073,-1.84,6,100,11.29,7.15,3.52,0.343,-17.97,19,34.35,15.94,0.886,1.547,12.5,1
SPY,1h,250,12,dip,4.54,3.21,0.307,-17.52,11,90.91,22.19,4.92,8.46,1.757,-1.84,7,100,10.72,9.26,4.54,0.424,-17.52,18,34.35,15.94,0.886,1.547,12.5,1
SPY,1h,250,15,dip,4.22,2.99,0.292,-17.52,9,88.89,21.9,5.29,9.1,1.93,-1.84,5,100,9.38,7.34,3.61,0.353,-17.52,14,34.35,15.94,0.886,1.547,12.5,1
SPY,1h,250,20,dip,6.19,4.37,0.396,-17.52,8,87.5,21.58,6.35,10.98,2.279,-1.84,4,100,8.33,10.29,5.03,0.466,-17.52,12,34.35,15.94,0.886,1.547,12.5,1
SPY,1h,250,25,dip,1.44,1.02,0.143,-17.52,7,85.71,21.25,4.49,7.72,1.755,-1.71,3,100,7.18,5.41,2.67,0.279,-17.52,10,34.35,15.94,0.886,1.547,12.5,1
SPY,1h,250,30,dip,5.96,4.2,0.383,-17.52,7,85.71,21.25,4.27,7.33,1.784,-1.64,3,100,6.51,10.41,5.09,0.471,-17.52,10,34.35,15.94,0.886,1.547,12.5,1
SPY,1h,250,40,dip,1.13,0.8,0.126,-17.57,6,83.33,20.55,4.66,8,1.961,-1.64,2,100,5.65,4.72,2.33,0.252,-17.57,8,34.35,15.94,0.886,1.547,12.5,1
SPY,1h,250,50,dip,1.96,1.39,0.172,-17.08,5,80,20.14,4.04,6.92,1.729,-1.64,2,100,4.78,4.61,2.28,0.248,-17.08,7,34.35,15.94,0.886,1.547,12.5,1
SPY,1h,250,60,dip,2.5,1.77,0.201,-16.96,5,80,19.85,4,6.86,2.181,-1.05,3,66.67,3.25,6.23,3.08,0.314,-16.96,8,34.35,15.94,0.886,1.547,12.5,1
SPY,1h,250,75,dip,4.72,3.34,0.324,-16.89,5,80,18.95,2.56,4.37,1.6,-0.8,1,100,1.53,8.22,4.04,0.397,-16.89,6,34.35,15.94,0.886,1.547,12.5,1
SPY,1h,250,100,dip,3.92,2.78,0.282,-16.89,5,80,17.23,0,0,0,0,0,0,0,5.78,2.85,0.302,-16.89,7,34.35,15.94,0.886,1.547,12.5,0
SPY,1h,250,125,dip,-0.47,-0.33,0.034,-16.88,2,50,15.91,0,0,0,0,0,0,0,3.01,1.49,0.188,-16.88,3,34.35,15.94,0.886,1.547,12.5,0
SPY,1h,250,150,dip,4.87,3.45,0.337,-15.47,2,100,15.67,0,0,0,0,0,0,0,8.04,3.95,0.401,-15.47,3,34.35,15.94,0.886,1.547,12.5,0
SPY,1h,250,200,dip,1.06,0.75,0.122,-15.47,1,100,14.27,0,0,0,0,0,0,0,6.42,3.17,0.337,-15.47,2,34.35,15.94,0.886,1.547,12.5,0
SPY,1h,250,300,trend,15.67,10.92,1.233,-5.29,1,100,55.37,0,0,0,0,0,0,0,23.09,10.96,1.141,-5.29,2,34.35,15.94,0.886,1.547,12.5,0
SPY,1h,300,2,dip,6.64,4.68,0.418,-17.97,21,90.48,21.16,3.94,6.74,1.804,-1.19,9,88.89,5.93,12.19,5.93,0.538,-17.97,36,34.35,15.94,0.886,1.547,12.5,1
SPY,1h,300,3,dip,5.38,3.8,0.352,-17.77,18,88.89,21,4.04,6.93,1.862,-1.19,8,87.5,6.03,9.94,4.86,0.453,-17.77,31,34.35,15.94,0.886,1.547,12.5,1
SPY,1h,300,4,dip,5.29,3.74,0.346,-17.77,16,87.5,21.21,4.16,7.14,1.925,-1.19,8,87.5,6.03,9.39,4.6,0.431,-17.77,25,34.35,15.94,0.886,1.547,12.5,1
SPY,1h,300,5,dip,6.56,4.63,0.411,-17.64,15,93.33,21.04,3.61,6.18,1.688,-1.19,8,87.5,6.12,10.44,5.1,0.47,-17.64,24,34.35,15.94,0.886,1.547,12.5,1
SPY,1h,300,7,dip,6.99,4.93,0.433,-17.61,13,92.31,21.16,3.16,5.4,1.413,-1.64,5,100,5.93,9.29,4.55,0.428,-17.61,19,34.35,15.94,0.886,1.547,12.5,0
SPY,1h,300,9,dip,7.55,5.32,0.464,-17.52,12,91.67,21.08,3.27,5.6,1.465,-1.64,5,100,5.74,9.98,4.88,0.455,-17.52,17,34.35,15.94,0.886,1.547,12.5,0
SPY,1h,300,12,dip,6.76,4.77,0.424,-17.52,11,90.91,20.96,2.73,4.66,1.302,-1.64,4,100,5.26,8.04,3.95,0.382,-17.52,17,34.35,15.94,0.886,1.547,12.5,0
SPY,1h,300,15,dip,4.08,2.89,0.284,-17.52,7,85.71,20.75,2.49,4.25,1.192,-1.64,3,100,4.98,5.12,2.53,0.268,-17.52,11,34.35,15.94,0.886,1.547,12.5,0
SPY,1h,300,20,dip,2.6,1.84,0.206,-17.52,7,85.71,20.26,2.48,4.23,1.193,-1.64,3,100,4.78,4.91,2.43,0.26,-17.52,11,34.35,15.94,0.886,1.547,12.5,0
SPY,1h,300,25,dip,1,0.71,0.119,-17.52,5,80,20.02,2.11,3.6,1.03,-1.64,3,100,4.4,3.83,1.9,0.217,-17.52,10,34.35,15.94,0.886,1.547,12.5,0
SPY,1h,300,30,dip,0.93,0.66,0.115,-17.52,5,80,19.81,3.26,5.58,1.968,-1.05,3,100,2.68,7.16,3.52,0.353,-17.52,10,34.35,15.94,0.886,1.547,12.5,1
SPY,1h,300,40,dip,2.32,1.65,0.191,-17.08,4,75,19.4,1.34,2.27,0.969,-1.05,1,100,1.44,5.78,2.86,0.299,-17.08,6,34.35,15.94,0.886,1.547,12.5,0
SPY,1h,300,50,dip,1.86,1.32,0.167,-17.01,4,75,18.46,0.72,1.23,0.947,-0.55,1,100,0.86,5.22,2.58,0.279,-17.01,6,34.35,15.94,0.886,1.547,12.5,0
SPY,1h,300,60,dip,6.71,4.73,0.431,-16.89,6,83.33,17.84,0,0,0,0,0,0,0,10.79,5.27,0.506,-16.89,8,34.35,15.94,0.886,1.547,12.5,0
SPY,1h,300,75,dip,0.87,0.62,0.112,-16.89,4,75,16.28,0,0,0,0,0,0,0,4.23,2.1,0.24,-16.89,5,34.35,15.94,0.886,1.547,12.5,0
SPY,1h,300,100,dip,-1.48,-1.06,-0.025,-16.85,2,50,15.63,0,0,0,0,0,0,0,1.01,0.5,0.101,-16.85,3,34.35,15.94,0.886,1.547,12.5,0
SPY,1h,300,125,dip,5.04,3.56,0.346,-15.47,2,100,15.34,0,0,0,0,0,0,0,8.26,4.05,0.411,-15.47,3,34.35,15.94,0.886,1.547,12.5,0
SPY,1h,300,150,dip,2.21,1.57,0.189,-15.47,2,100,14.4,0,0,0,0,0,0,0,6.32,3.12,0.333,-15.47,3,34.35,15.94,0.886,1.547,12.5,0
SPY,1h,300,200,dip,1.81,1.28,0.166,-15.47,1,100,14.44,0,0,0,0,0,0,0,8.76,4.3,0.439,-15.47,2,34.35,15.94,0.886,1.547,12.5,0
SPY,1h,300,250,dip,3.35,2.37,0.255,-14.36,1,100,14.56,0,0,0,0,0,0,0,8.1,3.98,0.414,-14.36,2,34.35,15.94,0.886,1.547,12.5,0
QQQ,1d,2,3,trend,-49.1,-3.44,-0.108,-86.9,587,37.14,57.57,21.86,2.42,0.232,-34.18,248,42.34,60.45,-38.5,-1.75,-0.017,-86.9,836,1613.07,10.86,0.391,0.872,343.14,0
QQQ,1d,2,4,trend,-45.9,-3.14,-0.093,-86.78,517,36.94,57.72,3.51,0.42,0.105,-44.51,221,40.27,61.41,-44.47,-2.11,-0.04,-86.78,739,1613.07,10.86,0.391,0.872,343.14,0
QQQ,1d,2,5,trend,-51.25,-3.66,-0.122,-87.46,476,36.34,58.19,28.54,3.08,0.276,-38.32,194,43.3,61.17,-37.67,-1.7,-0.016,-87.46,670,1613.07,10.86,0.391,0.872,343.14,0
QQQ,1d,2,7,trend,-39.82,-2.6,-0.064,-79.45,399,32.83,58.71,77.72,7.19,0.539,-37.22,160,46.25,62.57,4.83,0.17,0.094,-79.45,559,1613.07,10.86,0.391,0.872,343.14,0
QQQ,1d,2,9,trend,10.32,0.51,0.116,-71.63,350,34.57,59.08,79.37,7.31,0.544,-36.5,142,42.25,63.72,93.95,2.43,0.228,-71.63,492,1613.07,10.86,0.391,0.872,343.14,0
QQQ,1d,2,12,trend,51.96,2.19,0.213,-62.36,302,35.76,59.49,100.6,8.77,0.641,-38.54,112,42.86,63.91,197.48,4.03,0.324,-62.36,415,1613.07,10.86,0.391,0.872,343.14,0
QQQ,1d,2,15,trend,45.35,1.96,0.2,-57.3,268,33.96,59.82,134.88,10.86,0.78,-30.08,99,41.41,64.92,233.17,4.46,0.352,-57.3,368,1613.07,10.86,0.391,0.872,343.14,0
QQQ,1d,2,20,trend,96.46,3.56,0.294,-46.55,217,32.72,61.08,146.98,11.54,0.82,-35.92,82,37.8,65.74,368.65,5.76,0.429,-46.55,300,1613.07,10.86,0.391,0.872,343.14,0
QQQ,1d,2,25,trend,93.49,3.48,0.292,-45.3,204,31.86,61.88,217.83,14.99,1.027,-32.11,73,36.99,66.65,484,6.61,0.483,-45.3,278,1613.07,10.86,0.391,0.872,343.14,1
QQQ,1d,2,30,trend,104.48,3.78,0.308,-40.05,190,30.53,62.87,208.01,14.55,1.003,-25.29,61,36.07,65.69,533.71,6.93,0.499,-40.05,255,1613.07,10.86,0.391,0.872,343.14,1
QQQ,1d,2,40,trend,157.13,5.02,0.379,-45.6,163,30.67,63.96,172.32,12.86,0.882,-22.77,52,34.62,67.42,607.86,7.36,0.521,-45.6,216,1613.07,10.86,0.391,0.872,343.14,1
QQQ,1d,2,50,trend,118.5,4.14,0.328,-57.05,149,30.87,64.6,172.35,12.86,0.868,-25.43,44,31.82,68.72,503.81,6.74,0.483,-57.05,193,1613.07,10.86,0.391,0.872,343.14,0
QQQ,1d,2,60,trend,294.91,7.38,0.516,-40.12,121,36.36,65.69,139.68,11.14,0.775,-23.32,53,32.08,69.92,858.56,8.55,0.591,-40.12,174,1613.07,10.86,0.391,0.872,343.14,0
QQQ,1d,2,75,trend,455.04,9.3,0.634,-29.93,97,37.11,66.17,181.44,13.31,0.879,-23.66,39,41.03,71.6,1481.98,10.54,0.707,-29.93,136,1613.07,10.86,0.391,0.872,343.14,1
QQQ,1d,2,100,trend,429.86,9.03,0.616,-40.84,81,35.8,67.65,172.36,12.86,0.822,-26.51,35,37.14,74,1277.17,9.98,0.666,-40.84,116,1613.07,10.86,0.391,0.872,343.14,0
QQQ,1d,2,125,trend,147.32,4.81,0.402,-42.17,79,30.38,65.2,271.23,17.17,1.035,-21.47,19,52.63,75.78,879.51,8.63,0.624,-42.17,96,1613.07,10.86,0.391,0.872,343.14,1
QQQ,1d,2,150,trend,101.95,3.71,0.326,-53.14,65,27.69,66.56,323.96,19.06,1.127,-18.32,16,62.5,75.93,740.44,8.03,0.583,-53.14,82,1613.07,10.86,0.391,0.872,343.14,1
QQQ,1d,2,200,trend,308.05,7.57,0.58,-23.83,41,34.15,67.77,264.46,16.91,1.006,-27.16,17,41.18,73.23,1213.74,9.79,0.682,-27.16,62,1613.07,10.86,0.391,0.872,343.14,1
QQQ,1d,2,250,trend,347.51,8.08,0.598,-27.47,39,33.33,68.97,225.27,15.31,0.987,-27.6,12,33.33,64.82,1261.08,9.94,0.676,-27.6,55,1613.07,10.86,0.391,0.872,343.14,1
QQQ,1d,2,300,trend,268.75,7,0.558,-25.2,35,34.29,68.1,245.28,16.15,1.015,-24.52,9,44.44,66.07,1126.59,9.52,0.664,-25.2,48,1613.07,10.86,0.391,0.872,343.14,1
QQQ,1d,3,2,dip,273.86,7.08,0.422,-56.65,587,67.29,42.32,174.84,12.99,0.757,-22.45,247,69.23,39.16,912.85,8.76,0.507,-56.65,835,1613.07,10.86,0.391,0.872,343.14,0
QQQ,1d,3,4,trend,-59.91,-4.63,-0.176,-87.61,438,35.62,57.92,34.81,3.67,0.314,-38.73,183,44.81,61.36,-46.24,-2.23,-0.046,-87.61,621,1613.07,10.86,0.391,0.872,343.14,0
QQQ,1d,3,5,trend,-49.11,-3.44,-0.114,-83.07,394,34.01,57.88,79.32,7.31,0.55,-36.34,163,46.63,61.94,-10.56,-0.4,0.059,-83.07,557,1613.07,10.86,0.391,0.872,343.14,0
QQQ,1d,3,7,trend,-11.99,-0.66,0.048,-73.04,328,33.54,58.6,86.78,7.84,0.575,-35.89,136,44.85,63.48,61.11,1.75,0.187,-73.04,464,1613.07,10.86,0.391,0.872,343.14,0
QQQ,1d,3,9,trend,36.71,1.63,0.181,-63.9,290,36.55,59.16,120.07,10,0.713,-34.49,114,45.61,64.39,191.93,3.96,0.32,-63.9,404,1613.07,10.86,0.391,0.872,343.14,0
QQQ,1d,3,12,trend,40.75,1.79,0.19,-59.64,244,35.66,59.43,118.51,9.9,0.719,-33.36,92,41.3,64.2,195.8,4.01,0.326,-59.64,337,1613.07,10.86,0.391,0.872,343.14,0
QQQ,1d,3,15,trend,46.61,2,0.203,-56.03,222,33.78,60.19,161.38,12.31,0.864,-27.02,83,39.76,65.26,270.11,4.86,0.375,-56.03,306,1613.07,10.86,0.391,0.872,343.14,0
QQQ,1d,3,20,trend,86.27,3.28,0.277,-43.33,189,34.39,61.18,186.39,13.55,0.939,-30.39,68,44.12,65.98,412.79,6.11,0.449,-43.33,258,1613.07,10.86,0.391,0.872,343.14,1
QQQ,1d,3,25,trend,53.35,2.24,0.217,-51.29,176,31.82,61.98,195.38,13.98,0.976,-31.6,62,35.48,65.83,341.99,5.54,0.418,-51.29,240,1613.07,10.86,0.391,0.872,343.14,1
QQQ,1d,3,30,trend,139.02,4.62,0.354,-38.37,162,31.48,63.3,220.31,15.1,1.036,-18.71,50,40,65.83,659.33,7.63,0.537,-38.37,213,1613.07,10.86,0.391,0.872,343.14,1
QQQ,1d,3,40,trend,172.91,5.35,0.396,-44.47,138,33.33,64.23,210.35,14.66,0.987,-16.3,41,39.02,67.47,759.37,8.12,0.563,-44.47,179,1613.07,10.86,0.391,0.872,343.14,1
QQQ,1d,3,50,trend,134.56,4.52,0.35,-52.94,127,32.28,64.76,185.18,13.49,0.91,-19.36,38,42.11,68.81,577.42,7.19,0.51,-52.94,165,1613.07,10.86,0.391,0.872,343.14,1
QQQ,1d,3,60,trend,251.65,6.74,0.481,-40.07,103,36.89,65.79,150.06,11.71,0.805,-26.44,42,38.1,69.92,790.53,8.26,0.574,-40.07,145,1613.07,10.86,0.391,0.872,343.14,0
QQQ,1d,3,75,trend,456.11,9.31,0.633,-33.38,76,36.84,66.31,167.74,12.63,0.842,-24.67,35,40,71.5,1344.6,10.17,0.685,-33.38,111,1613.07,10.86,0.391,0.872,343.14,0
QQQ,1d,3,100,trend,202.51,5.91,0.478,-27.55,64,32.81,64.27,199.48,14.17,0.89,-22.72,29,41.38,74.39,793.95,8.27,0.608,-27.55,92,1613.07,10.86,0.391,0.872,343.14,1
QQQ,1d,3,125,trend,127.72,4.36,0.369,-45.9,63,28.57,65.46,334.66,19.42,1.148,-18.32,12,75,75.83,870.04,8.59,0.619,-45.9,75,1613.07,10.86,0.391,0.872,343.14,1
QQQ,1d,3,150,trend,92.18,3.45,0.308,-50.86,58,29.31,66.74,342.08,19.66,1.156,-18.32,13,69.23,75.93,726.13,7.96,0.579,-50.86,73,1613.07,10.86,0.391,0.872,343.14,1
QQQ,1d,3,200,trend,347.57,8.08,0.615,-24.83,33,39.39,67.75,260.27,16.74,1.002,-25.35,13,38.46,73.09,1328.45,10.13,0.703,-25.35,48,1613.07,10.86,0.391,0.872,343.14,1
QQQ,1d,3,250,trend,335.45,7.93,0.634,-31.76,36,30.56,67.03,240.47,15.95,1.021,-25.29,10,40,64.78,1328.03,10.13,0.714,-31.76,49,1613.07,10.86,0.391,0.872,343.14,1
QQQ,1d,3,300,trend,276.17,7.11,0.565,-27.06,28,35.71,68.14,232.13,15.6,0.986,-27.83,9,44.44,66.03,1103.63,9.45,0.66,-27.83,41,1613.07,10.86,0.391,0.872,343.14,1
QQQ,1d,4,2,dip,286.08,7.26,0.429,-53.28,518,67.57,42.12,234.2,15.69,0.892,-19.43,220,71.36,38.2,1171.88,9.67,0.546,-53.28,739,1613.07,10.86,0.391,0.872,343.14,1
QQQ,1d,4,3,dip,485.93,9.6,0.53,-43.41,438,68.95,41.89,168.58,12.67,0.735,-21.78,182,73.08,38.25,1447.32,10.45,0.581,-43.41,621,1613.07,10.86,0.391,0.872,343.14,0
QQQ,1d,4,5,trend,-12.08,-0.67,0.047,-73.34,331,35.65,58.46,83.39,7.6,0.563,-35.73,138,47.1,62.95,58.04,1.67,0.183,-73.34,469,1613.07,10.86,0.391,0.872,343.14,0
QQQ,1d,4,7,trend,20.56,0.97,0.142,-64.99,292,35.96,58.73,92.44,8.23,0.606,-36.5,117,46.15,63.72,125.13,2.99,0.262,-64.99,409,1613.07,10.86,0.391,0.872,343.14,0
QQQ,1d,4,9,trend,88.1,3.33,0.279,-50.6,248,37.1,59.24,130.91,10.64,0.759,-34.51,96,46.88,64.54,321.47,5.36,0.403,-50.6,344,1613.07,10.86,0.391,0.872,343.14,0
QQQ,1d,4,12,trend,43.32,1.88,0.196,-58.58,212,36.32,59.78,133.94,10.81,0.769,-31.81,87,39.08,64.63,223.84,4.36,0.346,-58.58,300,1613.07,10.86,0.391,0.872,343.14,0
QQQ,1d,4,15,trend,77.87,3.03,0.263,-52.61,192,36.46,60.64,152.58,11.84,0.834,-30.33,71,42.25,65.59,333.92,5.47,0.411,-52.61,264,1613.07,10.86,0.391,0.872,343.14,0
QQQ,1d,4,20,trend,97.35,3.59,0.297,-47.73,167,38.32,61.32,190.56,13.75,0.955,-30.53,63,41.27,65.06,454.98,6.42,0.47,-47.73,233,1613.07,10.86,0.391,0.872,343.14,1
QQQ,1d,4,25,trend,190.04,5.68,0.415,-38.19,147,35.37,62.56,226.55,15.37,1.06,-29.98,50,42,65.45,801.26,8.3,0.576,-38.19,199,1613.07,10.86,0.391,0.872,343.14,1
QQQ,1d,4,30,trend,187.49,5.63,0.412,-36.5,139,34.53,63.26,220.75,15.12,1.028,-16.21,41,43.9,65.83,797.98,8.29,0.573,-36.5,181,1613.07,10.86,0.391,0.872,343.14,1
QQQ,1d,4,40,trend,170.4,5.29,0.394,-46.39,119,36.97,64.04,241.39,15.99,1.067,-14.47,34,44.12,67.32,834.87,8.45,0.582,-46.39,153,1613.07,10.86,0.391,0.872,343.14,1
QQQ,1d,4,50,trend,212.38,6.09,0.441,-50.27,103,34.95,65.01,186.59,13.56,0.913,-17.09,35,40,68.91,806.61,8.33,0.575,-50.27,138,1613.07,10.86,0.391,0.872,343.14,1
QQQ,1d,4,60,trend,282.22,7.2,0.504,-47.27,85,36.47,66.17,164.51,12.47,0.839,-22.52,34,44.12,70.3,920.02,8.79,0.6,-47.27,119,1613.07,10.86,0.391,0.872,343.14,0
QQQ,1d,4,75,trend,322.33,7.76,0.543,-40.68,71,36.62,66.27,157.91,12.12,0.812,-26.43,32,43.75,71.46,952.83,8.92,0.611,-40.68,103,1613.07,10.86,0.391,0.872,343.14,0
QQQ,1d,4,100,trend,157.66,5.03,0.415,-29.81,56,35.71,64.39,236.66,15.79,0.976,-22.72,23,47.83,74.82,769.76,8.16,0.597,-29.81,78,1613.07,10.86,0.391,0.872,343.14,1
QQQ,1d,4,125,trend,144.44,4.75,0.397,-41.64,57,28.07,65.46,312.82,18.68,1.108,-18.32,12,66.67,75.93,898.92,8.71,0.628,-41.64,68,1613.07,10.86,0.391,0.872,343.14,1
QQQ,1d,4,150,trend,128.32,4.38,0.37,-45.12,50,26,66.95,302.86,18.33,1.093,-19.93,11,81.82,75.78,801.11,8.3,0.6,-45.12,62,1613.07,10.86,0.391,0.872,343.14,1
QQQ,1d,4,200,trend,352.37,8.14,0.621,-25.08,30,36.67,67.79,240,15.93,0.959,-27.91,9,55.56,72.95,1331.12,10.14,0.706,-27.91,41,1613.07,10.86,0.391,0.872,343.14,1
QQQ,1d,4,250,trend,362.97,8.27,0.656,-29,28,32.14,67.07,238.02,15.85,1.017,-27.29,9,44.44,64.63,1450.32,10.46,0.734,-29,40,1613.07,10.86,0.391,0.872,343.14,1
QQQ,1d,4,300,trend,296.29,7.4,0.585,-26.37,26,34.62,68.25,236.44,15.78,0.995,-28.31,8,37.5,65.88,1243.32,9.88,0.686,-28.31,38,1613.07,10.86,0.391,0.872,343.14,1
QQQ,1d,5,2,dip,360.41,8.24,0.471,-51.1,476,68.28,41.62,178,13.14,0.756,-22.01,193,72.02,38.44,1158.47,9.62,0.543,-51.1,670,1613.07,10.86,0.391,0.872,343.14,0
QQQ,1d,5,3,dip,386.67,8.55,0.484,-44.29,394,70.81,41.93,106.98,9.18,0.563,-21.78,162,72.84,37.58,904.34,8.73,0.503,-44.29,557,1613.07,10.86,0.391,0.872,343.14,0
QQQ,1d,5,4,dip,203.8,5.93,0.371,-54.4,331,72.21,41.36,104.77,9.04,0.562,-23.66,137,75.18,36.52,531.69,6.92,0.422,-54.4,469,1613.07,10.86,0.391,0.872,343.14,0
QQQ,1d,5,7,trend,65.75,2.66,0.24,-51.4,254,36.61,58.99,132.58,10.73,0.759,-36.89,101,46.53,64.39,274.09,4.9,0.376,-51.4,355,1613.07,10.86,0.391,0.872,343.14,0
QQQ,1d,5,9,trend,15.73,0.76,0.129,-63.37,225,36,59.49,136.63,10.96,0.775,-30.18,88,39.77,64.87,165.75,3.61,0.301,-63.37,313,1613.07,10.86,0.391,0.872,343.14,0
QQQ,1d,5,12,trend,36.95,1.64,0.181,-55.5,189,37.04,60.25,136.91,10.98,0.781,-26.98,78,41.03,64.87,213.35,4.23,0.338,-55.5,268,1613.07,10.86,0.391,0.872,343.14,0
QQQ,1d,5,15,trend,63.97,2.6,0.237,-52.97,168,38.1,60.83,171.77,12.84,0.902,-28.73,63,39.68,65.11,330.42,5.44,0.409,-52.97,232,1613.07,10.86,0.391,0.872,343.14,1
QQQ,1d,5,20,trend,199.59,5.86,0.424,-40.7,144,38.19,61.71,189.68,13.71,0.959,-30.87,53,41.51,64.68,730.47,7.98,0.557,-40.7,199,1613.07,10.86,0.391,0.872,343.14,1
QQQ,1d,5,25,trend,155.61,4.99,0.375,-38.3,135,33.33,62.87,209.44,14.62,1.009,-29.2,46,43.48,65.26,670.25,7.69,0.539,-38.3,182,1613.07,10.86,0.391,0.872,343.14,1
QQQ,1d,5,30,trend,220.96,6.24,0.446,-37.76,119,36.13,63.38,205.49,14.44,0.984,-15.5,38,42.11,66.17,859.67,8.55,0.587,-37.76,159,1613.07,10.86,0.391,0.872,343.14,1
QQQ,1d,5,40,trend,206.85,5.99,0.432,-41.68,104,36.54,64.39,239.08,15.89,1.066,-16.18,32,50,67.32,953.69,8.92,0.608,-41.68,136,1613.07,10.86,0.391,0.872,343.14,1
QQQ,1d,5,50,trend,247.34,6.67,0.475,-47.5,91,40.66,65.18,178.67,13.18,0.882,-20.92,31,41.94,69.2,876.56,8.62,0.591,-47.5,122,1613.07,10.86,0.391,0.872,343.14,1
QQQ,1d,5,60,trend,259.77,6.87,0.488,-46.01,79,39.24,66.06,158.12,12.13,0.818,-21.7,31,45.16,70.16,797.58,8.29,0.573,-46.01,110,1613.07,10.86,0.391,0.872,343.14,0
QQQ,1d,5,75,trend,336.66,7.95,0.551,-40.59,66,39.39,66.45,170.87,12.79,0.842,-25.27,29,44.83,71.65,1043.26,9.24,0.626,-40.59,95,1613.07,10.86,0.391,0.872,343.14,0
QQQ,1d,5,100,trend,142.73,4.71,0.393,-29.94,49,36.73,64.6,236.42,15.78,0.968,-19.81,17,52.94,75.2,714.78,7.91,0.579,-29.94,66,1613.07,10.86,0.391,0.872,343.14,1
QQQ,1d,5,125,trend,125.21,4.3,0.366,-41.73,52,26.92,65.67,305.53,18.42,1.096,-18.42,12,66.67,75.88,815.61,8.37,0.605,-41.73,63,1613.07,10.86,0.391,0.872,343.14,1
QQQ,1d,5,150,trend,115.93,4.07,0.35,-44.13,43,27.91,66.91,304.15,18.38,1.094,-20.18,10,80,75.97,722.05,7.94,0.578,-44.13,54,1613.07,10.86,0.391,0.872,343.14,1
QQQ,1d,5,200,trend,341.41,8.01,0.609,-28.27,25,36,68,233.97,15.68,0.945,-29.52,9,55.56,72.99,1319.73,10.1,0.701,-29.52,35,1613.07,10.86,0.391,0.872,343.14,1
QQQ,1d,5,250,trend,320.73,7.74,0.62,-31.64,26,34.62,67.11,245.61,16.16,1.034,-26.01,9,44.44,64.78,1314.32,10.09,0.712,-31.64,38,1613.07,10.86,0.391,0.872,343.14,1
QQQ,1d,5,300,trend,298.06,7.43,0.586,-28.26,21,38.1,68.23,259.28,16.7,1.041,-22.87,6,50,65.93,1353.16,10.2,0.703,-28.26,30,1613.07,10.86,0.391,0.872,343.14,1
QQQ,1d,7,2,dip,309.06,7.58,0.442,-49.09,399,71.93,41.11,109.59,9.35,0.574,-20.71,159,71.7,36.95,754.82,8.1,0.476,-49.09,559,1613.07,10.86,0.391,0.872,343.14,0
QQQ,1d,7,3,dip,204.6,5.95,0.372,-55.21,328,73.48,41.21,101.54,8.83,0.552,-23.66,135,73.33,35.99,523.38,6.86,0.42,-55.21,464,1613.07,10.86,0.391,0.872,343.14,0
QQQ,1d,7,4,dip,137.18,4.58,0.312,-60.78,292,71.23,41.07,100.12,8.74,0.543,-24.19,116,75.86,35.75,386.83,5.91,0.376,-60.78,409,1613.07,10.86,0.391,0.872,343.14,0
QQQ,1d,7,5,dip,80.57,3.11,0.248,-71.44,254,75.59,40.8,68.79,6.53,0.433,-24.52,100,71,35.08,212.6,4.22,0.3,-71.44,355,1613.07,10.86,0.391,0.872,343.14,0
QQQ,1d,7,9,trend,18.06,0.86,0.135,-59.24,184,36.41,59.84,153.76,11.9,0.83,-25.94,75,42.67,65.59,190.71,3.95,0.321,-59.24,259,1613.07,10.86,0.391,0.872,343.14,0
QQQ,1d,7,12,trend,34.26,1.54,0.175,-54.01,164,37.8,60.77,173.69,12.93,0.911,-27.22,59,42.37,65.26,254.56,4.7,0.365,-54.01,224,1613.07,10.86,0.391,0.872,343.14,1
QQQ,1d,7,15,trend,88.83,3.35,0.28,-50.72,151,37.75,61.2,175.4,13.02,0.914,-29.1,52,46.15,65.98,404.8,6.05,0.443,-50.72,204,1613.07,10.86,0.391,0.872,343.14,1
QQQ,1d,7,20,trend,188.69,5.65,0.412,-38.99,127,33.86,62.44,210.51,14.67,1.01,-28.06,44,47.73,65.02,772.92,8.18,0.566,-38.99,172,1613.07,10.86,0.391,0.872,343.14,1
QQQ,1d,7,25,trend,179.47,5.48,0.402,-41.06,112,34.82,63.38,216.31,14.92,1.017,-18.66,37,40.54,65.64,771.82,8.17,0.565,-41.06,150,1613.07,10.86,0.391,0.872,343.14,1
QQQ,1d,7,30,trend,187.94,5.64,0.41,-43.89,101,37.62,63.84,233.13,15.64,1.054,-16.28,33,51.52,66.22,862.93,8.56,0.585,-43.89,135,1613.07,10.86,0.391,0.872,343.14,1
QQQ,1d,7,40,trend,250.14,6.72,0.472,-43.3,88,42.05,64.58,175.81,13.04,0.89,-20.78,30,46.67,67.56,874.31,8.61,0.589,-43.3,118,1613.07,10.86,0.391,0.872,343.14,1
QQQ,1d,7,50,trend,399.64,8.7,0.588,-38.98,69,44.93,65.63,175.89,13.04,0.873,-18.18,27,55.56,69.29,1232.42,9.85,0.659,-38.98,96,1613.07,10.86,0.391,0.872,343.14,1
QQQ,1d,7,60,trend,321.63,7.75,0.538,-42.78,62,41.94,66.21,200.4,14.21,0.941,-17.64,26,57.69,70.3,1124.26,9.51,0.643,-42.78,88,1613.07,10.86,0.391,0.872,343.14,1
QQQ,1d,7,75,trend,254,6.78,0.482,-47.06,58,37.93,66.47,183.25,13.4,0.862,-23.36,25,56,72.42,869.21,8.59,0.585,-47.06,83,1613.07,10.86,0.391,0.872,343.14,0
QQQ,1d,7,100,trend,122.73,4.24,0.361,-31.77,46,34.78,64.62,277.7,17.41,1.049,-18.32,13,61.54,75.25,728.74,7.97,0.581,-31.77,59,1613.07,10.86,0.391,0.872,343.14,1
QQQ,1d,7,125,trend,152.73,4.93,0.406,-38.49,40,27.5,66.08,289.84,17.86,1.065,-18.32,10,80,75.73,860.12,8.55,0.614,-38.49,51,1613.07,10.86,0.391,0.872,343.14,1
QQQ,1d,7,150,trend,168.69,5.26,0.431,-43.02,33,33.33,66.93,256.31,16.59,0.985,-25.68,8,62.5,76.02,838.79,8.46,0.608,-43.02,41,1613.07,10.86,0.391,0.872,343.14,1
QQQ,1d,7,200,trend,324.48,7.79,0.594,-27.91,24,37.5,67.98,233.21,15.65,0.935,-28.89,9,55.56,72.85,1262.17,9.94,0.688,-28.89,34,1613.07,10.86,0.391,0.872,343.14,1
QQQ,1d,7,250,trend,294.54,7.38,0.591,-29.25,25,40,67.34,237.58,15.83,1.016,-27.89,9,44.44,64.97,1170.21,9.66,0.682,-29.25,36,1613.07,10.86,0.391,0.872,343.14,1
QQQ,1d,7,300,trend,347.4,8.08,0.625,-28.06,16,43.75,68.41,235.31,15.74,0.992,-25.89,7,42.86,65.55,1329.63,10.13,0.689,-28.56,25,1613.07,10.86,0.391,0.872,343.14,1
QQQ,1d,9,2,dip,129.67,4.41,0.305,-54.92,349,71.63,40.68,108.35,9.27,0.574,-23.66,141,73.76,35.75,385.93,5.9,0.377,-54.92,491,1613.07,10.86,0.391,0.872,343.14,0
QQQ,1d,9,3,dip,99.18,3.64,0.271,-64.49,289,72.32,40.59,75.63,7.04,0.459,-25.32,113,73.45,35.08,258.79,4.74,0.324,-64.49,403,1613.07,10.86,0.391,0.872,343.14,0
QQQ,1d,9,4,dip,52.25,2.2,0.209,-71.26,247,76.52,40.51,71.03,6.7,0.44,-24.4,95,71.58,34.94,167.08,3.63,0.273,-71.26,343,1613.07,10.86,0.391,0.872,343.14,0
QQQ,1d,9,5,dip,154.37,4.96,0.328,-65.76,224,77.68,40.26,68.51,6.51,0.432,-24.35,87,74.71,34.6,339.63,5.52,0.359,-65.76,312,1613.07,10.86,0.391,0.872,343.14,0
QQQ,1d,9,7,dip,153.68,4.95,0.327,-64.68,183,78.69,39.87,59.6,5.81,0.396,-26.83,74,72.97,33.88,315.28,5.3,0.348,-64.68,258,1613.07,10.86,0.391,0.872,343.14,0
QQQ,1d,9,12,trend,71.09,2.82,0.248,-46.59,148,38.51,61.3,174.83,12.99,0.912,-27.84,51,47.06,65.93,356.41,5.66,0.417,-46.59,200,1613.07,10.86,0.391,0.872,343.14,1
QQQ,1d,9,15,trend,158.19,5.04,0.379,-38.68,127,38.58,61.61,200.47,14.21,0.992,-30.57,44,50,64.34,651.22,7.59,0.536,-38.68,172,1613.07,10.86,0.391,0.872,343.14,1
QQQ,1d,9,20,trend,160.13,5.08,0.378,-40.71,112,36.61,62.77,171.56,12.82,0.895,-27.65,39,43.59,65.26,596.68,7.3,0.514,-40.71,152,1613.07,10.86,0.391,0.872,343.14,1
QQQ,1d,9,25,trend,177.24,5.43,0.4,-43.89,99,38.38,63.12,236.22,15.77,1.065,-16.28,33,54.55,66.03,818.77,8.38,0.577,-43.89,133,1613.07,10.86,0.391,0.872,343.14,1
QQQ,1d,9,30,trend,261.78,6.9,0.48,-38.05,86,44.19,63.92,183.71,13.42,0.919,-20.9,30,50,66.65,939.47,8.87,0.601,-38.05,116,1613.07,10.86,0.391,0.872,343.14,1
QQQ,1d,9,40,trend,300.91,7.47,0.514,-40.69,74,47.3,64.87,151.46,11.78,0.807,-21.22,26,46.15,68.04,917.1,8.78,0.596,-40.69,100,1613.07,10.86,0.391,0.872,343.14,0
QQQ,1d,9,50,trend,372.25,8.38,0.57,-38.45,70,41.43,65.75,184.87,13.48,0.905,-18.9,26,53.85,69.25,1200.34,9.75,0.655,-38.45,96,1613.07,10.86,0.391,0.872,343.14,1
QQQ,1d,9,60,trend,263.02,6.92,0.487,-43.89,55,40,66.25,195.92,14,0.912,-17.71,24,54.17,70.69,938.36,8.86,0.601,-43.89,79,1613.07,10.86,0.391,0.872,343.14,1
QQQ,1d,9,75,trend,161.89,5.12,0.422,-26.66,48,39.58,63.22,152.29,11.83,0.766,-24,22,63.64,72.95,550.4,7.03,0.528,-26.66,70,1613.07,10.86,0.391,0.872,343.14,0
QQQ,1d,9,100,trend,117.09,4.1,0.351,-32.38,40,35,64.81,257.1,16.62,1.007,-19.62,13,61.54,75.35,667,7.67,0.562,-32.38,53,1613.07,10.86,0.391,0.872,343.14,1
QQQ,1d,9,125,trend,160.53,5.09,0.417,-34.85,34,35.29,66.27,263.72,16.88,1.011,-22.16,9,77.78,75.83,842.88,8.48,0.609,-34.85,43,1613.07,10.86,0.391,0.872,343.14,1
QQQ,1d,9,150,trend,174.13,5.37,0.435,-33.58,32,34.38,67.09,234.89,15.72,0.94,-27.22,8,50,75.78,866.51,8.58,0.611,-33.58,39,1613.07,10.86,0.391,0.872,343.14,1
QQQ,1d,9,200,trend,304.16,7.51,0.573,-27.02,22,40.91,68.14,200.33,14.21,0.948,-28.21,8,50,63.48,1075.72,9.35,0.652,-28.21,32,1613.07,10.86,0.391,0.872,343.14,1
QQQ,1d,9,250,trend,385.06,8.54,0.665,-26.3,17,52.94,67.69,250.9,16.37,1.042,-25.33,5,60,64.97,1486.77,10.55,0.723,-28.56,23,1613.07,10.86,0.391,0.872,343.14,1
QQQ,1d,9,300,trend,367.72,8.33,0.639,-30.68,12,50,68.41,187.91,13.62,0.871,-29.31,5,60,65.31,1182.82,9.7,0.661,-30.68,20,1613.07,10.86,0.391,0.872,343.14,0
QQQ,1d,12,2,dip,72.77,2.88,0.238,-62.42,302,71.85,40,91.82,8.19,0.512,-24.53,112,73.21,34.84,239.91,4.54,0.314,-62.42,415,1613.07,10.86,0.391,0.872,343.14,0
QQQ,1d,12,3,dip,99.98,3.66,0.272,-66.77,244,75,40.06,82.25,7.52,0.479,-24.19,92,73.91,34.5,275.38,4.92,0.331,-66.77,337,1613.07,10.86,0.391,0.872,343.14,0
QQQ,1d,12,4,dip,102.53,3.73,0.275,-64.92,212,76.42,39.69,71.25,6.71,0.442,-24.35,87,74.71,34.07,255.72,4.71,0.322,-64.92,300,1613.07,10.86,0.391,0.872,343.14,0
QQQ,1d,12,5,dip,122.32,4.23,0.297,-66.52,188,78.19,39.48,70.94,6.69,0.438,-28.1,78,76.92,33.83,289.78,5.06,0.337,-66.52,267,1613.07,10.86,0.391,0.872,343.14,0
QQQ,1d,12,7,dip,128.48,4.38,0.303,-66.5,163,77.3,38.94,50.47,5.06,0.355,-29.12,59,77.97,33.4,255.11,4.71,0.322,-66.5,223,1613.07,10.86,0.391,0.872,343.14,0
QQQ,1d,12,9,dip,82.79,3.18,0.251,-70.53,147,78.23,38.41,52.15,5.2,0.362,-31.3,51,72.55,32.68,183.93,3.86,0.284,-70.53,199,1613.07,10.86,0.391,0.872,343.14,0
QQQ,1d,12,15,trend,215.06,6.13,0.438,-38.29,112,39.29,62.39,160.45,12.26,0.86,-35.99,39,43.59,64.87,704.72,7.86,0.547,-38.29,152,1613.07,10.86,0.391,0.872,343.14,0
QQQ,1d,12,20,trend,221.75,6.25,0.445,-43.69,97,40.21,62.68,244.24,16.1,1.088,-16.53,31,51.61,65.5,991.7,9.06,0.615,-43.69,129,1613.07,10.86,0.391,0.872,343.14,1
QQQ,1d,12,25,trend,296.97,7.41,0.509,-38.04,83,46.99,63.61,156.36,12.04,0.837,-20.95,29,51.72,66.12,930.63,8.83,0.6,-38.04,112,1613.07,10.86,0.391,0.872,343.14,0
QQQ,1d,12,30,trend,388.52,8.58,0.577,-31.85,70,51.43,63.94,159.46,12.21,0.84,-20.72,28,50,66.94,1178.8,9.69,0.65,-31.85,98,1613.07,10.86,0.391,0.872,343.14,0
QQQ,1d,12,40,trend,312.05,7.62,0.525,-40.25,57,49.12,64.95,163.62,12.42,0.847,-19.69,25,56,68.14,949.95,8.91,0.606,-40.25,82,1613.07,10.86,0.391,0.872,343.14,0
QQQ,1d,12,50,trend,287.65,7.28,0.504,-39.54,54,44.44,66.06,214.65,14.85,0.963,-17.66,21,61.9,69.77,1079.01,9.36,0.625,-39.54,75,1613.07,10.86,0.391,0.872,343.14,1
QQQ,1d,12,60,trend,292.45,7.35,0.51,-44.65,50,46,66.37,141.16,11.22,0.741,-22.9,24,54.17,71.41,831.66,8.43,0.572,-44.65,74,1613.07,10.86,0.391,0.872,343.14,0
QQQ,1d,12,75,trend,137.1,4.58,0.384,-31.16,40,45,63.3,199.17,14.15,0.887,-22.85,17,64.71,73.62,598.25,7.31,0.543,-31.16,57,1613.07,10.86,0.391,0.872,343.14,1
QQQ,1d,12,100,trend,150.22,4.87,0.401,-40.31,37,35.14,65.2,267.14,17.01,1.023,-18.32,9,88.89,75.4,780.77,8.21,0.593,-40.31,46,1613.07,10.86,0.391,0.872,343.14,1
QQQ,1d,12,125,trend,162.62,5.14,0.418,-39.33,32,34.38,66.54,229.64,15.5,0.93,-26.26,8,87.5,75.78,822.69,8.4,0.6,-39.33,39,1613.07,10.86,0.391,0.872,343.14,1
QQQ,1d,12,150,trend,199.69,5.86,0.467,-31.82,26,38.46,66.99,253.64,16.48,0.972,-25.18,7,85.71,75.54,961.61,8.95,0.631,-31.82,32,1613.07,10.86,0.391,0.872,343.14,1
QQQ,1d,12,200,trend,329.06,7.85,0.59,-28.3,22,45.45,68.33,211.77,14.72,0.978,-24.11,6,66.67,63.43,1174.36,9.67,0.661,-29.87,30,1613.07,10.86,0.391,0.872,343.14,1
QQQ,1d,12,250,trend,383.83,8.52,0.656,-29.52,12,58.33,68.21,242.75,16.04,1.022,-23.63,5,60,64.78,1463.03,10.49,0.715,-29.52,18,1613.07,10.86,0.391,0.872,343.14,1
QQQ,1d,12,300,trend,316.62,7.68,0.594,-35.95,12,50,68.47,216.89,14.95,0.943,-24.69,5,60,65.31,1113.26,9.48,0.645,-35.95,19,1613.07,10.86,0.391,0.872,343.14,1
QQQ,1d,15,2,dip,88.15,3.33,0.258,-65.73,268,75.37,39.67,68.12,6.48,0.426,-26.28,99,73.74,33.78,221.11,4.32,0.304,-65.73,368,1613.07,10.86,0.391,0.872,343.14,0
QQQ,1d,15,3,dip,95.63,3.54,0.267,-68.1,222,76.13,39.27,54.01,5.35,0.371,-28.23,83,73.49,33.45,209.01,4.18,0.298,-68.1,306,1613.07,10.86,0.391,0.872,343.14,0
QQQ,1d,15,4,dip,70.65,2.81,0.235,-68.39,192,76.04,38.8,61.69,5.98,0.402,-26.16,71,76.06,33.11,183,3.85,0.283,-68.39,264,1613.07,10.86,0.391,0.872,343.14,0
QQQ,1d,15,5,dip,90.52,3.4,0.261,-67.59,168,76.79,38.62,50.81,5.09,0.357,-27.94,63,79.37,33.54,196.48,4.02,0.291,-67.59,232,1613.07,10.86,0.391,0.872,343.14,0
QQQ,1d,15,7,dip,79.13,3.07,0.247,-69.25,151,80.13,38.22,51.65,5.16,0.36,-30.16,52,73.08,32.63,177.33,3.77,0.28,-69.25,204,1613.07,10.86,0.391,0.872,343.14,0
QQQ,1d,15,9,dip,34.83,1.56,0.181,-74.72,127,77.17,37.81,37.23,3.9,0.297,-24.77,44,72.73,32.05,93.66,2.43,0.219,-74.72,172,1613.07,10.86,0.391,0.872,343.14,0
QQQ,1d,15,12,dip,8.51,0.42,0.13,-74.84,112,79.46,37.01,59.58,5.81,0.396,-23.45,39,84.62,31.48,78.61,2.13,0.205,-74.84,152,1613.07,10.86,0.391,0.872,343.14,0
QQQ,1d,15,20,trend,299.83,7.45,0.511,-38.75,85,47.06,63.32,132.77,10.74,0.76,-24.52,29,51.72,65.74,842.51,8.48,0.58,-38.75,114,1613.07,10.86,0.391,0.872,343.14,0
QQQ,1d,15,25,trend,351.45,8.13,0.553,-35.97,71,47.89,63.69,147.42,11.56,0.801,-23.56,28,50,66.55,1026.93,9.19,0.622,-35.97,99,1613.07,10.86,0.391,0.872,343.14,0
QQQ,1d,15,30,trend,314.3,7.65,0.524,-44.47,67,46.27,64.23,162.82,12.38,0.848,-19.57,25,52,67.18,952.49,8.92,0.604,-44.47,92,1613.07,10.86,0.391,0.872,343.14,0
QQQ,1d,15,40,trend,245.83,6.65,0.466,-38.03,52,44.23,65.4,206.17,14.47,0.953,-19.37,22,59.09,68.62,923.43,8.8,0.593,-38.03,74,1613.07,10.86,0.391,0.872,343.14,1
QQQ,1d,15,50,trend,249.25,6.7,0.472,-44.7,50,48,65.9,133.59,10.79,0.721,-24.16,21,52.38,70.16,703.07,7.85,0.539,-44.7,71,1613.07,10.86,0.391,0.872,343.14,0
QQQ,1d,15,60,trend,190.57,5.69,0.414,-51.48,44,47.73,66.58,156.57,12.05,0.778,-22.46,19,57.89,72.27,633.86,7.5,0.516,-51.48,63,1613.07,10.86,0.391,0.872,343.14,0
QQQ,1d,15,75,trend,97.47,3.59,0.319,-32.81,40,37.5,63.38,236.32,15.78,0.974,-18.9,13,69.23,73.91,552.05,7.04,0.527,-32.81,53,1613.07,10.86,0.391,0.872,343.14,1
QQQ,1d,15,100,trend,199.61,5.86,0.466,-35.34,32,43.75,65.36,238.3,15.86,0.954,-23.67,8,87.5,75.4,925.98,8.81,0.627,-35.34,40,1613.07,10.86,0.391,0.872,343.14,1
QQQ,1d,15,125,trend,180.42,5.49,0.44,-37.26,29,34.48,66.68,253.55,16.48,0.969,-25.79,6,83.33,75.83,841.65,8.48,0.6,-37.26,35,1613.07,10.86,0.391,0.872,343.14,1
QQQ,1d,15,150,trend,257.43,6.83,0.531,-27.3,23,39.13,67.05,254.87,16.53,0.954,-28.55,6,83.33,75.49,1132.78,9.54,0.662,-28.55,29,1613.07,10.86,0.391,0.872,343.14,1
QQQ,1d,15,200,trend,311.75,7.62,0.574,-29.34,19,47.37,68.41,216.27,14.92,0.991,-20.98,7,57.14,63.38,1170.7,9.66,0.659,-29.87,28,1613.07,10.86,0.391,0.872,343.14,1
QQQ,1d,15,250,trend,411.18,8.83,0.676,-33.21,11,63.64,68.21,206.48,14.49,0.937,-25.29,5,60,64.49,1396.31,10.31,0.703,-33.21,17,1613.07,10.86,0.391,0.872,343.14,1
QQQ,1d,15,300,trend,348.92,8.1,0.626,-36.73,12,50,68.35,241.11,15.98,0.998,-22.29,4,75,65.31,1417.83,10.37,0.698,-36.73,17,1613.07,10.86,0.391,0.872,343.14,1
QQQ,1d,20,2,dip,49.93,2.12,0.205,-71.03,217,77.42,38.37,63.18,6.09,0.407,-27.32,82,74.39,32.96,150.95,3.39,0.263,-71.03,300,1613.07,10.86,0.391,0.872,343.14,0
QQQ,1d,20,3,dip,63.55,2.58,0.225,-71.95,189,77.78,38.26,43.11,4.42,0.323,-28.41,68,77.94,32.72,141.2,3.25,0.256,-71.95,258,1613.07,10.86,0.391,0.872,343.14,0
QQQ,1d,20,4,dip,68.14,2.73,0.232,-71.71,167,77.25,38.1,37.84,3.95,0.299,-28.22,63,71.43,32.24,143.63,3.28,0.257,-71.71,233,1613.07,10.86,0.391,0.872,343.14,0
QQQ,1d,20,5,dip,13.86,0.68,0.142,-77.35,144,77.78,37.71,40.82,4.22,0.313,-27.44,53,71.7,31.72,69.59,1.94,0.196,-77.35,199,1613.07,10.86,0.391,0.872,343.14,0
QQQ,1d,20,7,dip,20.59,0.98,0.155,-74.1,127,78.74,36.99,32.8,3.49,0.277,-27.28,44,75,31.38,66.66,1.87,0.193,-74.1,172,1613.07,10.86,0.391,0.872,343.14,0
QQQ,1d,20,9,dip,31.43,1.43,0.174,-75.6,112,79.46,36.64,53.05,5.27,0.369,-28.45,39,82.05,31.09,106.31,2.66,0.229,-75.6,152,1613.07,10.86,0.391,0.872,343.14,0
QQQ,1d,20,12,dip,7.47,0.37,0.127,-73.9,97,78.35,36.23,21.9,2.42,0.221,-32.22,31,74.19,30.85,34.44,1.08,0.156,-73.9,129,1613.07,10.86,0.391,0.872,343.14,0
QQQ,1d,20,15,dip,-12.27,-0.68,0.079,-75.01,85,81.18,35.59,80.72,7.41,0.476,-29.33,29,82.76,30.61,58.55,1.69,0.184,-75.01,114,1613.07,10.86,0.391,0.872,343.14,0
QQQ,1d,20,25,trend,254.68,6.79,0.476,-48.29,61,52.46,64.23,145.68,11.47,0.795,-20.66,26,53.85,67.08,742.26,8.04,0.555,-48.29,87,1613.07,10.86,0.391,0.872,343.14,0
QQQ,1d,20,30,trend,270.52,7.03,0.488,-39.5,53,50.94,64.89,169.08,12.7,0.856,-20.31,24,54.17,67.95,863.67,8.57,0.582,-39.5,77,1613.07,10.86,0.391,0.872,343.14,0
QQQ,1d,20,40,trend,188.33,5.65,0.41,-53.57,46,50,65.46,136.62,10.96,0.733,-23.79,19,52.63,69.53,571.58,7.15,0.498,-53.57,65,1613.07,10.86,0.391,0.872,343.14,0
QQQ,1d,20,50,trend,153.49,4.94,0.37,-54.74,43,44.19,66,144.78,11.42,0.746,-24.67,18,61.11,71.46,510.79,6.79,0.475,-54.74,61,1613.07,10.86,0.391,0.872,343.14,0
QQQ,1d,20,60,trend,222.82,6.27,0.442,-48.58,38,42.11,67.01,181.04,13.29,0.845,-21.62,17,70.59,73.04,790.73,8.26,0.554,-48.58,55,1613.07,10.86,0.391,0.872,343.14,0
QQQ,1d,20,75,trend,136.26,4.56,0.38,-38.72,33,45.45,64.1,225.77,15.33,0.931,-24.88,9,77.78,74.44,668.31,7.68,0.559,-38.72,42,1613.07,10.86,0.391,0.872,343.14,1
QQQ,1d,20,100,trend,207.8,6,0.471,-30.98,27,37.04,65.96,227.94,15.42,0.919,-25.18,7,85.71,75.44,892.36,8.68,0.612,-30.98,34,1613.07,10.86,0.391,0.872,343.14,1
QQQ,1d,20,125,trend,195.54,5.78,0.457,-37.95,26,38.46,67.2,224.69,15.29,0.885,-28.56,7,71.43,75.4,821.2,8.39,0.587,-37.95,33,1613.07,10.86,0.391,0.872,343.14,1
QQQ,1d,20,150,trend,341.13,8,0.601,-23.57,19,52.63,67.32,254.07,16.5,0.946,-28.56,5,100,75.2,1351.02,10.19,0.694,-28.56,24,1613.07,10.86,0.391,0.872,343.14,1
QQQ,1d,20,200,trend,458.73,9.33,0.717,-25.07,15,66.67,66.8,241.85,16.01,1.034,-19.17,4,75,64.15,1749.42,11.17,0.759,-28.85,20,1613.07,10.86,0.391,0.872,343.14,1
QQQ,1d,20,250,trend,358.44,8.22,0.634,-34.34,11,54.55,68.23,172.1,12.85,0.838,-27.07,4,75,64.25,1068.55,9.33,0.642,-34.34,16,1613.07,10.86,0.391,0.872,343.14,0
QQQ,1d,20,300,trend,397.99,8.68,0.658,-29.2,9,66.67,68.41,187.34,13.6,0.868,-30.62,4,75,65.35,1262.56,9.94,0.669,-30.62,14,1613.07,10.86,0.391,0.872,343.14,0
QQQ,1d,25,2,dip,54.64,2.29,0.212,-73.34,204,78.92,37.56,28.19,3.04,0.253,-26.34,73,72.6,32.05,106.77,2.67,0.23,-73.34,278,1613.07,10.86,0.391,0.872,343.14,0
QQQ,1d,25,3,dip,114.06,4.03,0.287,-70.1,176,81.82,37.44,35.75,3.76,0.29,-25.62,62,75.81,31.48,203.35,4.11,0.294,-70.1,240,1613.07,10.86,0.391,0.872,343.14,0
QQQ,1d,25,4,dip,17.18,0.83,0.148,-77.09,147,78.91,36.86,25.37,2.77,0.239,-26.38,50,72,30.95,56.27,1.63,0.182,-77.09,199,1613.07,10.86,0.391,0.872,343.14,0
QQQ,1d,25,5,dip,34.89,1.56,0.181,-74.63,135,77.04,36.55,32.94,3.5,0.277,-26.29,46,73.91,31.14,86.62,2.29,0.212,-74.63,182,1613.07,10.86,0.391,0.872,343.14,0
QQQ,1d,25,7,dip,22.34,1.05,0.158,-75.74,112,80.36,36.02,31.71,3.38,0.272,-32.49,37,83.78,30.71,65.26,1.84,0.192,-75.74,150,1613.07,10.86,0.391,0.872,343.14,0
QQQ,1d,25,9,dip,24.42,1.14,0.161,-74.42,99,81.82,35.79,24.51,2.68,0.235,-31.37,33,75.76,30.32,58.98,1.7,0.185,-74.42,133,1613.07,10.86,0.391,0.872,343.14,0
QQQ,1d,25,12,dip,-11.42,-0.63,0.082,-76.38,83,81.93,35.3,64.08,6.16,0.414,-31.18,29,82.76,30.23,45.34,1.37,0.169,-76.38,112,1613.07,10.86,0.391,0.872,343.14,0
QQQ,1d,25,15,dip,-19.46,-1.12,0.06,-76.09,71,78.87,35.19,70.86,6.68,0.441,-26.41,28,82.14,29.75,37.6,1.16,0.16,-76.09,99,1613.07,10.86,0.391,0.872,343.14,0
QQQ,1d,25,20,dip,3.75,0.19,0.119,-73.88,61,73.77,34.66,80.03,7.36,0.48,-23.5,26,80.77,29.17,86.78,2.29,0.212,-73.88,87,1613.07,10.86,0.391,0.872,343.14,0
QQQ,1d,25,30,trend,180.6,5.5,0.401,-46.95,50,46,65.65,151.83,11.8,0.786,-19.58,20,55,69.05,583.03,7.22,0.502,-46.95,70,1613.07,10.86,0.391,0.872,343.14,0
QQQ,1d,25,40,trend,157.24,5.02,0.373,-59.48,42,45.24,65.59,153.69,11.9,0.779,-22.86,20,60,70.35,542.42,6.98,0.485,-59.48,62,1613.07,10.86,0.391,0.872,343.14,0
QQQ,1d,25,50,trend,179.97,5.49,0.399,-55.92,41,41.46,66.35,167.78,12.63,0.811,-19.14,15,66.67,72.27,636.05,7.51,0.513,-55.92,56,1613.07,10.86,0.391,0.872,343.14,0
QQQ,1d,25,60,trend,255.96,6.81,0.472,-47.32,36,41.67,67.44,208.4,14.57,0.895,-25.27,11,72.73,73.62,1004.89,9.11,0.597,-47.32,47,1613.07,10.86,0.391,0.872,343.14,1
QQQ,1d,25,75,trend,241.44,6.58,0.511,-31.71,29,41.38,64.83,228.02,15.43,0.923,-25.18,7,85.71,74.96,1001.82,9.1,0.64,-31.71,36,1613.07,10.86,0.391,0.872,343.14,1
QQQ,1d,25,100,trend,172.1,5.33,0.426,-35.98,25,36,66.41,223.8,15.25,0.885,-28.56,6,83.33,75.35,737.98,8.02,0.566,-35.98,31,1613.07,10.86,0.391,0.872,343.14,1
QQQ,1d,25,125,trend,254.3,6.78,0.519,-34.08,22,45.45,67.3,243.67,16.08,0.927,-28.56,5,100,75.01,1033.28,9.21,0.634,-34.08,27,1613.07,10.86,0.391,0.872,343.14,1
QQQ,1d,25,150,trend,338.4,7.97,0.599,-27.07,14,64.29,67.22,250.3,16.35,0.929,-28.56,5,80,75.2,1435.12,10.42,0.703,-28.56,19,1613.07,10.86,0.391,0.872,343.14,1
QQQ,1d,25,200,trend,369.86,8.36,0.648,-30.77,11,63.64,67.07,247.88,16.25,1.05,-18.89,5,60,63.91,1345.73,10.18,0.698,-30.77,17,1613.07,10.86,0.391,0.872,343.14,1
QQQ,1d,25,250,trend,457.52,9.32,0.703,-31.35,10,70,68.27,210.9,14.68,0.941,-22.5,4,75,64.15,1462.04,10.49,0.705,-31.35,16,1613.07,10.86,0.391,0.872,343.14,1
QQQ,1d,25,300,trend,428.74,9.02,0.683,-27.21,8,75,68.37,217.39,14.97,0.913,-28.14,4,75,65.45,1618.36,10.87,0.713,-28.56,13,1613.07,10.86,0.391,0.872,343.14,1
QQQ,1d,30,2,dip,43.41,1.89,0.195,-75.43,189,79.89,36.49,31.17,3.33,0.268,-31.22,61,75.41,30.71,88.78,2.33,0.214,-75.43,254,1613.07,10.86,0.391,0.872,343.14,0
QQQ,1d,30,3,dip,26.87,1.24,0.166,-76.41,161,80.75,36.06,27.81,3.01,0.252,-32.57,50,68,30.56,65.7,1.85,0.192,-76.41,212,1613.07,10.86,0.391,0.872,343.14,0
QQQ,1d,30,4,dip,8.44,0.42,0.13,-75.54,138,78.99,36.1,29.02,3.13,0.258,-32.33,41,80.49,30.56,45.6,1.37,0.17,-75.54,180,1613.07,10.86,0.391,0.872,343.14,0
QQQ,1d,30,5,dip,-0.51,-0.03,0.11,-76.34,118,77.97,35.98,35.95,3.78,0.292,-33.21,38,81.58,30.23,39.88,1.23,0.163,-76.34,158,1613.07,10.86,0.391,0.872,343.14,0
QQQ,1d,30,7,dip,13.32,0.65,0.14,-74.98,100,81,35.52,25.66,2.8,0.241,-31.37,33,78.79,30.13,43.48,1.32,0.167,-74.98,134,1613.07,10.86,0.391,0.872,343.14,0
QQQ,1d,30,9,dip,-3.15,-0.17,0.102,-76.56,86,82.56,34.99,48.09,4.86,0.348,-29.84,30,80,29.7,43.41,1.32,0.167,-76.56,116,1613.07,10.86,0.391,0.872,343.14,0
QQQ,1d,30,12,dip,-26.89,-1.61,0.037,-78.33,70,75.71,34.97,62.93,6.07,0.411,-28.34,28,82.14,29.36,19.12,0.64,0.135,-78.33,98,1613.07,10.86,0.391,0.872,343.14,0
QQQ,1d,30,15,dip,-11.82,-0.65,0.081,-75.54,67,74.63,34.66,68.49,6.5,0.437,-27.13,25,80,29.07,48.58,1.45,0.173,-75.54,92,1613.07,10.86,0.391,0.872,343.14,0
QQQ,1d,30,20,dip,0.27,0.01,0.111,-79.22,53,79.25,34,64.77,6.22,0.424,-25.4,24,75,28.3,65.21,1.84,0.191,-79.22,77,1613.07,10.86,0.391,0.872,343.14,0
QQQ,1d,30,25,dip,21.52,1.02,0.156,-77.82,49,81.63,33.65,76.9,7.13,0.476,-26.26,20,75,27.2,114.97,2.82,0.237,-77.82,69,1613.07,10.86,0.391,0.872,343.14,0
QQQ,1d,30,40,trend,132.39,4.47,0.342,-55.03,43,39.53,66.08,158.55,12.16,0.784,-20.6,16,68.75,71.41,489.89,6.65,0.465,-55.03,59,1613.07,10.86,0.391,0.872,343.14,0
QQQ,1d,30,50,trend,286.84,7.27,0.498,-42.99,41,41.46,66.82,197.14,14.06,0.866,-24.44,13,69.23,73.43,1030.55,9.2,0.602,-42.99,54,1613.07,10.86,0.391,0.872,343.14,0
QQQ,1d,30,60,trend,377.73,8.45,0.559,-44.74,32,46.88,68.06,262.98,16.85,1,-25.18,7,85.71,74.44,1610.99,10.85,0.685,-44.74,39,1613.07,10.86,0.391,0.872,343.14,1
QQQ,1d,30,75,trend,241.18,6.57,0.511,-32.32,25,36,65.42,186.38,13.55,0.81,-28.97,7,85.71,74.77,855.74,8.53,0.602,-32.32,32,1613.07,10.86,0.391,0.872,343.14,0
QQQ,1d,30,100,trend,223.37,6.28,0.486,-39.52,22,45.45,66.85,228.15,15.43,0.897,-28.56,6,83.33,74.82,922.57,8.8,0.611,-39.52,28,1613.07,10.86,0.391,0.872,343.14,1
QQQ,1d,30,125,trend,239.17,6.54,0.505,-37.97,17,47.06,67.13,227.33,15.4,0.886,-28.56,5,100,75.06,961.16,8.95,0.618,-37.97,22,1613.07,10.86,0.391,0.872,343.14,1
QQQ,1d,30,150,trend,331.49,7.88,0.593,-26.54,13,69.23,67.36,268.67,17.07,0.959,-28.56,5,100,75.35,1437.51,10.42,0.701,-28.56,18,1613.07,10.86,0.391,0.872,343.14,1
QQQ,1d,30,200,trend,340.25,7.99,0.622,-31.48,11,54.55,67.13,238.7,15.88,1.023,-20.5,3,100,63.58,1319.43,10.1,0.691,-31.48,15,1613.07,10.86,0.391,0.872,343.14,1
QQQ,1d,30,250,trend,518.77,9.91,0.738,-28.89,7,71.43,68.39,205.37,14.44,0.927,-24.03,4,75,64.3,1870.94,11.42,0.753,-28.89,12,1613.07,10.86,0.391,0.872,343.14,1
QQQ,1d,30,300,trend,413.33,8.85,0.672,-29.12,8,75,68.47,227.05,15.39,0.925,-28.47,4,75,66.03,1656.76,10.96,0.712,-29.12,12,1613.07,10.86,0.391,0.872,343.14,1
QQQ,1d,40,2,dip,21.36,1.01,0.157,-71.26,163,79.14,35.19,49.98,5.02,0.357,-31.17,52,82.69,28.98,82.46,2.21,0.209,-71.26,216,1613.07,10.86,0.391,0.872,343.14,0
QQQ,1d,40,3,dip,17.82,0.85,0.149,-73.53,138,80.43,34.93,33.35,3.54,0.28,-33.02,41,82.93,28.93,57.11,1.65,0.183,-73.53,179,1613.07,10.86,0.391,0.872,343.14,0
QQQ,1d,40,4,dip,24.54,1.14,0.162,-72.39,119,82.35,34.87,22.48,2.48,0.225,-31.48,34,82.35,29.02,52.53,1.54,0.178,-72.39,153,1613.07,10.86,0.391,0.872,343.14,0
QQQ,1d,40,5,dip,11.74,0.58,0.136,-74.15,104,84.62,34.51,23.61,2.59,0.231,-31.48,32,75,29.02,38.12,1.18,0.161,-74.15,136,1613.07,10.86,0.391,0.872,343.14,0
QQQ,1d,40,7,dip,-0.17,-0.01,0.11,-75.21,88,80.68,34.33,52.9,5.26,0.369,-29.24,30,83.33,28.74,52.64,1.55,0.178,-75.21,118,1613.07,10.86,0.391,0.872,343.14,0
QQQ,1d,40,9,dip,-9.64,-0.52,0.086,-75.66,74,78.38,34.02,68.52,6.51,0.435,-26.29,26,80.77,28.26,52.28,1.54,0.177,-75.66,100,1613.07,10.86,0.391,0.872,343.14,0
QQQ,1d,40,12,dip,-10.27,-0.56,0.085,-77.27,57,77.19,33.94,67.98,6.47,0.435,-26.8,25,80,28.11,50.73,1.5,0.176,-77.27,82,1613.07,10.86,0.391,0.872,343.14,0
QQQ,1d,40,15,dip,7.55,0.38,0.127,-78.38,52,80.77,33.48,45.16,4.6,0.34,-25.39,22,72.73,27.63,56.12,1.63,0.182,-78.38,74,1613.07,10.86,0.391,0.872,343.14,0
QQQ,1d,40,20,dip,28.58,1.31,0.169,-75.59,46,86.96,33.4,85.1,7.72,0.51,-23.7,19,78.95,26.67,138,3.2,0.254,-75.59,65,1613.07,10.86,0.391,0.872,343.14,0
QQQ,1d,40,25,dip,43.5,1.89,0.195,-73.44,42,80.95,33.26,72.43,6.8,0.466,-23.48,20,80,25.85,147.43,3.34,0.261,-73.44,62,1613.07,10.86,0.391,0.872,343.14,0
QQQ,1d,40,30,dip,56.75,2.36,0.215,-73.7,43,86.05,32.7,70.46,6.65,0.461,-27.29,16,81.25,24.75,167.2,3.63,0.275,-73.7,59,1613.07,10.86,0.391,0.872,343.14,0
QQQ,1d,40,50,trend,485.39,9.6,0.618,-45.55,30,46.67,68.31,238.58,15.87,0.945,-25.18,7,85.71,74.53,1864.18,11.41,0.711,-45.55,37,1613.07,10.86,0.391,0.872,343.14,1
QQQ,1d,40,60,trend,465.55,9.4,0.605,-44.98,22,45.45,69.57,204.23,14.38,0.854,-26.54,7,85.71,74.44,1583.03,10.79,0.673,-44.98,29,1613.07,10.86,0.391,0.872,343.14,0
QQQ,1d,40,75,trend,218.85,6.2,0.485,-36.51,20,50,65.71,223.31,15.23,0.887,-28.56,7,85.71,74.72,862.53,8.56,0.6,-36.51,27,1613.07,10.86,0.391,0.872,343.14,1
QQQ,1d,40,100,trend,246.99,6.67,0.509,-34.42,17,52.94,67.17,243.05,16.05,0.922,-28.56,5,100,74.77,1051.74,9.27,0.634,-34.42,22,1613.07,10.86,0.391,0.872,343.14,1
QQQ,1d,40,125,trend,303.09,7.5,0.57,-29.57,15,60,66.76,246.46,16.19,0.92,-28.92,5,80,75.11,1241.41,9.88,0.672,-29.57,20,1613.07,10.86,0.391,0.872,343.14,1
QQQ,1d,40,150,trend,437.23,9.11,0.701,-31.45,10,80,66.17,275.51,17.33,0.959,-28.56,4,75,75.97,1933.39,11.55,0.78,-31.45,14,1613.07,10.86,0.391,0.872,343.14,1
QQQ,1d,40,200,trend,331.96,7.88,0.612,-32.77,10,60,67.42,230.74,15.54,0.991,-21.54,3,100,63.72,1307.01,10.07,0.681,-32.77,14,1613.07,10.86,0.391,0.872,343.14,1
QQQ,1d,40,250,trend,459.91,9.35,0.702,-28.2,7,71.43,68.29,97.59,8.57,0.707,-22.77,3,66.67,41.71,1838.22,11.35,0.737,-28.56,11,1613.07,10.86,0.391,0.872,343.14,0
QQQ,1d,40,300,trend,387.55,8.56,0.652,-31.22,9,77.78,68.66,135.95,10.93,0.866,-22.77,1,100,42.14,1708.7,11.08,0.714,-31.22,11,1613.07,10.86,0.391,0.872,343.14,0
QQQ,1d,50,2,dip,44.46,1.93,0.197,-66.5,149,81.21,34.33,51.4,5.14,0.365,-28.03,44,81.82,27.68,118.72,2.88,0.239,-66.5,193,1613.07,10.86,0.391,0.872,343.14,0
QQQ,1d,50,3,dip,42.2,1.84,0.193,-69.24,127,82.68,34.14,45.91,4.67,0.34,-31.29,38,84.21,27.53,107.49,2.68,0.23,-69.24,165,1613.07,10.86,0.391,0.872,343.14,0
QQQ,1d,50,4,dip,9.9,0.49,0.133,-72.16,103,82.52,33.9,45.72,4.65,0.34,-30.67,35,82.86,27.44,60.15,1.72,0.186,-72.16,138,1613.07,10.86,0.391,0.872,343.14,0
QQQ,1d,50,5,dip,0.27,0.01,0.112,-75.62,91,82.42,33.73,51.15,5.12,0.364,-29.24,31,83.87,27.1,51.55,1.52,0.177,-75.62,122,1613.07,10.86,0.391,0.872,343.14,0
QQQ,1d,50,7,dip,-27.06,-1.62,0.038,-79.23,69,75.36,33.26,60.13,5.85,0.404,-30.31,27,81.48,26.96,16.79,0.56,0.132,-79.23,96,1613.07,10.86,0.391,0.872,343.14,0
QQQ,1d,50,9,dip,-22.92,-1.34,0.051,-77.73,70,74.29,33.13,55.27,5.46,0.384,-25.59,26,80.77,27.01,19.68,0.65,0.136,-77.73,96,1613.07,10.86,0.391,0.872,343.14,0
QQQ,1d,50,12,dip,-4.28,-0.23,0.1,-77.38,54,83.33,32.83,41.42,4.27,0.324,-24.69,21,76.19,26.48,35.36,1.1,0.157,-77.38,75,1613.07,10.86,0.391,0.872,343.14,0
QQQ,1d,50,15,dip,5.64,0.29,0.123,-77.08,50,86,32.97,87.05,7.86,0.518,-22.77,21,80.95,26.05,97.6,2.5,0.222,-77.08,71,1613.07,10.86,0.391,0.872,343.14,0
QQQ,1d,50,20,dip,45.45,1.96,0.198,-74.44,43,83.72,32.85,79.14,7.3,0.495,-22.8,18,72.22,24.75,160.56,3.54,0.27,-74.44,61,1613.07,10.86,0.391,0.872,343.14,0
QQQ,1d,50,25,dip,33.71,1.52,0.178,-72.02,41,82.93,32.45,64.49,6.2,0.436,-27.01,15,80,23.83,120.32,2.91,0.241,-72.02,56,1613.07,10.86,0.391,0.872,343.14,0
QQQ,1d,50,30,dip,-4.23,-0.22,0.099,-77.08,41,87.8,31.94,45.2,4.61,0.355,-26.89,13,76.92,22.63,42.29,1.29,0.164,-77.08,54,1613.07,10.86,0.391,0.872,343.14,0
QQQ,1d,50,40,dip,-35.31,-2.23,0.004,-75.26,30,83.33,30.31,33.94,3.59,0.299,-26.89,7,71.43,21.34,-15.68,-0.62,0.07,-75.26,37,1613.07,10.86,0.391,0.872,343.14,0
QQQ,1d,50,60,trend,403.35,8.74,0.568,-45.92,23,47.83,69.69,211.17,14.7,0.861,-28.56,7,85.71,74.53,1362.4,10.22,0.639,-45.92,30,1613.07,10.86,0.391,0.872,343.14,0
QQQ,1d,50,75,trend,230.18,6.39,0.496,-41.94,19,47.37,66.33,239.09,15.89,0.916,-28.56,5,100,74.58,929.84,8.83,0.613,-41.94,24,1613.07,10.86,0.391,0.872,343.14,1
QQQ,1d,50,100,trend,236.12,6.49,0.502,-33.59,17,52.94,66.58,227.35,15.4,0.883,-28.56,5,80,74.87,969.23,8.98,0.619,-33.59,22,1613.07,10.86,0.391,0.872,343.14,1
QQQ,1d,50,125,trend,437.33,9.11,0.704,-32,11,72.73,65.63,255.6,16.56,0.92,-28.56,5,100,75.73,1745.57,11.16,0.758,-32,16,1613.07,10.86,0.391,0.872,343.14,1
QQQ,1d,50,150,trend,428.19,9.02,0.695,-26.95,10,80,66.39,248.29,16.27,0.889,-28.56,4,100,75.83,1646.72,10.94,0.736,-28.56,14,1613.07,10.86,0.391,0.872,343.14,1
QQQ,1d,50,200,trend,393.21,8.63,0.658,-30.48,8,75,67.85,112.12,9.51,0.78,-22.77,2,100,41.18,1832.71,11.34,0.739,-30.48,11,1613.07,10.86,0.391,0.872,343.14,0
QQQ,1d,50,250,trend,372.73,8.39,0.64,-31.44,7,85.71,68.27,105.02,9.06,0.729,-22.77,3,66.67,42.29,1494.68,10.57,0.691,-31.44,11,1613.07,10.86,0.391,0.872,343.14,0
QQQ,1d,50,300,trend,506.33,9.8,0.73,-27.29,5,80,69.15,138,11.04,0.874,-22.77,1,100,41.95,2400.63,12.39,0.782,-28.56,7,1613.07,10.86,0.391,0.872,343.14,1
QQQ,1d,60,2,dip,-18.54,-1.06,0.065,-76.3,120,80.83,33.03,70.52,6.66,0.444,-28.45,53,84.91,26.43,38.9,1.2,0.162,-76.3,173,1613.07,10.86,0.391,0.872,343.14,0
QQQ,1d,60,3,dip,-6.03,-0.32,0.098,-73.97,102,84.31,32.78,65.61,6.28,0.425,-27.8,42,83.33,26.43,55.62,1.62,0.181,-73.97,144,1613.07,10.86,0.391,0.872,343.14,0
QQQ,1d,60,4,dip,-12.98,-0.72,0.079,-75.42,84,83.33,32.39,58.67,5.73,0.397,-27.8,34,85.29,26,38.07,1.18,0.161,-75.42,118,1613.07,10.86,0.391,0.872,343.14,0
QQQ,1d,60,5,dip,-6.88,-0.37,0.095,-74.7,78,83.33,32.5,70.34,6.64,0.445,-29.06,31,83.87,26.09,58.61,1.69,0.185,-74.7,109,1613.07,10.86,0.391,0.872,343.14,0
QQQ,1d,60,7,dip,-18.91,-1.08,0.063,-76.11,61,78.69,32.35,47.24,4.78,0.35,-26.23,26,80.77,25.95,19.4,0.65,0.136,-76.11,87,1613.07,10.86,0.391,0.872,343.14,0
QQQ,1d,60,9,dip,-6.95,-0.37,0.094,-76.45,54,83.33,32.29,49.83,5,0.364,-25.42,24,75,25.56,39.42,1.21,0.162,-76.45,78,1613.07,10.86,0.391,0.872,343.14,0
QQQ,1d,60,12,dip,-13.41,-0.74,0.077,-76.22,49,81.63,32.17,80.52,7.4,0.495,-24.19,24,83.33,24.8,56.32,1.63,0.182,-76.22,73,1613.07,10.86,0.391,0.872,343.14,0
QQQ,1d,60,15,dip,17.8,0.85,0.148,-76.64,43,83.72,31.96,70.7,6.67,0.462,-23.87,19,73.68,23.93,101.09,2.57,0.225,-76.64,62,1613.07,10.86,0.391,0.872,343.14,0
QQQ,1d,60,20,dip,5.02,0.25,0.121,-77,37,86.49,31.51,56.63,5.57,0.402,-27.01,17,82.35,23.11,64.48,1.82,0.19,-77,54,1613.07,10.86,0.391,0.872,343.14,0
QQQ,1d,60,25,dip,-4.53,-0.24,0.098,-77.08,35,85.71,31.07,40.23,4.17,0.328,-26.89,11,72.73,22.44,33.88,1.06,0.154,-77.08,46,1613.07,10.86,0.391,0.872,343.14,0
QQQ,1d,60,30,dip,-28.52,-1.73,0.028,-76.38,31,83.87,30.46,22.12,2.44,0.229,-26.89,7,57.14,21.53,-12.71,-0.49,0.077,-76.38,38,1613.07,10.86,0.391,0.872,343.14,0
QQQ,1d,60,40,dip,-38.31,-2.47,-0.009,-75.75,21,85.71,28.91,46.97,4.76,0.374,-26.89,7,71.43,21.38,-9.33,-0.35,0.082,-75.75,28,1613.07,10.86,0.391,0.872,343.14,0
QQQ,1d,60,50,dip,-33.35,-2.08,0.009,-76.35,22,86.36,28.66,50.55,5.07,0.397,-26.89,7,85.71,21.19,0.34,0.01,0.099,-76.35,29,1613.07,10.86,0.391,0.872,343.14,0
QQQ,1d,60,75,trend,206.21,5.98,0.468,-37.58,17,52.94,66.6,244.46,16.11,0.924,-28.56,5,100,74.63,922.55,8.8,0.609,-37.58,22,1613.07,10.86,0.391,0.872,343.14,1
QQQ,1d,60,100,trend,258.54,6.85,0.522,-34.73,16,56.25,66.95,255.62,16.56,0.927,-28.56,5,100,75.25,1141.51,9.57,0.647,-34.73,21,1613.07,10.86,0.391,0.872,343.14,1
QQQ,1d,60,125,trend,423.93,8.97,0.694,-25.75,10,70,65.92,278.48,17.44,0.949,-28.56,4,100,75.88,1757.22,11.18,0.755,-28.56,14,1613.07,10.86,0.391,0.872,343.14,1
QQQ,1d,60,150,trend,379.88,8.47,0.656,-31.08,9,66.67,66.45,236.92,15.8,0.862,-28.56,4,100,75.78,1486.18,10.55,0.71,-31.08,13,1613.07,10.86,0.391,0.872,343.14,0
QQQ,1d,60,200,trend,419.43,8.92,0.675,-31.24,7,57.14,67.96,103.68,8.97,0.74,-22.77,2,100,41.23,1715.26,11.09,0.723,-31.24,10,1613.07,10.86,0.391,0.872,343.14,0
QQQ,1d,60,250,trend,423.39,8.96,0.676,-28.83,6,83.33,68.86,138,11.04,0.874,-22.77,1,100,41.95,1868.14,11.42,0.733,-28.83,8,1613.07,10.86,0.391,0.872,343.14,1
QQQ,1d,60,300,trend,482.12,9.57,0.714,-30.01,5,80,69.32,135.66,10.91,0.866,-22.77,1,100,41.71,2279.08,12.19,0.769,-30.01,7,1613.07,10.86,0.391,0.872,343.14,0
QQQ,1d,75,2,dip,-41.77,-2.77,-0.012,-80.06,97,78.35,31.71,47.68,4.82,0.352,-28.2,39,87.18,24.75,-14.01,-0.55,0.08,-80.06,136,1613.07,10.86,0.391,0.872,343.14,0
QQQ,1d,75,3,dip,-40.9,-2.69,-0.01,-78.54,76,82.89,31.53,63.43,6.11,0.42,-28.62,35,85.71,24.75,-3.78,-0.14,0.099,-78.54,111,1613.07,10.86,0.391,0.872,343.14,0
QQQ,1d,75,4,dip,-20.19,-1.16,0.059,-76.34,71,84.51,31.55,70.27,6.64,0.448,-26.18,32,84.38,24.8,35.89,1.12,0.158,-76.34,103,1613.07,10.86,0.391,0.872,343.14,0
QQQ,1d,75,5,dip,-22.34,-1.3,0.052,-76.9,66,80.3,31.36,62.7,6.06,0.42,-24.58,29,79.31,24.6,26.35,0.85,0.145,-76.9,95,1613.07,10.86,0.391,0.872,343.14,0
QQQ,1d,75,7,dip,-4.38,-0.23,0.1,-76.75,58,82.76,31.32,56.34,5.55,0.396,-23.97,25,76,23.83,49.49,1.47,0.174,-76.75,83,1613.07,10.86,0.391,0.872,343.14,0
QQQ,1d,75,9,dip,-16.27,-0.92,0.069,-79.05,48,87.5,31.03,72.98,6.84,0.472,-23,22,81.82,23.26,44.83,1.35,0.168,-79.05,70,1613.07,10.86,0.391,0.872,343.14,0
QQQ,1d,75,12,dip,3.01,0.15,0.117,-79.69,40,87.5,30.93,46.75,4.74,0.357,-22.49,17,76.47,22.59,51.16,1.51,0.175,-79.69,57,1613.07,10.86,0.391,0.872,343.14,0
QQQ,1d,75,15,dip,7.82,0.39,0.127,-77.71,40,87.5,30.83,31.51,3.36,0.279,-26.89,13,76.92,22.25,41.8,1.28,0.164,-77.71,53,1613.07,10.86,0.391,0.872,343.14,0
QQQ,1d,75,20,dip,-2.53,-0.13,0.102,-76.73,33,84.85,30.04,33.08,3.51,0.291,-26.89,9,66.67,21.62,30.78,0.98,0.149,-76.73,42,1613.07,10.86,0.391,0.872,343.14,0
QQQ,1d,75,25,dip,-37.61,-2.42,-0.005,-76.54,29,86.21,29.28,35.54,3.74,0.308,-26.89,7,71.43,20.95,-15.43,-0.61,0.07,-76.54,36,1613.07,10.86,0.391,0.872,343.14,0
QQQ,1d,75,30,dip,-40.62,-2.67,-0.018,-75.64,25,84,28.62,58.36,5.71,0.432,-26.89,7,71.43,21.1,-7.28,-0.27,0.086,-75.64,32,1613.07,10.86,0.391,0.872,343.14,0
QQQ,1d,75,40,dip,-27.46,-1.65,0.029,-75.05,20,85,28.19,44.89,4.58,0.367,-26.89,7,85.71,21,5.11,0.18,0.108,-75.05,27,1613.07,10.86,0.391,0.872,343.14,0
QQQ,1d,75,50,dip,-30.22,-1.85,0.019,-74.98,19,84.21,27.51,35.2,3.71,0.313,-29.57,5,80,21.1,-1.92,-0.07,0.095,-74.98,24,1613.07,10.86,0.391,0.872,343.14,0
QQQ,1d,75,60,dip,-21.39,-1.24,0.047,-75.89,17,82.35,27.12,38.37,4,0.331,-29.57,5,80,21,3.2,0.11,0.103,-75.89,22,1613.07,10.86,0.391,0.872,343.14,0
QQQ,1d,75,100,trend,432.97,9.07,0.7,-26.52,10,80,65.71,298.66,18.18,0.985,-28.56,4,100,75.97,1861.19,11.4,0.768,-28.56,14,1613.07,10.86,0.391,0.872,343.14,1
QQQ,1d,75,125,trend,374.17,8.41,0.653,-30.18,9,66.67,66.17,246.4,16.19,0.875,-28.56,4,100,75.83,1488.92,10.55,0.711,-30.18,13,1613.07,10.86,0.391,0.872,343.14,1
QQQ,1d,75,150,trend,390.2,8.59,0.659,-28.42,9,55.56,66.99,294.72,18.04,0.935,-28.56,3,100,76.07,1813.92,11.3,0.74,-28.56,12,1613.07,10.86,0.391,0.872,343.14,1
QQQ,1d,75,200,trend,404.52,8.76,0.665,-27.89,8,75,68.14,117.64,9.85,0.785,-22.77,3,66.67,42.24,1684.6,11.02,0.715,-28.56,12,1613.07,10.86,0.391,0.872,343.14,0
QQQ,1d,75,250,trend,478.68,9.53,0.712,-29.65,5,80,69.07,139.07,11.1,0.88,-22.77,1,100,41.66,2185.3,12.02,0.762,-29.65,7,1613.07,10.86,0.391,0.872,343.14,1
QQQ,1d,75,300,trend,419.49,8.92,0.671,-32.67,4,75,69.63,136.31,10.95,0.872,-22.77,1,100,41.33,2061.49,11.8,0.745,-32.67,5,1613.07,10.86,0.391,0.872,343.14,1
QQQ,1d,100,2,dip,-37.86,-2.44,0.002,-77.31,81,83.95,30.15,63.83,6.14,0.448,-25.81,34,85.29,18.6,1.11,0.04,0.107,-77.31,116,1613.07,10.86,0.391,0.872,343.14,0
QQQ,1d,100,3,dip,-28.89,-1.75,0.032,-78.08,64,84.38,29.98,49.94,5.01,0.384,-24.82,28,82.14,18.16,2.63,0.09,0.109,-78.08,92,1613.07,10.86,0.391,0.872,343.14,0
QQQ,1d,100,4,dip,-15.71,-0.88,0.071,-77.23,56,83.93,29.86,32.54,3.46,0.293,-23.68,22,77.27,17.68,7.27,0.25,0.116,-77.23,78,1613.07,10.86,0.391,0.872,343.14,0
QQQ,1d,100,5,dip,-9.77,-0.53,0.087,-77.52,49,87.76,29.65,33.59,3.56,0.3,-24.79,16,81.25,17.3,16.17,0.55,0.13,-77.52,66,1613.07,10.86,0.391,0.872,343.14,0
QQQ,1d,100,7,dip,8.87,0.44,0.13,-77.97,46,86.96,29.61,18.64,2.09,0.21,-24.05,12,75,17.2,27.05,0.87,0.145,-77.97,59,1613.07,10.86,0.391,0.872,343.14,0
QQQ,1d,100,9,dip,12.5,0.61,0.138,-78.7,40,87.5,29.43,25.49,2.78,0.252,-24.78,12,75,17.11,38.28,1.18,0.16,-78.7,53,1613.07,10.86,0.391,0.872,343.14,0
QQQ,1d,100,12,dip,-15.44,-0.87,0.069,-77.42,37,81.08,28.97,25.81,2.81,0.256,-26.89,8,75,16.96,4.82,0.17,0.11,-77.42,46,1613.07,10.86,0.391,0.872,343.14,0
QQQ,1d,100,15,dip,-25.77,-1.53,0.038,-78.49,32,84.38,28.77,32.81,3.49,0.3,-26.89,7,71.43,16.82,-5.31,-0.2,0.091,-78.49,40,1613.07,10.86,0.391,0.872,343.14,0
QQQ,1d,100,20,dip,-29.75,-1.81,0.022,-77.09,27,88.89,28.04,36.48,3.83,0.325,-26.89,6,66.67,16.67,-4.69,-0.17,0.091,-77.09,34,1613.07,10.86,0.391,0.872,343.14,0
QQQ,1d,100,25,dip,-19.44,-1.11,0.054,-75.38,25,88,27.51,38.97,4.06,0.35,-26.89,5,80,16.63,14.55,0.49,0.123,-75.38,31,1613.07,10.86,0.391,0.872,343.14,0
QQQ,1d,100,30,dip,-27.24,-1.64,0.028,-74.99,22,86.36,27.03,36.09,3.79,0.33,-26.89,5,80,17.01,0.76,0.03,0.099,-74.99,28,1613.07,10.86,0.391,0.872,343.14,0
QQQ,1d,100,40,dip,-30.84,-1.89,0.015,-76.84,17,82.35,26.56,28.53,3.08,0.283,-29.57,4,75,16.87,-8.65,-0.33,0.08,-76.84,22,1613.07,10.86,0.391,0.872,343.14,0
QQQ,1d,100,50,dip,-27.38,-1.65,0.027,-74.24,17,82.35,27.1,34.96,3.69,0.327,-29.57,4,75,16.48,0.08,0,0.097,-74.24,22,1613.07,10.86,0.391,0.872,343.14,0
QQQ,1d,100,60,dip,-40.95,-2.7,-0.027,-75.31,16,81.25,26.62,22.68,2.5,0.248,-29.57,4,75,15.95,-25.23,-1.05,0.041,-75.31,21,1613.07,10.86,0.391,0.872,343.14,0
QQQ,1d,100,75,dip,-56.69,-4.25,-0.104,-77.82,10,80,26.05,6.73,0.79,0.125,-29.57,3,66.67,14.99,-48.34,-2.37,-0.031,-77.82,14,1613.07,10.86,0.391,0.872,343.14,0
QQQ,1d,100,125,trend,369.78,8.36,0.642,-30.53,9,55.56,67.05,270.19,17.13,0.894,-28.56,3,100,76.12,1589.9,10.8,0.711,-30.53,12,1613.07,10.86,0.391,0.872,343.14,1
QQQ,1d,100,150,trend,406.74,8.78,0.667,-29.08,7,71.43,67.63,264.65,16.91,0.88,-28.56,3,100,76.26,1619.29,10.87,0.71,-29.08,10,1613.07,10.86,0.391,0.872,343.14,1
QQQ,1d,100,200,trend,469.82,9.45,0.707,-27.68,5,80,68.84,139.09,11.1,0.88,-22.77,1,100,41.52,2098.22,11.86,0.754,-28.56,7,1613.07,10.86,0.391,0.872,343.14,1
QQQ,1d,100,250,trend,443.83,9.18,0.69,-28.94,4,75,69.48,134.61,10.85,0.867,-22.77,1,100,41.04,2146.56,11.95,0.754,-28.94,5,1613.07,10.86,0.391,0.872,343.14,0
QQQ,1d,100,300,trend,390.12,8.59,0.649,-36.11,5,60,69.75,131.51,10.67,0.855,-22.77,1,100,40.85,1798.04,11.27,0.714,-36.11,6,1613.07,10.86,0.391,0.872,343.14,0
QQQ,1d,125,2,dip,-14.58,-0.81,0.073,-74.99,79,86.08,29.05,19.84,2.21,0.218,-23.6,18,77.78,16.67,-6.79,-0.25,0.091,-74.99,96,1613.07,10.86,0.391,0.872,343.14,0
QQQ,1d,125,3,dip,4.33,0.22,0.12,-74.86,63,88.89,28.77,3.22,0.38,0.103,-25.48,11,63.64,16.63,6.48,0.23,0.114,-74.86,75,1613.07,10.86,0.391,0.872,343.14,0
QQQ,1d,125,4,dip,-2.1,-0.11,0.106,-75.2,57,87.72,28.77,8.68,1.01,0.142,-24.29,11,72.73,16.53,4.28,0.15,0.111,-75.2,68,1613.07,10.86,0.391,0.872,343.14,0
QQQ,1d,125,5,dip,6.89,0.35,0.126,-74.78,52,88.46,28.56,11.97,1.37,0.165,-24.29,11,72.73,16.53,14.45,0.49,0.127,-74.78,63,1613.07,10.86,0.391,0.872,343.14,0
QQQ,1d,125,7,dip,-16.58,-0.94,0.066,-77.16,40,85,28.09,15.82,1.79,0.192,-23.82,9,66.67,16.43,-4.42,-0.16,0.094,-77.16,51,1613.07,10.86,0.391,0.872,343.14,0
QQQ,1d,125,9,dip,-11.71,-0.64,0.079,-77.82,34,82.35,27.88,24.28,2.66,0.247,-23.71,8,75,16.34,6.44,0.23,0.113,-77.82,43,1613.07,10.86,0.391,0.872,343.14,0
QQQ,1d,125,12,dip,-12.79,-0.71,0.076,-75.54,32,87.5,27.55,36.49,3.83,0.323,-26.89,7,71.43,16.29,8.56,0.3,0.116,-75.54,39,1613.07,10.86,0.391,0.872,343.14,0
QQQ,1d,125,15,dip,-22.2,-1.29,0.047,-75.25,29,89.66,27.24,27.28,2.96,0.27,-26.89,5,80,16.15,1.45,0.05,0.102,-75.25,35,1613.07,10.86,0.391,0.872,343.14,0
QQQ,1d,125,20,dip,-20.77,-1.2,0.05,-76.78,26,88.46,26.68,37.38,3.91,0.34,-26.89,6,83.33,16.43,11.18,0.39,0.117,-76.78,33,1613.07,10.86,0.391,0.872,343.14,0
QQQ,1d,125,25,dip,-38.94,-2.53,-0.015,-77.25,22,86.36,26.52,29.1,3.13,0.286,-29.57,4,75,16.67,-16.31,-0.64,0.065,-77.25,27,1613.07,10.86,0.391,0.872,343.14,0
QQQ,1d,125,30,dip,-29.25,-1.78,0.021,-75.47,17,82.35,26.6,35.33,3.72,0.328,-29.57,4,75,16.48,-0.85,-0.03,0.096,-75.47,22,1613.07,10.86,0.391,0.872,343.14,0
QQQ,1d,125,40,dip,-37.36,-2.4,-0.009,-77.85,15,86.67,26.89,25.93,2.82,0.269,-30.42,4,75,16.1,-17.47,-0.69,0.061,-77.85,20,1613.07,10.86,0.391,0.872,343.14,0
QQQ,1d,125,50,dip,-57.09,-4.29,-0.106,-77.5,11,81.82,26.13,21.33,2.36,0.24,-29.57,4,75,15.33,-45.23,-2.16,-0.018,-77.5,16,1613.07,10.86,0.391,0.872,343.14,0
QQQ,1d,125,60,dip,-54.34,-3.98,-0.091,-77.56,10,80,25.82,13.79,1.57,0.185,-29.57,3,66.67,14.99,-43.46,-2.05,-0.014,-77.56,14,1613.07,10.86,0.391,0.872,343.14,0
QQQ,1d,125,75,dip,-47.38,-3.28,-0.056,-76.77,9,77.78,25.51,21.47,2.38,0.248,-29.57,3,66.67,14.7,-31.06,-1.34,0.023,-76.77,13,1613.07,10.86,0.391,0.872,343.14,0
QQQ,1d,125,100,dip,-45.15,-3.07,-0.049,-76.77,9,77.78,24.54,12.14,1.39,0.179,-29.57,2,50,14.03,-32.99,-1.44,0.013,-76.77,12,1613.07,10.86,0.391,0.872,343.14,0
QQQ,1d,125,150,trend,444.86,9.19,0.693,-27.48,5,80,68.62,359.73,20.23,1.008,-28.56,2,100,77.37,2231.4,12.1,0.77,-28.56,7,1613.07,10.86,0.391,0.872,343.14,1
QQQ,1d,125,200,trend,454.18,9.29,0.695,-32.13,5,80,69.42,134.61,10.85,0.867,-22.77,1,100,41.04,2237.81,12.11,0.763,-32.13,6,1613.07,10.86,0.391,0.872,343.14,0
QQQ,1d,125,250,trend,390.19,8.59,0.65,-35.02,4,75,69.5,128.17,10.48,0.842,-22.77,1,100,40.65,1850.17,11.38,0.722,-35.02,5,1613.07,10.86,0.391,0.872,343.14,0
QQQ,1d,125,300,trend,429.44,9.03,0.671,-27.83,4,75,70.18,128.28,10.48,0.844,-22.77,1,100,40.46,2059.91,11.79,0.738,-28.72,5,1613.07,10.86,0.391,0.872,343.14,0
QQQ,1d,150,2,dip,17.37,0.83,0.148,-76.25,65,87.69,27.67,5.11,0.6,0.117,-24.21,15,66.67,16.15,21.88,0.72,0.138,-76.25,82,1613.07,10.86,0.391,0.872,343.14,0
QQQ,1d,150,3,dip,24.37,1.14,0.161,-75.72,58,87.93,27.49,1.16,0.14,0.087,-24.21,12,66.67,16.15,25.33,0.82,0.142,-75.72,73,1613.07,10.86,0.391,0.872,343.14,0
QQQ,1d,150,4,dip,5.69,0.29,0.123,-75.72,50,86,27.28,10.64,1.23,0.156,-23.4,10,80,16.24,16.43,0.55,0.13,-75.72,62,1613.07,10.86,0.391,0.872,343.14,0
QQQ,1d,150,5,dip,1.64,0.08,0.113,-76.43,43,88.37,27.22,10.42,1.2,0.155,-23.4,9,77.78,16.05,16.22,0.55,0.128,-76.43,54,1613.07,10.86,0.391,0.872,343.14,0
QQQ,1d,150,7,dip,-13.58,-0.75,0.073,-75.89,33,87.88,26.95,25.84,2.82,0.258,-25.21,7,71.43,15.91,8.05,0.28,0.114,-75.89,41,1613.07,10.86,0.391,0.872,343.14,0
QQQ,1d,150,9,dip,-15.19,-0.85,0.068,-76.69,32,90.63,26.79,32.19,3.43,0.297,-23.71,7,71.43,16.1,5.2,0.18,0.109,-76.69,39,1613.07,10.86,0.391,0.872,343.14,0
QQQ,1d,150,12,dip,-21.87,-1.27,0.047,-78.11,26,92.31,26.89,26.28,2.86,0.263,-26.89,6,66.67,16.24,-3.42,-0.13,0.093,-78.11,32,1613.07,10.86,0.391,0.872,343.14,0
QQQ,1d,150,15,dip,-35.86,-2.28,0,-77.8,23,91.3,26.79,24.88,2.72,0.257,-26.91,5,60,16.19,-18.56,-0.74,0.062,-77.8,29,1613.07,10.86,0.391,0.872,343.14,0
QQQ,1d,150,20,dip,-45.74,-3.12,-0.042,-78.52,19,89.47,26.42,26.27,2.86,0.268,-29.57,4,75,16.29,-27.68,-1.17,0.038,-78.52,24,1613.07,10.86,0.391,0.872,343.14,0
QQQ,1d,150,25,dip,-40.22,-2.63,-0.02,-78.75,14,85.71,26.48,24.74,2.71,0.259,-29.57,4,75,16.05,-25.15,-1.05,0.044,-78.75,19,1613.07,10.86,0.391,0.872,343.14,0
QQQ,1d,150,30,dip,-41.34,-2.73,-0.025,-78.52,13,84.62,26.29,17.76,1.99,0.21,-30.42,4,75,15.81,-27.82,-1.18,0.036,-78.52,18,1613.07,10.86,0.391,0.872,343.14,0
QQQ,1d,150,40,dip,-55.47,-4.11,-0.097,-77.3,10,80,25.57,13.31,1.52,0.179,-29.57,3,66.67,14.99,-48.36,-2.37,-0.03,-77.3,14,1613.07,10.86,0.391,0.872,343.14,0
QQQ,1d,150,50,dip,-51.36,-3.67,-0.076,-77.18,10,80,25.3,23.59,2.59,0.263,-29.57,3,66.67,14.9,-35.43,-1.57,0.011,-77.18,14,1613.07,10.86,0.391,0.872,343.14,0
QQQ,1d,150,60,dip,-48,-3.34,-0.06,-76.77,9,77.78,25.22,24.89,2.72,0.274,-29.57,3,66.67,14.75,-30.95,-1.33,0.023,-76.77,13,1613.07,10.86,0.391,0.872,343.14,0
QQQ,1d,150,75,dip,-51.47,-3.68,-0.08,-76.77,9,77.78,24.62,5.56,0.66,0.114,-29.57,2,50,14.18,-45.38,-2.17,-0.027,-76.77,12,1613.07,10.86,0.391,0.872,343.14,0
QQQ,1d,150,100,dip,-51.62,-3.7,-0.085,-75.86,7,71.43,23.82,11.67,1.34,0.176,-29.57,2,50,13.55,-37.34,-1.68,-0.003,-75.86,10,1613.07,10.86,0.391,0.872,343.14,0
QQQ,1d,150,125,dip,-51.21,-3.65,-0.085,-74.09,5,60,22.65,-8.2,-1.03,-0.047,-24.7,1,0,12.01,-49.83,-2.47,-0.052,-74.09,7,1613.07,10.86,0.391,0.872,343.14,0
QQQ,1d,150,200,trend,413.88,8.86,0.668,-30.92,4,75,69.4,128.17,10.48,0.842,-22.77,1,100,40.65,1904.93,11.49,0.729,-30.92,5,1613.07,10.86,0.391,0.872,343.14,0
QQQ,1d,150,250,trend,415.34,8.88,0.664,-30.14,5,60,69.85,121.99,10.11,0.819,-22.77,1,100,40.37,1821.21,11.32,0.716,-30.14,6,1613.07,10.86,0.391,0.872,343.14,0
QQQ,1d,150,300,trend,453.27,9.28,0.684,-24.95,3,100,70.6,117.54,9.84,0.801,-22.77,1,100,40.22,1844.57,11.37,0.713,-31.66,4,1613.07,10.86,0.391,0.872,343.14,0
QQQ,1d,200,2,dip,-43.65,-2.93,-0.029,-82.24,41,85.37,26.11,20.37,2.26,0.224,-24.54,17,64.71,15.38,-24.72,-1.02,0.049,-82.24,62,1613.07,10.86,0.391,0.872,343.14,0
QQQ,1d,200,3,dip,-47.25,-3.26,-0.046,-81.42,33,81.82,25.96,22.36,2.47,0.237,-24.79,13,69.23,15.52,-28.4,-1.2,0.039,-81.42,48,1613.07,10.86,0.391,0.872,343.14,0
QQQ,1d,200,4,dip,-47.62,-3.3,-0.048,-80.77,30,90,25.92,30.28,3.25,0.287,-23,9,77.78,15.67,-27.93,-1.18,0.04,-80.77,41,1613.07,10.86,0.391,0.872,343.14,0
QQQ,1d,200,5,dip,-41.41,-2.73,-0.023,-81.28,25,92,25.7,33.75,3.57,0.309,-21.65,9,77.78,15.57,-20.61,-0.83,0.057,-81.28,35,1613.07,10.86,0.391,0.872,343.14,0
QQQ,1d,200,7,dip,-38.99,-2.53,-0.013,-80.54,24,87.5,25.72,34.05,3.6,0.312,-21.75,9,77.78,15.71,-17.15,-0.68,0.065,-80.54,34,1613.07,10.86,0.391,0.872,343.14,0
QQQ,1d,200,9,dip,-35.77,-2.27,-0.002,-79.72,22,86.36,25.55,36.06,3.79,0.323,-23.27,8,75,15.67,-3.78,-0.14,0.092,-79.72,32,1613.07,10.86,0.391,0.872,343.14,0
QQQ,1d,200,12,dip,-43.46,-2.91,-0.034,-78.74,22,81.82,25.35,40.07,4.15,0.359,-25.95,6,83.33,15.62,-16.84,-0.67,0.063,-78.74,30,1613.07,10.86,0.391,0.872,343.14,0
QQQ,1d,200,15,dip,-40.68,-2.67,-0.024,-77.72,19,89.47,25.22,37.91,3.96,0.346,-28.93,7,85.71,15.67,-16.14,-0.64,0.064,-77.72,28,1613.07,10.86,0.391,0.872,343.14,0
QQQ,1d,200,20,dip,-57.05,-4.29,-0.107,-77.77,15,86.67,24.91,27.89,3.02,0.285,-29.57,4,75,14.8,-43.11,-2.03,-0.012,-77.77,20,1613.07,10.86,0.391,0.872,343.14,0
QQQ,1d,200,25,dip,-45.38,-3.09,-0.047,-76.89,11,81.82,24.62,28.75,3.1,0.291,-29.57,5,80,14.94,-22.27,-0.91,0.047,-76.89,17,1613.07,10.86,0.391,0.872,343.14,0
QQQ,1d,200,30,dip,-43.46,-2.91,-0.039,-76.77,11,81.82,24.54,25.93,2.82,0.277,-29.57,3,66.67,15.23,-23.02,-0.94,0.045,-76.77,15,1613.07,10.86,0.391,0.872,343.14,0
QQQ,1d,200,40,dip,-43.64,-2.93,-0.042,-76.77,10,80,24.21,25.57,2.79,0.278,-29.57,3,66.67,14.8,-24.04,-0.99,0.04,-76.77,14,1613.07,10.86,0.391,0.872,343.14,0
QQQ,1d,200,50,dip,-51.28,-3.66,-0.081,-76.77,8,75,23.72,6.48,0.76,0.124,-29.57,2,50,13.98,-45.36,-2.17,-0.029,-76.77,11,1613.07,10.86,0.391,0.872,343.14,0
QQQ,1d,200,60,dip,-51.19,-3.65,-0.083,-75.86,7,71.43,23.51,13.06,1.49,0.189,-29.57,2,50,13.79,-38.62,-1.76,-0.007,-75.86,10,1613.07,10.86,0.391,0.872,343.14,0
QQQ,1d,200,75,dip,-52.65,-3.8,-0.091,-75.86,8,75,23.2,3.33,0.4,0.09,-25.24,3,66.67,12.54,-41.24,-1.91,-0.018,-75.86,12,1613.07,10.86,0.391,0.872,343.14,0
QQQ,1d,200,100,dip,-53.74,-3.92,-0.101,-73.41,5,60,22.32,0.43,0.05,0.056,-21.65,1,100,11.92,-47.23,-2.29,-0.044,-73.41,7,1613.07,10.86,0.391,0.872,343.14,0
QQQ,1d,200,125,dip,-47.99,-3.33,-0.073,-73.04,5,60,21.59,4.42,0.52,0.102,-21.65,1,100,12.06,-45.69,-2.19,-0.04,-73.04,6,1613.07,10.86,0.391,0.872,343.14,0
QQQ,1d,200,150,dip,-45.16,-3.07,-0.06,-73.04,4,50,21.49,12.9,1.48,0.2,-21.65,1,100,12.21,-38.08,-1.72,-0.015,-73.04,5,1613.07,10.86,0.391,0.872,343.14,0
QQQ,1d,200,250,trend,456.76,9.31,0.686,-24.99,3,100,70.9,113,9.56,0.782,-22.77,1,100,40.03,1815.13,11.31,0.709,-32.79,4,1613.07,10.86,0.391,0.872,343.14,0
QQQ,1d,200,300,trend,431.35,9.05,0.668,-30.36,2,100,70.43,113.3,9.58,0.784,-22.77,1,100,39.93,1817.83,11.31,0.707,-32.66,3,1613.07,10.86,0.391,0.872,343.14,0
QQQ,1d,250,2,dip,-43.16,-2.89,-0.034,-78.72,39,87.18,24.73,28.45,3.07,0.278,-22.32,12,75,14.37,-19.14,-0.77,0.058,-78.72,55,1613.07,10.86,0.391,0.872,343.14,0
QQQ,1d,250,3,dip,-46.75,-3.22,-0.05,-78.79,36,88.89,24.71,19.73,2.2,0.222,-22.21,10,70,14.37,-29.49,-1.26,0.032,-78.79,49,1613.07,10.86,0.391,0.872,343.14,0
QQQ,1d,250,4,dip,-49.43,-3.47,-0.063,-80.03,28,85.71,24.67,20.74,2.3,0.229,-21.65,9,77.78,14.51,-34.35,-1.52,0.019,-80.03,40,1613.07,10.86,0.391,0.872,343.14,0
QQQ,1d,250,5,dip,-44.22,-2.98,-0.039,-79.97,26,88.46,24.62,18.09,2.03,0.211,-22.06,9,77.78,14.37,-27.86,-1.18,0.036,-79.97,38,1613.07,10.86,0.391,0.872,343.14,0
QQQ,1d,250,7,dip,-39.9,-2.61,-0.022,-77.46,25,92,24.38,20.9,2.32,0.231,-22.74,9,66.67,14.18,-18.74,-0.75,0.057,-77.46,36,1613.07,10.86,0.391,0.872,343.14,0
QQQ,1d,250,9,dip,-47.47,-3.28,-0.057,-78.07,17,88.24,24.01,24.6,2.69,0.263,-24.51,5,80,14.08,-29.69,-1.27,0.028,-78.07,23,1613.07,10.86,0.391,0.872,343.14,0
QQQ,1d,250,12,dip,-47.02,-3.24,-0.056,-76.77,12,83.33,23.49,27.56,2.98,0.285,-24.51,5,80,14.27,-28.19,-1.19,0.031,-76.77,18,1613.07,10.86,0.391,0.872,343.14,0
QQQ,1d,250,15,dip,-51.3,-3.66,-0.077,-76.77,11,81.82,23.47,42.48,4.37,0.387,-24.51,5,80,14.46,-27.15,-1.14,0.034,-76.77,17,1613.07,10.86,0.391,0.872,343.14,0
QQQ,1d,250,20,dip,-46.96,-3.24,-0.057,-76.77,11,81.82,23.41,64.81,6.22,0.516,-24.84,4,75,14.61,-8.76,-0.33,0.076,-76.77,16,1613.07,10.86,0.391,0.872,343.14,0
QQQ,1d,250,25,dip,-53.84,-3.93,-0.094,-76.77,10,80,23.33,37.03,3.88,0.357,-24.51,4,75,14.66,-27.85,-1.18,0.03,-76.77,16,1613.07,10.86,0.391,0.872,343.14,0
QQQ,1d,250,30,dip,-59.03,-4.52,-0.128,-75.86,7,71.43,23.08,34.18,3.61,0.343,-25.12,4,75,14.32,-43.61,-2.06,-0.021,-75.86,12,1613.07,10.86,0.391,0.872,343.14,0
QQQ,1d,250,40,dip,-56.93,-4.27,-0.116,-75.86,7,71.43,23.08,16.08,1.82,0.218,-24.86,3,66.67,13.36,-45.38,-2.17,-0.032,-75.86,11,1613.07,10.86,0.391,0.872,343.14,0
QQQ,1d,250,50,dip,-43.52,-2.92,-0.047,-74.09,7,71.43,22.98,15.67,1.77,0.218,-24.5,3,66.67,12.59,-26.51,-1.11,0.027,-74.09,11,1613.07,10.86,0.391,0.872,343.14,0
QQQ,1d,250,60,dip,-49.82,-3.51,-0.079,-74.09,6,66.67,22.32,-1.13,-0.14,0.038,-21.65,1,0,11.58,-41.28,-1.91,-0.02,-74.09,8,1613.07,10.86,0.391,0.872,343.14,0
QQQ,1d,250,75,dip,-49.82,-3.51,-0.081,-73.04,5,60,22.01,-1.56,-0.19,0.032,-21.65,1,0,11.68,-44.1,-2.09,-0.033,-73.04,7,1613.07,10.86,0.391,0.872,343.14,0
QQQ,1d,250,100,dip,-42.95,-2.87,-0.049,-73.04,4,50,21.45,6.63,0.78,0.128,-21.65,1,100,11.97,-39.17,-1.79,-0.017,-73.04,5,1613.07,10.86,0.391,0.872,343.14,0
QQQ,1d,250,125,dip,-37.71,-2.43,-0.03,-70.41,4,50,21.22,10.72,1.24,0.177,-21.65,1,100,12.06,-31.03,-1.34,0.006,-70.41,5,1613.07,10.86,0.391,0.872,343.14,0
QQQ,1d,250,150,dip,-37.36,-2.4,-0.032,-70.41,5,60,20.71,18.16,2.04,0.26,-21.65,1,100,12.06,-25.99,-1.09,0.019,-70.41,6,1613.07,10.86,0.391,0.872,343.14,0
QQQ,1d,250,200,dip,-40.87,-2.69,-0.059,-66.91,3,33.33,19.12,28.06,3.03,0.383,-21.65,1,100,11.63,-24.28,-1,0.016,-66.91,4,1613.07,10.86,0.391,0.872,343.14,0
QQQ,1d,250,300,trend,378.14,8.45,0.63,-32.91,2,100,69.61,108.23,9.26,0.762,-22.77,1,100,39.79,1605.37,10.84,0.68,-32.91,3,1613.07,10.86,0.391,0.872,343.14,0
QQQ,1d,300,2,dip,-32.38,-2.01,0.006,-75.59,35,85.71,23.59,18.21,2.04,0.214,-22.08,9,77.78,13.07,-11.73,-0.45,0.071,-75.59,48,1613.07,10.86,0.391,0.872,343.14,0
QQQ,1d,300,3,dip,-33.16,-2.07,0.003,-75.77,28,89.29,23.55,22.89,2.52,0.248,-21.65,9,77.78,13.12,-9.28,-0.35,0.076,-75.77,41,1613.07,10.86,0.391,0.872,343.14,0
QQQ,1d,300,4,dip,-36.4,-2.32,-0.01,-76.51,26,84.62,23.45,21.45,2.38,0.238,-21.65,8,75,13.26,-18.42,-0.74,0.056,-76.51,38,1613.07,10.86,0.391,0.872,343.14,0
QQQ,1d,300,5,dip,-38.21,-2.47,-0.017,-76.95,21,85.71,23.45,14.01,1.6,0.183,-22.77,6,66.67,13.21,-26.15,-1.09,0.037,-76.95,30,1613.07,10.86,0.391,0.872,343.14,0
QQQ,1d,300,7,dip,-44.69,-3.03,-0.046,-75.86,16,87.5,23.26,30.08,3.23,0.308,-22.72,7,71.43,13.5,-24.48,-1.01,0.04,-75.86,25,1613.07,10.86,0.391,0.872,343.14,0
QQQ,1d,300,9,dip,-43.59,-2.93,-0.041,-75.86,12,83.33,23.24,51.86,5.18,0.445,-24.5,5,80,13.74,-10.15,-0.39,0.073,-75.86,20,1613.07,10.86,0.391,0.872,343.14,0
QQQ,1d,300,12,dip,-38.37,-2.48,-0.02,-75.86,12,83.33,23.12,41.07,4.24,0.383,-24.32,5,80,13.7,-7.45,-0.28,0.078,-75.86,19,1613.07,10.86,0.391,0.872,343.14,0
QQQ,1d,300,15,dip,-43.86,-2.95,-0.046,-75.86,12,75,23.08,23.9,2.62,0.262,-21.91,4,75,13.6,-27.2,-1.15,0.031,-75.86,17,1613.07,10.86,0.391,0.872,343.14,0
QQQ,1d,300,20,dip,-51.68,-3.7,-0.086,-74.09,9,66.67,22.95,48.27,4.87,0.441,-21.65,4,75,13.46,-22.58,-0.92,0.041,-74.09,14,1613.07,10.86,0.391,0.872,343.14,0
QQQ,1d,300,25,dip,-49.57,-3.49,-0.076,-74.09,8,75,22.87,29.1,3.13,0.329,-21.65,4,75,13.17,-31.96,-1.39,0.012,-74.09,13,1613.07,10.86,0.391,0.872,343.14,0
QQQ,1d,300,30,dip,-45.64,-3.11,-0.057,-74.09,8,75,22.75,23.03,2.54,0.286,-21.65,4,75,12.35,-30.27,-1.3,0.016,-74.09,12,1613.07,10.86,0.391,0.872,343.14,0
QQQ,1d,300,40,dip,-44.58,-3.01,-0.054,-73.04,9,77.78,22.48,1.77,0.21,0.072,-21.65,1,100,11.29,-34.27,-1.51,0.002,-73.04,11,1613.07,10.86,0.391,0.872,343.14,0
QQQ,1d,300,50,dip,-52.11,-3.75,-0.093,-74.07,5,60,21.92,-1.12,-0.14,0.037,-21.65,1,0,11.39,-48.91,-2.41,-0.051,-74.07,7,1613.07,10.86,0.391,0.872,343.14,0
QQQ,1d,300,60,dip,-48.13,-3.35,-0.073,-73.04,5,60,21.68,1.24,0.15,0.065,-21.65,1,100,11.48,-44.16,-2.09,-0.034,-73.04,7,1613.07,10.86,0.391,0.872,343.14,0
QQQ,1d,300,75,dip,-42.03,-2.79,-0.045,-73.04,4,50,21.29,5.87,0.69,0.119,-21.65,1,100,11.68,-38.63,-1.76,-0.016,-73.04,5,1613.07,10.86,0.391,0.872,343.14,0
QQQ,1d,300,100,dip,-29.26,-1.78,0.003,-70.41,5,60,20.94,13.75,1.57,0.212,-21.65,1,100,11.82,-19.53,-0.79,0.038,-70.41,6,1613.07,10.86,0.391,0.872,343.14,0
QQQ,1d,300,125,dip,-27.99,-1.69,0.005,-70.41,4,50,20.34,7.98,0.93,0.146,-21.65,1,100,11.87,-22.24,-0.91,0.029,-70.41,5,1613.07,10.86,0.391,0.872,343.14,0
QQQ,1d,300,150,dip,-47.16,-3.25,-0.089,-70.58,3,33.33,19.7,25.33,2.76,0.349,-21.65,1,100,11.58,-33.78,-1.48,-0.013,-70.58,4,1613.07,10.86,0.391,0.872,343.14,0
QQQ,1d,300,200,dip,-27.92,-1.68,-0.005,-61.55,2,50,19.35,22.04,2.44,0.322,-21.65,1,100,11.15,-12.04,-0.46,0.049,-61.55,3,1613.07,10.86,0.391,0.872,343.14,0
QQQ,1d,300,250,dip,-7.71,-0.42,0.065,-60.72,2,50,19.91,23.5,2.58,0.365,-16.02,1,100,9.32,13.98,0.48,0.108,-60.72,3,1613.07,10.86,0.391,0.872,343.14,0
QQQ,1h,2,3,trend,-10.13,-7.32,-0.452,-13.15,287,34.15,56.56,4.72,8.11,0.629,-7.61,112,31.25,55.16,-6.29,-3.2,-0.156,-18.48,400,53.92,24.11,0.881,1.77,22.19,0
QQQ,1h,2,4,trend,2.88,2.04,0.21,-9.31,233,37.34,57.47,7.44,12.9,0.92,-8.07,95,35.79,55.83,10.05,4.91,0.401,-13.27,329,53.92,24.11,0.881,1.77,22.19,0
QQQ,1h,2,5,trend,-1.7,-1.22,-0.005,-15.93,203,35.47,57.47,10.45,18.3,1.25,-7.64,80,37.5,55.26,7.7,3.78,0.323,-15.93,285,53.92,24.11,0.881,1.77,22.19,0
QQQ,1h,2,7,trend,-5.17,-3.71,-0.19,-16.56,173,32.95,58.29,15.17,26.96,1.835,-5.57,67,38.81,55.07,7.12,3.51,0.313,-16.56,242,53.92,24.11,0.881,1.77,22.19,1
QQQ,1h,2,9,trend,-9.87,-7.13,-0.437,-19.17,155,30.97,59.56,19.89,35.88,2.346,-5.72,57,43.86,55.64,5.98,2.95,0.274,-20.49,214,53.92,24.11,0.881,1.77,22.19,1
QQQ,1h,2,12,trend,-8.97,-6.47,-0.39,-18.92,133,34.59,60.17,18.62,33.47,2.202,-6.99,53,37.74,56.5,4.98,2.46,0.241,-20.45,187,53.92,24.11,0.881,1.77,22.19,1
QQQ,1h,2,15,trend,-2.83,-2.03,-0.07,-17.6,117,35.04,60.13,19.15,34.47,2.284,-6.98,47,34.04,57.17,12.55,6.1,0.488,-17.6,165,53.92,24.11,0.881,1.77,22.19,1
QQQ,1h,2,20,trend,9.97,7,0.551,-9.88,99,38.38,60.99,19.22,34.6,2.202,-9.41,34,38.24,58.8,28.47,13.37,0.963,-11.8,136,53.92,24.11,0.881,1.77,22.19,1
QQQ,1h,2,25,trend,11.38,7.98,0.619,-10.83,81,40.74,61.4,16.9,30.21,1.961,-9.37,31,41.94,58.8,27.63,13,0.944,-15.59,115,53.92,24.11,0.881,1.77,22.19,1
QQQ,1h,2,30,trend,6.14,4.33,0.373,-11.23,80,35,61.24,17.6,31.53,2.032,-9.44,27,40.74,59.08,22.95,10.9,0.807,-12.36,111,53.92,24.11,0.881,1.77,22.19,1
QQQ,1h,2,40,trend,-3.18,-2.28,-0.108,-20.25,64,34.38,62.18,18.16,32.58,2.08,-9.56,23,34.78,60.23,12.87,6.25,0.517,-20.25,91,53.92,24.11,0.881,1.77,22.19,1
QQQ,1h,2,50,trend,-3.3,-2.36,-0.122,-19.87,59,28.81,63.17,22.03,40.02,2.487,-7.89,18,27.78,58.51,12.57,6.11,0.51,-19.87,81,53.92,24.11,0.881,1.77,22.19,1
QQQ,1h,2,60,trend,-2.39,-1.71,-0.073,-19.44,57,31.58,61.61,19.65,35.42,2.253,-7.46,18,27.78,57.93,13.28,6.45,0.542,-19.44,80,53.92,24.11,0.881,1.77,22.19,1
QQQ,1h,2,75,trend,8.01,5.64,0.506,-13.72,50,28,62.18,18.09,32.45,2.095,-8.72,18,27.78,57.27,22.48,10.69,0.85,-13.72,74,53.92,24.11,0.881,1.77,22.19,1
QQQ,1h,2,100,trend,8.46,5.95,0.526,-14.37,42,30.95,63.54,18.1,32.48,2.106,-8.65,15,20,56.88,25.39,12,0.939,-14.37,61,53.92,24.11,0.881,1.77,22.19,1
QQQ,1h,2,125,trend,9.05,6.36,0.571,-14.15,38,26.32,63.45,11.2,19.67,1.407,-11.32,15,20,57.36,18.25,8.76,0.733,-14.15,57,53.92,24.11,0.881,1.77,22.19,0
QQQ,1h,2,150,trend,8.82,6.2,0.558,-12.67,31,25.81,64.11,12.14,21.38,1.518,-12.22,12,25,57.84,19.39,9.28,0.772,-12.67,47,53.92,24.11,0.881,1.77,22.19,0
QQQ,1h,2,200,trend,11.57,8.1,0.706,-11.16,23,26.09,63.95,-8.88,-14.55,-1.486,-14.96,16,18.75,30.88,16.4,7.9,0.664,-17.35,42,53.92,24.11,0.881,1.77,22.19,0
QQQ,1h,2,250,trend,16.26,11.32,0.98,-10.59,18,27.78,58.12,-7.65,-12.59,-1.167,-15.91,14,21.43,34.32,19.36,9.27,0.767,-18.46,35,53.92,24.11,0.881,1.77,22.19,0
QQQ,1h,2,300,trend,12.73,8.9,0.775,-11.76,20,20,59.35,-1.47,-2.47,-0.288,-6.89,10,20,26.67,27.65,13.01,1.009,-12.59,32,53.92,24.11,0.881,1.77,22.19,0
QQQ,1h,3,2,dip,-1.1,-0.79,0.022,-23.78,288,63.54,43.23,1.85,3.15,0.289,-12.47,111,63.96,44.36,1.61,0.8,0.128,-23.78,400,53.92,24.11,0.881,1.77,22.19,0
QQQ,1h,3,4,trend,-5.58,-4,-0.212,-16.3,186,37.1,57.05,12.44,21.92,1.472,-7.15,73,41.1,54.97,5.34,2.64,0.253,-16.3,259,53.92,24.11,0.881,1.77,22.19,0
QQQ,1h,3,5,trend,-5.35,-3.84,-0.198,-16.64,164,34.76,57.67,19.93,35.97,2.274,-6.15,63,42.86,54.88,11.35,5.53,0.445,-16.64,229,53.92,24.11,0.881,1.77,22.19,1
QQQ,1h,3,7,trend,-7.25,-5.22,-0.295,-17.6,146,34.93,58.98,14.94,26.54,1.909,-5.19,52,44.23,54.78,4.56,2.26,0.229,-17.6,200,53.92,24.11,0.881,1.77,22.19,1
QQQ,1h,3,9,trend,-10.3,-7.44,-0.47,-18.25,128,34.38,59.35,14.1,24.98,1.749,-6.27,51,39.22,56.21,-0.49,-0.25,0.053,-20.73,180,53.92,24.11,0.881,1.77,22.19,0
QQQ,1h,3,12,trend,-6.84,-4.92,-0.28,-19.58,111,36.94,60.09,14.25,25.26,1.804,-7.52,47,34.04,56.5,3.34,1.66,0.187,-19.58,159,53.92,24.11,0.881,1.77,22.19,1
QQQ,1h,3,15,trend,2.89,2.05,0.214,-15.48,93,37.63,60.25,19.36,34.87,2.294,-7.28,42,38.1,57.07,19.43,9.3,0.702,-15.48,136,53.92,24.11,0.881,1.77,22.19,1
QQQ,1h,3,20,trend,12.56,8.79,0.676,-9.79,82,41.46,60.87,17.27,30.91,2.005,-8.79,29,44.83,58.51,27.25,12.83,0.931,-14.79,113,53.92,24.11,0.881,1.77,22.19,1
QQQ,1h,3,25,trend,7.13,5.02,0.42,-14.01,70,32.86,61.73,16.52,29.49,1.943,-9.44,27,40.74,58.41,20.12,9.62,0.723,-14.9,99,53.92,24.11,0.881,1.77,22.19,1
QQQ,1h,3,30,trend,5.23,3.7,0.335,-16.17,66,31.82,60.75,18.94,34.07,2.184,-9.5,24,45.83,58.8,21.24,10.13,0.766,-16.17,93,53.92,24.11,0.881,1.77,22.19,1
QQQ,1h,3,40,trend,0.22,0.16,0.078,-17.56,55,36.36,62.39,18.19,32.64,2.047,-9.5,21,28.57,60.13,14.11,6.83,0.549,-17.56,79,53.92,24.11,0.881,1.77,22.19,1
QQQ,1h,3,50,trend,-0.09,-0.07,0.058,-18.36,52,32.69,62.72,22.19,40.33,2.527,-7.67,17,35.29,58.13,15.82,7.63,0.621,-18.36,73,53.92,24.11,0.881,1.77,22.19,1
QQQ,1h,3,60,trend,1.56,1.11,0.151,-18.59,47,31.91,61.57,19.76,35.64,2.276,-7.63,17,41.18,57.55,15.39,7.43,0.609,-18.59,68,53.92,24.11,0.881,1.77,22.19,1
QQQ,1h,3,75,trend,4.96,3.5,0.341,-15.92,43,27.91,62.06,19.69,35.51,2.255,-8.9,13,38.46,57.27,20.84,9.94,0.799,-15.92,62,53.92,24.11,0.881,1.77,22.19,1
QQQ,1h,3,100,trend,7.97,5.61,0.506,-13.64,38,31.58,63.54,14.29,25.32,1.692,-11.09,15,20,56.98,20.52,9.8,0.791,-13.64,56,53.92,24.11,0.881,1.77,22.19,0
QQQ,1h,3,125,trend,11.5,8.06,0.702,-12.09,30,26.67,63.29,12.55,22.13,1.563,-11.01,12,25,56.88,21.99,10.47,0.859,-12.17,45,53.92,24.11,0.881,1.77,22.19,0
QQQ,1h,3,150,trend,7.73,5.44,0.499,-13.12,29,24.14,64.03,10.22,17.88,1.278,-13.73,12,33.33,57.55,16.89,8.13,0.685,-13.73,43,53.92,24.11,0.881,1.77,22.19,0
QQQ,1h,3,200,trend,12.14,8.49,0.728,-11.37,21,28.57,64.19,-9.92,-16.19,-1.684,-15.93,13,15.38,30.88,14.35,6.95,0.59,-19.25,37,53.92,24.11,0.881,1.77,22.19,0
QQQ,1h,3,250,trend,18.95,13.15,1.118,-10.43,16,37.5,57.83,-5.59,-9.26,-0.851,-14.03,11,18.18,34.89,23.07,10.96,0.884,-17.8,31,53.92,24.11,0.881,1.77,22.19,0
QQQ,1h,3,300,trend,13.4,9.36,0.82,-12.26,15,20,59.52,-1.75,-2.94,-0.355,-7.16,7,14.29,26.39,27.81,13.08,1.021,-13.44,25,53.92,24.11,0.881,1.77,22.19,0
QQQ,1h,4,2,dip,-7.89,-5.68,-0.325,-24.87,233,61.37,42.29,1.32,2.24,0.226,-12.75,94,62.77,43.69,-5.86,-2.98,-0.134,-24.87,328,53.92,24.11,0.881,1.77,22.19,0
QQQ,1h,4,3,dip,6.25,4.41,0.364,-18.46,186,65.05,42.53,-0.6,-1.01,0.004,-12.95,72,62.5,44.55,7.04,3.47,0.304,-18.46,258,53.92,24.11,0.881,1.77,22.19,0
QQQ,1h,4,5,trend,-10.73,-7.76,-0.499,-18.88,147,34.01,58.33,14.02,24.82,1.822,-5.49,53,45.28,53.92,-0.17,-0.08,0.063,-21.01,202,53.92,24.11,0.881,1.77,22.19,1
QQQ,1h,4,7,trend,-13.37,-9.71,-0.656,-17.97,129,35.66,58.98,14.16,25.09,1.826,-4.92,47,42.55,55.35,-3.85,-1.95,-0.073,-23.18,177,53.92,24.11,0.881,1.77,22.19,1
QQQ,1h,4,9,trend,-7.51,-5.41,-0.316,-18.15,114,36.84,59.15,13.01,22.97,1.656,-7.55,45,35.56,56.41,1.77,0.88,0.133,-19.19,160,53.92,24.11,0.881,1.77,22.19,0
QQQ,1h,4,12,trend,-2.85,-2.04,-0.076,-17.11,92,38.04,60.09,15.41,27.42,1.967,-7.28,40,35,56.31,9.04,4.43,0.383,-17.11,133,53.92,24.11,0.881,1.77,22.19,1
QQQ,1h,4,15,trend,6.57,4.63,0.392,-14.62,83,38.55,60.83,17.05,30.49,2.019,-8.36,36,33.33,57.55,21.31,10.16,0.758,-16.51,120,53.92,24.11,0.881,1.77,22.19,1
QQQ,1h,4,20,trend,10.67,7.49,0.588,-11.92,72,37.5,61.03,18.22,32.71,2.121,-8.4,27,40.74,57.93,25.23,11.93,0.874,-14.21,101,53.92,24.11,0.881,1.77,22.19,1
QQQ,1h,4,25,trend,9.91,6.96,0.564,-13.6,63,39.68,61.61,17.08,30.55,1.995,-9.79,25,44,58.41,23.17,11,0.826,-15.2,90,53.92,24.11,0.881,1.77,22.19,1
QQQ,1h,4,30,trend,1.74,1.24,0.158,-17.4,57,35.09,61.28,20.51,37.08,2.351,-10.28,21,38.1,58.89,17.52,8.42,0.652,-17.4,80,53.92,24.11,0.881,1.77,22.19,1
QQQ,1h,4,40,trend,-3.63,-2.6,-0.132,-17.41,52,32.69,62.26,18.08,32.44,2.027,-11.13,18,38.89,60.23,9.64,4.72,0.404,-17.41,73,53.92,24.11,0.881,1.77,22.19,1
QQQ,1h,4,50,trend,0.68,0.48,0.102,-15.98,48,37.5,62.84,20.66,37.37,2.361,-8.62,17,41.18,57.65,15.16,7.32,0.596,-15.98,69,53.92,24.11,0.881,1.77,22.19,1
QQQ,1h,4,60,trend,-3.01,-2.15,-0.111,-19.93,42,26.19,61.2,18.62,33.47,2.159,-9.02,15,33.33,57.27,9.07,4.44,0.397,-19.93,61,53.92,24.11,0.881,1.77,22.19,1
QQQ,1h,4,75,trend,5.44,3.84,0.375,-14.13,39,28.21,61.81,19.16,34.49,2.199,-9.37,13,38.46,57.17,19.52,9.34,0.768,-14.13,57,53.92,24.11,0.881,1.77,22.19,1
QQQ,1h,4,100,trend,10.64,7.46,0.648,-13.03,31,38.71,63.45,12.65,22.31,1.518,-11.91,16,18.75,56.21,21.55,10.27,0.826,-13.03,48,53.92,24.11,0.881,1.77,22.19,0
QQQ,1h,4,125,trend,11.98,8.39,0.729,-11.18,27,33.33,63.37,11.59,20.36,1.457,-11.77,12,25,56.21,21.4,10.2,0.841,-13.62,42,53.92,24.11,0.881,1.77,22.19,0
QQQ,1h,4,150,trend,8.32,5.85,0.53,-12.6,27,25.93,64.36,8.79,15.3,1.114,-14.85,12,33.33,57.17,15.9,7.67,0.65,-14.84,41,53.92,24.11,0.881,1.77,22.19,0
QQQ,1h,4,200,trend,14.34,10.01,0.83,-10.85,20,40,64.27,-11.1,-18.03,-1.913,-16.36,13,7.69,30.69,15.04,7.27,0.608,-20.3,36,53.92,24.11,0.881,1.77,22.19,0
QQQ,1h,4,250,trend,13.24,9.26,0.821,-13.99,14,21.43,58.12,-5.87,-9.72,-0.898,-14.28,11,18.18,35.09,20.24,9.67,0.798,-16.1,27,53.92,24.11,0.881,1.77,22.19,0
QQQ,1h,4,300,trend,14.83,10.34,0.892,-11.05,12,25,59.76,-2.06,-3.45,-0.423,-7.38,6,16.67,26.58,29.9,14,1.082,-11.82,20,53.92,24.11,0.881,1.77,22.19,0
QQQ,1h,5,2,dip,-0.06,-0.05,0.068,-18.22,203,64.04,42.29,0.59,1.01,0.142,-13.37,80,62.5,43.98,1.41,0.71,0.121,-18.22,284,53.92,24.11,0.881,1.77,22.19,0
QQQ,1h,5,3,dip,8.83,6.21,0.478,-19.41,164,68.29,41.92,-3.1,-5.19,-0.298,-13.22,63,63.49,44.17,4.98,2.46,0.238,-19.41,228,53.92,24.11,0.881,1.77,22.19,0
QQQ,1h,5,4,dip,17.66,12.27,0.829,-17.43,147,68.03,41.06,3.16,5.4,0.415,-12.11,53,64.15,45.12,20.83,9.94,0.69,-17.43,201,53.92,24.11,0.881,1.77,22.19,0
QQQ,1h,5,7,trend,-14.86,-10.82,-0.75,-19.14,119,36.13,58.78,12.78,22.54,1.653,-7.44,44,38.64,55.45,-6.65,-3.39,-0.182,-24.64,164,53.92,24.11,0.881,1.77,22.19,0
QQQ,1h,5,9,trend,-11.81,-8.55,-0.555,-20.85,105,38.1,59.27,16.39,29.24,2.071,-7.12,39,35.9,56.02,-0.18,-0.09,0.063,-23.33,145,53.92,24.11,0.881,1.77,22.19,1
QQQ,1h,5,12,trend,0.52,0.37,0.096,-16.59,85,37.65,60.42,12.89,22.74,1.626,-8.23,39,35.9,56.98,10.35,5.06,0.425,-16.59,125,53.92,24.11,0.881,1.77,22.19,0
QQQ,1h,5,15,trend,11.29,7.91,0.618,-11.93,74,39.19,60.91,19.16,34.49,2.247,-7.9,30,40,57.46,28.74,13.49,0.979,-14.39,105,53.92,24.11,0.881,1.77,22.19,1
QQQ,1h,5,20,trend,10.82,7.58,0.597,-12.83,68,39.71,61.16,17.04,30.46,1.999,-9.59,26,42.31,57.74,25.62,12.1,0.893,-14.29,96,53.92,24.11,0.881,1.77,22.19,1
QQQ,1h,5,25,trend,3.83,2.71,0.265,-16.4,56,35.71,60.13,17.99,32.28,2.091,-10.44,25,40,57.93,19.39,9.28,0.718,-16.4,84,53.92,24.11,0.881,1.77,22.19,1
QQQ,1h,5,30,trend,0.09,0.06,0.07,-17.4,54,37.04,61.32,20.92,37.87,2.343,-9.83,19,31.58,58.7,18.52,8.88,0.703,-17.4,77,53.92,24.11,0.881,1.77,22.19,1
QQQ,1h,5,40,trend,-4.17,-2.99,-0.16,-17.4,47,36.17,62.22,16.57,29.58,1.884,-10.11,17,29.41,59.66,7.86,3.86,0.344,-17.4,67,53.92,24.11,0.881,1.77,22.19,1
QQQ,1h,5,50,trend,0.46,0.33,0.09,-17.18,40,37.5,62.76,18.05,32.39,2.107,-9.59,15,33.33,57.07,12.42,6.04,0.507,-17.18,59,53.92,24.11,0.881,1.77,22.19,1
QQQ,1h,5,60,trend,-2.07,-1.47,-0.058,-18.53,37,29.73,61.69,17.11,30.6,2.002,-9.98,15,33.33,56.98,10,4.89,0.434,-18.53,56,53.92,24.11,0.881,1.77,22.19,1
QQQ,1h,5,75,trend,9.62,6.76,0.605,-12.88,31,32.26,62.06,19.31,34.77,2.218,-9.51,12,33.33,56.69,24.64,11.66,0.933,-12.88,47,53.92,24.11,0.881,1.77,22.19,1
QQQ,1h,5,100,trend,8.01,5.64,0.513,-13,31,35.48,63.45,15.36,27.33,1.821,-12.12,14,21.43,56.02,18.89,9.05,0.744,-14.34,47,53.92,24.11,0.881,1.77,22.19,1
QQQ,1h,5,125,trend,10.79,7.56,0.672,-10.36,27,29.63,63.29,10.67,18.69,1.35,-12.52,12,25,55.83,19.6,9.38,0.786,-13.39,42,53.92,24.11,0.881,1.77,22.19,0
QQQ,1h,5,150,trend,7.35,5.18,0.473,-12.79,25,28,64.52,7.96,13.82,1.018,-15.5,12,25,57.07,13.7,6.64,0.57,-15.5,40,53.92,24.11,0.881,1.77,22.19,0
QQQ,1h,5,200,trend,15.63,10.89,0.895,-10.62,18,33.33,64.44,-8.55,-14.02,-1.463,-15.12,12,16.67,30.5,19.49,9.33,0.758,-18.02,33,53.92,24.11,0.881,1.77,22.19,0
QQQ,1h,5,250,trend,13.92,9.72,0.857,-13.5,13,23.08,58.2,-4.02,-6.69,-0.575,-12.59,10,30,35.66,23.17,11,0.892,-14.97,26,53.92,24.11,0.881,1.77,22.19,0
QQQ,1h,5,300,trend,14.19,9.9,0.858,-11.43,12,25,59.68,-2.29,-3.84,-0.476,-7.61,6,16.67,26.39,29.83,13.97,1.08,-11.64,19,53.92,24.11,0.881,1.77,22.19,0
QQQ,1h,7,2,dip,7.46,5.25,0.413,-20.83,173,66.47,41.3,0.43,0.72,0.123,-13.15,67,67.16,43.98,7.43,3.65,0.312,-20.83,241,53.92,24.11,0.881,1.77,22.19,0
QQQ,1h,7,3,dip,13.38,9.35,0.662,-18.69,146,65.07,40.4,2.45,4.18,0.335,-13.37,52,61.54,44.26,15.64,7.55,0.546,-18.69,199,53.92,24.11,0.881,1.77,22.19,0
QQQ,1h,7,4,dip,23.89,16.47,1.06,-17.06,129,67.44,40.4,3.77,6.46,0.479,-11.88,47,70.21,43.69,29.28,13.73,0.905,-17.06,176,53.92,24.11,0.881,1.77,22.19,0
QQQ,1h,7,5,dip,27.57,18.93,1.193,-15.27,119,72.27,40.61,5.43,9.34,0.652,-9.68,44,63.64,43.59,35.25,16.33,1.05,-15.27,163,53.92,24.11,0.881,1.77,22.19,0
QQQ,1h,7,9,trend,-0.12,-0.08,0.064,-18.35,81,37.04,60.25,13.29,23.49,1.684,-8.23,35,40,56.6,10.05,4.91,0.416,-18.35,117,53.92,24.11,0.881,1.77,22.19,0
QQQ,1h,7,12,trend,3.33,2.36,0.238,-15.01,76,35.53,60.5,12.26,21.59,1.565,-8.64,31,35.48,56.31,12.47,6.06,0.497,-15.01,108,53.92,24.11,0.881,1.77,22.19,0
QQQ,1h,7,15,trend,10.11,7.1,0.557,-12.79,68,38.24,61.12,15.27,27.16,1.834,-9.64,26,34.62,57.36,25.3,11.96,0.879,-13.88,96,53.92,24.11,0.881,1.77,22.19,1
QQQ,1h,7,20,trend,4.38,3.1,0.293,-15.15,57,36.84,59.93,16.49,29.45,1.948,-10.7,25,40,57.65,19.98,9.55,0.737,-15.15,83,53.92,24.11,0.881,1.77,22.19,1
QQQ,1h,7,25,trend,1.8,1.28,0.163,-17.82,49,36.73,60.58,18.95,34.08,2.154,-10.21,20,30,58.6,20.12,9.62,0.754,-17.82,71,53.92,24.11,0.881,1.77,22.19,1
QQQ,1h,7,30,trend,-3.58,-2.56,-0.132,-17.43,45,33.33,61.32,16.9,30.22,1.93,-10.34,17,29.41,59.18,11.81,5.75,0.483,-17.43,64,53.92,24.11,0.881,1.77,22.19,1
QQQ,1h,7,40,trend,-4.43,-3.18,-0.186,-15.78,44,36.36,62.26,13.19,23.31,1.548,-11.33,16,31.25,58.89,5.81,2.87,0.279,-15.78,64,53.92,24.11,0.881,1.77,22.19,0
QQQ,1h,7,50,trend,-2.45,-1.75,-0.082,-18.21,36,30.56,61.03,17.18,30.74,2.007,-9.84,13,30.77,56.6,9.45,4.62,0.416,-18.21,54,53.92,24.11,0.881,1.77,22.19,1
QQQ,1h,7,60,trend,0.11,0.08,0.066,-16.31,35,31.43,60.99,18,32.28,2.114,-8.32,12,33.33,56.6,13.16,6.39,0.554,-16.31,52,53.92,24.11,0.881,1.77,22.19,1
QQQ,1h,7,75,trend,7.62,5.36,0.496,-14.06,26,34.62,61.85,19.76,35.64,2.304,-9.02,10,30,56.31,24.4,11.55,0.932,-14.06,38,53.92,24.11,0.881,1.77,22.19,1
QQQ,1h,7,100,trend,5.4,3.81,0.371,-11.99,26,30.77,63.13,18.14,32.56,2.167,-10.08,9,33.33,55.35,20.06,9.59,0.793,-14.56,37,53.92,24.11,0.881,1.77,22.19,1
QQQ,1h,7,125,trend,5.79,4.09,0.393,-11.9,26,26.92,63.25,8.98,15.65,1.167,-14.18,11,27.27,54.97,11.23,5.47,0.489,-14.28,39,53.92,24.11,0.881,1.77,22.19,0
QQQ,1h,7,150,trend,6.96,4.9,0.449,-13.88,25,24,64.56,7.43,12.88,0.967,-15.91,11,18.18,56.21,12.26,5.97,0.519,-15.91,39,53.92,24.11,0.881,1.77,22.19,0
QQQ,1h,7,200,trend,12.08,8.45,0.768,-12.15,16,25,56.93,-9.28,-15.18,-1.615,-15.8,10,10,30.5,17.55,8.43,0.727,-18.04,27,53.92,24.11,0.881,1.77,22.19,0
QQQ,1h,7,250,trend,13.27,9.27,0.814,-13.84,13,23.08,58.45,-4.75,-7.89,-1.089,-8.58,7,14.29,24.95,26.16,12.34,0.978,-14.04,22,53.92,24.11,0.881,1.77,22.19,0
QQQ,1h,7,300,trend,16.37,11.4,0.96,-9.95,10,10,59.89,-1.31,-2.2,-0.286,-7.13,5,20,22.75,31.04,14.5,1.109,-11.79,17,53.92,24.11,0.881,1.77,22.19,0
QQQ,1h,9,2,dip,15.43,10.75,0.752,-16.57,155,69.03,39.83,-2.36,-3.96,-0.19,-13.15,57,63.16,43.4,12.2,5.93,0.456,-16.57,213,53.92,24.11,0.881,1.77,22.19,0
QQQ,1h,9,3,dip,19.79,13.71,0.914,-17.26,128,71.09,40.03,3.33,5.7,0.432,-10.89,51,64.71,42.83,24.47,11.59,0.787,-17.26,179,53.92,24.11,0.881,1.77,22.19,0
QQQ,1h,9,4,dip,18.15,12.61,0.856,-15.33,114,71.93,40.24,5.08,8.74,0.61,-9.94,45,66.67,42.64,24.66,11.67,0.793,-15.33,159,53.92,24.11,0.881,1.77,22.19,0
QQQ,1h,9,5,dip,25.25,17.38,1.123,-12.94,105,71.43,40.11,2.77,4.73,0.369,-11.79,39,69.23,43.02,29.41,13.78,0.91,-12.94,144,53.92,24.11,0.881,1.77,22.19,0
QQQ,1h,9,7,dip,13.73,9.59,0.669,-14.83,81,65.43,39.09,6.08,10.5,0.729,-8.71,35,65.71,42.45,21.29,10.15,0.703,-14.83,116,53.92,24.11,0.881,1.77,22.19,0
QQQ,1h,9,12,trend,9.17,6.45,0.514,-13.07,67,34.33,60.66,14.54,25.8,1.755,-9.92,26,34.62,57.07,23.59,11.19,0.83,-14.24,95,53.92,24.11,0.881,1.77,22.19,0
QQQ,1h,9,15,trend,3.93,2.79,0.271,-13.45,63,39.68,61.24,16.4,29.26,1.959,-10.7,23,34.78,57.46,21.7,10.33,0.795,-13.79,87,53.92,24.11,0.881,1.77,22.19,1
QQQ,1h,9,20,trend,3.75,2.66,0.267,-17.58,52,36.54,59.93,19.53,35.2,2.226,-10.4,22,36.36,57.55,23.25,11.04,0.852,-17.58,76,53.92,24.11,0.881,1.77,22.19,1
QQQ,1h,9,25,trend,-4.61,-3.3,-0.191,-18.1,45,33.33,61.2,19.65,35.42,2.248,-8.05,16,31.25,58.7,12.66,6.15,0.514,-18.1,63,53.92,24.11,0.881,1.77,22.19,1
QQQ,1h,9,30,trend,-4.2,-3.01,-0.166,-18.59,46,30.43,61.61,14.16,25.1,1.676,-10.41,16,25,58.51,8.56,4.2,0.374,-18.59,64,53.92,24.11,0.881,1.77,22.19,0
QQQ,1h,9,40,trend,-7.06,-5.08,-0.351,-16.82,37,27.03,62.1,15.06,26.77,1.779,-9.77,14,28.57,57.74,6.15,3.04,0.295,-16.82,53,53.92,24.11,0.881,1.77,22.19,1
QQQ,1h,9,50,trend,-1.06,-0.75,-0.002,-20.34,35,34.29,60.66,17.29,30.94,2.071,-9.34,12,33.33,55.93,12.82,6.23,0.542,-20.34,50,53.92,24.11,0.881,1.77,22.19,1
QQQ,1h,9,60,trend,2.93,2.08,0.233,-16.27,27,40.74,60.66,16.35,29.17,1.955,-9.49,12,33.33,55.83,16.54,7.97,0.68,-16.27,42,53.92,24.11,0.881,1.77,22.19,1
QQQ,1h,9,75,trend,3.92,2.78,0.29,-15.83,26,30.77,61.57,19.22,34.6,2.254,-9.8,9,33.33,55.74,19.45,9.31,0.776,-15.83,37,53.92,24.11,0.881,1.77,22.19,1
QQQ,1h,9,100,trend,3.84,2.72,0.283,-12.53,25,32,63.33,17.27,30.91,2.068,-11.04,9,33.33,55.07,16.92,8.14,0.685,-14.98,36,53.92,24.11,0.881,1.77,22.19,1
QQQ,1h,9,125,trend,5.29,3.74,0.363,-13.96,23,21.74,63.04,12.7,22.4,1.64,-11.78,9,33.33,54.3,13.45,6.52,0.571,-14.47,35,53.92,24.11,0.881,1.77,22.19,0
QQQ,1h,9,150,trend,3.61,2.55,0.266,-14.4,23,26.09,64.68,6.48,11.2,0.861,-16.79,10,20,56.12,9,4.41,0.404,-16.79,35,53.92,24.11,0.881,1.77,22.19,0
QQQ,1h,9,200,trend,12.57,8.79,0.797,-12.26,12,25,57.01,-10.01,-16.34,-1.706,-16.04,11,9.09,30.5,17.95,8.62,0.737,-18.12,24,53.92,24.11,0.881,1.77,22.19,0
QQQ,1h,9,250,trend,12.47,8.73,0.773,-13.77,11,9.09,58.74,-5.05,-8.4,-1.164,-8.88,7,14.29,25.14,24.92,11.79,0.939,-14.26,19,53.92,24.11,0.881,1.77,22.19,0
QQQ,1h,9,300,trend,17.37,12.08,1.001,-10.15,7,14.29,60.01,-1.56,-2.63,-0.351,-7.19,5,20,22.85,32.85,15.29,1.154,-11.44,13,53.92,24.11,0.881,1.77,22.19,0
QQQ,1h,12,2,dip,17.34,12.05,0.824,-15.88,133,69.92,39.21,-3.87,-6.45,-0.369,-10.73,52,63.46,41.87,17,8.18,0.593,-15.88,186,53.92,24.11,0.881,1.77,22.19,0
QQQ,1h,12,3,dip,17.72,12.31,0.835,-13.39,111,70.27,39.29,0.54,0.91,0.136,-9.95,46,67.39,41.87,22.91,10.88,0.745,-13.39,158,53.92,24.11,0.881,1.77,22.19,0
QQQ,1h,12,4,dip,15.39,10.73,0.739,-15.96,92,68.48,39.25,0.36,0.61,0.117,-11.26,39,66.67,42.07,20.08,9.6,0.666,-15.96,132,53.92,24.11,0.881,1.77,22.19,0
QQQ,1h,12,5,dip,12.46,8.72,0.617,-16.56,85,67.06,38.93,2.73,4.66,0.378,-8.71,38,63.16,41.4,19.8,9.47,0.664,-16.56,124,53.92,24.11,0.881,1.77,22.19,0
QQQ,1h,12,7,dip,10.6,7.43,0.538,-16.51,76,67.11,38.84,4.44,7.62,0.561,-7.96,30,66.67,41.97,19.96,9.55,0.665,-16.51,107,53.92,24.11,0.881,1.77,22.19,0
QQQ,1h,12,9,dip,5.58,3.94,0.327,-18.28,67,67.16,38.64,2.86,4.88,0.402,-7.01,25,68,41.11,10.65,5.2,0.407,-18.28,94,53.92,24.11,0.881,1.77,22.19,0
QQQ,1h,12,15,trend,3.7,2.62,0.263,-16.78,52,34.62,61.73,17.99,32.27,2.171,-9.52,24,37.5,57.27,23.09,10.96,0.857,-16.78,77,53.92,24.11,0.881,1.77,22.19,1
QQQ,1h,12,20,trend,-4.77,-3.42,-0.201,-18.09,46,32.61,60.71,17.3,30.96,2.008,-9.36,15,26.67,58.7,10.89,5.31,0.455,-18.09,63,53.92,24.11,0.881,1.77,22.19,1
QQQ,1h,12,25,trend,-3.25,-2.33,-0.115,-19.48,43,34.88,61.36,16.64,29.72,1.95,-10.03,14,28.57,58.13,12.01,5.85,0.493,-19.48,59,53.92,24.11,0.881,1.77,22.19,1
QQQ,1h,12,30,trend,0.23,0.16,0.075,-15.3,36,33.33,61.81,14.94,26.54,1.78,-10.24,14,28.57,57.65,14.18,6.87,0.582,-15.3,52,53.92,24.11,0.881,1.77,22.19,1
QQQ,1h,12,40,trend,-7.39,-5.32,-0.38,-19.37,34,29.41,61.98,17.37,31.09,2.066,-8.68,12,33.33,56.5,7.76,3.81,0.357,-19.37,48,53.92,24.11,0.881,1.77,22.19,1
QQQ,1h,12,50,trend,0.77,0.55,0.105,-17.68,28,39.29,60.05,17,30.4,2.041,-9.33,11,36.36,55.35,14.45,6.99,0.608,-17.68,42,53.92,24.11,0.881,1.77,22.19,1
QQQ,1h,12,60,trend,1.03,0.73,0.121,-17.49,25,36,60.66,17.2,30.78,2.118,-11.84,9,33.33,55.35,14.94,7.22,0.629,-17.49,37,53.92,24.11,0.881,1.77,22.19,1
QQQ,1h,12,75,trend,-2.15,-1.53,-0.069,-16.79,24,33.33,61.57,16.27,29.02,2.038,-12.25,8,37.5,54.78,9.45,4.63,0.429,-16.79,34,53.92,24.11,0.881,1.77,22.19,1
QQQ,1h,12,100,trend,3.83,2.71,0.284,-13.02,24,20.83,61.57,13.49,23.84,1.721,-13.82,8,37.5,54.3,13.31,6.46,0.57,-15.37,34,53.92,24.11,0.881,1.77,22.19,0
QQQ,1h,12,125,trend,2.72,1.93,0.218,-15.35,22,22.73,63.41,8.14,14.14,1.138,-15.36,9,22.22,54.4,8.9,4.36,0.41,-15.36,33,53.92,24.11,0.881,1.77,22.19,0
QQQ,1h,12,150,trend,7.54,5.31,0.477,-12.85,18,22.22,65.5,3.48,5.96,0.498,-19.13,10,20,55.93,11.1,5.42,0.477,-19.13,28,53.92,24.11,0.881,1.77,22.19,0
QQQ,1h,12,200,trend,8.45,5.95,0.56,-14.51,12,25,57.26,-7.74,-12.72,-1.284,-14.13,9,11.11,30.78,15.27,7.37,0.638,-16.67,22,53.92,24.11,0.881,1.77,22.19,0
QQQ,1h,12,250,trend,15.47,10.78,0.92,-11.86,10,20,59.27,-4.58,-7.62,-1.047,-8.53,6,16.67,25.24,28.29,13.29,1.035,-13.04,17,53.92,24.11,0.881,1.77,22.19,0
QQQ,1h,12,300,trend,18.29,12.7,1.054,-8.82,6,16.67,59.8,-1.03,-1.74,-0.219,-6.81,5,20,23.04,33.82,15.71,1.178,-11.9,12,53.92,24.11,0.881,1.77,22.19,0
QQQ,1h,15,2,dip,12.22,8.55,0.612,-16.62,118,66.95,38.76,-3.6,-6.01,-0.339,-10.45,46,69.57,41.2,12.21,5.94,0.453,-16.62,165,53.92,24.11,0.881,1.77,22.19,0
QQQ,1h,15,3,dip,9.08,6.38,0.479,-17.37,94,67.02,38.64,-3.19,-5.33,-0.293,-10.18,41,65.85,41.3,9.5,4.65,0.373,-17.37,136,53.92,24.11,0.881,1.77,22.19,0
QQQ,1h,15,4,dip,6.33,4.47,0.36,-17.19,83,66.27,38.52,-0.56,-0.95,0.004,-8.69,35,62.86,40.82,9.63,4.71,0.379,-17.19,119,53.92,24.11,0.881,1.77,22.19,0
QQQ,1h,15,5,dip,2.94,2.08,0.21,-17.05,74,64.86,38.43,-1.62,-2.72,-0.119,-9.26,29,62.07,40.92,5.18,2.56,0.241,-17.05,104,53.92,24.11,0.881,1.77,22.19,0
QQQ,1h,15,7,dip,4.79,3.38,0.292,-18.28,68,69.12,38.23,2.32,3.96,0.341,-7.19,25,68,40.92,9.24,4.53,0.365,-18.28,95,53.92,24.11,0.881,1.77,22.19,0
QQQ,1h,15,9,dip,11.44,8.01,0.566,-19.29,63,69.84,38.06,1.59,2.7,0.256,-7.41,22,68.18,40.73,13.45,6.53,0.482,-19.29,86,53.92,24.11,0.881,1.77,22.19,0
QQQ,1h,15,12,dip,13.42,9.38,0.638,-17.85,52,73.08,37.61,0.09,0.16,0.084,-8.32,23,60.87,40.92,13.77,6.67,0.486,-17.85,76,53.92,24.11,0.881,1.77,22.19,0
QQQ,1h,15,20,trend,-4.62,-3.31,-0.192,-19.43,42,33.33,61.16,16.08,28.67,1.893,-10.03,14,28.57,57.93,9.91,4.85,0.422,-19.43,58,53.92,24.11,0.881,1.77,22.19,1
QQQ,1h,15,25,trend,2.34,1.66,0.194,-13.97,35,37.14,61.77,14.79,26.26,1.765,-10.15,14,28.57,57.27,15.83,7.64,0.636,-13.97,50,53.92,24.11,0.881,1.77,22.19,0
QQQ,1h,15,30,trend,1.93,1.37,0.171,-15.86,33,33.33,62.14,14.14,25.05,1.696,-11.69,13,30.77,57.46,14.78,7.15,0.597,-15.86,47,53.92,24.11,0.881,1.77,22.19,0
QQQ,1h,15,40,trend,-3.45,-2.46,-0.149,-17.71,30,33.33,60.01,18.17,32.62,2.154,-8.55,11,36.36,56.02,12.91,6.27,0.55,-17.71,44,53.92,24.11,0.881,1.77,22.19,1
QQQ,1h,15,50,trend,-1.42,-1.01,-0.026,-17.19,25,36,59.89,15.12,26.88,1.908,-11.59,10,40,54.68,7.53,3.7,0.356,-17.19,40,53.92,24.11,0.881,1.77,22.19,1
QQQ,1h,15,60,trend,-0.16,-0.12,0.05,-17.84,24,33.33,60.42,16.75,29.93,2.095,-11.96,8,37.5,54.68,13.01,6.32,0.559,-17.84,35,53.92,24.11,0.881,1.77,22.19,1
QQQ,1h,15,75,trend,0.55,0.39,0.093,-16.32,24,29.17,61.36,14.14,25.05,1.801,-13.13,8,37.5,54.02,10.64,5.19,0.471,-16.32,34,53.92,24.11,0.881,1.77,22.19,1
QQQ,1h,15,100,trend,2.69,1.91,0.218,-13,24,20.83,61.81,11.76,20.67,1.535,-15.03,8,25,53.92,12.31,5.99,0.536,-15.03,34,53.92,24.11,0.881,1.77,22.19,0
QQQ,1h,15,125,trend,5.45,3.85,0.37,-13.4,21,23.81,63.99,6.67,11.54,0.95,-16.5,9,22.22,54.59,12.48,6.07,0.543,-16.5,30,53.92,24.11,0.881,1.77,22.19,0
QQQ,1h,15,150,trend,14.22,9.93,0.813,-13.44,13,30.77,65.87,2.35,4.01,0.358,-19.75,10,20,55.74,17.29,8.32,0.684,-19.75,23,53.92,24.11,0.881,1.77,22.19,0
QQQ,1h,15,200,trend,13.63,9.52,0.856,-11.36,10,20,57.63,-8.77,-14.38,-1.43,-15.09,10,10,32.41,19.21,9.2,0.775,-17.75,21,53.92,24.11,0.881,1.77,22.19,0
QQQ,1h,15,250,trend,16.64,11.58,0.98,-8.17,7,28.57,59.15,-5.04,-8.38,-1.157,-8.87,6,16.67,25.33,28.22,13.26,1.031,-13.95,14,53.92,24.11,0.881,1.77,22.19,0
QQQ,1h,15,300,trend,16.76,11.66,0.974,-9.82,6,16.67,59.93,-1.53,-2.58,-0.339,-6.76,4,25,23.52,32.83,15.28,1.151,-11.38,11,53.92,24.11,0.881,1.77,22.19,0
QQQ,1h,20,2,dip,1.32,0.94,0.138,-21.04,100,65,37.9,-1.4,-2.35,-0.099,-8.71,34,61.76,38.72,1.79,0.89,0.134,-21.04,136,53.92,24.11,0.881,1.77,22.19,0
QQQ,1h,20,3,dip,1.03,0.73,0.125,-19.47,83,66.27,38.02,1.4,2.37,0.236,-6.12,29,62.07,38.91,5.64,2.79,0.256,-19.47,113,53.92,24.11,0.881,1.77,22.19,0
QQQ,1h,20,4,dip,3.43,2.43,0.232,-18.53,73,67.12,37.82,0.82,1.4,0.168,-7.54,27,59.26,39.48,8.31,4.08,0.339,-18.53,101,53.92,24.11,0.881,1.77,22.19,0
QQQ,1h,20,5,dip,3.79,2.68,0.249,-17.65,69,66.67,37.69,1.97,3.35,0.302,-7.02,26,57.69,39.67,8.63,4.23,0.348,-17.65,96,53.92,24.11,0.881,1.77,22.19,0
QQQ,1h,20,7,dip,10.21,7.16,0.518,-18.9,58,72.41,37.33,2.37,4.05,0.349,-6.82,25,64,39.67,14.02,6.79,0.501,-18.9,83,53.92,24.11,0.881,1.77,22.19,0
QQQ,1h,20,9,dip,11.54,8.09,0.564,-17.62,53,73.58,37.33,0.08,0.13,0.079,-8.51,22,59.09,39.39,11.93,5.81,0.438,-17.62,76,53.92,24.11,0.881,1.77,22.19,0
QQQ,1h,20,12,dip,22.73,15.7,0.987,-16.86,47,72.34,36.46,2.97,5.07,0.424,-7.31,15,73.33,38.15,26.7,12.59,0.833,-16.86,63,53.92,24.11,0.881,1.77,22.19,0
QQQ,1h,20,15,dip,23.13,15.96,1.004,-17.07,43,74.42,36.01,4.16,7.13,0.557,-7.47,14,71.43,38.72,28.61,13.43,0.88,-17.07,58,53.92,24.11,0.881,1.77,22.19,0
QQQ,1h,20,25,trend,3.62,2.57,0.265,-14.73,29,37.93,61.98,16.53,29.51,1.972,-9.76,12,33.33,56.79,19.13,9.16,0.744,-14.73,42,53.92,24.11,0.881,1.77,22.19,1
QQQ,1h,20,30,trend,-4.19,-3,-0.185,-16.15,30,30,61.48,16.24,28.97,1.943,-9.55,12,33.33,56.21,8.58,4.21,0.387,-16.15,43,53.92,24.11,0.881,1.77,22.19,1
QQQ,1h,20,40,trend,-0.66,-0.47,0.019,-16.94,26,34.62,59.02,13.06,23.06,1.651,-12.14,11,36.36,55.45,7.27,3.58,0.346,-16.94,40,53.92,24.11,0.881,1.77,22.19,0
QQQ,1h,20,50,trend,-2.2,-1.57,-0.076,-18.98,24,37.5,59.72,14.94,26.54,1.885,-13.53,9,33.33,54.49,5.35,2.64,0.273,-18.98,37,53.92,24.11,0.881,1.77,22.19,1
QQQ,1h,20,60,trend,0.82,0.58,0.108,-16.39,22,36.36,60.09,13.29,23.49,1.703,-14.11,8,37.5,53.92,8.91,4.37,0.407,-16.39,35,53.92,24.11,0.881,1.77,22.19,0
QQQ,1h,20,75,trend,-0.04,-0.03,0.057,-16.54,22,27.27,59.35,12.25,21.57,1.586,-14.74,8,37.5,53.63,8.54,4.19,0.395,-16.54,32,53.92,24.11,0.881,1.77,22.19,0
QQQ,1h,20,100,trend,5.77,4.08,0.389,-12.2,19,31.58,63,7.8,13.54,1.107,-15.62,8,25,53.06,11.8,5.75,0.519,-15.62,28,53.92,24.11,0.881,1.77,22.19,0
QQQ,1h,20,125,trend,12.58,8.8,0.738,-13.48,13,23.08,64.73,2.93,5,0.449,-19.57,9,22.22,54.59,15.87,7.66,0.651,-19.57,22,53.92,24.11,0.881,1.77,22.19,0
QQQ,1h,20,150,trend,15.64,10.9,0.887,-11.92,11,27.27,66.2,1.15,1.94,0.212,-20.74,10,20,56.31,16.9,8.13,0.678,-20.75,21,53.92,24.11,0.881,1.77,22.19,0
QQQ,1h,20,200,trend,18.01,12.51,1.062,-8.58,7,14.29,58.16,-7.31,-12.05,-1.148,-13.73,9,11.11,33.27,26.31,12.41,0.988,-16.22,17,53.92,24.11,0.881,1.77,22.19,0
QQQ,1h,20,250,trend,14.4,10.05,0.866,-9.66,6,16.67,59.02,-3.61,-6.03,-0.789,-8.26,5,20,26,28.27,13.28,1.032,-12.53,12,53.92,24.11,0.881,1.77,22.19,0
QQQ,1h,20,300,trend,15.45,10.77,0.902,-11.51,6,16.67,60.09,-0.87,-1.47,-0.17,-5.63,4,25,24.76,30.26,14.16,1.072,-11.67,11,53.92,24.11,0.881,1.77,22.19,0
QQQ,1h,25,2,dip,2.22,1.58,0.178,-19.64,82,64.63,37.49,1.47,2.51,0.246,-6.75,31,64.52,38.62,5.07,2.51,0.238,-19.64,115,53.92,24.11,0.881,1.77,22.19,0
QQQ,1h,25,3,dip,7.11,5.01,0.394,-17.57,71,67.61,37.12,2.3,3.92,0.341,-7.7,27,62.96,39.01,13.19,6.4,0.485,-17.57,99,53.92,24.11,0.881,1.77,22.19,0
QQQ,1h,25,4,dip,5.28,3.73,0.311,-19.74,64,65.63,37.24,2.05,3.49,0.311,-7.64,25,60,39.01,11.58,5.64,0.433,-19.74,90,53.92,24.11,0.881,1.77,22.19,0
QQQ,1h,25,5,dip,10.93,7.66,0.549,-18.01,57,71.93,37.12,1.07,1.82,0.198,-7.69,25,64,39.39,14.45,6.99,0.515,-18.01,84,53.92,24.11,0.881,1.77,22.19,0
QQQ,1h,25,7,dip,14.02,9.79,0.663,-17.15,50,74,36.63,0.81,1.37,0.167,-8.43,20,55,38.34,15.47,7.47,0.538,-17.15,71,53.92,24.11,0.881,1.77,22.19,0
QQQ,1h,25,9,dip,22.68,15.66,0.987,-16.48,46,76.09,35.97,0.83,1.41,0.17,-7.77,16,68.75,38.15,24.71,11.69,0.783,-16.48,63,53.92,24.11,0.881,1.77,22.19,0
QQQ,1h,25,12,dip,20.9,14.46,0.925,-17.01,44,72.73,35.77,3.61,6.17,0.494,-7.47,14,71.43,38.62,25.68,12.13,0.808,-17.01,59,53.92,24.11,0.881,1.77,22.19,0
QQQ,1h,25,15,dip,15.52,10.81,0.705,-21.85,36,80.56,35.32,6.03,10.4,0.771,-7.45,14,64.29,39.29,22.98,10.92,0.727,-21.85,50,53.92,24.11,0.881,1.77,22.19,0
QQQ,1h,25,20,dip,15.14,10.56,0.69,-20.37,29,82.76,35.03,5.63,9.71,0.721,-7.87,12,75,39.67,20.91,9.97,0.672,-20.37,42,53.92,24.11,0.881,1.77,22.19,0
QQQ,1h,25,30,trend,-3.04,-2.17,-0.125,-17.31,28,32.14,59.19,11.5,20.2,1.467,-12.71,11,36.36,55.74,3.85,1.91,0.214,-17.31,42,53.92,24.11,0.881,1.77,22.19,0
QQQ,1h,25,40,trend,-3.66,-2.62,-0.166,-18.89,23,34.78,59.06,11.87,20.89,1.526,-13.12,11,36.36,54.88,2.79,1.39,0.174,-18.89,37,53.92,24.11,0.881,1.77,22.19,0
QQQ,1h,25,50,trend,-2.81,-2.01,-0.11,-16.98,22,22.73,59.76,13.23,23.37,1.697,-14.16,8,37.5,53.54,3.87,1.92,0.215,-16.98,34,53.92,24.11,0.881,1.77,22.19,0
QQQ,1h,25,60,trend,0.69,0.49,0.101,-14.84,21,38.1,58.94,10.31,18.05,1.379,-16.32,8,37.5,53.15,4.54,2.25,0.241,-16.32,32,53.92,24.11,0.881,1.77,22.19,0
QQQ,1h,25,75,trend,-0.99,-0.7,0.001,-16.33,22,27.27,60.38,10.2,17.85,1.351,-16.21,8,25,52.96,6.65,3.28,0.324,-16.33,32,53.92,24.11,0.881,1.77,22.19,0
QQQ,1h,25,100,trend,9.92,6.96,0.604,-12.46,15,20,63.66,9.03,15.73,1.274,-14.52,8,25,52.96,19.84,9.49,0.798,-14.52,23,53.92,24.11,0.881,1.77,22.19,0
QQQ,1h,25,125,trend,16.08,11.2,0.913,-11.52,12,25,64.97,2.92,4.98,0.446,-19.17,9,22.22,54.49,19.86,9.5,0.786,-19.17,21,53.92,24.11,0.881,1.77,22.19,0
QQQ,1h,25,150,trend,13.78,9.62,0.789,-12.53,11,27.27,66.45,2.84,4.84,0.413,-19.68,10,20,56.6,16.43,7.92,0.652,-19.68,21,53.92,24.11,0.881,1.77,22.19,0
QQQ,1h,25,200,trend,14.72,10.27,0.887,-9.97,6,16.67,58.33,-6.13,-10.15,-1.188,-11.14,7,14.29,27.44,27.45,12.92,1.013,-13.41,14,53.92,24.11,0.881,1.77,22.19,0
QQQ,1h,25,250,trend,13.59,9.49,0.819,-10.87,6,16.67,59.27,-1.18,-1.99,-0.251,-6.22,4,25,22.56,30.52,14.27,1.093,-10.87,11,53.92,24.11,0.881,1.77,22.19,0
QQQ,1h,25,300,trend,14.83,10.34,0.901,-11.71,5,20,58.74,-1.14,-1.92,-0.231,-5.57,3,33.33,25.43,30.27,14.16,1.093,-11.95,9,53.92,24.11,0.881,1.77,22.19,0
QQQ,1h,30,2,dip,5.25,3.71,0.313,-19.15,81,66.67,36.05,1.2,2.04,0.214,-7.51,27,70.37,37.95,7.41,3.64,0.311,-19.15,111,53.92,24.11,0.881,1.77,22.19,0
QQQ,1h,30,3,dip,7.95,5.6,0.425,-18.26,67,67.16,36.55,0.43,0.72,0.122,-7.92,24,66.67,38.24,11.29,5.51,0.425,-18.26,93,53.92,24.11,0.881,1.77,22.19,0
QQQ,1h,30,4,dip,13.07,9.13,0.639,-17.54,58,70.69,35.97,-0.53,-0.89,0.007,-8.4,21,61.9,38.15,16.83,8.1,0.586,-17.54,80,53.92,24.11,0.881,1.77,22.19,0
QQQ,1h,30,5,dip,15.35,10.7,0.715,-17.04,55,74.55,35.93,-0.63,-1.06,-0.007,-8.43,19,57.89,38.34,16.26,7.84,0.562,-17.04,77,53.92,24.11,0.881,1.77,22.19,0
QQQ,1h,30,7,dip,21.37,14.78,0.939,-16.64,46,73.91,35.85,2.94,5.02,0.425,-7.48,17,70.59,37.76,25.51,12.05,0.806,-16.64,64,53.92,24.11,0.881,1.77,22.19,0
QQQ,1h,30,9,dip,22.01,15.21,0.968,-16.44,47,74.47,35.56,5.67,9.78,0.736,-7.47,16,68.75,38.34,29.26,13.72,0.901,-16.44,64,53.92,24.11,0.881,1.77,22.19,0
QQQ,1h,30,12,dip,17.81,12.37,0.788,-20.1,37,78.38,35.27,5.14,8.84,0.669,-7.46,14,64.29,39.1,24.46,11.58,0.762,-20.1,52,53.92,24.11,0.881,1.77,22.19,0
QQQ,1h,30,15,dip,16.49,11.48,0.742,-19.96,33,81.82,34.86,6.06,10.45,0.77,-7.7,13,69.23,39.2,24.74,11.71,0.771,-19.96,47,53.92,24.11,0.881,1.77,22.19,0
QQQ,1h,30,20,dip,24.11,16.62,1.002,-18.33,30,86.67,35.4,4.26,7.31,0.563,-7.87,12,75,40.44,32.2,15,0.941,-18.33,43,53.92,24.11,0.881,1.77,22.19,0
QQQ,1h,30,25,dip,23.77,16.39,0.982,-17.67,28,82.14,36.34,7.18,12.44,0.882,-8.06,10,70,39.67,39.33,18.07,1.095,-17.67,42,53.92,24.11,0.881,1.77,22.19,0
QQQ,1h,30,40,trend,-3.22,-2.3,-0.136,-17.61,22,27.27,59.64,13.34,23.58,1.701,-14.66,9,33.33,53.92,4.33,2.15,0.233,-17.61,34,53.92,24.11,0.881,1.77,22.19,0
QQQ,1h,30,50,trend,0.21,0.15,0.073,-15.49,21,33.33,59.8,10.11,17.69,1.354,-16.47,8,37.5,53.25,5.13,2.54,0.264,-16.47,32,53.92,24.11,0.881,1.77,22.19,0
QQQ,1h,30,60,trend,2.11,1.5,0.184,-16.49,19,26.32,59.31,12.04,21.19,1.58,-14.89,8,25,52.68,7.6,3.74,0.357,-16.49,30,53.92,24.11,0.881,1.77,22.19,0
QQQ,1h,30,75,trend,4.78,3.38,0.335,-11.9,18,22.22,60.95,14.13,25.03,1.851,-13.51,8,25,52.01,17.94,8.62,0.735,-13.51,27,53.92,24.11,0.881,1.77,22.19,1
QQQ,1h,30,100,trend,11.67,8.17,0.693,-13.31,13,23.08,63.9,2.32,3.96,0.371,-19.8,8,25,53.15,14.27,6.91,0.597,-19.8,21,53.92,24.11,0.881,1.77,22.19,0
QQQ,1h,30,125,trend,15.27,10.64,0.865,-12.07,10,30,65.63,2.66,4.54,0.41,-19.32,8,25,54.59,18.27,8.77,0.727,-19.32,18,53.92,24.11,0.881,1.77,22.19,0
QQQ,1h,30,150,trend,19.22,13.33,1.036,-10.29,8,37.5,67.02,3.66,6.26,0.516,-18.85,9,22.22,57.07,23.24,11.03,0.865,-18.85,17,53.92,24.11,0.881,1.77,22.19,0
QQQ,1h,30,200,trend,16.45,11.45,0.977,-10.19,6,16.67,58.33,-2.38,-3.99,-0.507,-6.68,5,20,24.19,33.11,15.4,1.181,-11.04,12,53.92,24.11,0.881,1.77,22.19,0
QQQ,1h,30,250,trend,12.12,8.48,0.733,-12.4,6,16.67,59.39,-0.78,-1.32,-0.155,-6.11,4,25,23.23,26.19,12.36,0.951,-12.64,11,53.92,24.11,0.881,1.77,22.19,0
QQQ,1h,30,300,trend,14.45,10.08,0.876,-11.67,5,20,58.98,0.38,0.64,0.123,-4.33,2,50,25.72,32.67,15.21,1.16,-11.67,9,53.92,24.11,0.881,1.77,22.19,0
QQQ,1h,40,2,dip,17.82,12.38,0.806,-17.81,65,67.69,35.07,0.58,0.98,0.139,-8.31,22,68.18,35.56,20.04,9.58,0.663,-17.81,91,53.92,24.11,0.881,1.77,22.19,0
QQQ,1h,40,3,dip,15,10.46,0.705,-17.24,56,66.07,34.82,0.79,1.34,0.166,-7.82,20,65,35.66,20.4,9.74,0.681,-17.24,79,53.92,24.11,0.881,1.77,22.19,0
QQQ,1h,40,4,dip,20.42,14.14,0.908,-17.18,53,75.47,34.91,1.2,2.03,0.216,-7.44,17,58.82,35.47,26.62,12.55,0.841,-17.18,73,53.92,24.11,0.881,1.77,22.19,0
QQQ,1h,40,5,dip,21.83,15.09,0.963,-16.76,48,72.92,34.95,2.63,4.49,0.395,-7.44,16,68.75,36.04,29.64,13.88,0.922,-16.76,67,53.92,24.11,0.881,1.77,22.19,0
QQQ,1h,40,7,dip,22.37,15.45,0.964,-19.64,45,80,34.82,5.23,9,0.705,-7.68,15,73.33,36.71,32.38,15.08,0.97,-19.64,64,53.92,24.11,0.881,1.77,22.19,0
QQQ,1h,40,9,dip,27.02,18.56,1.117,-18.74,38,78.95,34.95,3.77,6.45,0.522,-7.67,13,61.54,37.86,33.84,15.72,0.992,-18.74,53,53.92,24.11,0.881,1.77,22.19,0
QQQ,1h,40,12,dip,27.71,19.02,1.129,-18.56,35,82.86,34.91,2.03,3.45,0.311,-7.87,11,72.73,39.01,32.41,15.1,0.948,-18.56,48,53.92,24.11,0.881,1.77,22.19,0
QQQ,1h,40,15,dip,23.99,16.54,0.993,-16.94,30,86.67,35.52,1.13,1.91,0.205,-8.06,10,70,39.39,27.84,13.09,0.833,-16.94,44,53.92,24.11,0.881,1.77,22.19,0
QQQ,1h,40,20,dip,21.1,14.6,0.887,-17.87,26,84.62,36.51,6.31,10.9,0.784,-8.06,10,70,39.87,35.21,16.31,0.999,-17.87,40,53.92,24.11,0.881,1.77,22.19,0
QQQ,1h,40,25,dip,25.73,17.7,1.035,-18.77,23,78.26,36.42,7.68,13.32,0.929,-8.06,10,80,39.87,42.07,19.23,1.142,-18.77,37,53.92,24.11,0.881,1.77,22.19,0
QQQ,1h,40,30,dip,24.91,17.15,1.018,-18.12,22,86.36,35.81,11.32,19.87,1.487,-7.91,8,87.5,30.02,40.04,18.37,1.108,-18.12,34,53.92,24.11,0.881,1.77,22.19,0
QQQ,1h,40,50,trend,2.7,1.91,0.218,-15.95,18,33.33,59.6,13.92,24.65,1.828,-13.24,7,28.57,51.05,10.03,4.9,0.448,-15.95,28,53.92,24.11,0.881,1.77,22.19,1
QQQ,1h,40,60,trend,5.53,3.91,0.38,-11.29,17,17.65,60.54,15.58,27.74,2.037,-12.3,6,33.33,50.48,19.56,9.36,0.797,-13.05,25,53.92,24.11,0.881,1.77,22.19,1
QQQ,1h,40,75,trend,6.12,4.32,0.403,-12.59,15,26.67,62.47,6.78,11.73,0.97,-16.04,6,33.33,51.05,13.32,6.46,0.57,-16.04,21,53.92,24.11,0.881,1.77,22.19,0
QQQ,1h,40,100,trend,15.34,10.69,0.87,-11.75,10,30,64.89,2.25,3.84,0.358,-19.51,8,25,53.35,17.94,8.62,0.716,-19.51,18,53.92,24.11,0.881,1.77,22.19,0
QQQ,1h,40,125,trend,19.2,13.32,1.037,-10.62,7,42.86,66.53,-0.33,-0.55,0.024,-20.55,9,22.22,55.54,19.43,9.3,0.751,-20.55,16,53.92,24.11,0.881,1.77,22.19,0
QQQ,1h,40,150,trend,20.7,14.33,1.099,-9.91,6,33.33,67.6,6.34,10.96,0.811,-15.16,7,28.57,58.7,29.29,13.73,1.035,-15.16,13,53.92,24.11,0.881,1.77,22.19,0
QQQ,1h,40,200,trend,13.74,9.59,0.83,-12.4,6,16.67,58.57,-2.51,-4.21,-0.535,-6.49,5,20,25.43,28.83,13.53,1.049,-12.4,12,53.92,24.11,0.881,1.77,22.19,0
QQQ,1h,40,250,trend,14.83,10.34,0.898,-12.46,5,20,58.61,-0.06,-0.1,0.022,-5.16,3,33.33,24.28,30.72,14.36,1.106,-12.61,9,53.92,24.11,0.881,1.77,22.19,0
QQQ,1h,40,300,trend,16.77,11.67,0.976,-9.42,4,25,60.09,0.74,1.26,0.208,-4.43,2,50,25.43,35.57,16.46,1.225,-9.6,7,53.92,24.11,0.881,1.77,22.19,0
QQQ,1h,50,2,dip,19,13.18,0.838,-18.85,60,68.33,34,-0.64,-1.08,-0.012,-8.74,18,66.67,35.85,22.15,10.54,0.714,-18.85,81,53.92,24.11,0.881,1.77,22.19,0
QQQ,1h,50,3,dip,16.05,11.18,0.727,-18.37,53,69.81,34.33,-0.65,-1.09,-0.012,-7.85,17,64.71,36.23,19.76,9.45,0.649,-18.37,73,53.92,24.11,0.881,1.77,22.19,0
QQQ,1h,50,4,dip,15.71,10.95,0.715,-19.16,49,69.39,34.21,0.61,1.03,0.143,-8.06,17,64.71,36.71,21.03,10.03,0.683,-19.16,69,53.92,24.11,0.881,1.77,22.19,0
QQQ,1h,50,5,dip,17.14,11.92,0.768,-19.63,41,70.73,34.25,3.08,5.26,0.442,-7.72,15,66.67,37.28,25.53,12.06,0.798,-19.63,59,53.92,24.11,0.881,1.77,22.19,0
QQQ,1h,50,7,dip,21.35,14.76,0.91,-17.74,37,83.78,34.54,4.1,7.03,0.566,-7.87,13,69.23,37.76,29.86,13.98,0.895,-17.74,54,53.92,24.11,0.881,1.77,22.19,0
QQQ,1h,50,9,dip,20.2,13.99,0.862,-18.97,36,77.78,34.86,4.12,7.07,0.557,-7.87,12,75,38.34,27.02,12.73,0.815,-18.97,50,53.92,24.11,0.881,1.77,22.19,0
QQQ,1h,50,12,dip,19.09,13.24,0.817,-17.77,28,82.14,35.48,4.5,7.73,0.601,-7.87,11,81.82,38.91,26.43,12.46,0.797,-17.77,42,53.92,24.11,0.881,1.77,22.19,0
QQQ,1h,50,15,dip,22.58,15.59,0.937,-18.53,25,80,35.6,6.34,10.94,0.787,-8.06,10,70,39.58,35.33,16.36,0.998,-18.53,40,53.92,24.11,0.881,1.77,22.19,0
QQQ,1h,50,20,dip,23.71,16.35,0.97,-18.66,24,83.33,35.77,6.54,11.31,0.808,-8.06,9,77.78,39.67,38.63,17.77,1.07,-18.66,37,53.92,24.11,0.881,1.77,22.19,0
QQQ,1h,50,25,dip,24.38,16.8,1.002,-18.06,22,81.82,35.68,8.28,14.4,0.997,-8.37,8,75,40.63,40.66,18.64,1.122,-18.06,34,53.92,24.11,0.881,1.77,22.19,0
QQQ,1h,50,30,dip,20,13.86,0.853,-17.71,21,80.95,35.56,11.34,19.92,1.315,-8.37,8,75,40.92,38.42,17.68,1.074,-17.71,32,53.92,24.11,0.881,1.77,22.19,0
QQQ,1h,50,40,dip,19.02,13.2,0.826,-17.79,18,83.33,34.17,7.57,13.13,0.904,-8.42,7,85.71,42.64,34.59,16.04,0.992,-17.79,28,53.92,24.11,0.881,1.77,22.19,0
QQQ,1h,50,60,trend,5.09,3.59,0.349,-13.33,16,18.75,62.22,7.95,13.81,1.125,-15.12,6,33.33,50.76,13.44,6.52,0.577,-15.12,22,53.92,24.11,0.881,1.77,22.19,0
QQQ,1h,50,75,trend,14.76,10.29,0.847,-10.54,10,30,63.41,5.28,9.1,0.773,-16.06,6,33.33,50.86,20.82,9.94,0.825,-16.06,16,53.92,24.11,0.881,1.77,22.19,0
QQQ,1h,50,100,trend,17.49,12.16,0.961,-10.67,8,37.5,66.08,4.65,7.98,0.651,-17.02,8,25,53.92,22.95,10.9,0.868,-17.02,16,53.92,24.11,0.881,1.77,22.19,0
QQQ,1h,50,125,trend,18.33,12.73,0.993,-10.86,7,42.86,66.86,1.28,2.18,0.227,-19.03,8,25,57.46,20.61,9.84,0.783,-19.03,15,53.92,24.11,0.881,1.77,22.19,0
QQQ,1h,50,150,trend,17.34,12.05,1.027,-11.79,5,20,57.14,10.88,19.08,1.295,-11.21,6,33.33,60.71,30.76,14.38,1.133,-11.85,11,53.92,24.11,0.881,1.77,22.19,0
QQQ,1h,50,200,trend,17.63,12.25,1.036,-12.74,5,20,58.08,-1.12,-1.88,-0.21,-5.08,4,25,26.67,34.86,16.16,1.228,-12.9,10,53.92,24.11,0.881,1.77,22.19,0
QQQ,1h,50,250,trend,15.84,11.03,0.938,-9.87,4,25,59.27,1.93,3.28,0.485,-4.08,2,50,24.38,35.08,16.25,1.222,-9.87,7,53.92,24.11,0.881,1.77,22.19,0
QQQ,1h,50,300,trend,14.44,10.08,0.84,-10.29,4,25,60.42,1.62,2.75,0.411,-4.18,2,50,25.43,32.58,15.17,1.126,-10.29,7,53.92,24.11,0.881,1.77,22.19,0
QQQ,1h,60,2,dip,17.97,12.48,0.8,-18.12,58,68.97,34,0.44,0.75,0.123,-7.94,17,76.47,34.42,21.31,10.16,0.69,-18.12,80,53.92,24.11,0.881,1.77,22.19,0
QQQ,1h,60,3,dip,15.03,10.48,0.688,-17.59,48,70.83,34,0.47,0.79,0.126,-7.99,16,68.75,34.8,21.11,10.07,0.684,-17.59,68,53.92,24.11,0.881,1.77,22.19,0
QQQ,1h,60,4,dip,21.17,14.64,0.911,-18.15,43,81.4,34.37,1.88,3.21,0.302,-7.87,14,71.43,34.99,29.22,13.7,0.888,-18.15,61,53.92,24.11,0.881,1.77,22.19,0
QQQ,1h,60,5,dip,20.73,14.35,0.894,-19.53,38,81.58,33.88,3.2,5.48,0.464,-7.87,14,71.43,35.28,28.89,13.56,0.877,-19.53,56,53.92,24.11,0.881,1.77,22.19,0
QQQ,1h,60,7,dip,18.8,13.05,0.814,-19.98,36,77.78,34.54,2.77,4.73,0.408,-7.87,11,72.73,35.47,26.34,12.42,0.804,-19.98,52,53.92,24.11,0.881,1.77,22.19,0
QQQ,1h,60,9,dip,16.66,11.59,0.731,-19.74,28,78.57,34.86,4.26,7.31,0.584,-7.93,11,81.82,36.04,24.16,11.45,0.743,-19.74,42,53.92,24.11,0.881,1.77,22.19,0
QQQ,1h,60,12,dip,19.6,13.59,0.836,-18.53,25,84,34.82,7.12,12.34,0.972,-7.87,8,75,29.16,27.05,12.74,0.807,-18.53,37,53.92,24.11,0.881,1.77,22.19,0
QQQ,1h,60,15,dip,21.18,14.65,0.889,-18.56,24,83.33,35.07,7.85,13.63,1.067,-8.37,7,71.43,29.54,29.54,13.84,0.864,-18.56,35,53.92,24.11,0.881,1.77,22.19,0
QQQ,1h,60,20,dip,18.8,13.05,0.811,-18.06,22,77.27,35.32,10.73,18.81,1.419,-8.37,7,85.71,29.83,32.76,15.25,0.945,-18.06,35,53.92,24.11,0.881,1.77,22.19,0
QQQ,1h,60,25,dip,20.78,14.39,0.885,-18.16,21,85.71,34.86,11.14,19.55,1.294,-8.37,8,75,41.01,40.77,18.68,1.131,-18.16,32,53.92,24.11,0.881,1.77,22.19,0
QQQ,1h,60,30,dip,19.57,13.56,0.844,-18.14,19,89.47,34.45,9.43,16.45,1.108,-8.37,8,87.5,41.49,37.3,17.21,1.054,-18.14,30,53.92,24.11,0.881,1.77,22.19,0
QQQ,1h,60,40,dip,15.73,10.96,0.706,-17.53,17,88.24,33.18,6.45,11.14,0.779,-8.84,6,83.33,43.4,24.06,11.4,0.737,-17.53,25,53.92,24.11,0.881,1.77,22.19,0
QQQ,1h,60,50,dip,15.15,10.56,0.693,-17.33,17,82.35,31.42,12.83,22.64,1.661,-8.84,5,100,31.55,29.92,14.01,0.882,-17.33,22,53.92,24.11,0.881,1.77,22.19,0
QQQ,1h,60,75,trend,15,10.46,0.85,-12.39,9,33.33,65.09,5.76,9.93,0.83,-16.06,9,44.44,52.1,21.62,10.3,0.844,-16.06,18,53.92,24.11,0.881,1.77,22.19,0
QQQ,1h,60,100,trend,13.31,9.3,0.751,-12.84,7,42.86,66.49,1.34,2.27,0.239,-18.57,8,25,55.26,15.17,7.33,0.612,-18.57,15,53.92,24.11,0.881,1.77,22.19,0
QQQ,1h,60,125,trend,17.77,12.35,1.054,-11.39,5,20,57.01,9.77,17.06,1.184,-11.37,6,33.33,60.13,29.28,13.72,1.093,-11.45,11,53.92,24.11,0.881,1.77,22.19,0
QQQ,1h,60,150,trend,14.4,10.05,0.871,-11.58,6,16.67,57.71,14.84,26.36,1.689,-7.65,4,50,62.05,31.12,14.53,1.137,-11.72,10,53.92,24.11,0.881,1.77,22.19,0
QQQ,1h,60,200,trend,15.55,10.83,0.928,-10.57,5,40,58.45,14.24,25.24,1.58,-8.32,4,50,67.5,32.18,15,1.152,-10.57,9,53.92,24.11,0.881,1.77,22.19,0
QQQ,1h,60,250,trend,14.49,10.11,0.86,-9.77,3,33.33,59.8,0.79,1.33,0.222,-4.08,2,50,24,31.57,14.73,1.115,-9.77,6,53.92,24.11,0.881,1.77,22.19,0
QQQ,1h,60,300,trend,13.12,9.17,0.767,-10.54,3,33.33,60.66,2.54,4.32,0.618,-4.08,2,50,25.62,32.67,15.21,1.121,-10.54,6,53.92,24.11,0.881,1.77,22.19,0
QQQ,1h,75,2,dip,7.51,5.29,0.392,-20.42,51,76.47,33.43,5.4,9.29,0.804,-7.94,17,82.35,27.72,13.01,6.32,0.462,-20.42,74,53.92,24.11,0.881,1.77,22.19,0
QQQ,1h,75,3,dip,11.84,8.29,0.562,-20.58,44,77.27,33.51,4.34,7.45,0.665,-8.04,12,83.33,27.63,16.49,7.95,0.557,-20.58,62,53.92,24.11,0.881,1.77,22.19,0
QQQ,1h,75,4,dip,11.87,8.31,0.559,-20.27,40,80,33.76,4.81,8.27,0.73,-7.87,12,83.33,27.72,18.48,8.87,0.608,-20.27,57,53.92,24.11,0.881,1.77,22.19,0
QQQ,1h,75,5,dip,9.01,6.33,0.45,-20.66,32,78.13,33.47,4.56,7.83,0.695,-7.87,11,63.64,28.11,15.39,7.43,0.525,-20.66,47,53.92,24.11,0.881,1.77,22.19,0
QQQ,1h,75,7,dip,11.71,8.2,0.553,-20.3,27,77.78,33.68,4.3,7.37,0.645,-8.2,9,77.78,28.39,16.87,8.12,0.561,-20.3,38,53.92,24.11,0.881,1.77,22.19,0
QQQ,1h,75,9,dip,16.07,11.19,0.709,-20.23,27,81.48,33.92,5.32,9.15,0.782,-8.37,8,87.5,28.78,22.26,10.59,0.696,-20.23,37,53.92,24.11,0.881,1.77,22.19,0
QQQ,1h,75,12,dip,23.56,16.25,0.976,-19.83,25,80,33.92,8.39,14.59,1.136,-8.37,7,85.71,29.25,33.91,15.75,0.97,-19.83,34,53.92,24.11,0.881,1.77,22.19,0
QQQ,1h,75,15,dip,19.94,13.82,0.853,-18.28,24,75,34.09,9.49,16.55,1.27,-8.37,7,85.71,29.64,32.06,14.95,0.929,-18.28,34,53.92,24.11,0.881,1.77,22.19,0
QQQ,1h,75,20,dip,21.53,14.89,0.911,-18.3,22,86.36,34.45,11.56,20.31,1.537,-8.37,7,85.71,29.83,35.59,16.47,1.012,-18.3,32,53.92,24.11,0.881,1.77,22.19,0
QQQ,1h,75,25,dip,22.86,15.78,0.961,-18.17,22,86.36,33.39,13.52,23.9,1.737,-8.37,7,100,30.21,38.19,17.59,1.07,-18.17,32,53.92,24.11,0.881,1.77,22.19,0
QQQ,1h,75,30,dip,16.42,11.43,0.735,-18.14,18,88.89,32.77,10.16,17.76,1.325,-8.88,7,85.71,30.5,25.46,12.03,0.775,-18.14,27,53.92,24.11,0.881,1.77,22.19,0
QQQ,1h,75,40,dip,14.16,9.88,0.659,-17.39,16,81.25,31.17,14.07,24.93,1.814,-8.84,5,100,31.26,30.22,14.14,0.893,-17.39,21,53.92,24.11,0.881,1.77,22.19,1
QQQ,1h,75,50,dip,6.78,4.78,0.368,-20.02,11,81.82,30.07,15.5,27.58,2.001,-8.84,5,100,31.26,23.54,11.17,0.733,-20.02,16,53.92,24.11,0.881,1.77,22.19,1
QQQ,1h,75,60,dip,6.89,4.85,0.374,-20.02,10,80,28.3,14.75,26.19,1.912,-8.84,8,75,29.83,22.66,10.77,0.714,-20.02,18,53.92,24.11,0.881,1.77,22.19,1
QQQ,1h,75,100,trend,15.57,10.85,0.941,-11.59,6,33.33,56.6,8.99,15.66,1.135,-12.21,6,33.33,58.51,25.66,12.12,0.992,-12.21,12,53.92,24.11,0.881,1.77,22.19,0
QQQ,1h,75,125,trend,14.93,10.41,0.901,-12.46,6,33.33,57.42,13.53,23.93,1.563,-8.73,5,40,61.19,30.27,14.16,1.114,-12.53,11,53.92,24.11,0.881,1.77,22.19,0
QQQ,1h,75,150,trend,14.97,10.44,0.901,-12.92,5,20,57.92,9.84,17.2,1.163,-10.42,5,40,62.72,27.06,12.74,1.009,-12.92,10,53.92,24.11,0.881,1.77,22.19,0
QQQ,1h,75,200,trend,16.01,11.15,0.938,-9.19,4,25,59.27,13.72,24.28,1.491,-9.75,3,66.67,67.3,31.93,14.89,1.124,-9.75,7,53.92,24.11,0.881,1.77,22.19,0
QQQ,1h,75,250,trend,13.19,9.22,0.772,-10.08,3,33.33,60.17,0.75,1.27,0.214,-4.28,2,50,24,30,14.04,1.051,-10.08,6,53.92,24.11,0.881,1.77,22.19,0
QQQ,1h,75,300,trend,14.32,9.99,0.821,-10.83,3,33.33,61.32,2.6,4.43,0.608,-4.4,1,100,26,29.56,13.85,1.021,-10.83,6,53.92,24.11,0.881,1.77,22.19,0
QQQ,1h,100,2,dip,8.36,5.88,0.428,-20.8,43,76.74,32.03,5.25,9.03,0.783,-7.94,14,85.71,27.92,12.4,6.03,0.445,-20.8,61,53.92,24.11,0.881,1.77,22.19,0
QQQ,1h,100,3,dip,9.76,6.85,0.481,-20.4,39,79.49,31.99,8.77,15.26,1.262,-8.04,14,92.86,27.82,18.06,8.67,0.598,-20.4,56,53.92,24.11,0.881,1.77,22.19,0
QQQ,1h,100,4,dip,8.01,5.64,0.411,-20.38,32,75,32.08,10.08,17.63,1.433,-8.04,15,93.33,28.49,18.18,8.73,0.599,-20.38,48,53.92,24.11,0.881,1.77,22.19,0
QQQ,1h,100,5,dip,11,7.71,0.526,-20.11,32,75,32.03,7.54,13.08,1.11,-8.04,13,84.62,27.63,21.37,10.19,0.68,-20.11,47,53.92,24.11,0.881,1.77,22.19,0
QQQ,1h,100,7,dip,14.44,10.07,0.653,-20.08,27,85.19,32.36,5.64,9.73,0.827,-8.37,8,87.5,28.3,21.64,10.31,0.681,-20.08,37,53.92,24.11,0.881,1.77,22.19,0
QQQ,1h,100,9,dip,15.93,11.1,0.708,-20.66,26,80.77,32.12,6.79,11.74,0.979,-8.37,8,87.5,28.49,24.67,11.68,0.757,-20.66,36,53.92,24.11,0.881,1.77,22.19,0
QQQ,1h,100,12,dip,16.64,11.58,0.738,-19.93,25,80,32.24,10.37,18.14,1.381,-8.37,7,85.71,29.06,29.56,13.85,0.873,-19.93,34,53.92,24.11,0.881,1.77,22.19,0
QQQ,1h,100,15,dip,17.94,12.46,0.785,-19.49,25,88,31.99,11.94,21.01,1.554,-8.37,7,100,29.25,30.72,14.36,0.898,-19.49,34,53.92,24.11,0.881,1.77,22.19,0
QQQ,1h,100,20,dip,15.12,10.54,0.687,-19.44,20,85,30.72,12.72,22.44,1.646,-8.37,7,100,29.25,32.19,15,0.928,-19.44,28,53.92,24.11,0.881,1.77,22.19,0
QQQ,1h,100,25,dip,11.26,7.89,0.545,-19.97,16,81.25,30.02,11.46,20.12,1.487,-8.89,7,100,29.35,24,11.38,0.739,-19.97,23,53.92,24.11,0.881,1.77,22.19,0
QQQ,1h,100,30,dip,8.75,6.15,0.448,-19.5,14,78.57,29.74,18.95,34.09,2.443,-8.84,7,100,29.06,29.14,13.67,0.872,-19.5,21,53.92,24.11,0.881,1.77,22.19,1
QQQ,1h,100,40,dip,6.26,4.41,0.347,-20.02,11,72.73,28.55,18.7,33.62,2.458,-8.84,7,100,28.68,26.27,12.39,0.807,-20.02,18,53.92,24.11,0.881,1.77,22.19,1
QQQ,1h,100,50,dip,4.77,3.37,0.287,-20.02,9,77.78,27.19,16.56,29.58,2.183,-8.84,7,100,27.92,21.66,10.32,0.694,-20.02,16,53.92,24.11,0.881,1.77,22.19,1
QQQ,1h,100,60,dip,8.77,6.16,0.453,-20.02,8,87.5,26.66,19.88,35.88,2.614,-8.84,7,100,26.29,30.03,14.06,0.905,-20.02,15,53.92,24.11,0.881,1.77,22.19,1
QQQ,1h,100,75,dip,1.23,0.88,0.134,-20.02,7,85.71,25.59,11.26,19.77,1.687,-8.84,5,100,22.75,13.41,6.51,0.482,-20.02,12,53.92,24.11,0.881,1.77,22.19,0
QQQ,1h,100,125,trend,17.24,11.99,1.01,-10.54,4,25,58.2,12.5,22.03,1.445,-8.46,3,66.67,62.24,32.75,15.24,1.178,-10.54,7,53.92,24.11,0.881,1.77,22.19,0
QQQ,1h,100,150,trend,11.85,8.3,0.73,-11.22,4,25,58.7,13.77,24.37,1.545,-7.1,3,66.67,65.2,30.27,14.16,1.094,-11.22,7,53.92,24.11,0.881,1.77,22.19,0
QQQ,1h,100,200,trend,12.54,8.77,0.74,-10.51,3,33.33,59.8,12.85,22.67,1.42,-8.81,3,66.67,67.11,27,12.72,0.967,-10.51,6,53.92,24.11,0.881,1.77,22.19,0
QQQ,1h,100,250,trend,19.16,13.29,1.151,-10.33,2,50,52.5,0.52,0.88,0.157,-4.56,2,50,24.76,35.58,16.47,1.258,-10.33,5,53.92,24.11,0.881,1.77,22.19,0
QQQ,1h,100,300,trend,22.67,15.66,1.314,-8.29,1,100,53.12,3.01,5.15,0.699,-4.4,1,100,25.72,37.89,17.46,1.302,-10.35,3,53.92,24.11,0.881,1.77,22.19,0
QQQ,1h,125,2,dip,8.83,6.21,0.445,-20.68,39,84.62,30.48,11.43,20.08,1.534,-7.93,14,85.71,26.29,20.35,9.72,0.652,-20.68,57,53.92,24.11,0.881,1.77,22.19,0
QQQ,1h,125,3,dip,7.47,5.26,0.39,-20.74,31,83.87,30.64,10.59,18.56,1.457,-8.04,11,90.91,26.39,18.36,8.81,0.598,-20.74,45,53.92,24.11,0.881,1.77,22.19,0
QQQ,1h,125,4,dip,7.61,5.36,0.396,-20.4,28,82.14,30.52,11.55,20.29,1.573,-8.04,11,90.91,27.06,19.61,9.38,0.631,-20.4,42,53.92,24.11,0.881,1.77,22.19,0
QQQ,1h,125,5,dip,8.78,6.17,0.441,-20.47,28,75,30.6,12.5,22.03,1.695,-8.2,11,90.91,27.34,21.42,10.21,0.678,-20.47,42,53.92,24.11,0.881,1.77,22.19,0
QQQ,1h,125,7,dip,14.1,9.84,0.645,-20.38,27,77.78,30.6,14.81,26.31,1.96,-8.37,10,90,28.11,31.08,14.52,0.913,-20.38,39,53.92,24.11,0.881,1.77,22.19,1
QQQ,1h,125,9,dip,15.05,10.49,0.684,-19.78,24,79.17,30.8,7.69,13.34,1.111,-8.37,8,87.5,28.01,29.13,13.66,0.869,-19.78,35,53.92,24.11,0.881,1.77,22.19,0
QQQ,1h,125,12,dip,18.19,12.63,0.796,-19.7,23,82.61,30.39,12.23,21.54,1.623,-8.37,8,100,27.92,34.97,16.21,0.994,-19.7,33,53.92,24.11,0.881,1.77,22.19,0
QQQ,1h,125,15,dip,15.44,10.76,0.702,-19.89,22,86.36,29.78,13.78,24.38,1.79,-8.37,8,100,27.72,31.34,14.63,0.915,-19.89,30,53.92,24.11,0.881,1.77,22.19,1
QQQ,1h,125,20,dip,8.89,6.25,0.453,-20.58,14,85.71,28.96,18.11,32.5,2.355,-8.37,8,100,27.63,28.41,13.34,0.854,-20.58,22,53.92,24.11,0.881,1.77,22.19,1
QQQ,1h,125,25,dip,4.68,3.31,0.281,-20.83,13,84.62,28.63,17.73,31.78,2.329,-8.88,8,100,27.63,23.04,10.94,0.723,-20.83,21,53.92,24.11,0.881,1.77,22.19,1
QQQ,1h,125,30,dip,6.31,4.45,0.35,-20.02,11,81.82,27.85,18.23,32.73,2.409,-8.84,7,100,27.44,25.9,12.23,0.798,-20.02,18,53.92,24.11,0.881,1.77,22.19,1
QQQ,1h,125,40,dip,3.07,2.17,0.214,-20.02,8,75,26.78,21.6,39.17,2.935,-8.84,8,100,26.2,24.85,11.76,0.782,-20.02,16,53.92,24.11,0.881,1.77,22.19,1
QQQ,1h,125,50,dip,4.15,2.94,0.261,-20.02,8,87.5,26.29,19.19,34.55,2.726,-8.84,7,100,24,24.16,11.45,0.769,-20.02,15,53.92,24.11,0.881,1.77,22.19,1
QQQ,1h,125,60,dip,-0.75,-0.53,0.045,-20.02,6,83.33,25.14,10.2,17.85,1.639,-8.84,5,100,21.03,10.14,4.95,0.39,-20.02,11,53.92,24.11,0.881,1.77,22.19,0
QQQ,1h,125,75,dip,2.94,2.08,0.209,-20.07,7,85.71,24.57,6.42,11.1,1.099,-8.84,4,100,19.6,10.75,5.25,0.41,-20.07,11,53.92,24.11,0.881,1.77,22.19,0
QQQ,1h,125,100,dip,-0.3,-0.22,0.063,-19.94,5,80,22.56,7,12.12,1.21,-8.84,2,100,17.78,7.64,3.76,0.319,-19.94,7,53.92,24.11,0.881,1.77,22.19,0
QQQ,1h,125,150,trend,12.34,8.64,0.748,-9.58,3,33.33,59.31,8.7,15.15,1,-9.87,3,66.67,65.11,25.85,12.2,0.945,-9.87,6,53.92,24.11,0.881,1.77,22.19,0
QQQ,1h,125,200,trend,12.89,9.02,0.755,-11.25,3,33.33,60.34,14.01,24.8,1.526,-8.17,3,66.67,68.16,28.8,13.51,1.016,-11.25,6,53.92,24.11,0.881,1.77,22.19,0
QQQ,1h,125,250,trend,21.97,15.19,1.282,-8.29,1,100,53.08,2.53,4.31,0.596,-4.4,1,100,24.86,36.46,16.85,1.265,-10.19,3,53.92,24.11,0.881,1.77,22.19,0
QQQ,1h,125,300,trend,21,14.53,1.26,-8.29,1,100,52.87,3.01,5.15,0.699,-4.4,1,100,25.72,32.66,15.2,1.167,-11.82,3,53.92,24.11,0.881,1.77,22.19,0
QQQ,1h,150,2,dip,8.83,6.21,0.445,-20.58,31,77.42,28.88,7.84,13.6,1.165,-7.94,11,81.82,24.47,19.39,9.28,0.627,-20.58,46,53.92,24.11,0.881,1.77,22.19,0
QQQ,1h,150,3,dip,10.2,7.16,0.499,-20.58,29,75.86,28.96,9.72,16.97,1.453,-8.04,11,90.91,24.76,22.53,10.71,0.711,-20.58,42,53.92,24.11,0.881,1.77,22.19,0
QQQ,1h,150,4,dip,10.02,7.03,0.493,-20.63,27,77.78,28.59,11.16,19.59,1.652,-8.04,11,90.91,25.14,24.04,11.4,0.75,-20.63,40,53.92,24.11,0.881,1.77,22.19,0
QQQ,1h,150,5,dip,11.29,7.91,0.543,-20.74,25,84,28.38,12.02,21.15,1.77,-8.04,11,90.91,25.24,26.61,12.55,0.815,-20.74,39,53.92,24.11,0.881,1.77,22.19,0
QQQ,1h,150,7,dip,11.62,8.14,0.558,-20.43,25,80,28.3,12.71,22.41,1.835,-8.37,10,90,26.1,28.3,13.29,0.857,-20.43,38,53.92,24.11,0.881,1.77,22.19,1
QQQ,1h,150,9,dip,17.03,11.85,0.758,-20.4,24,75,29.12,14.03,24.85,1.989,-8.37,9,100,26.1,34.54,16.02,0.997,-20.4,35,53.92,24.11,0.881,1.77,22.19,1
QQQ,1h,150,12,dip,13.6,9.5,0.636,-21.02,19,89.47,28.26,17.33,31.03,2.431,-8.37,9,100,26.29,33.29,15.48,0.977,-21.02,28,53.92,24.11,0.881,1.77,22.19,1
QQQ,1h,150,15,dip,7.38,5.2,0.393,-20.75,14,85.71,27.85,18.24,32.74,2.569,-8.37,9,100,26.39,26.76,12.61,0.825,-20.75,23,53.92,24.11,0.881,1.77,22.19,1
QQQ,1h,150,20,dip,5.2,3.67,0.303,-20.03,12,83.33,27.4,19.72,35.56,2.689,-8.37,9,100,25.72,26.16,12.34,0.808,-20.03,21,53.92,24.11,0.881,1.77,22.19,1
QQQ,1h,150,25,dip,7.59,5.34,0.403,-20.02,12,83.33,26.99,18.33,32.92,2.563,-8.37,9,100,25.24,27.45,12.92,0.844,-20.02,21,53.92,24.11,0.881,1.77,22.19,1
QQQ,1h,150,30,dip,2.89,2.05,0.206,-20.02,9,77.78,26.33,17.41,31.17,2.511,-8.89,8,100,24.57,20.8,9.93,0.68,-20.02,17,53.92,24.11,0.881,1.77,22.19,1
QQQ,1h,150,40,dip,2.23,1.58,0.178,-20.02,7,85.71,25.55,13.89,24.59,2.165,-8.84,6,100,22.56,16.1,7.76,0.56,-20.02,13,53.92,24.11,0.881,1.77,22.19,1
QQQ,1h,150,50,dip,-0.1,-0.07,0.074,-20.02,6,83.33,24.98,8.55,14.88,1.412,-8.84,5,80,20.27,9.19,4.5,0.363,-20.02,11,53.92,24.11,0.881,1.77,22.19,0
QQQ,1h,150,60,dip,3.42,2.42,0.231,-20.02,7,85.71,24.28,5.37,9.24,0.941,-8.84,3,100,18.55,10.17,4.97,0.393,-20.02,10,53.92,24.11,0.881,1.77,22.19,0
QQQ,1h,150,75,dip,2.3,1.63,0.182,-19.32,6,66.67,22.97,9.33,16.27,1.593,-8.37,4,100,17.3,12.88,6.26,0.476,-19.32,10,53.92,24.11,0.881,1.77,22.19,0
QQQ,1h,150,100,dip,5.62,3.97,0.329,-18.95,5,80,21.86,3.84,6.57,0.747,-7.81,2,100,14.05,10.86,5.3,0.42,-18.95,7,53.92,24.11,0.881,1.77,22.19,0
QQQ,1h,150,125,dip,7.08,4.99,0.396,-18.47,4,75,21.04,6.47,11.19,1.251,-6.72,2,100,13.29,16.86,8.11,0.603,-18.47,6,53.92,24.11,0.881,1.77,22.19,0
QQQ,1h,150,200,trend,21.09,14.59,1.24,-8.29,2,50,52.71,2.01,3.42,0.49,-4.4,1,100,24.19,35.83,16.57,1.254,-10.17,4,53.92,24.11,0.881,1.77,22.19,0
QQQ,1h,150,250,trend,20.98,14.52,1.258,-8.29,1,100,52.83,2.73,4.66,0.64,-4.4,1,100,24.95,33.82,15.71,1.202,-11.03,3,53.92,24.11,0.881,1.77,22.19,0
QQQ,1h,150,300,trend,18.22,12.65,1.114,-8.29,1,100,53.24,2.82,4.81,0.655,-4.4,1,100,26.1,29.4,13.78,1.064,-11.59,3,53.92,24.11,0.881,1.77,22.19,0
QQQ,1h,200,2,dip,6.3,4.44,0.347,-21.46,24,83.33,26.7,13.84,24.5,2.059,-7.87,16,81.25,22.56,22.18,10.55,0.709,-21.46,42,53.92,24.11,0.881,1.77,22.19,1
QQQ,1h,200,3,dip,6.02,4.25,0.337,-21.46,22,77.27,26.46,16.94,30.29,2.515,-7.87,13,100,22.47,25.12,11.88,0.788,-21.46,37,53.92,24.11,0.881,1.77,22.19,1
QQQ,1h,200,4,dip,4.36,3.08,0.269,-20.99,21,71.43,26.33,18.49,33.22,2.711,-7.87,13,100,22.66,24.84,11.75,0.784,-20.99,36,53.92,24.11,0.881,1.77,22.19,1
QQQ,1h,200,5,dip,3.15,2.23,0.217,-20.99,19,73.68,26.13,15.33,27.26,2.23,-7.87,12,91.67,22.85,20.28,9.69,0.664,-20.99,33,53.92,24.11,0.881,1.77,22.19,1
QQQ,1h,200,7,dip,2.19,1.55,0.176,-20.99,17,76.47,25.68,15.64,27.84,2.295,-7.87,10,100,22.75,17.97,8.63,0.604,-20.99,27,53.92,24.11,0.881,1.77,22.19,1
QQQ,1h,200,9,dip,2.45,1.74,0.187,-21.04,13,84.62,25.47,15.61,27.78,2.317,-7.87,11,90.91,22.56,18.24,8.75,0.613,-21.04,24,53.92,24.11,0.881,1.77,22.19,1
QQQ,1h,200,12,dip,6.55,4.62,0.361,-20.58,13,84.62,25.14,13.87,24.55,2.138,-7.87,9,100,21.89,21.53,10.26,0.702,-20.58,22,53.92,24.11,0.881,1.77,22.19,1
QQQ,1h,200,15,dip,2.49,1.77,0.189,-20.02,11,81.82,24.73,15.22,27.06,2.399,-7.88,10,100,20.17,18.29,8.78,0.618,-20.02,21,53.92,24.11,0.881,1.77,22.19,1
QQQ,1h,200,20,dip,-0.57,-0.41,0.053,-20.02,8,62.5,24.12,13.26,23.42,2.167,-7.93,9,100,19.02,12.61,6.13,0.465,-20.02,17,53.92,24.11,0.881,1.77,22.19,1
QQQ,1h,200,25,dip,2.5,1.77,0.19,-20.02,7,71.43,23.91,9.79,17.11,1.721,-7.63,7,100,17.5,12.1,5.89,0.452,-20.02,14,53.92,24.11,0.881,1.77,22.19,0
QQQ,1h,200,30,dip,0.25,0.18,0.09,-20.02,7,85.71,23.83,6.86,11.87,1.251,-7.63,5,100,16.63,6.83,3.37,0.294,-20.02,12,53.92,24.11,0.881,1.77,22.19,0
QQQ,1h,200,40,dip,4.02,2.85,0.257,-20.02,7,85.71,23.42,7.05,12.21,1.307,-7.12,5,100,15.2,11.86,5.77,0.447,-20.02,12,53.92,24.11,0.881,1.77,22.19,0
QQQ,1h,200,50,dip,0.69,0.49,0.109,-20.06,6,83.33,22.6,5.12,8.81,0.984,-6.72,4,100,13.67,7.1,3.5,0.304,-20.06,10,53.92,24.11,0.881,1.77,22.19,0
QQQ,1h,200,60,dip,2.87,2.03,0.207,-19.32,6,50,22.15,5.93,10.22,1.127,-6.72,3,100,13.1,9.8,4.79,0.388,-19.32,9,53.92,24.11,0.881,1.77,22.19,0
QQQ,1h,200,75,dip,3.52,2.49,0.238,-18.95,5,80,21.16,6.34,10.95,1.229,-6.72,2,100,12.91,11.28,5.5,0.437,-18.95,7,53.92,24.11,0.881,1.77,22.19,0
QQQ,1h,200,100,dip,6.23,4.39,0.362,-18.47,4,75,20.43,5.1,8.78,1.019,-6.72,2,100,12.52,15.07,7.29,0.556,-18.47,6,53.92,24.11,0.881,1.77,22.19,0
QQQ,1h,200,125,dip,6.11,4.31,0.358,-18.47,4,75,19.57,3.55,6.07,0.738,-6.72,2,100,11.28,13.7,6.64,0.517,-18.47,6,53.92,24.11,0.881,1.77,22.19,0
QQQ,1h,200,150,dip,-0.44,-0.31,0.051,-18.47,3,66.67,18.33,4.54,7.79,1.013,-4.83,1,100,9.27,8.64,4.24,0.365,-18.47,4,53.92,24.11,0.881,1.77,22.19,0
QQQ,1h,200,250,trend,18.57,12.89,1.132,-8.29,1,100,53.24,2.98,5.1,0.692,-4.4,1,100,25.91,28.79,13.51,1.046,-11.85,3,53.92,24.11,0.881,1.77,22.19,0
QQQ,1h,200,300,trend,16.09,11.21,0.992,-8.29,1,100,53.36,3.56,6.1,0.795,-4.4,1,100,28.11,25.89,12.22,0.935,-11.38,3,53.92,24.11,0.881,1.77,22.19,0
QQQ,1h,250,2,dip,-0.64,-0.45,0.051,-20.99,19,68.42,24.57,13.83,24.47,2.182,-7.19,14,92.86,18.07,16.34,7.87,0.564,-20.99,35,53.92,24.11,0.881,1.77,22.19,1
QQQ,1h,250,3,dip,-2.79,-1.99,-0.046,-20.99,17,58.82,24.53,11.74,20.64,1.935,-6.95,11,90.91,17.5,13.21,6.41,0.477,-20.99,31,53.92,24.11,0.881,1.77,22.19,1
QQQ,1h,250,4,dip,2.35,1.67,0.183,-20.99,15,80,24.24,12.07,21.25,1.989,-6.95,11,90.91,17.3,16.43,7.92,0.571,-20.99,27,53.92,24.11,0.881,1.77,22.19,1
QQQ,1h,250,5,dip,1.87,1.33,0.162,-20.99,14,78.57,24.16,9.23,16.1,1.611,-6.95,10,90,16.63,13.81,6.69,0.498,-20.99,26,53.92,24.11,0.881,1.77,22.19,0
QQQ,1h,250,7,dip,2.63,1.87,0.196,-20.58,14,85.71,23.87,9.18,16,1.624,-6.72,7,100,16.06,11.84,5.76,0.443,-20.58,22,53.92,24.11,0.881,1.77,22.19,0
QQQ,1h,250,9,dip,3.61,2.55,0.238,-20.03,12,83.33,23.58,9.94,17.37,1.75,-6.72,7,100,15.77,13.35,6.48,0.488,-20.03,19,53.92,24.11,0.881,1.77,22.19,0
QQQ,1h,250,12,dip,1.25,0.89,0.135,-20.02,11,72.73,23.01,9.19,16.02,1.629,-6.72,6,100,15.58,10.87,5.3,0.417,-20.02,17,53.92,24.11,0.881,1.77,22.19,0
QQQ,1h,250,15,dip,0.19,0.13,0.087,-20.02,8,62.5,23.05,10.6,18.57,1.873,-6.72,6,100,15.39,10.87,5.31,0.417,-20.02,14,53.92,24.11,0.881,1.77,22.19,1
QQQ,1h,250,20,dip,2.33,1.65,0.183,-20.02,7,71.43,23.05,7.93,13.78,1.468,-6.72,5,100,14.44,11.16,5.44,0.426,-20.02,12,53.92,24.11,0.881,1.77,22.19,0
QQQ,1h,250,25,dip,4.16,2.94,0.264,-20.02,7,85.71,22.72,6.11,10.54,1.164,-6.72,4,100,13.77,10.54,5.15,0.409,-20.02,11,53.92,24.11,0.881,1.77,22.19,0
QQQ,1h,250,30,dip,5.05,3.57,0.304,-20.02,7,85.71,22.52,6.78,11.72,1.309,-6.72,4,100,12.91,13.83,6.7,0.509,-20.02,11,53.92,24.11,0.881,1.77,22.19,0
QQQ,1h,250,40,dip,2.76,1.96,0.202,-20.26,6,83.33,21.94,6.43,11.1,1.267,-6.72,3,100,11.76,10.22,4.99,0.401,-20.26,9,53.92,24.11,0.881,1.77,22.19,0
QQQ,1h,250,50,dip,3.67,2.6,0.244,-19.32,5,80,21.16,3.9,6.68,0.799,-6.72,2,100,11.57,8.69,4.26,0.356,-19.32,7,53.92,24.11,0.881,1.77,22.19,0
QQQ,1h,250,60,dip,5.07,3.59,0.307,-18.95,4,75,20.55,5.51,9.49,1.1,-6.72,2,100,11.66,11.78,5.73,0.452,-18.95,6,53.92,24.11,0.881,1.77,22.19,0
QQQ,1h,250,75,dip,5.64,3.98,0.336,-18.47,4,75,20.02,4.48,7.69,0.913,-6.72,2,100,11.28,12.44,6.05,0.478,-18.47,6,53.92,24.11,0.881,1.77,22.19,0
QQQ,1h,250,100,dip,1.02,0.73,0.123,-18.47,3,66.67,18.66,4.09,7.01,0.883,-6.51,2,100,8.89,8.55,4.19,0.36,-18.47,5,53.92,24.11,0.881,1.77,22.19,0
QQQ,1h,250,125,dip,-1.81,-1.29,-0.017,-18.47,2,50,17.92,4.73,8.12,1.106,-4.27,1,100,8.03,7.42,3.65,0.326,-18.47,3,53.92,24.11,0.881,1.77,22.19,0
QQQ,1h,250,150,dip,-0.62,-0.44,0.043,-17.51,2,0,17.97,6.18,10.67,1.462,-3.17,1,100,7.17,9.96,4.87,0.407,-17.51,3,53.92,24.11,0.881,1.77,22.19,0
QQQ,1h,250,200,dip,4.13,2.93,0.271,-17.45,2,50,17.35,7.85,13.63,2.076,-1.57,1,100,4.88,17.34,8.34,0.644,-17.45,3,53.92,24.11,0.881,1.77,22.19,1
QQQ,1h,250,300,trend,15.34,10.69,0.949,-8.29,1,100,53.36,0,0,0,0,0,0,0,32.14,14.98,1.106,-11.38,2,53.92,24.11,0.881,1.77,22.19,0
QQQ,1h,300,2,dip,2.27,1.61,0.18,-20.57,21,85.71,22.97,6.07,10.48,1.142,-7.04,10,90,14.05,9.21,4.51,0.368,-20.57,32,53.92,24.11,0.881,1.77,22.19,0
QQQ,1h,300,3,dip,2.27,1.61,0.18,-20.57,16,81.25,22.81,6.77,11.7,1.262,-6.72,7,100,14.34,9.99,4.89,0.39,-20.57,25,53.92,24.11,0.881,1.77,22.19,0
QQQ,1h,300,4,dip,1.57,1.12,0.149,-20.81,13,76.92,22.52,7.23,12.52,1.344,-6.72,6,100,14.15,9.1,4.46,0.364,-20.81,20,53.92,24.11,0.881,1.77,22.19,0
QQQ,1h,300,5,dip,2.14,1.52,0.174,-20.26,13,84.62,22.6,7.49,12.98,1.388,-6.72,6,100,14.34,9.3,4.55,0.37,-20.26,19,53.92,24.11,0.881,1.77,22.19,0
QQQ,1h,300,7,dip,0.56,0.4,0.103,-20.02,11,81.82,22.35,6.11,10.55,1.163,-6.72,5,100,13.58,8.65,4.24,0.351,-20.02,17,53.92,24.11,0.881,1.77,22.19,0
QQQ,1h,300,9,dip,-0.65,-0.46,0.047,-20.02,8,75,22.15,8.34,14.5,1.572,-6.72,5,100,13.38,6.92,3.41,0.299,-20.02,13,53.92,24.11,0.881,1.77,22.19,0
QQQ,1h,300,12,dip,-0.4,-0.28,0.059,-20.02,7,71.43,22.23,6.92,11.97,1.338,-6.72,5,100,13.1,7.24,3.56,0.309,-20.02,12,53.92,24.11,0.881,1.77,22.19,0
QQQ,1h,300,15,dip,1.32,0.94,0.138,-20.02,7,71.43,22.07,7.59,13.17,1.453,-6.72,4,100,12.62,8.62,4.23,0.352,-20.02,11,53.92,24.11,0.881,1.77,22.19,0
QQQ,1h,300,20,dip,1.32,0.94,0.138,-20.02,7,71.43,21.78,7.17,12.41,1.404,-6.72,4,100,11.28,9.52,4.66,0.381,-20.02,11,53.92,24.11,0.881,1.77,22.19,0
QQQ,1h,300,25,dip,2.82,2,0.205,-20.02,6,83.33,21.78,6.54,11.3,1.296,-6.72,3,100,10.42,10.66,5.21,0.414,-20.02,9,53.92,24.11,0.881,1.77,22.19,0
QQQ,1h,300,30,dip,4.81,3.4,0.293,-20.02,6,83.33,21.45,5.94,10.25,1.202,-6.72,2,100,9.94,10.4,5.08,0.408,-20.02,9,53.92,24.11,0.881,1.77,22.19,0
QQQ,1h,300,40,dip,2.9,2.05,0.21,-19.32,5,80,20.26,4.74,8.15,0.98,-6.72,2,100,9.94,8.35,4.1,0.347,-19.32,7,53.92,24.11,0.881,1.77,22.19,0
QQQ,1h,300,50,dip,4.32,3.05,0.276,-18.95,5,80,19.85,3.08,5.27,0.674,-6.72,2,100,9.46,10.08,4.93,0.404,-18.95,7,53.92,24.11,0.881,1.77,22.19,0
QQQ,1h,300,60,dip,4.99,3.53,0.307,-18.47,4,75,19.44,3.88,6.64,0.864,-4.83,2,100,7.84,9.44,4.62,0.386,-18.47,6,53.92,24.11,0.881,1.77,22.19,0
QQQ,1h,300,75,dip,2.84,2.01,0.209,-18.47,4,75,18.54,4.52,7.76,1.065,-4.38,1,100,7.07,10.92,5.33,0.438,-18.47,6,53.92,24.11,0.881,1.77,22.19,0
QQQ,1h,300,100,dip,-1.6,-1.14,-0.007,-18.47,2,50,17.92,4.95,8.52,1.179,-3.51,1,100,6.69,7.14,3.52,0.317,-18.47,3,53.92,24.11,0.881,1.77,22.19,0
QQQ,1h,300,125,dip,-0.64,-0.46,0.042,-17.51,2,0,17.92,5.91,10.18,1.417,-3.17,1,100,6.02,10.92,5.33,0.439,-17.51,3,53.92,24.11,0.881,1.77,22.19,0
QQQ,1h,300,150,dip,4.35,3.08,0.281,-17.45,2,50,17.39,6.33,10.93,1.641,-2.44,1,100,4.88,16.69,8.04,0.624,-17.45,3,53.92,24.11,0.881,1.77,22.19,0
QQQ,1h,300,200,dip,5.32,3.76,0.328,-17.45,2,100,16.98,3.02,5.16,1.685,-0.04,1,100,0.67,18.88,9.05,0.709,-17.45,3,53.92,24.11,0.881,1.77,22.19,0
QQQ,1h,300,250,dip,6.92,4.88,0.405,-15.88,2,100,16.61,0,0,0,0,0,0,0,14.37,6.95,0.573,-15.88,2,53.92,24.11,0.881,1.77,22.19,0
IWM,1d,2,3,trend,-46.67,-3.35,-0.151,-67.81,590,36.44,55.99,-23.7,-3.36,-0.127,-42.6,244,38.93,55.03,-58.22,-3.26,-0.136,-67.81,834,745.87,8.44,0.446,0.478,99.87,0
IWM,1d,2,4,trend,-41.34,-2.85,-0.114,-67.27,519,36.22,56.75,-29.12,-4.25,-0.188,-49.64,222,36.04,55.03,-57.31,-3.18,-0.13,-67.27,741,745.87,8.44,0.446,0.478,99.87,0
IWM,1d,2,5,trend,-41.15,-2.84,-0.116,-64.46,477,35.43,57.31,-13.49,-1.81,-0.034,-47.64,198,36.36,55.13,-48.88,-2.51,-0.089,-64.46,676,745.87,8.44,0.446,0.478,99.87,0
IWM,1d,2,7,trend,-21.71,-1.32,-0.013,-60.95,404,34.65,57.98,-15.44,-2.1,-0.05,-47.35,171,35.67,55.43,-34.89,-1.62,-0.029,-60.95,576,745.87,8.44,0.446,0.478,99.87,0
IWM,1d,2,9,trend,-3.97,-0.22,0.06,-59.87,351,31.34,58.34,-16.37,-2.23,-0.061,-46.73,153,32.03,56.29,-21.02,-0.89,0.017,-60.01,505,745.87,8.44,0.446,0.478,99.87,0
IWM,1d,2,12,trend,15.85,0.8,0.128,-55.88,297,32.32,59.1,-10.54,-1.4,-0.008,-49.45,132,36.36,57.24,1.93,0.07,0.081,-55.88,430,745.87,8.44,0.446,0.478,99.87,0
IWM,1d,2,15,trend,14.32,0.73,0.123,-56.51,259,34.36,59.98,7.21,0.88,0.135,-45,115,35.65,57.65,20.43,0.71,0.122,-56.51,375,745.87,8.44,0.446,0.478,99.87,0
IWM,1d,2,20,trend,10.08,0.52,0.109,-53.7,222,36.04,60.54,2.09,0.26,0.096,-45.21,105,36.19,58.95,11.72,0.42,0.103,-53.7,328,745.87,8.44,0.446,0.478,99.87,0
IWM,1d,2,25,trend,31.04,1.48,0.174,-44.28,188,35.64,61.69,24.28,2.78,0.252,-43.85,87,37.93,60.51,50.7,1.57,0.179,-44.28,277,745.87,8.44,0.446,0.478,99.87,0
IWM,1d,2,30,trend,36.33,1.7,0.189,-41.64,180,34.44,62.25,61.35,6.23,0.464,-31.96,72,40.28,60.36,104.41,2.75,0.257,-41.64,254,745.87,8.44,0.446,0.478,99.87,0
IWM,1d,2,40,trend,67.74,2.85,0.268,-35.29,152,36.18,63.45,50.98,5.34,0.403,-30.03,62,35.48,62.17,158.17,3.67,0.317,-35.29,213,745.87,8.44,0.446,0.478,99.87,0
IWM,1d,2,50,trend,101.48,3.87,0.336,-33.79,138,31.88,64.58,26.21,2.98,0.263,-37.36,56,33.93,62.22,158.9,3.68,0.316,-37.36,194,745.87,8.44,0.446,0.478,99.87,0
IWM,1d,2,60,trend,106.3,4.01,0.345,-30.06,115,32.17,65.2,32.62,3.63,0.303,-35.46,51,33.33,61.02,178.87,3.97,0.336,-35.46,168,745.87,8.44,0.446,0.478,99.87,0
IWM,1d,2,75,trend,99.59,3.82,0.332,-27.86,107,29.91,66.47,53.8,5.59,0.423,-29.78,45,33.33,60.26,216.69,4.47,0.368,-29.78,153,745.87,8.44,0.446,0.478,99.87,0
IWM,1d,2,100,trend,132.47,4.68,0.391,-26.77,82,34.15,67.29,55.76,5.76,0.431,-30.92,38,31.58,62.32,259.23,4.97,0.4,-30.92,123,745.87,8.44,0.446,0.478,99.87,0
IWM,1d,2,125,trend,119.9,4.37,0.37,-30.48,79,30.38,68,66.15,6.62,0.479,-25.13,30,33.33,64.54,238.46,4.74,0.385,-30.48,113,745.87,8.44,0.446,0.478,99.87,1
IWM,1d,2,150,trend,123.98,4.47,0.378,-29.5,75,28,68.39,65.57,6.58,0.475,-27.26,29,34.48,63.28,232.62,4.67,0.379,-29.5,109,745.87,8.44,0.446,0.478,99.87,0
IWM,1d,2,200,trend,117.12,4.3,0.365,-32.78,72,29.17,69.28,46.6,4.95,0.384,-32.6,22,22.73,62.68,183.8,4.04,0.34,-32.78,100,745.87,8.44,0.446,0.478,99.87,0
IWM,1d,2,250,trend,124.61,4.49,0.375,-29.99,58,25.86,69.36,65.36,6.56,0.486,-28.08,19,21.05,57.44,226.09,4.59,0.374,-29.99,83,745.87,8.44,0.446,0.478,99.87,1
IWM,1d,2,300,trend,105.48,3.98,0.338,-34.15,50,26,70.68,64.85,6.52,0.482,-28.98,18,22.22,57.39,183.11,4.03,0.335,-34.15,76,745.87,8.44,0.446,0.478,99.87,1
IWM,1d,3,2,dip,248.43,7.01,0.469,-31.62,590,66.95,43.77,95.5,8.84,0.551,-36.04,245,66.12,44.62,581.19,7.55,0.494,-39.22,835,745.87,8.44,0.446,0.478,99.87,1
IWM,1d,3,4,trend,-43.68,-3.07,-0.131,-61.44,439,34.62,57.16,-5.51,-0.71,0.038,-44.77,179,34.64,55.73,-46.57,-2.35,-0.076,-61.44,619,745.87,8.44,0.446,0.478,99.87,0
IWM,1d,3,5,trend,-30.74,-1.97,-0.057,-59.65,400,35.25,57.4,2.84,0.35,0.103,-34.23,163,36.81,54.98,-28.48,-1.26,-0.006,-59.65,564,745.87,8.44,0.446,0.478,99.87,0
IWM,1d,3,7,trend,12.94,0.66,0.119,-55.98,325,32.62,57.83,-1.17,-0.15,0.07,-46.39,139,36.69,55.99,9.76,0.35,0.1,-55.98,465,745.87,8.44,0.446,0.478,99.87,0
IWM,1d,3,9,trend,29.82,1.43,0.17,-54.74,286,34.62,58.26,-4.39,-0.57,0.044,-48.47,128,37.5,56.24,22.06,0.76,0.126,-54.74,415,745.87,8.44,0.446,0.478,99.87,0
IWM,1d,3,12,trend,12.39,0.64,0.117,-54.48,247,34.01,59.01,-15.75,-2.14,-0.058,-46.12,111,35.14,56.99,-6.87,-0.27,0.058,-54.48,359,745.87,8.44,0.446,0.478,99.87,0
IWM,1d,3,15,trend,20.21,1,0.142,-53.24,213,36.15,59.57,10.45,1.26,0.159,-41.71,96,34.38,58.2,33.32,1.1,0.148,-53.24,310,745.87,8.44,0.446,0.478,99.87,0
IWM,1d,3,20,trend,29.98,1.43,0.171,-44.96,175,38.29,60.95,17.75,2.09,0.21,-39.89,84,40.48,59.66,50.93,1.57,0.179,-44.96,260,745.87,8.44,0.446,0.478,99.87,0
IWM,1d,3,25,trend,32.58,1.54,0.178,-44.74,158,34.81,61.99,41.54,4.49,0.354,-39.49,74,40.54,60.66,73.65,2.12,0.215,-44.74,234,745.87,8.44,0.446,0.478,99.87,0
IWM,1d,3,30,trend,37.82,1.76,0.193,-39.35,154,34.42,62.27,60.3,6.14,0.457,-31.96,62,35.48,60.76,106.1,2.78,0.259,-39.35,218,745.87,8.44,0.446,0.478,99.87,0
IWM,1d,3,40,trend,74.82,3.08,0.283,-30.3,123,36.59,64.01,41.64,4.5,0.352,-34.88,49,36.73,62.17,149.31,3.53,0.307,-34.88,172,745.87,8.44,0.446,0.478,99.87,0
IWM,1d,3,50,trend,91.8,3.6,0.319,-30.32,110,32.73,64.83,29.91,3.36,0.285,-35.64,47,34.04,62.68,153.68,3.6,0.312,-35.64,157,745.87,8.44,0.446,0.478,99.87,0
IWM,1d,3,60,trend,114.76,4.23,0.36,-31.62,98,34.69,65.16,35.6,3.92,0.322,-31.87,43,32.56,59.56,197.43,4.22,0.351,-31.87,144,745.87,8.44,0.446,0.478,99.87,0
IWM,1d,3,75,trend,126.81,4.54,0.38,-25.03,88,34.09,66.67,50.75,5.32,0.407,-32.29,34,35.29,60.36,249.25,4.86,0.392,-32.29,124,745.87,8.44,0.446,0.478,99.87,0
IWM,1d,3,100,trend,160.08,5.32,0.434,-26.03,72,36.11,67.44,58.53,5.99,0.445,-29,32,31.25,62.63,316.72,5.57,0.438,-29,106,745.87,8.44,0.446,0.478,99.87,0
IWM,1d,3,125,trend,115.64,4.26,0.362,-32.08,69,31.88,68.28,58.14,5.96,0.438,-28.53,25,32,64.74,232.95,4.67,0.379,-32.08,98,745.87,8.44,0.446,0.478,99.87,0
IWM,1d,3,150,trend,118.19,4.32,0.367,-30.45,62,27.42,68.71,77.01,7.48,0.527,-23.59,21,33.33,63.63,269.84,5.09,0.405,-30.45,87,745.87,8.44,0.446,0.478,99.87,1
IWM,1d,3,200,trend,123.33,4.46,0.375,-32.03,56,30.36,69.4,65.84,6.6,0.48,-31.47,18,22.22,62.83,224.63,4.57,0.373,-32.03,80,745.87,8.44,0.446,0.478,99.87,1
IWM,1d,3,250,trend,132.41,4.68,0.388,-26.5,46,30.43,69.34,80.86,7.77,0.56,-23.71,11,27.27,57.34,254.59,4.92,0.395,-30.34,64,745.87,8.44,0.446,0.478,99.87,1
IWM,1d,3,300,trend,105.17,3.98,0.337,-29.85,44,22.73,70.83,68.88,6.84,0.503,-28.18,13,30.77,57.29,173.53,3.89,0.326,-36.84,66,745.87,8.44,0.446,0.478,99.87,1
IWM,1d,4,2,dip,244.98,6.95,0.465,-35.67,519,68.21,43.01,116.07,10.22,0.618,-36.31,223,65.92,44.62,645.4,7.92,0.512,-39.99,742,745.87,8.44,0.446,0.478,99.87,1
IWM,1d,4,3,dip,289.14,7.65,0.499,-42,440,69.77,42.54,70.67,6.99,0.453,-41.91,180,66.67,43.91,578.62,7.54,0.489,-46.64,620,745.87,8.44,0.446,0.478,99.87,0
IWM,1d,4,5,trend,-5.05,-0.28,0.057,-55.69,334,33.23,57.48,-1.69,-0.21,0.066,-43.98,143,37.06,55.48,-8.2,-0.32,0.056,-55.69,478,745.87,8.44,0.446,0.478,99.87,0
IWM,1d,4,7,trend,54.23,2.38,0.232,-49.18,282,35.11,58.09,-1.04,-0.13,0.072,-46.86,121,38.02,56.44,50.09,1.55,0.177,-49.18,404,745.87,8.44,0.446,0.478,99.87,0
IWM,1d,4,9,trend,29.98,1.43,0.17,-53.71,246,35.37,58.54,-10.06,-1.33,-0.004,-46.93,107,37.38,56.69,14.98,0.53,0.111,-53.71,354,745.87,8.44,0.446,0.478,99.87,0
IWM,1d,4,12,trend,22.88,1.12,0.15,-54.66,206,35.44,58.88,-1.92,-0.24,0.063,-41.38,96,35.42,57.44,18.55,0.65,0.118,-54.66,303,745.87,8.44,0.446,0.478,99.87,0
IWM,1d,4,15,trend,36.09,1.69,0.188,-46.27,175,37.71,59.4,14.17,1.69,0.185,-37.77,82,40.24,58.5,54.45,1.66,0.185,-46.27,258,745.87,8.44,0.446,0.478,99.87,0
IWM,1d,4,20,trend,14.93,0.76,0.125,-46.26,166,37.95,61.02,17.65,2.07,0.209,-36.93,74,36.49,59.91,30.26,1.01,0.142,-46.26,241,745.87,8.44,0.446,0.478,99.87,0
IWM,1d,4,25,trend,49.47,2.2,0.223,-42.22,143,37.06,61.82,50.78,5.32,0.405,-35.53,62,38.71,60.61,110,2.86,0.263,-42.22,207,745.87,8.44,0.446,0.478,99.87,0
IWM,1d,4,30,trend,59.31,2.56,0.247,-36.94,130,37.69,62.76,68.36,6.8,0.489,-36.65,50,38,61.27,168.21,3.82,0.325,-36.94,180,745.87,8.44,0.446,0.478,99.87,1
IWM,1d,4,40,trend,80.33,3.25,0.295,-27.99,108,37.04,64.17,34.44,3.81,0.312,-34.83,44,31.82,62.02,144.43,3.45,0.302,-34.83,152,745.87,8.44,0.446,0.478,99.87,0
IWM,1d,4,50,trend,98.09,3.78,0.329,-26.98,92,33.7,65.07,33.93,3.76,0.309,-30.75,43,30.23,62.68,165.31,3.77,0.322,-30.75,135,745.87,8.44,0.446,0.478,99.87,0
IWM,1d,4,60,trend,138.79,4.84,0.401,-29.33,84,36.9,65.22,45.74,4.87,0.377,-29.98,39,35.9,59.81,267.02,5.06,0.405,-29.98,125,745.87,8.44,0.446,0.478,99.87,0
IWM,1d,4,75,trend,155.44,5.22,0.425,-29.38,74,37.84,66.71,38.61,4.21,0.34,-36.36,33,30.3,60.36,266.61,5.05,0.405,-36.36,109,745.87,8.44,0.446,0.478,99.87,0
IWM,1d,4,100,trend,191.44,5.98,0.476,-24.38,58,39.66,67.51,45.35,4.84,0.375,-31.71,27,29.63,63.03,316.18,5.56,0.436,-31.71,87,745.87,8.44,0.446,0.478,99.87,0
IWM,1d,4,125,trend,123.88,4.47,0.376,-31.36,60,31.67,68.26,72.59,7.14,0.505,-27.03,21,33.33,64.49,263.83,5.02,0.401,-31.36,85,745.87,8.44,0.446,0.478,99.87,1
IWM,1d,4,150,trend,119.34,4.35,0.369,-30.9,54,27.78,68.8,91.3,8.54,0.588,-26.28,18,27.78,63.63,283.81,5.24,0.415,-30.9,76,745.87,8.44,0.446,0.478,99.87,1
IWM,1d,4,200,trend,136.26,4.78,0.398,-30.21,43,30.23,69.21,43.94,4.71,0.367,-31.48,16,18.75,62.98,197,4.22,0.351,-38.6,64,745.87,8.44,0.446,0.478,99.87,0
IWM,1d,4,250,trend,137.82,4.81,0.397,-27.31,42,33.33,69.32,74.74,7.31,0.532,-24.61,10,30,57.19,238.14,4.73,0.383,-34.39,59,745.87,8.44,0.446,0.478,99.87,1
IWM,1d,4,300,trend,122.9,4.44,0.366,-32.78,38,26.32,71.04,68.77,6.84,0.502,-27.89,13,30.77,57.34,213.67,4.43,0.359,-35.12,56,745.87,8.44,0.446,0.478,99.87,1
IWM,1d,5,2,dip,257.31,7.15,0.474,-42,478,69.25,42.37,82.22,7.88,0.497,-39.27,199,66.83,44.52,565.28,7.46,0.486,-43.53,677,745.87,8.44,0.446,0.478,99.87,1
IWM,1d,5,3,dip,232.96,6.74,0.453,-44.15,401,71.82,42.28,62.41,6.32,0.418,-40.67,164,68.29,44.62,443.87,6.64,0.444,-46.02,565,745.87,8.44,0.446,0.478,99.87,0
IWM,1d,5,4,dip,163.48,5.4,0.384,-44.15,335,71.64,42.09,74.02,7.25,0.465,-38.83,144,70.83,44.11,370.83,6.06,0.415,-44.15,479,745.87,8.44,0.446,0.478,99.87,0
IWM,1d,5,7,trend,19.63,0.98,0.14,-52.63,251,36.25,58.17,-9.62,-1.27,-0.001,-45.47,109,37.61,56.44,6.48,0.24,0.092,-52.63,361,745.87,8.44,0.446,0.478,99.87,0
IWM,1d,5,9,trend,5.06,0.27,0.092,-55.76,223,33.63,58.58,-8.92,-1.17,0.006,-46.14,97,38.14,56.94,-5.84,-0.23,0.06,-55.76,321,745.87,8.44,0.446,0.478,99.87,0
IWM,1d,5,12,trend,33.02,1.56,0.179,-47.62,184,37.5,59.06,1.38,0.17,0.09,-41.03,85,36.47,58,35.75,1.17,0.152,-47.62,270,745.87,8.44,0.446,0.478,99.87,0
IWM,1d,5,15,trend,21.78,1.07,0.146,-47.71,163,36.2,59.85,32.01,3.57,0.301,-34.73,72,37.5,58.95,56.13,1.71,0.188,-47.71,236,745.87,8.44,0.446,0.478,99.87,0
IWM,1d,5,20,trend,11.61,0.6,0.114,-45.67,145,35.17,61.1,47.72,5.05,0.388,-32.83,62,37.1,60.31,59.5,1.79,0.193,-45.67,208,745.87,8.44,0.446,0.478,99.87,0
IWM,1d,5,25,trend,61.29,2.63,0.252,-39.16,130,40,61.75,63.07,6.37,0.467,-38.52,51,41.18,60.71,148.66,3.52,0.307,-39.16,182,745.87,8.44,0.446,0.478,99.87,0
IWM,1d,5,30,trend,53.42,2.35,0.233,-36.47,113,43.36,63.2,55.42,5.73,0.425,-37.41,45,37.78,61.27,138.44,3.35,0.295,-37.41,158,745.87,8.44,0.446,0.478,99.87,0
IWM,1d,5,40,trend,104.55,3.96,0.341,-26.09,93,37.63,64.4,34.31,3.8,0.311,-33.87,40,35,62.22,180.31,3.99,0.336,-33.87,133,745.87,8.44,0.446,0.478,99.87,0
IWM,1d,5,50,trend,119.73,4.36,0.369,-30.14,82,37.8,65.39,51.04,5.35,0.402,-25.01,35,31.43,62.78,231.55,4.65,0.379,-30.14,117,745.87,8.44,0.446,0.478,99.87,0
IWM,1d,5,60,trend,152.04,5.14,0.424,-29.59,76,36.84,65.44,46.56,4.95,0.382,-28.84,34,38.24,59.41,286.49,5.26,0.419,-29.59,111,745.87,8.44,0.446,0.478,99.87,0
IWM,1d,5,75,trend,188.13,5.91,0.469,-25.75,61,40.98,66.77,41.8,4.51,0.357,-35.35,29,34.48,60.81,316.47,5.56,0.436,-35.35,91,745.87,8.44,0.446,0.478,99.87,0
IWM,1d,5,100,trend,219.72,6.51,0.511,-26.62,50,40,67.57,42.53,4.58,0.358,-35.15,24,33.33,63.13,344.11,5.82,0.452,-35.15,76,745.87,8.44,0.446,0.478,99.87,0
IWM,1d,5,125,trend,139.03,4.84,0.4,-29.3,54,31.48,68.33,65.29,6.56,0.472,-27.59,19,31.58,64.64,278.73,5.18,0.411,-29.3,75,745.87,8.44,0.446,0.478,99.87,0
IWM,1d,5,150,trend,117.94,4.32,0.366,-31.9,52,28.85,68.78,78.85,7.62,0.536,-27.72,14,28.57,63.38,256.69,4.94,0.396,-31.9,70,745.87,8.44,0.446,0.478,99.87,1
IWM,1d,5,200,trend,153.91,5.19,0.424,-26.68,39,35.9,69.21,33.2,3.69,0.306,-31.8,14,21.43,62.88,191.22,4.14,0.346,-43.72,59,745.87,8.44,0.446,0.478,99.87,0
IWM,1d,5,250,trend,139.7,4.86,0.4,-28.46,40,27.5,69.45,73.34,7.2,0.526,-22.62,7,42.86,57.14,255.37,4.93,0.395,-35.84,53,745.87,8.44,0.446,0.478,99.87,1
IWM,1d,5,300,trend,181.44,5.77,0.451,-28.04,28,39.29,71.19,64.1,6.46,0.48,-26.74,10,30,57.34,303.33,5.44,0.421,-33.43,43,745.87,8.44,0.446,0.478,99.87,1
IWM,1d,7,2,dip,190.17,5.95,0.411,-44.32,405,70.37,41.61,95.63,8.85,0.543,-39.05,172,69.19,44.16,482.91,6.92,0.457,-44.32,577,745.87,8.44,0.446,0.478,99.87,1
IWM,1d,7,3,dip,123.93,4.47,0.334,-44.15,326,72.09,41.74,73.95,7.24,0.463,-38.56,140,74.29,43.61,299.99,5.4,0.38,-44.15,466,745.87,8.44,0.446,0.478,99.87,0
IWM,1d,7,4,dip,72.67,3.01,0.255,-41.77,283,72.08,41.48,77.51,7.52,0.478,-38.56,122,73.77,43.16,214.74,4.45,0.33,-41.77,405,745.87,8.44,0.446,0.478,99.87,1
IWM,1d,7,5,dip,131.83,4.67,0.344,-41.77,252,71.43,41.35,97.17,8.96,0.545,-38.56,110,71.82,43.16,368.7,6.04,0.412,-41.77,362,745.87,8.44,0.446,0.478,99.87,1
IWM,1d,7,9,trend,25.1,1.22,0.156,-46.57,180,36.67,58.75,16.45,1.94,0.201,-34.64,75,37.33,57.49,48.35,1.51,0.175,-46.57,256,745.87,8.44,0.446,0.478,99.87,0
IWM,1d,7,12,trend,22.22,1.09,0.148,-49.15,155,38.06,59.64,19.14,2.24,0.219,-37.07,71,33.8,58.5,43.05,1.37,0.166,-49.15,227,745.87,8.44,0.446,0.478,99.87,0
IWM,1d,7,15,trend,7.11,0.37,0.098,-43.52,146,38.36,60.31,41.59,4.49,0.354,-40.79,63,42.86,59.66,38.13,1.23,0.157,-43.52,211,745.87,8.44,0.446,0.478,99.87,0
IWM,1d,7,20,trend,49.35,2.2,0.223,-41.74,122,37.7,61.45,56.52,5.82,0.435,-36.56,48,39.58,59.91,118.07,3,0.273,-41.74,172,745.87,8.44,0.446,0.478,99.87,0
IWM,1d,7,25,trend,95.92,3.72,0.327,-28.85,101,40.59,62.57,73.28,7.19,0.506,-38.07,38,39.47,61.37,239.48,4.75,0.385,-38.07,139,745.87,8.44,0.446,0.478,99.87,1
IWM,1d,7,30,trend,82.72,3.32,0.298,-26.38,99,39.39,63.37,52.75,5.5,0.408,-38.14,36,36.11,61.77,179.1,3.97,0.334,-38.14,135,745.87,8.44,0.446,0.478,99.87,0
IWM,1d,7,40,trend,114.59,4.23,0.361,-27.92,78,39.74,64.47,42.84,4.61,0.357,-32.71,33,36.36,62.32,211.78,4.41,0.363,-32.71,111,745.87,8.44,0.446,0.478,99.87,0
IWM,1d,7,50,trend,219.44,6.5,0.511,-26.79,67,41.79,65.48,40.36,4.38,0.346,-25.48,30,40,62.58,344.87,5.83,0.454,-26.79,97,745.87,8.44,0.446,0.478,99.87,0
IWM,1d,7,60,trend,209.95,6.33,0.499,-27.62,57,42.11,65.72,42.99,4.62,0.364,-33.16,28,42.86,59.15,362.27,5.98,0.464,-33.16,86,745.87,8.44,0.446,0.478,99.87,0
IWM,1d,7,75,trend,215.08,6.42,0.505,-23.6,51,39.22,66.86,45.6,4.86,0.377,-30.2,27,37.04,61.02,361.25,5.97,0.463,-30.2,80,745.87,8.44,0.446,0.478,99.87,0
IWM,1d,7,100,trend,229.94,6.69,0.521,-24.63,45,42.22,67.53,47.44,5.03,0.386,-34.17,21,28.57,63.08,373.16,6.08,0.468,-34.17,68,745.87,8.44,0.446,0.478,99.87,0
IWM,1d,7,125,trend,140.32,4.87,0.402,-27.96,45,31.11,68.33,67.24,6.71,0.481,-29.69,14,28.57,64.84,267.78,5.07,0.403,-29.69,61,745.87,8.44,0.446,0.478,99.87,1
IWM,1d,7,150,trend,121.49,4.41,0.372,-28.54,43,34.88,68.76,78.56,7.6,0.532,-27.43,11,36.36,63.58,264.26,5.03,0.401,-30.63,57,745.87,8.44,0.446,0.478,99.87,1
IWM,1d,7,200,trend,169.04,5.52,0.447,-27.33,33,42.42,69.08,45.58,4.86,0.377,-31.2,13,23.08,63.08,246.65,4.83,0.39,-36.19,50,745.87,8.44,0.446,0.478,99.87,0
IWM,1d,7,250,trend,132.31,4.68,0.389,-27.8,34,29.41,69.45,66.08,6.62,0.49,-26.04,7,42.86,57.14,215.53,4.46,0.365,-36.14,46,745.87,8.44,0.446,0.478,99.87,1
IWM,1d,7,300,trend,159.29,5.31,0.418,-31.69,26,30.77,71.47,63.04,6.37,0.476,-27.03,7,42.86,57.04,289.41,5.29,0.411,-32.26,37,745.87,8.44,0.446,0.478,99.87,0
IWM,1d,9,2,dip,155.27,5.22,0.372,-44.32,352,72.44,41.22,102.24,9.31,0.565,-38.56,153,74.51,42.76,429.84,6.53,0.437,-44.32,506,745.87,8.44,0.446,0.478,99.87,1
IWM,1d,9,3,dip,104.15,3.95,0.305,-41.77,287,70.03,41.31,82.28,7.88,0.496,-38.56,128,73.44,42.81,281.92,5.22,0.369,-42.4,416,745.87,8.44,0.446,0.478,99.87,1
IWM,1d,9,4,dip,114.64,4.23,0.32,-41.77,247,72.06,40.99,98.73,9.06,0.553,-38.56,107,73.83,42.35,337.72,5.76,0.398,-41.77,355,745.87,8.44,0.446,0.478,99.87,1
IWM,1d,9,5,dip,172.98,5.6,0.392,-41.77,224,76.34,40.94,98.8,9.07,0.554,-38.56,97,73.2,42.05,456.1,6.73,0.447,-41.77,322,745.87,8.44,0.446,0.478,99.87,1
IWM,1d,9,7,dip,135.05,4.75,0.346,-42.89,181,77.35,40.41,56.62,5.83,0.391,-39.34,75,69.33,41.45,271.58,5.11,0.361,-42.89,257,745.87,8.44,0.446,0.478,99.87,0
IWM,1d,9,12,trend,8.93,0.46,0.104,-44.42,146,38.36,60.16,33.95,3.76,0.31,-39.8,62,37.1,59.1,40.77,1.31,0.162,-44.42,209,745.87,8.44,0.446,0.478,99.87,0
IWM,1d,9,15,trend,93.57,3.65,0.32,-34.19,123,37.4,60.85,40.61,4.4,0.348,-39.43,48,41.67,59.46,149.92,3.54,0.307,-39.43,173,745.87,8.44,0.446,0.478,99.87,0
IWM,1d,9,20,trend,93.09,3.63,0.321,-28.65,104,40.38,61.79,53,5.52,0.413,-38.2,41,36.59,60.66,195.43,4.2,0.351,-38.2,145,745.87,8.44,0.446,0.478,99.87,0
IWM,1d,9,25,trend,116.51,4.28,0.363,-23.56,87,42.53,62.81,48.57,5.13,0.386,-42.47,38,39.47,61.42,221.67,4.53,0.37,-42.47,125,745.87,8.44,0.446,0.478,99.87,0
IWM,1d,9,30,trend,149.33,5.08,0.416,-22.22,79,45.57,63.52,52.93,5.51,0.409,-33.02,35,40,62.17,281.31,5.21,0.413,-33.02,114,745.87,8.44,0.446,0.478,99.87,0
IWM,1d,9,40,trend,158.45,5.29,0.43,-29.61,69,43.48,64.81,54.34,5.64,0.416,-26.4,28,42.86,62.78,295.41,5.36,0.423,-29.61,97,745.87,8.44,0.446,0.478,99.87,0
IWM,1d,9,50,trend,211.72,6.36,0.501,-27.26,57,40.35,65.74,32.31,3.6,0.299,-31.53,27,37.04,62.68,310.57,5.51,0.433,-31.53,84,745.87,8.44,0.446,0.478,99.87,0
IWM,1d,9,60,trend,169.9,5.53,0.445,-23.21,51,39.22,66.54,40.73,4.41,0.35,-32.29,27,37.04,59.56,295.26,5.35,0.422,-32.29,79,745.87,8.44,0.446,0.478,99.87,0
IWM,1d,9,75,trend,239.7,6.86,0.534,-23.79,44,45.45,67.1,44.19,4.73,0.369,-29.74,22,31.82,61.37,397.11,6.28,0.482,-29.74,68,745.87,8.44,0.446,0.478,99.87,0
IWM,1d,9,100,trend,207.64,6.29,0.493,-28.27,38,39.47,67.83,48.45,5.12,0.391,-33.14,20,25,63.48,339.42,5.78,0.448,-33.14,60,745.87,8.44,0.446,0.478,99.87,0
IWM,1d,9,125,trend,163.96,5.41,0.436,-28.1,37,40.54,68.33,60.08,6.12,0.446,-27.04,15,26.67,64.94,292.82,5.33,0.419,-29.36,54,745.87,8.44,0.446,0.478,99.87,0
IWM,1d,9,150,trend,162.11,5.37,0.434,-27.49,35,42.86,68.69,81.99,7.86,0.548,-25.72,12,33.33,63.53,308.82,5.49,0.429,-34,50,745.87,8.44,0.446,0.478,99.87,1
IWM,1d,9,200,trend,174.22,5.63,0.454,-29.41,26,38.46,69.08,43.31,4.65,0.364,-30.43,11,27.27,63.08,249.66,4.87,0.393,-36.69,40,745.87,8.44,0.446,0.478,99.87,0
IWM,1d,9,250,trend,127.07,4.55,0.378,-27.53,31,32.26,69.51,60.68,6.17,0.464,-28.03,7,42.86,56.89,222.36,4.54,0.37,-32.14,43,745.87,8.44,0.446,0.478,99.87,0
IWM,1d,9,300,trend,172.7,5.59,0.436,-30.61,22,36.36,71.52,52.05,5.44,0.418,-31.59,7,42.86,56.89,269.21,5.08,0.397,-33.03,33,745.87,8.44,0.446,0.478,99.87,0
IWM,1d,12,2,dip,125.75,4.52,0.334,-41.96,298,71.81,40.47,93.88,8.72,0.538,-38.56,132,75,41.8,349.2,5.87,0.402,-41.96,431,745.87,8.44,0.446,0.478,99.87,1
IWM,1d,12,3,dip,147.93,5.05,0.363,-41.96,248,75,40.51,111.14,9.9,0.591,-38.56,111,72.97,42.05,437.19,6.59,0.439,-41.96,360,745.87,8.44,0.446,0.478,99.87,1
IWM,1d,12,4,dip,131.94,4.67,0.344,-41.33,207,75.85,40.28,84.83,8.07,0.5,-38.56,96,70.83,41.55,339.5,5.78,0.398,-41.33,304,745.87,8.44,0.446,0.478,99.87,1
IWM,1d,12,5,dip,119.99,4.37,0.326,-43.88,185,76.22,40.1,77.76,7.54,0.474,-39.38,85,70.59,40.95,299.3,5.4,0.376,-43.88,271,745.87,8.44,0.446,0.478,99.87,0
IWM,1d,12,7,dip,150.95,5.12,0.366,-43.99,156,76.92,39.5,54.47,5.65,0.385,-38.95,71,73.24,40.39,303.9,5.44,0.38,-43.99,228,745.87,8.44,0.446,0.478,99.87,0
IWM,1d,12,9,dip,184.65,5.84,0.403,-50.91,147,76.19,38.98,38.88,4.24,0.316,-38.77,62,70.97,39.79,319.39,5.59,0.388,-50.91,210,745.87,8.44,0.446,0.478,99.87,0
IWM,1d,12,15,trend,113.91,4.21,0.358,-37.07,104,40.38,61.43,43.6,4.68,0.364,-42.07,42,40.48,60.06,207.17,4.35,0.36,-42.07,146,745.87,8.44,0.446,0.478,99.87,0
IWM,1d,12,20,trend,112.31,4.17,0.356,-20.18,85,42.35,62.42,47.82,5.06,0.382,-41.52,37,37.84,61.12,213.85,4.44,0.364,-41.52,122,745.87,8.44,0.446,0.478,99.87,0
IWM,1d,12,25,trend,160.47,5.33,0.433,-19.52,75,45.33,63.15,56.57,5.83,0.427,-35.46,32,40.63,61.62,307.82,5.48,0.43,-35.46,107,745.87,8.44,0.446,0.478,99.87,0
IWM,1d,12,30,trend,153.41,5.17,0.425,-21.7,69,46.38,63.71,40.3,4.37,0.343,-32.26,32,37.5,62.17,257.15,4.95,0.398,-32.26,100,745.87,8.44,0.446,0.478,99.87,0
IWM,1d,12,40,trend,247.51,6.99,0.541,-22.75,55,45.45,65.05,47.39,5.02,0.38,-30.6,26,38.46,62.58,414.47,6.41,0.489,-30.6,81,745.87,8.44,0.446,0.478,99.87,0
IWM,1d,12,50,trend,164.17,5.41,0.437,-25.39,51,37.25,66,34.48,3.81,0.312,-35.37,26,34.62,62.37,255.92,4.94,0.396,-35.37,77,745.87,8.44,0.446,0.478,99.87,0
IWM,1d,12,60,trend,202.05,6.18,0.483,-25.95,48,41.67,66.86,47.2,5.01,0.385,-32.08,23,34.78,59.96,357.1,5.94,0.457,-32.08,72,745.87,8.44,0.446,0.478,99.87,0
IWM,1d,12,75,trend,220.86,6.53,0.509,-26.59,40,45,67.27,41.16,4.45,0.351,-31.74,21,33.33,61.47,336.73,5.75,0.446,-31.74,63,745.87,8.44,0.446,0.478,99.87,0
IWM,1d,12,100,trend,205.85,6.25,0.491,-24.24,34,44.12,67.87,49.61,5.22,0.395,-29.87,15,26.67,64.08,332.88,5.72,0.443,-29.87,51,745.87,8.44,0.446,0.478,99.87,0
IWM,1d,12,125,trend,198.64,6.12,0.482,-25.87,32,46.88,68.11,60.7,6.18,0.449,-29.43,11,36.36,65.54,343.53,5.82,0.449,-30.46,45,745.87,8.44,0.446,0.478,99.87,0
IWM,1d,12,150,trend,167.86,5.49,0.44,-29.96,25,48,68.78,60.21,6.14,0.448,-29.99,10,30,63.58,285.16,5.25,0.413,-34.5,38,745.87,8.44,0.446,0.478,99.87,0
IWM,1d,12,200,trend,150.19,5.1,0.417,-33.56,26,42.31,69.36,48.87,5.16,0.393,-27.96,12,25,63.23,207.36,4.35,0.358,-39.53,43,745.87,8.44,0.446,0.478,99.87,0
IWM,1d,12,250,trend,122.78,4.44,0.369,-30.37,23,34.78,69.73,67.13,6.7,0.497,-28.14,6,50,56.49,208.64,4.37,0.357,-35.06,34,745.87,8.44,0.446,0.478,99.87,1
IWM,1d,12,300,trend,190.58,5.96,0.456,-31.94,18,38.89,71.67,61.42,6.24,0.468,-30.65,6,50,56.44,312.9,5.53,0.425,-31.94,27,745.87,8.44,0.446,0.478,99.87,0
IWM,1d,15,2,dip,140.26,4.87,0.353,-41.96,260,74.62,39.54,65.29,6.55,0.428,-38.56,115,72.17,41.35,307.52,5.48,0.382,-42.64,376,745.87,8.44,0.446,0.478,99.87,0
IWM,1d,15,3,dip,135.12,4.75,0.347,-40.38,214,76.17,39.59,61.01,6.2,0.412,-38.57,96,67.71,40.74,287.52,5.28,0.372,-41.53,311,745.87,8.44,0.446,0.478,99.87,0
IWM,1d,15,4,dip,117.38,4.3,0.322,-44.36,176,75.57,39.76,58.42,5.98,0.4,-38.79,82,69.51,40.44,256.06,4.94,0.353,-44.36,259,745.87,8.44,0.446,0.478,99.87,0
IWM,1d,15,5,dip,149.46,5.08,0.364,-45.07,164,77.44,39.28,39.23,4.27,0.316,-38.95,72,70.83,39.94,266.08,5.05,0.359,-45.07,237,745.87,8.44,0.446,0.478,99.87,0
IWM,1d,15,7,dip,189.47,5.94,0.408,-50.91,147,77.55,38.83,41.39,4.47,0.331,-38.56,63,73.02,38.08,326.37,5.66,0.392,-50.91,212,745.87,8.44,0.446,0.478,99.87,0
IWM,1d,15,9,dip,66.86,2.82,0.244,-52.98,124,75,38.27,45.13,4.82,0.348,-36.42,48,79.17,38.23,149.95,3.54,0.282,-52.98,174,745.87,8.44,0.446,0.478,99.87,0
IWM,1d,15,12,dip,53.93,2.37,0.22,-50.4,105,75.24,37.67,42.19,4.55,0.334,-36.42,42,71.43,37.58,109.32,2.84,0.245,-50.4,147,745.87,8.44,0.446,0.478,99.87,0
IWM,1d,15,20,trend,152.29,5.15,0.421,-21.29,74,45.95,62.92,52.82,5.5,0.408,-36.29,32,37.5,61.17,285.53,5.25,0.416,-36.29,106,745.87,8.44,0.446,0.478,99.87,0
IWM,1d,15,25,trend,170.92,5.56,0.449,-24.45,67,46.27,63.5,29.38,3.31,0.28,-34.75,34,35.29,61.97,250.52,4.88,0.393,-34.75,101,745.87,8.44,0.446,0.478,99.87,0
IWM,1d,15,30,trend,262.55,7.24,0.558,-24.44,59,47.46,64.23,53.78,5.59,0.413,-27.31,26,42.31,62.22,457.53,6.74,0.51,-27.31,85,745.87,8.44,0.446,0.478,99.87,0
IWM,1d,15,40,trend,169.24,5.52,0.444,-26.01,53,39.62,65.33,30.13,3.38,0.285,-38.1,24,37.5,62.32,254.34,4.92,0.394,-38.1,77,745.87,8.44,0.446,0.478,99.87,0
IWM,1d,15,50,trend,191.79,5.98,0.472,-24.04,46,39.13,66.36,51.63,5.4,0.404,-34.65,22,40.91,62.73,347.66,5.85,0.452,-34.65,68,745.87,8.44,0.446,0.478,99.87,0
IWM,1d,15,60,trend,214.72,6.42,0.498,-25.37,40,45,67.27,29.38,3.31,0.284,-32.7,22,36.36,59.91,310.68,5.51,0.43,-32.7,63,745.87,8.44,0.446,0.478,99.87,0
IWM,1d,15,75,trend,176.05,5.66,0.45,-26.93,36,47.22,67.55,44.78,4.79,0.371,-34.04,20,25,62.07,299.36,5.4,0.422,-34.04,56,745.87,8.44,0.446,0.478,99.87,0
IWM,1d,15,100,trend,171.62,5.57,0.445,-26.14,31,41.94,67.87,40.27,4.37,0.345,-33.89,13,30.77,64.39,271.05,5.1,0.404,-33.89,45,745.87,8.44,0.446,0.478,99.87,0
IWM,1d,15,125,trend,127.01,4.55,0.379,-33.9,29,44.83,68,55.69,5.75,0.426,-31.07,10,40,63.68,211.92,4.41,0.361,-34.53,41,745.87,8.44,0.446,0.478,99.87,0
IWM,1d,15,150,trend,173.83,5.62,0.449,-26.4,24,45.83,68.93,52.43,5.47,0.41,-35.02,10,30,63.18,280.75,5.2,0.41,-35.02,36,745.87,8.44,0.446,0.478,99.87,0
IWM,1d,15,200,trend,148.45,5.06,0.41,-32.79,23,39.13,69.69,47.73,5.05,0.387,-27.77,11,27.27,62.68,276.74,5.16,0.408,-32.79,34,745.87,8.44,0.446,0.478,99.87,0
IWM,1d,15,250,trend,175.1,5.64,0.441,-27.1,20,45,70.31,84.42,8.04,0.585,-25.5,5,60,56.29,280.65,5.2,0.407,-34.88,30,745.87,8.44,0.446,0.478,99.87,1
IWM,1d,15,300,trend,208.14,6.3,0.478,-26.45,17,41.18,71.37,72.01,7.09,0.527,-30.44,5,60,56.29,309.05,5.49,0.422,-34.73,26,745.87,8.44,0.446,0.478,99.87,1
IWM,1d,20,2,dip,153.99,5.19,0.369,-42.59,223,77.58,38.62,72.33,7.12,0.456,-39.17,105,72.38,39.99,352.57,5.9,0.402,-42.59,329,745.87,8.44,0.446,0.478,99.87,0
IWM,1d,20,3,dip,130.39,4.63,0.34,-43.48,176,77.84,38.18,53.22,5.54,0.38,-38.56,84,72.62,39.29,267.93,5.07,0.36,-43.48,261,745.87,8.44,0.446,0.478,99.87,0
IWM,1d,20,4,dip,163.39,5.39,0.38,-47.33,167,77.84,38.12,55.86,5.77,0.392,-38.95,74,75.68,38.98,336.15,5.75,0.396,-47.33,242,745.87,8.44,0.446,0.478,99.87,0
IWM,1d,20,5,dip,178.14,5.71,0.397,-47.52,146,79.45,38.03,25.93,2.96,0.25,-38.95,62,69.35,38.58,270.6,5.1,0.363,-47.52,209,745.87,8.44,0.446,0.478,99.87,0
IWM,1d,20,7,dip,116.52,4.28,0.321,-49.85,123,77.24,37.67,30.37,3.41,0.274,-38.56,48,77.08,37.78,186.79,4.08,0.31,-49.85,173,745.87,8.44,0.446,0.478,99.87,0
IWM,1d,20,9,dip,70.53,2.94,0.25,-51.42,105,75.24,37.3,33.61,3.73,0.291,-36.63,41,73.17,36.97,117.9,3,0.253,-51.42,146,745.87,8.44,0.446,0.478,99.87,0
IWM,1d,20,12,dip,61.88,2.65,0.235,-53.64,86,73.26,36.65,39.14,4.26,0.321,-36.42,37,75.68,36.47,115.12,2.95,0.25,-53.64,123,745.87,8.44,0.446,0.478,99.87,0
IWM,1d,20,15,dip,38.04,1.76,0.187,-51.75,75,69.33,36.16,34.59,3.82,0.298,-36.42,32,75,36.32,78.52,2.22,0.212,-51.75,107,745.87,8.44,0.446,0.478,99.87,0
IWM,1d,20,25,trend,266.1,7.29,0.561,-24.41,52,46.15,64.25,54.36,5.64,0.418,-27.67,25,40,62.07,460.73,6.76,0.511,-27.67,77,745.87,8.44,0.446,0.478,99.87,0
IWM,1d,20,30,trend,175.74,5.66,0.454,-27.43,50,44,64.81,32.9,3.66,0.301,-36.74,26,42.31,62.27,264.81,5.03,0.402,-36.74,76,745.87,8.44,0.446,0.478,99.87,0
IWM,1d,20,40,trend,175.07,5.64,0.449,-24.79,45,37.78,65.91,42.98,4.62,0.36,-35.44,21,42.86,61.97,302.36,5.43,0.425,-35.44,66,745.87,8.44,0.446,0.478,99.87,0
IWM,1d,20,50,trend,173.81,5.62,0.446,-25.67,39,46.15,67.1,32.68,3.64,0.301,-31.21,21,33.33,63.13,263.29,5.02,0.399,-31.21,60,745.87,8.44,0.446,0.478,99.87,0
IWM,1d,20,60,trend,193.87,6.02,0.474,-27.49,37,48.65,67.62,39.4,4.29,0.338,-37.17,18,33.33,64.74,308.26,5.48,0.429,-37.17,55,745.87,8.44,0.446,0.478,99.87,0
IWM,1d,20,75,trend,214.49,6.41,0.498,-30.02,29,48.28,67.57,39.86,4.33,0.343,-33.23,17,23.53,62.53,342.74,5.81,0.447,-33.23,46,745.87,8.44,0.446,0.478,99.87,0
IWM,1d,20,100,trend,159.54,5.31,0.428,-30.98,31,41.94,67.74,40.42,4.38,0.345,-31.63,12,33.33,65.09,244.73,4.81,0.385,-32.26,44,745.87,8.44,0.446,0.478,99.87,0
IWM,1d,20,125,trend,141.12,4.89,0.4,-35.26,27,44.44,68.48,61.07,6.21,0.452,-32.09,9,33.33,63.58,245.48,4.82,0.385,-35.26,38,745.87,8.44,0.446,0.478,99.87,0
IWM,1d,20,150,trend,172.38,5.59,0.446,-32.42,21,52.38,68.84,51.09,5.35,0.405,-32.17,11,27.27,62.83,293.88,5.34,0.419,-32.42,34,745.87,8.44,0.446,0.478,99.87,0
IWM,1d,20,200,trend,139.17,4.84,0.394,-29.33,19,42.11,69.66,55.17,5.71,0.429,-26.58,7,42.86,61.97,238.68,4.74,0.381,-33.33,28,745.87,8.44,0.446,0.478,99.87,0
IWM,1d,20,250,trend,186.71,5.88,0.455,-25.19,17,47.06,70.68,69.83,6.92,0.518,-31.2,5,60,55.89,247.58,4.84,0.383,-40.51,26,745.87,8.44,0.446,0.478,99.87,1
IWM,1d,20,300,trend,257.84,7.16,0.529,-24.4,11,63.64,71.35,71.66,7.07,0.525,-29.38,6,50,56.04,343.71,5.82,0.439,-40.43,21,745.87,8.44,0.446,0.478,99.87,1
IWM,1d,25,2,dip,124.97,4.5,0.332,-45.63,189,78.31,37.45,56.52,5.82,0.399,-38.56,87,73.56,37.22,261.04,4.99,0.356,-45.63,278,745.87,8.44,0.446,0.478,99.87,0
IWM,1d,25,3,dip,130.51,4.64,0.34,-47.45,159,77.99,37.15,39.59,4.3,0.321,-38.56,74,70.27,37.07,229.92,4.63,0.338,-47.45,235,745.87,8.44,0.446,0.478,99.87,0
IWM,1d,25,4,dip,108.19,4.06,0.31,-45.79,144,78.47,37.32,33.09,3.68,0.289,-38.56,62,77.42,37.07,181.8,4.01,0.306,-45.79,208,745.87,8.44,0.446,0.478,99.87,0
IWM,1d,25,5,dip,98.57,3.79,0.295,-48.84,131,77.86,37.37,24.69,2.83,0.244,-38.95,51,76.47,36.97,148.51,3.52,0.28,-48.84,183,745.87,8.44,0.446,0.478,99.87,0
IWM,1d,25,7,dip,68.67,2.88,0.247,-50.55,102,76.47,36.52,18.4,2.16,0.209,-36.82,38,73.68,36.27,91,2.49,0.226,-50.55,140,745.87,8.44,0.446,0.478,99.87,0
IWM,1d,25,9,dip,58.36,2.53,0.228,-51.1,88,73.86,36.27,38.27,4.18,0.317,-36.82,38,76.32,36.17,109.14,2.84,0.245,-51.1,126,745.87,8.44,0.446,0.478,99.87,0
IWM,1d,25,12,dip,33.54,1.58,0.177,-56.62,76,72.37,35.92,31.37,3.51,0.282,-36.82,32,75,35.87,68.56,2,0.2,-56.62,108,745.87,8.44,0.446,0.478,99.87,0
IWM,1d,25,15,dip,32.04,1.52,0.174,-52.96,68,73.53,35.55,55.43,5.73,0.399,-36.42,34,76.47,35.41,101.2,2.69,0.237,-52.96,102,745.87,8.44,0.446,0.478,99.87,0
IWM,1d,25,20,dip,-1.76,-0.1,0.086,-58.74,53,69.81,34.78,32.85,3.65,0.289,-36.42,25,76,35.21,27.83,0.94,0.143,-58.74,78,745.87,8.44,0.446,0.478,99.87,0
IWM,1d,25,30,trend,182.74,5.8,0.458,-27.85,45,40,65.33,22.95,2.64,0.241,-39.8,22,40.91,62.02,249.76,4.87,0.389,-39.8,67,745.87,8.44,0.446,0.478,99.87,0
IWM,1d,25,40,trend,179.37,5.73,0.456,-23.98,42,42.86,66.02,27.45,3.11,0.27,-36.45,22,36.36,62.32,257.27,4.95,0.395,-36.45,64,745.87,8.44,0.446,0.478,99.87,0
IWM,1d,25,50,trend,238.82,6.84,0.524,-24.74,35,48.57,67.62,32.9,3.66,0.302,-37.03,20,30,63.33,343.18,5.81,0.448,-37.03,55,745.87,8.44,0.446,0.478,99.87,0
IWM,1d,25,60,trend,210.33,6.34,0.49,-26.92,30,50,68,30.38,3.41,0.287,-35.87,18,27.78,65.29,308.39,5.49,0.426,-35.87,48,745.87,8.44,0.446,0.478,99.87,0
IWM,1d,25,75,trend,179.55,5.74,0.452,-29.82,27,51.85,67.68,34.17,3.78,0.31,-34.05,16,25,63.03,268.34,5.07,0.4,-34.05,44,745.87,8.44,0.446,0.478,99.87,0
IWM,1d,25,100,trend,178.68,5.72,0.453,-32.57,26,50,67.4,47.79,5.06,0.386,-33.41,11,36.36,63.18,265.09,5.04,0.398,-35,39,745.87,8.44,0.446,0.478,99.87,0
IWM,1d,25,125,trend,200.22,6.15,0.479,-30.84,20,55,68.69,66.2,6.63,0.478,-29.19,10,40,62.83,356.12,5.93,0.454,-32.93,32,745.87,8.44,0.446,0.478,99.87,1
IWM,1d,25,150,trend,169.08,5.52,0.438,-36.73,19,52.63,69.25,52.97,5.52,0.416,-26.14,9,33.33,62.02,278.57,5.18,0.409,-36.73,30,745.87,8.44,0.446,0.478,99.87,0
IWM,1d,25,200,trend,129.75,4.62,0.377,-29.6,16,50,69.64,53.42,5.56,0.417,-27.59,6,50,61.97,195.21,4.19,0.344,-40.78,25,745.87,8.44,0.446,0.478,99.87,0
IWM,1d,25,250,trend,287.12,7.62,0.56,-24.4,11,63.64,70.85,63.88,6.44,0.488,-31.32,5,60,55.58,357.24,5.94,0.448,-40.01,20,745.87,8.44,0.446,0.478,99.87,1
IWM,1d,25,300,trend,374.21,8.81,0.628,-24.4,7,57.14,71.41,60.52,6.16,0.471,-34.42,5,60,55.53,453.99,6.71,0.492,-39.18,17,745.87,8.44,0.446,0.478,99.87,0
IWM,1d,30,2,dip,118.33,4.33,0.323,-46.14,181,79.01,36.89,22.74,2.62,0.233,-38.56,72,72.22,37.37,173.63,3.89,0.299,-46.14,255,745.87,8.44,0.446,0.478,99.87,0
IWM,1d,30,3,dip,122.82,4.44,0.33,-46.51,155,78.71,36.87,25.18,2.88,0.246,-38.56,62,77.42,36.92,183.38,4.03,0.307,-46.51,219,745.87,8.44,0.446,0.478,99.87,0
IWM,1d,30,4,dip,101.04,3.86,0.3,-47.72,131,78.63,36.35,20.92,2.43,0.223,-38.56,50,76,36.42,130.96,3.23,0.265,-47.72,181,745.87,8.44,0.446,0.478,99.87,0
IWM,1d,30,5,dip,112.32,4.17,0.316,-46.53,114,79.82,35.9,30.9,3.46,0.278,-38.56,45,77.78,36.37,165.8,3.78,0.294,-46.53,159,745.87,8.44,0.446,0.478,99.87,0
IWM,1d,30,7,dip,84.96,3.39,0.274,-49.44,100,77,35.71,34.82,3.85,0.299,-36.82,36,75,35.81,138.17,3.35,0.272,-49.44,136,745.87,8.44,0.446,0.478,99.87,0
IWM,1d,30,9,dip,38.84,1.8,0.189,-55.02,80,72.5,35.55,34.01,3.77,0.296,-36.82,35,71.43,35.31,78.77,2.23,0.212,-55.02,115,745.87,8.44,0.446,0.478,99.87,0
IWM,1d,30,12,dip,40.82,1.87,0.193,-55.56,70,74.29,35.34,43.68,4.69,0.344,-36.42,32,71.88,35.21,97.7,2.62,0.233,-55.56,101,745.87,8.44,0.446,0.478,99.87,0
IWM,1d,30,15,dip,-1.63,-0.09,0.086,-59.38,60,71.67,34.8,32.16,3.59,0.285,-36.42,26,73.08,35.11,27.33,0.92,0.142,-59.38,86,745.87,8.44,0.446,0.478,99.87,0
IWM,1d,30,20,dip,31.4,1.49,0.173,-54.83,51,72.55,34.2,53.44,5.56,0.391,-34.35,26,65.38,34.86,97.7,2.62,0.233,-54.83,77,745.87,8.44,0.446,0.478,99.87,0
IWM,1d,30,25,dip,26.92,1.3,0.162,-49.17,46,76.09,33.61,64.8,6.51,0.439,-34.35,22,72.73,34.96,105.22,2.77,0.241,-49.17,68,745.87,8.44,0.446,0.478,99.87,0
IWM,1d,30,40,trend,248.76,7.01,0.534,-26.4,32,56.25,66.82,32.5,3.62,0.3,-36.55,18,33.33,62.98,371.36,6.06,0.463,-36.55,50,745.87,8.44,0.446,0.478,99.87,0
IWM,1d,30,50,trend,223.77,6.58,0.506,-25.59,31,48.39,67.92,47.07,4.99,0.38,-33.29,17,29.41,64.44,381.33,6.15,0.468,-33.29,48,745.87,8.44,0.446,0.478,99.87,0
IWM,1d,30,60,trend,158.52,5.29,0.42,-30.62,29,48.28,68.09,38.62,4.21,0.333,-32.3,16,25,66.05,259.24,4.97,0.392,-32.3,45,745.87,8.44,0.446,0.478,99.87,0
IWM,1d,30,75,trend,151.41,5.13,0.413,-33.03,27,51.85,67.68,32.48,3.62,0.299,-34.4,16,25,64.13,215.96,4.46,0.361,-34.51,43,745.87,8.44,0.446,0.478,99.87,0
IWM,1d,30,100,trend,154.57,5.2,0.418,-36.88,24,45.83,67.94,71.06,7.02,0.502,-30.89,9,33.33,63.23,281.77,5.22,0.409,-36.88,35,745.87,8.44,0.446,0.478,99.87,1
IWM,1d,30,125,trend,206.77,6.27,0.487,-31.18,17,58.82,68.82,48.97,5.16,0.394,-28.32,9,33.33,61.82,299.56,5.4,0.421,-37.92,28,745.87,8.44,0.446,0.478,99.87,0
IWM,1d,30,150,trend,143.61,4.95,0.401,-34.95,17,47.06,69.17,68.4,6.81,0.488,-23.11,7,42.86,61.92,253.77,4.91,0.39,-39.02,26,745.87,8.44,0.446,0.478,99.87,1
IWM,1d,30,200,trend,165.08,5.43,0.427,-26.06,18,44.44,70.16,36.78,4.04,0.327,-32.67,6,50,61.77,200.73,4.27,0.348,-40.95,27,745.87,8.44,0.446,0.478,99.87,0
IWM,1d,30,250,trend,309.57,7.95,0.575,-24.4,8,75,71.67,50.8,5.33,0.42,-35.34,5,60,55.23,329.5,5.69,0.431,-40.18,17,745.87,8.44,0.446,0.478,99.87,0
IWM,1d,30,300,trend,330.18,8.24,0.591,-25.28,6,66.67,71.26,66.36,6.64,0.5,-31.11,5,60,55.33,403.8,6.33,0.468,-39.49,15,745.87,8.44,0.446,0.478,99.87,1
IWM,1d,40,2,dip,85.96,3.42,0.276,-47.87,153,78.43,35.66,32.2,3.59,0.284,-38.56,62,77.42,35.41,130.61,3.22,0.264,-47.87,214,745.87,8.44,0.446,0.478,99.87,0
IWM,1d,40,3,dip,84.1,3.37,0.272,-47.87,124,78.23,35.08,41.97,4.53,0.333,-38.56,49,77.55,35.26,149.97,3.54,0.281,-47.87,173,745.87,8.44,0.446,0.478,99.87,0
IWM,1d,40,4,dip,85.4,3.41,0.275,-48.81,109,79.82,34.91,50.47,5.3,0.374,-36.42,44,75,35.41,166.45,3.79,0.294,-48.81,153,745.87,8.44,0.446,0.478,99.87,0
IWM,1d,40,5,dip,66.42,2.8,0.243,-52.53,94,80.85,34.67,48.65,5.14,0.366,-36.42,40,75,35.16,137.7,3.34,0.271,-52.53,134,745.87,8.44,0.446,0.478,99.87,0
IWM,1d,40,7,dip,61.51,2.64,0.234,-56.32,79,77.22,34.61,41.09,4.44,0.332,-36.42,33,72.73,35.01,119.43,3.03,0.255,-56.32,112,745.87,8.44,0.446,0.478,99.87,0
IWM,1d,40,9,dip,38.07,1.77,0.187,-55.26,70,78.57,34.24,32.39,3.61,0.287,-36.42,28,71.43,34.51,79.22,2.24,0.213,-55.26,98,745.87,8.44,0.446,0.478,99.87,0
IWM,1d,40,12,dip,3.12,0.17,0.1,-58.85,56,71.43,33.98,38.36,4.19,0.317,-36.42,26,76.92,34.56,38.66,1.25,0.16,-58.85,82,745.87,8.44,0.446,0.478,99.87,0
IWM,1d,40,15,dip,35.71,1.67,0.182,-54.54,54,75.93,33.66,55.33,5.72,0.399,-34.35,24,70.83,34.66,105.77,2.78,0.242,-54.54,78,745.87,8.44,0.446,0.478,99.87,0
IWM,1d,40,20,dip,28.23,1.36,0.165,-52.3,46,76.09,32.99,38.69,4.22,0.318,-34.35,21,66.67,34.86,75.55,2.16,0.209,-52.3,67,745.87,8.44,0.446,0.478,99.87,0
IWM,1d,40,25,dip,28.36,1.36,0.165,-50.95,43,79.07,32.04,56.53,5.82,0.403,-34.35,22,72.73,34.41,100.76,2.68,0.237,-50.95,65,745.87,8.44,0.446,0.478,99.87,0
IWM,1d,40,30,dip,3.71,0.2,0.101,-51.35,33,72.73,31.22,47.83,5.06,0.363,-34.35,18,72.22,33.55,54.22,1.66,0.182,-51.35,51,745.87,8.44,0.446,0.478,99.87,0
IWM,1d,40,50,trend,150.36,5.11,0.41,-33.49,28,50,67.85,36.67,4.03,0.321,-35.43,16,25,66.15,229.51,4.63,0.371,-35.43,44,745.87,8.44,0.446,0.478,99.87,0
IWM,1d,40,60,trend,131.84,4.67,0.382,-32.45,28,50,67.85,31.47,3.52,0.294,-34.41,14,28.57,62.93,182.4,4.02,0.333,-34.83,43,745.87,8.44,0.446,0.478,99.87,0
IWM,1d,40,75,trend,158.85,5.3,0.427,-34.53,25,48,67.16,50.79,5.33,0.402,-35.72,11,36.36,62.78,240.3,4.76,0.382,-35.72,38,745.87,8.44,0.446,0.478,99.87,0
IWM,1d,40,100,trend,164.27,5.41,0.43,-33.35,19,57.89,68.52,44.4,4.75,0.368,-32.44,9,33.33,61.97,240.23,4.76,0.379,-34.25,30,745.87,8.44,0.446,0.478,99.87,0
IWM,1d,40,125,trend,157.84,5.27,0.419,-35.88,15,53.33,68.82,48.82,5.15,0.393,-26.25,7,42.86,61.47,258.88,4.97,0.392,-36.23,24,745.87,8.44,0.446,0.478,99.87,0
IWM,1d,40,150,trend,115.63,4.26,0.353,-35.68,18,44.44,69.32,43.4,4.66,0.364,-26.09,6,50,61.82,163.46,3.74,0.315,-40.18,27,745.87,8.44,0.446,0.478,99.87,0
IWM,1d,40,200,trend,228.75,6.67,0.501,-24.4,11,63.64,70.63,50.98,5.34,0.421,-33.57,5,60,55.08,207.58,4.36,0.351,-46.62,21,745.87,8.44,0.446,0.478,99.87,0
IWM,1d,40,250,trend,300.21,7.81,0.563,-27.43,6,66.67,71.78,55.85,5.77,0.448,-34.35,5,60,54.93,295.65,5.36,0.408,-46.25,16,745.87,8.44,0.446,0.478,99.87,0
IWM,1d,40,300,trend,350.78,8.51,0.607,-24.48,5,80,71.09,61.15,6.21,0.474,-29.42,5,60,55.03,393.85,6.25,0.458,-42.57,13,745.87,8.44,0.446,0.478,99.87,0
IWM,1d,50,2,dip,55.87,2.44,0.223,-50.21,138,78.99,34.24,55.18,5.71,0.394,-38.56,56,78.57,35.16,132.91,3.26,0.266,-50.21,194,745.87,8.44,0.446,0.478,99.87,0
IWM,1d,50,3,dip,68.46,2.87,0.246,-51.38,110,80,33.92,52.4,5.47,0.383,-36.42,47,74.47,34.71,147.23,3.49,0.279,-51.38,157,745.87,8.44,0.446,0.478,99.87,0
IWM,1d,50,4,dip,66.67,2.81,0.243,-56.04,92,81.52,33.68,48.54,5.13,0.365,-36.42,43,76.74,34.71,142.72,3.42,0.275,-56.04,135,745.87,8.44,0.446,0.478,99.87,0
IWM,1d,50,5,dip,51.89,2.29,0.216,-54.67,82,79.27,33.33,33.11,3.68,0.29,-36.42,35,74.29,34.56,98.22,2.63,0.234,-54.67,117,745.87,8.44,0.446,0.478,99.87,0
IWM,1d,50,7,dip,6.6,0.35,0.11,-58.53,67,74.63,33.23,45.23,4.83,0.35,-36.42,30,73.33,34.71,51.64,1.59,0.178,-58.53,97,745.87,8.44,0.446,0.478,99.87,0
IWM,1d,50,9,dip,10.93,0.56,0.122,-59.73,57,75.44,32.95,53.95,5.6,0.389,-36.42,27,77.78,34.46,67.45,1.98,0.199,-59.73,84,745.87,8.44,0.446,0.478,99.87,0
IWM,1d,50,12,dip,29.87,1.43,0.169,-53.71,51,80.39,32.64,50.59,5.31,0.374,-34.35,26,73.08,34.66,91.88,2.5,0.227,-53.71,77,745.87,8.44,0.446,0.478,99.87,0
IWM,1d,50,15,dip,18.29,0.92,0.141,-52.05,46,76.09,32.28,32.07,3.58,0.285,-34.35,22,72.73,34.21,54.22,1.66,0.182,-52.05,68,745.87,8.44,0.446,0.478,99.87,0
IWM,1d,50,20,dip,26.07,1.26,0.16,-50.95,39,76.92,31.52,49.45,5.21,0.371,-34.35,21,76.19,33.7,90.28,2.47,0.226,-50.95,60,745.87,8.44,0.446,0.478,99.87,0
IWM,1d,50,25,dip,2.37,0.13,0.097,-51.84,35,74.29,31,51.34,5.37,0.379,-34.35,20,75,33.35,56.92,1.72,0.185,-51.84,55,745.87,8.44,0.446,0.478,99.87,0
IWM,1d,50,30,dip,7.71,0.4,0.112,-50.8,31,70.97,30.68,34.67,3.83,0.298,-34.35,17,76.47,32.14,45.78,1.44,0.17,-50.8,48,745.87,8.44,0.446,0.478,99.87,0
IWM,1d,50,40,dip,36.48,1.7,0.184,-49.05,28,67.86,30.64,47.88,5.07,0.366,-34.35,16,75,30.53,108.9,2.84,0.246,-49.05,44,745.87,8.44,0.446,0.478,99.87,0
IWM,1d,50,60,trend,148.59,5.06,0.409,-34.02,27,44.44,67.81,26.02,2.96,0.261,-40.05,14,28.57,63.88,192.85,4.16,0.343,-40.05,42,745.87,8.44,0.446,0.478,99.87,0
IWM,1d,50,75,trend,167.22,5.48,0.434,-38.84,22,54.55,67.85,29.24,3.29,0.282,-36.75,10,30,62.22,200.64,4.27,0.349,-38.84,35,745.87,8.44,0.446,0.478,99.87,0
IWM,1d,50,100,trend,132.41,4.68,0.38,-32.34,17,41.18,68.52,46.82,4.97,0.382,-26.21,8,37.5,60.81,216.85,4.47,0.36,-35.56,27,745.87,8.44,0.446,0.478,99.87,0
IWM,1d,50,125,trend,161.06,5.34,0.421,-30.26,16,50,69.02,40.03,4.35,0.345,-27.62,6,50,61.82,217.07,4.48,0.36,-39.4,26,745.87,8.44,0.446,0.478,99.87,0
IWM,1d,50,150,trend,172.45,5.59,0.434,-26.92,15,53.33,69.9,20.09,2.34,0.223,-32.99,6,50,61.67,165.29,3.77,0.315,-47.14,25,745.87,8.44,0.446,0.478,99.87,0
IWM,1d,50,200,trend,239.31,6.85,0.507,-28.68,9,66.67,71.6,46.39,4.93,0.395,-35.86,5,60,54.83,224.15,4.56,0.36,-45.26,18,745.87,8.44,0.446,0.478,99.87,0
IWM,1d,50,250,trend,314.58,8.02,0.575,-24.48,6,66.67,71.52,35.35,3.9,0.329,-37.74,5,60,54.68,259.79,4.98,0.383,-47.49,15,745.87,8.44,0.446,0.478,99.87,0
IWM,1d,50,300,trend,304.14,7.87,0.565,-24.48,5,80,71.35,24.52,2.81,0.257,-40.87,5,40,54.78,193.19,4.17,0.332,-52.05,13,745.87,8.44,0.446,0.478,99.87,0
IWM,1d,60,2,dip,55.07,2.41,0.222,-53.03,116,78.45,33.1,43.33,4.65,0.34,-38.56,52,78.85,34.1,121.08,3.06,0.256,-53.03,169,745.87,8.44,0.446,0.478,99.87,0
IWM,1d,60,3,dip,57.54,2.5,0.226,-52.94,99,78.79,33.07,41.07,4.44,0.33,-36.42,44,77.27,33.85,121.06,3.06,0.256,-52.94,145,745.87,8.44,0.446,0.478,99.87,0
IWM,1d,60,4,dip,44.08,2,0.2,-54.63,85,78.82,33.01,31.51,3.52,0.282,-36.61,40,72.5,33.55,83.27,2.33,0.217,-54.63,126,745.87,8.44,0.446,0.478,99.87,0
IWM,1d,60,5,dip,37.82,1.76,0.187,-52.38,77,77.92,32.79,31.56,3.53,0.282,-36.61,35,71.43,33.95,76.99,2.19,0.21,-52.38,112,745.87,8.44,0.446,0.478,99.87,0
IWM,1d,60,7,dip,11.05,0.57,0.122,-55.5,58,75.86,32.47,36.24,3.98,0.305,-36.42,29,75.86,34.05,47.68,1.49,0.173,-55.5,87,745.87,8.44,0.446,0.478,99.87,0
IWM,1d,60,9,dip,28.38,1.36,0.166,-53.71,51,76.47,32.13,37.96,4.15,0.314,-34.35,28,75,33.6,74.09,2.13,0.207,-53.71,79,745.87,8.44,0.446,0.478,99.87,0
IWM,1d,60,12,dip,13.99,0.71,0.13,-54.84,48,77.08,31.78,33.9,3.76,0.294,-34.35,24,75,33.1,50.31,1.56,0.176,-54.84,72,745.87,8.44,0.446,0.478,99.87,0
IWM,1d,60,15,dip,10.46,0.54,0.12,-55.07,40,77.5,31.37,53.22,5.54,0.388,-34.35,23,73.91,33.1,69.12,2.01,0.201,-55.07,63,745.87,8.44,0.446,0.478,99.87,0
IWM,1d,60,20,dip,17.74,0.89,0.139,-50.95,37,75.68,31,44.29,4.74,0.346,-34.35,18,77.78,32.14,70.34,2.04,0.202,-50.95,55,745.87,8.44,0.446,0.478,99.87,0
IWM,1d,60,25,dip,12.44,0.64,0.125,-51.52,30,70,30.62,52.61,5.49,0.386,-34.35,18,77.78,31.49,71.72,2.07,0.204,-51.52,48,745.87,8.44,0.446,0.478,99.87,0
IWM,1d,60,30,dip,35.22,1.65,0.181,-49.05,29,68.97,30.51,44.96,4.8,0.352,-34.35,16,75,30.68,96.03,2.59,0.232,-49.05,45,745.87,8.44,0.446,0.478,99.87,0
IWM,1d,60,40,dip,47.55,2.13,0.208,-49.05,28,71.43,30.68,54.77,5.67,0.399,-34.35,15,80,29.78,144.33,3.45,0.279,-49.05,43,745.87,8.44,0.446,0.478,99.87,0
IWM,1d,60,50,dip,40.96,1.88,0.194,-49.05,27,77.78,30.79,58.95,6.03,0.419,-32.91,14,78.57,28.67,141.49,3.4,0.276,-49.05,41,745.87,8.44,0.446,0.478,99.87,0
IWM,1d,60,75,trend,187.23,5.89,0.459,-34.33,19,52.63,68.35,39.5,4.3,0.342,-29.77,8,37.5,61.12,265.84,5.05,0.396,-35.02,29,745.87,8.44,0.446,0.478,99.87,0
IWM,1d,60,100,trend,126.29,4.53,0.37,-37.4,15,46.67,68.74,38.6,4.21,0.338,-26.58,7,42.86,61.22,195.6,4.2,0.343,-37.4,24,745.87,8.44,0.446,0.478,99.87,0
IWM,1d,60,125,trend,142.98,4.93,0.394,-31.38,16,50,69.6,62.21,6.3,0.48,-29.61,5,60,55.38,157.88,3.66,0.308,-44.1,25,745.87,8.44,0.446,0.478,99.87,1
IWM,1d,60,150,trend,201.75,6.18,0.472,-24.4,11,63.64,69.88,44.41,4.75,0.384,-36.45,5,60,54.98,172.33,3.88,0.321,-48.53,21,745.87,8.44,0.446,0.478,99.87,0
IWM,1d,60,200,trend,258.4,7.17,0.525,-28.3,7,71.43,71.71,44.32,4.74,0.384,-35.13,5,60,54.58,218.01,4.49,0.355,-49.65,17,745.87,8.44,0.446,0.478,99.87,0
IWM,1d,60,250,trend,327.38,8.2,0.586,-24.48,6,66.67,71.04,25.42,2.9,0.264,-38.41,5,40,54.18,240.56,4.76,0.368,-49.5,15,745.87,8.44,0.446,0.478,99.87,0
IWM,1d,60,300,trend,254.24,7.1,0.518,-25.31,7,57.14,71.13,27.09,3.08,0.274,-37.59,4,50,54.43,170.29,3.85,0.312,-52.46,14,745.87,8.44,0.446,0.478,99.87,0
IWM,1d,75,2,dip,67.68,2.84,0.245,-51.1,108,81.48,31.76,24.08,2.76,0.241,-36.42,46,71.74,33.15,105.38,2.77,0.241,-51.1,154,745.87,8.44,0.446,0.478,99.87,0
IWM,1d,75,3,dip,50.96,2.26,0.214,-51.1,89,74.16,31.57,28.3,3.2,0.264,-36.61,35,80,32.85,92.83,2.52,0.228,-51.1,125,745.87,8.44,0.446,0.478,99.87,0
IWM,1d,75,4,dip,32.03,1.52,0.174,-50.95,75,74.67,31.48,39.06,4.25,0.32,-36.61,34,82.35,32.8,81.15,2.28,0.215,-50.95,110,745.87,8.44,0.446,0.478,99.87,0
IWM,1d,75,5,dip,19.98,0.99,0.145,-51.1,62,77.42,31.39,36.59,4.02,0.308,-36.61,30,76.67,32.34,64.44,1.91,0.195,-51.1,92,745.87,8.44,0.446,0.478,99.87,0
IWM,1d,75,7,dip,11.79,0.61,0.124,-51.59,52,71.15,31.29,34.73,3.84,0.298,-34.35,28,75,32.04,51.47,1.59,0.178,-51.59,81,745.87,8.44,0.446,0.478,99.87,0
IWM,1d,75,9,dip,4.56,0.24,0.104,-54.63,45,77.78,31.05,37.49,4.1,0.313,-34.35,23,78.26,31.64,42.58,1.36,0.165,-54.63,69,745.87,8.44,0.446,0.478,99.87,0
IWM,1d,75,12,dip,12.03,0.62,0.124,-53.9,41,75.61,30.79,40.6,4.4,0.329,-34.35,22,77.27,31.54,64.43,1.91,0.195,-53.9,64,745.87,8.44,0.446,0.478,99.87,0
IWM,1d,75,15,dip,30.39,1.45,0.17,-50.95,37,75.68,30.49,38.68,4.22,0.319,-34.35,21,80.95,30.84,80.72,2.27,0.215,-50.95,57,745.87,8.44,0.446,0.478,99.87,0
IWM,1d,75,20,dip,16.5,0.83,0.136,-50.95,30,70,30.44,44.16,4.73,0.347,-34.35,18,77.78,30.33,66.52,1.95,0.198,-50.95,47,745.87,8.44,0.446,0.478,99.87,0
IWM,1d,75,25,dip,34.83,1.63,0.18,-49.05,28,67.86,30.31,53.14,5.53,0.391,-34.35,17,76.47,29.73,105.9,2.78,0.243,-49.05,45,745.87,8.44,0.446,0.478,99.87,0
IWM,1d,75,30,dip,50.15,2.23,0.213,-49.05,28,71.43,30.29,53.23,5.54,0.393,-34.35,17,82.35,28.57,140.71,3.39,0.276,-49.05,44,745.87,8.44,0.446,0.478,99.87,0
IWM,1d,75,40,dip,49.49,2.21,0.211,-49.05,26,76.92,30.79,36.23,3.98,0.31,-33.14,11,72.73,27.36,130.05,3.21,0.266,-49.05,38,745.87,8.44,0.446,0.478,99.87,0
IWM,1d,75,50,dip,50.46,2.24,0.214,-49.05,23,73.91,30.06,59.67,6.09,0.423,-26.93,10,90,27.87,170.56,3.85,0.301,-49.05,35,745.87,8.44,0.446,0.478,99.87,0
IWM,1d,75,60,dip,41.32,1.89,0.195,-49.05,20,70,29.5,43.86,4.7,0.347,-27.22,8,87.5,28.82,125.28,3.13,0.262,-49.05,29,745.87,8.44,0.446,0.478,99.87,0
IWM,1d,75,100,trend,170.72,5.55,0.43,-27.06,15,46.67,69.34,27.36,3.1,0.269,-31.91,6,50,61.67,210.73,4.4,0.352,-41.43,23,745.87,8.44,0.446,0.478,99.87,0
IWM,1d,75,125,trend,192.5,6,0.459,-25.3,14,50,70.01,47.56,5.04,0.402,-34.25,5,60,54.88,196.02,4.2,0.34,-43.57,23,745.87,8.44,0.446,0.478,99.87,0
IWM,1d,75,150,trend,205.13,6.24,0.47,-29.11,10,70,70.81,43.61,4.68,0.379,-34.42,5,60,54.73,187.83,4.09,0.332,-46.21,19,745.87,8.44,0.446,0.478,99.87,0
IWM,1d,75,200,trend,280.42,7.52,0.545,-27.81,6,66.67,71.15,24.31,2.79,0.257,-39.6,5,40,54.18,194.09,4.18,0.334,-50.22,15,745.87,8.44,0.446,0.478,99.87,0
IWM,1d,75,250,trend,246.6,6.98,0.512,-27.3,6,66.67,70.44,24,2.76,0.255,-39.56,4,50,53.97,153.51,3.59,0.298,-52.94,13,745.87,8.44,0.446,0.478,99.87,0
IWM,1d,75,300,trend,227.04,6.64,0.491,-28.52,6,66.67,70.53,33.94,3.76,0.312,-37.19,4,50,54.78,142.79,3.42,0.286,-55.78,13,745.87,8.44,0.446,0.478,99.87,0
IWM,1d,100,2,dip,49.36,2.2,0.211,-51.1,82,81.71,29.47,24.85,2.84,0.246,-36.42,39,79.49,30.68,88.97,2.44,0.224,-51.1,123,745.87,8.44,0.446,0.478,99.87,0
IWM,1d,100,3,dip,33.43,1.58,0.177,-50.95,72,79.17,29.09,23.56,2.71,0.238,-36.61,33,75.76,30.38,64.18,1.9,0.195,-50.95,106,745.87,8.44,0.446,0.478,99.87,0
IWM,1d,100,4,dip,21.09,1.04,0.147,-50.95,58,84.48,29.02,35.57,3.92,0.303,-34.35,28,82.14,29.98,68.18,1.99,0.2,-50.95,87,745.87,8.44,0.446,0.478,99.87,0
IWM,1d,100,5,dip,12.92,0.66,0.126,-53.22,50,76,28.93,38.75,4.22,0.319,-34.35,25,80,29.88,61.82,1.84,0.192,-53.22,76,745.87,8.44,0.446,0.478,99.87,0
IWM,1d,100,7,dip,9.05,0.47,0.115,-53.26,45,77.78,28.96,34.05,3.77,0.295,-34.35,22,77.27,29.88,51.91,1.6,0.179,-53.26,68,745.87,8.44,0.446,0.478,99.87,0
IWM,1d,100,9,dip,17.94,0.9,0.139,-51.1,38,73.68,28.65,35.25,3.89,0.302,-34.35,21,76.19,29.43,65.16,1.92,0.196,-51.1,60,745.87,8.44,0.446,0.478,99.87,0
IWM,1d,100,12,dip,18.39,0.92,0.14,-50.95,34,76.47,28.55,35.09,3.87,0.302,-34.35,16,68.75,28.77,68.31,2,0.2,-50.95,51,745.87,8.44,0.446,0.478,99.87,0
IWM,1d,100,15,dip,34.39,1.62,0.179,-50.95,31,70.97,28.53,47.02,4.99,0.362,-34.35,14,71.43,28.37,98.68,2.64,0.236,-50.95,45,745.87,8.44,0.446,0.478,99.87,0
IWM,1d,100,20,dip,41.58,1.9,0.195,-50.95,31,74.19,28.61,45.26,4.83,0.354,-34.35,13,76.92,27.62,115.52,2.96,0.253,-50.95,44,745.87,8.44,0.446,0.478,99.87,0
IWM,1d,100,25,dip,28.69,1.38,0.166,-49.05,26,76.92,28.91,39,4.25,0.324,-34.35,11,81.82,26.96,98.73,2.64,0.236,-49.05,38,745.87,8.44,0.446,0.478,99.87,0
IWM,1d,100,30,dip,43.31,1.97,0.199,-49.05,24,79.17,28.35,20.77,2.41,0.224,-32.91,9,77.78,26.86,93.79,2.54,0.231,-49.05,34,745.87,8.44,0.446,0.478,99.87,0
IWM,1d,100,40,dip,37.93,1.76,0.188,-49.05,19,68.42,27.66,39.46,4.29,0.327,-29.98,9,88.89,28.02,117.26,2.99,0.256,-49.05,29,745.87,8.44,0.446,0.478,99.87,0
IWM,1d,100,50,dip,56.67,2.47,0.228,-49.05,17,70.59,27.55,40.25,4.37,0.329,-28.51,8,87.5,28.97,133.33,3.27,0.272,-49.05,26,745.87,8.44,0.446,0.478,99.87,0
IWM,1d,100,60,dip,59.95,2.58,0.236,-49.05,15,80,25.89,51.05,5.35,0.383,-26.63,7,85.71,28.47,148.92,3.52,0.287,-49.05,23,745.87,8.44,0.446,0.478,99.87,0
IWM,1d,100,75,dip,34.42,1.62,0.18,-51.88,15,80,25.25,58.76,6.01,0.425,-25.63,6,83.33,27.77,138.35,3.35,0.279,-51.88,22,745.87,8.44,0.446,0.478,99.87,0
IWM,1d,100,125,trend,235.42,6.79,0.501,-27.25,8,62.5,71.32,45.69,4.87,0.391,-32.33,5,60,54.53,198.16,4.23,0.338,-51.86,17,745.87,8.44,0.446,0.478,99.87,0
IWM,1d,100,150,trend,283.16,7.56,0.549,-27.63,6,83.33,70.74,36.85,4.04,0.338,-33.81,5,40,54.23,208.15,4.36,0.345,-52.75,14,745.87,8.44,0.446,0.478,99.87,0
IWM,1d,100,200,trend,252.4,7.07,0.519,-28.05,5,80,70.09,41,4.44,0.357,-34.24,4,50,53.77,185.39,4.06,0.325,-53.48,12,745.87,8.44,0.446,0.478,99.87,0
IWM,1d,100,250,trend,203.86,6.22,0.466,-27.92,5,80,70.2,33.6,3.73,0.311,-36.64,4,50,54.38,116.05,2.97,0.26,-57.27,12,745.87,8.44,0.446,0.478,99.87,0
IWM,1d,100,300,trend,199.26,6.13,0.456,-31.87,5,80,71.24,39.43,4.29,0.341,-38.08,4,50,56.04,117.77,3,0.26,-59.69,12,745.87,8.44,0.446,0.478,99.87,0
IWM,1d,125,2,dip,56.49,2.46,0.226,-51.1,79,78.48,28.53,18.18,2.13,0.208,-36.42,31,74.19,28.47,100.46,2.67,0.237,-51.1,113,745.87,8.44,0.446,0.478,99.87,0
IWM,1d,125,3,dip,63.65,2.71,0.24,-51.1,69,79.71,28.22,26.2,2.98,0.254,-34.35,26,69.23,28.17,110.22,2.86,0.247,-51.1,98,745.87,8.44,0.446,0.478,99.87,0
IWM,1d,125,4,dip,57.84,2.51,0.229,-51.1,60,81.67,28.22,16.26,1.92,0.197,-34.35,22,68.18,28.37,93.57,2.54,0.23,-51.1,85,745.87,8.44,0.446,0.478,99.87,0
IWM,1d,125,5,dip,48.91,2.18,0.211,-51.1,54,77.78,28.16,21.68,2.51,0.228,-34.35,20,70,28.22,88.2,2.43,0.224,-51.1,75,745.87,8.44,0.446,0.478,99.87,0
IWM,1d,125,7,dip,48.69,2.18,0.211,-51.1,45,80,28.09,23.11,2.66,0.237,-34.35,15,66.67,27.97,95.74,2.58,0.232,-51.1,61,745.87,8.44,0.446,0.478,99.87,0
IWM,1d,125,9,dip,36.68,1.71,0.185,-51.1,37,75.68,28.09,28.52,3.22,0.267,-34.35,16,68.75,27.82,84.81,2.36,0.22,-51.1,54,745.87,8.44,0.446,0.478,99.87,0
IWM,1d,125,12,dip,23.3,1.14,0.153,-51.1,32,75,28.27,27.08,3.07,0.26,-34.35,12,66.67,27.16,67.86,1.99,0.2,-51.1,45,745.87,8.44,0.446,0.478,99.87,0
IWM,1d,125,15,dip,58.1,2.52,0.23,-50.95,29,75.86,28.33,32.02,3.57,0.287,-34.35,11,90.91,26.46,132.93,3.26,0.27,-50.95,41,745.87,8.44,0.446,0.478,99.87,0
IWM,1d,125,20,dip,48.56,2.17,0.211,-50.95,27,77.78,27.84,28.26,3.19,0.267,-34.35,9,77.78,26.51,110.26,2.86,0.248,-50.95,37,745.87,8.44,0.446,0.478,99.87,0
IWM,1d,125,25,dip,24.51,1.2,0.155,-50.95,20,75,27.55,20.7,2.41,0.223,-30.82,10,60,27.21,66,1.94,0.198,-50.95,31,745.87,8.44,0.446,0.478,99.87,0
IWM,1d,125,30,dip,19.1,0.95,0.141,-49.97,17,70.59,27.36,35.82,3.94,0.308,-26.93,9,88.89,28.02,85.44,2.37,0.221,-49.97,27,745.87,8.44,0.446,0.478,99.87,0
IWM,1d,125,40,dip,42.88,1.96,0.199,-49.05,15,60,25.85,40.67,4.41,0.332,-28.29,7,85.71,28.22,108.68,2.83,0.248,-49.05,23,745.87,8.44,0.446,0.478,99.87,0
IWM,1d,125,50,dip,38.48,1.78,0.189,-52.51,16,81.25,25.61,46.75,4.97,0.363,-26.65,6,83.33,27.72,131.5,3.24,0.271,-52.51,25,745.87,8.44,0.446,0.478,99.87,0
IWM,1d,125,60,dip,50.47,2.24,0.217,-50.95,16,81.25,24.97,59.03,6.04,0.426,-24.5,5,80,27.52,188.2,4.1,0.321,-50.95,24,745.87,8.44,0.446,0.478,99.87,0
IWM,1d,125,75,dip,25.25,1.23,0.157,-53.71,13,69.23,24.45,72.54,7.13,0.49,-22.38,5,80,27.97,151.43,3.56,0.291,-53.71,22,745.87,8.44,0.446,0.478,99.87,1
IWM,1d,125,100,dip,10.08,0.52,0.113,-55.97,7,71.43,23.01,96.99,8.94,0.604,-22.38,5,80,28.22,151.59,3.56,0.294,-55.97,16,745.87,8.44,0.446,0.478,99.87,1
IWM,1d,125,150,trend,267.5,7.32,0.535,-26.6,6,66.67,70.29,42.49,4.58,0.371,-31.58,4,50,53.47,192.84,4.16,0.332,-54.71,13,745.87,8.44,0.446,0.478,99.87,0
IWM,1d,125,200,trend,208.33,6.3,0.472,-30.6,5,80,70.05,36.47,4.01,0.328,-35.58,4,50,54.12,122.56,3.08,0.267,-57.56,12,745.87,8.44,0.446,0.478,99.87,0
IWM,1d,125,250,trend,202.29,6.19,0.459,-28.92,6,66.67,70.85,35.73,3.94,0.321,-38.35,4,50,55.33,114.94,2.95,0.257,-58.33,13,745.87,8.44,0.446,0.478,99.87,0
IWM,1d,125,300,trend,167.27,5.48,0.411,-31.06,5,80,71.91,59.19,6.05,0.44,-37.97,3,66.67,57.9,175.3,3.92,0.309,-47.89,9,745.87,8.44,0.446,0.478,99.87,0
IWM,1d,150,2,dip,53.89,2.37,0.221,-51.1,75,82.67,28.03,19.49,2.28,0.216,-36.51,30,73.33,27.21,104.32,2.75,0.241,-51.1,109,745.87,8.44,0.446,0.478,99.87,0
IWM,1d,150,3,dip,60.46,2.6,0.234,-51.1,62,83.87,27.71,12.84,1.54,0.176,-34.35,22,68.18,26.86,88.67,2.44,0.224,-51.1,87,745.87,8.44,0.446,0.478,99.87,0
IWM,1d,150,4,dip,61.9,2.65,0.236,-51.1,54,81.48,27.6,5.48,0.68,0.128,-34.35,19,63.16,26.81,85.05,2.36,0.22,-51.1,76,745.87,8.44,0.446,0.478,99.87,0
IWM,1d,150,5,dip,63.33,2.7,0.239,-51.1,52,80.77,27.62,11.69,1.41,0.168,-34.35,15,60,27.01,100.57,2.68,0.237,-51.1,70,745.87,8.44,0.446,0.478,99.87,0
IWM,1d,150,7,dip,63.53,2.7,0.24,-53.71,43,81.4,27.6,13.64,1.63,0.181,-34.35,12,66.67,26.66,100.81,2.68,0.238,-53.71,57,745.87,8.44,0.446,0.478,99.87,0
IWM,1d,150,9,dip,35.95,1.68,0.183,-53.71,35,77.14,27.64,11.43,1.38,0.167,-34.35,12,66.67,26.71,75.92,2.17,0.21,-53.71,49,745.87,8.44,0.446,0.478,99.87,0
IWM,1d,150,12,dip,34.05,1.6,0.178,-53.71,25,72,27.53,28.37,3.21,0.267,-34.35,10,90,26.56,88.6,2.44,0.225,-53.71,37,745.87,8.44,0.446,0.478,99.87,0
IWM,1d,150,15,dip,32.12,1.52,0.174,-53.71,24,75,27.34,34.93,3.86,0.302,-34.35,10,90,26.96,92.46,2.52,0.229,-53.71,35,745.87,8.44,0.446,0.478,99.87,0
IWM,1d,150,20,dip,33.5,1.58,0.177,-51.1,21,71.43,27.34,32.61,3.63,0.289,-32.91,11,81.82,27.21,86.77,2.4,0.223,-51.1,33,745.87,8.44,0.446,0.478,99.87,0
IWM,1d,150,25,dip,38.94,1.8,0.19,-50.95,19,73.68,26.8,32.27,3.6,0.288,-25.69,9,88.89,27.82,100.28,2.67,0.238,-50.95,29,745.87,8.44,0.446,0.478,99.87,0
IWM,1d,150,30,dip,50.87,2.26,0.217,-50.95,17,70.59,25.51,22.42,2.59,0.233,-29.83,7,85.71,27.87,111.19,2.88,0.251,-50.95,25,745.87,8.44,0.446,0.478,99.87,0
IWM,1d,150,40,dip,68.98,2.89,0.254,-50.95,18,83.33,25.29,42.63,4.59,0.342,-25.74,6,83.33,27.82,181.15,4,0.314,-50.95,26,745.87,8.44,0.446,0.478,99.87,0
IWM,1d,150,50,dip,36.51,1.7,0.185,-53.71,15,80,24.64,67.57,6.74,0.464,-23.23,6,83.33,27.67,184.64,4.05,0.318,-53.71,24,745.87,8.44,0.446,0.478,99.87,0
IWM,1d,150,60,dip,20.19,1,0.143,-55.97,10,80,24.56,76.3,7.43,0.506,-22.38,5,80,27.87,170.23,3.84,0.307,-55.97,20,745.87,8.44,0.446,0.478,99.87,1
IWM,1d,150,75,dip,22.23,1.1,0.148,-55.97,9,77.78,23.54,93.1,8.67,0.587,-22.38,5,80,28.07,163.26,3.74,0.303,-55.97,18,745.87,8.44,0.446,0.478,99.87,1
IWM,1d,150,100,dip,1.02,0.05,0.083,-55.97,5,80,20.46,109.71,9.81,0.658,-22.38,5,80,28.52,155.48,3.62,0.301,-55.97,13,745.87,8.44,0.446,0.478,99.87,1
IWM,1d,150,125,dip,6.36,0.34,0.1,-55.97,5,80,20.63,105.39,9.52,0.645,-22.38,4,75,29.23,171.82,3.87,0.316,-55.97,12,745.87,8.44,0.446,0.478,99.87,1
IWM,1d,150,200,trend,191,5.97,0.448,-34.13,5,80,70.22,42.91,4.61,0.363,-34.27,4,50,54.68,108.83,2.83,0.251,-60.1,12,745.87,8.44,0.446,0.478,99.87,0
IWM,1d,150,250,trend,198.79,6.12,0.451,-28.92,7,57.14,71.3,59.22,6.05,0.441,-39.81,3,66.67,57.44,165.22,3.77,0.302,-54.93,13,745.87,8.44,0.446,0.478,99.87,0
IWM,1d,150,300,trend,211.79,6.36,0.461,-28.92,4,75,71.93,52.25,5.45,0.404,-39.57,3,66.67,56.89,204.91,4.32,0.33,-47.56,8,745.87,8.44,0.446,0.478,99.87,0
IWM,1d,200,2,dip,65.34,2.77,0.244,-51.1,72,86.11,25.7,33.76,3.74,0.295,-34.35,21,80.95,26.61,151.35,3.56,0.286,-51.1,99,745.87,8.44,0.446,0.478,99.87,0
IWM,1d,200,3,dip,60.95,2.62,0.236,-51.1,56,82.14,25.55,18.8,2.2,0.212,-34.35,17,76.47,26.46,121.07,3.06,0.259,-51.1,79,745.87,8.44,0.446,0.478,99.87,0
IWM,1d,200,4,dip,54.53,2.39,0.223,-51.8,43,79.07,25.74,37.21,4.08,0.313,-34.35,15,73.33,26.31,146.33,3.48,0.282,-51.8,63,745.87,8.44,0.446,0.478,99.87,0
IWM,1d,200,5,dip,44.49,2.02,0.202,-53.71,39,84.62,25.74,45.9,4.89,0.356,-34.35,13,92.31,26.36,152.73,3.58,0.287,-53.71,58,745.87,8.44,0.446,0.478,99.87,0
IWM,1d,200,7,dip,37.06,1.73,0.185,-53.71,33,81.82,25.81,33.65,3.73,0.295,-34.35,12,91.67,26.16,114.18,2.93,0.252,-53.71,49,745.87,8.44,0.446,0.478,99.87,0
IWM,1d,200,9,dip,36.31,1.69,0.184,-53.71,26,80.77,25.79,33.79,3.75,0.296,-34.35,10,90,26.11,116,2.97,0.254,-53.71,39,745.87,8.44,0.446,0.478,99.87,0
IWM,1d,200,12,dip,50.08,2.23,0.214,-53.71,26,76.92,25.44,28.64,3.23,0.269,-34.35,11,90.91,25.96,145.97,3.47,0.282,-53.71,42,745.87,8.44,0.446,0.478,99.87,0
IWM,1d,200,15,dip,48.49,2.17,0.211,-53.71,23,78.26,25.03,29.79,3.35,0.275,-33.11,10,80,26.51,98.58,2.64,0.236,-53.71,33,745.87,8.44,0.446,0.478,99.87,0
IWM,1d,200,20,dip,54.22,2.38,0.224,-53.71,19,78.95,25.03,32.86,3.66,0.291,-25.69,7,85.71,27.82,121.39,3.06,0.26,-53.71,27,745.87,8.44,0.446,0.478,99.87,0
IWM,1d,200,25,dip,56.52,2.46,0.228,-53.71,16,81.25,25.01,36.62,4.02,0.311,-25.87,6,83.33,27.72,147.62,3.5,0.285,-53.71,24,745.87,8.44,0.446,0.478,99.87,0
IWM,1d,200,30,dip,36.05,1.68,0.184,-53.71,18,83.33,24.47,49.53,5.21,0.375,-25.87,6,83.33,27.87,143.79,3.44,0.282,-53.71,26,745.87,8.44,0.446,0.478,99.87,0
IWM,1d,200,40,dip,13.68,0.7,0.125,-55.97,11,72.73,23.91,70.86,7,0.479,-22.38,5,80,27.82,146.69,3.49,0.286,-55.97,20,745.87,8.44,0.446,0.478,99.87,1
IWM,1d,200,50,dip,7.14,0.37,0.105,-56.01,8,75,22.83,73.92,7.24,0.496,-22.38,5,80,28.02,127.85,3.17,0.27,-56.01,17,745.87,8.44,0.446,0.478,99.87,1
IWM,1d,200,60,dip,2.49,0.13,0.09,-55.97,6,66.67,22.66,92.15,8.6,0.583,-22.38,5,80,28.22,134.39,3.29,0.277,-55.97,16,745.87,8.44,0.446,0.478,99.87,1
IWM,1d,200,75,dip,-2.37,-0.13,0.073,-55.97,5,80,22.92,130.86,11.15,0.735,-22.38,5,80,28.57,156.57,3.64,0.299,-55.97,14,745.87,8.44,0.446,0.478,99.87,1
IWM,1d,200,100,dip,10.76,0.56,0.114,-55.97,4,75,20.42,114.61,10.13,0.698,-22.38,4,100,28.87,178.52,3.96,0.324,-55.97,11,745.87,8.44,0.446,0.478,99.87,1
IWM,1d,200,125,dip,21.5,1.06,0.146,-54.27,4,75,20.35,108.24,9.71,0.679,-22.38,4,100,28.47,242.8,4.79,0.375,-54.27,11,745.87,8.44,0.446,0.478,99.87,1
IWM,1d,200,150,dip,29.75,1.42,0.169,-54.27,4,75,20.09,107.09,9.63,0.685,-22.38,4,75,27.87,268.19,5.07,0.395,-54.27,11,745.87,8.44,0.446,0.478,99.87,1
IWM,1d,200,250,trend,223.84,6.58,0.475,-28.92,4,75,71.35,75.7,7.38,0.517,-33.85,2,100,55.23,259.4,4.97,0.366,-43.77,6,745.87,8.44,0.446,0.478,99.87,1
IWM,1d,200,300,trend,183.55,5.82,0.43,-28.92,4,75,71.22,80.37,7.74,0.53,-29.5,2,100,56.69,269.25,5.08,0.371,-41.14,6,745.87,8.44,0.446,0.478,99.87,1
IWM,1d,250,2,dip,60.26,2.59,0.235,-51.8,59,84.75,24.8,18.34,2.15,0.209,-34.35,19,78.95,25.96,120.13,3.04,0.258,-51.8,83,745.87,8.44,0.446,0.478,99.87,0
IWM,1d,250,3,dip,59.91,2.58,0.234,-51.8,47,82.98,24.8,14.15,1.69,0.184,-34.35,11,72.73,26.01,110.77,2.87,0.249,-51.8,64,745.87,8.44,0.446,0.478,99.87,0
IWM,1d,250,4,dip,57.02,2.48,0.229,-53.71,43,83.72,24.82,18.29,2.14,0.209,-34.35,10,80,26.16,122.35,3.08,0.26,-53.71,59,745.87,8.44,0.446,0.478,99.87,0
IWM,1d,250,5,dip,56.16,2.45,0.227,-53.71,41,82.93,24.69,17.15,2.02,0.202,-34.35,7,71.43,26.16,113.1,2.91,0.251,-53.71,53,745.87,8.44,0.446,0.478,99.87,0
IWM,1d,250,7,dip,64.35,2.73,0.243,-53.71,35,82.86,24.47,22.27,2.57,0.232,-34.35,7,71.43,26.16,145.09,3.46,0.282,-53.71,46,745.87,8.44,0.446,0.478,99.87,0
IWM,1d,250,9,dip,68.75,2.88,0.252,-53.71,32,84.38,24.41,23.77,2.73,0.24,-34.35,7,71.43,26.36,140.77,3.39,0.278,-53.71,43,745.87,8.44,0.446,0.478,99.87,0
IWM,1d,250,12,dip,71.84,2.98,0.259,-53.71,24,79.17,24.17,20.94,2.43,0.225,-32.91,6,83.33,26.66,151.55,3.56,0.288,-53.71,34,745.87,8.44,0.446,0.478,99.87,0
IWM,1d,250,15,dip,39.67,1.83,0.192,-53.71,21,71.43,23.59,14.45,1.72,0.186,-30.82,5,80,26.81,104.94,2.76,0.244,-53.71,30,745.87,8.44,0.446,0.478,99.87,0
IWM,1d,250,20,dip,34.07,1.6,0.179,-53.77,18,72.22,23.16,31.66,3.54,0.285,-25.87,5,100,27.11,124.82,3.12,0.265,-53.77,26,745.87,8.44,0.446,0.478,99.87,0
IWM,1d,250,25,dip,-0.4,-0.02,0.081,-56.37,12,66.67,22.92,36.44,4,0.311,-25.87,5,100,27.41,71.42,2.07,0.205,-56.37,20,745.87,8.44,0.446,0.478,99.87,0
IWM,1d,250,30,dip,-8.43,-0.48,0.053,-56.49,8,62.5,22.88,52.57,5.48,0.39,-23.72,5,100,27.72,77.51,2.2,0.213,-56.49,16,745.87,8.44,0.446,0.478,99.87,0
IWM,1d,250,40,dip,-7.94,-0.45,0.054,-57.03,5,60,22.64,63.37,6.4,0.449,-22.38,5,100,27.92,88.96,2.44,0.228,-57.03,15,745.87,8.44,0.446,0.478,99.87,0
IWM,1d,250,50,dip,-10.72,-0.61,0.043,-55.97,5,60,22.81,104.89,9.49,0.633,-22.38,5,80,28.12,109,2.84,0.251,-55.97,14,745.87,8.44,0.446,0.478,99.87,1
IWM,1d,250,60,dip,-11.65,-0.67,0.04,-55.97,5,80,22.98,128.82,11.02,0.729,-22.38,5,80,28.57,125.25,3.13,0.27,-55.97,14,745.87,8.44,0.446,0.478,99.87,1
IWM,1d,250,75,dip,12.77,0.65,0.12,-55.97,5,80,20.48,136.01,11.46,0.757,-22.38,4,100,28.72,213.99,4.44,0.351,-55.97,12,745.87,8.44,0.446,0.478,99.87,1
IWM,1d,250,100,dip,24.33,1.19,0.154,-54.27,4,75,20.18,126.51,10.88,0.75,-22.38,4,100,28.27,256.11,4.94,0.385,-54.27,11,745.87,8.44,0.446,0.478,99.87,1
IWM,1d,250,125,dip,23.08,1.13,0.15,-54.27,5,80,19.4,118.05,10.35,0.731,-18.78,4,100,27.21,252.49,4.9,0.387,-54.27,12,745.87,8.44,0.446,0.478,99.87,1
IWM,1d,250,150,dip,24.68,1.2,0.155,-54.27,6,66.67,18.84,79.97,7.71,0.59,-17.93,3,100,25.05,186.4,4.07,0.34,-54.27,12,745.87,8.44,0.446,0.478,99.87,1
IWM,1d,250,200,dip,11.75,0.6,0.115,-54.27,3,66.67,18.54,53.66,5.58,0.453,-17.99,2,100,27.16,106.3,2.79,0.259,-54.27,5,745.87,8.44,0.446,0.478,99.87,0
IWM,1d,250,300,trend,165.03,5.43,0.406,-28.92,4,75,71.11,57.6,5.92,0.423,-37.55,2,100,57.65,215.28,4.45,0.335,-41.14,6,745.87,8.44,0.446,0.478,99.87,0
IWM,1d,300,2,dip,80.19,3.25,0.276,-51.8,50,88,21.09,24.19,2.77,0.243,-34.35,18,77.78,25.96,160.5,3.7,0.297,-51.8,75,745.87,8.44,0.446,0.478,99.87,0
IWM,1d,300,3,dip,81.77,3.3,0.279,-53.71,44,88.64,20.94,21.95,2.54,0.23,-34.35,13,84.62,26.06,172.88,3.88,0.308,-53.71,65,745.87,8.44,0.446,0.478,99.87,0
IWM,1d,300,4,dip,67.56,2.84,0.253,-53.71,38,86.84,20.7,19.46,2.27,0.216,-34.35,13,84.62,25.96,139.45,3.37,0.28,-53.71,55,745.87,8.44,0.446,0.478,99.87,0
IWM,1d,300,5,dip,34.31,1.61,0.18,-53.71,28,82.14,20.55,23.3,2.68,0.238,-34.35,10,80,25.96,89.15,2.45,0.227,-53.71,42,745.87,8.44,0.446,0.478,99.87,0
IWM,1d,300,7,dip,46.13,2.08,0.208,-53.71,26,84.62,20.27,22.64,2.61,0.234,-34.35,7,85.71,26.16,97.33,2.61,0.237,-53.71,36,745.87,8.44,0.446,0.478,99.87,0
IWM,1d,300,9,dip,40.2,1.85,0.194,-53.87,22,81.82,20.2,32.77,3.65,0.29,-32.91,7,85.71,26.26,110,2.86,0.251,-53.87,32,745.87,8.44,0.446,0.478,99.87,0
IWM,1d,300,12,dip,33.39,1.58,0.178,-55.34,18,88.89,20.01,38.95,4.24,0.325,-25.69,6,83.33,26.61,90.83,2.48,0.23,-55.34,26,745.87,8.44,0.446,0.478,99.87,0
IWM,1d,300,15,dip,23.49,1.15,0.152,-56.19,17,88.24,20.22,29.99,3.37,0.276,-25.87,5,100,26.71,89.11,2.45,0.228,-56.19,25,745.87,8.44,0.446,0.478,99.87,0
IWM,1d,300,20,dip,7.89,0.41,0.106,-57.64,11,72.73,20.2,30.1,3.38,0.277,-25.87,6,100,26.96,76.66,2.18,0.213,-57.64,20,745.87,8.44,0.446,0.478,99.87,0
IWM,1d,300,25,dip,-18.82,-1.13,0.009,-57.43,6,50,20.07,60.7,6.18,0.434,-22.38,5,100,27.36,41,1.31,0.162,-57.43,16,745.87,8.44,0.446,0.478,99.87,0
IWM,1d,300,30,dip,-11.96,-0.69,0.036,-56.66,5,60,20.18,55.06,5.7,0.409,-22.38,5,80,27.57,52.73,1.62,0.18,-56.66,14,745.87,8.44,0.446,0.478,99.87,0
IWM,1d,300,40,dip,-16.77,-0.99,0.016,-55.97,4,50,20.25,72.08,7.1,0.5,-22.38,5,80,27.77,54.53,1.67,0.183,-55.97,12,745.87,8.44,0.446,0.478,99.87,1
IWM,1d,300,50,dip,-6.03,-0.34,0.057,-55.97,4,75,19.92,130.46,11.12,0.737,-22.38,5,80,27.97,163.47,3.75,0.31,-55.97,12,745.87,8.44,0.446,0.478,99.87,1
IWM,1d,300,60,dip,10.09,0.52,0.112,-54.27,6,83.33,19.92,130.27,11.11,0.741,-22.38,4,75,28.27,193.83,4.18,0.336,-54.27,13,745.87,8.44,0.446,0.478,99.87,1
IWM,1d,300,75,dip,14.05,0.72,0.124,-54.27,5,60,19.9,125.93,10.85,0.748,-22.38,4,100,27.87,212.85,4.42,0.354,-54.27,12,745.87,8.44,0.446,0.478,99.87,1
IWM,1d,300,100,dip,26.17,1.27,0.159,-54.27,4,75,19.08,105.28,9.51,0.696,-17.93,4,100,26.46,253.08,4.9,0.388,-54.27,11,745.87,8.44,0.446,0.478,99.87,1
IWM,1d,300,125,dip,38.54,1.78,0.193,-54.27,4,75,18.31,69.4,6.89,0.543,-17.93,3,100,24.5,174.9,3.91,0.331,-54.27,8,745.87,8.44,0.446,0.478,99.87,1
IWM,1d,300,150,dip,20.29,1.01,0.142,-54.27,3,66.67,18.15,72.38,7.12,0.569,-17.93,3,100,25.35,151.39,3.56,0.31,-54.27,7,745.87,8.44,0.446,0.478,99.87,1
IWM,1d,300,200,dip,27.63,1.33,0.164,-54.27,3,66.67,18.67,42.85,4.61,0.408,-17.99,2,100,25.3,100.8,2.68,0.254,-54.27,5,745.87,8.44,0.446,0.478,99.87,0
IWM,1d,300,250,dip,61.26,2.63,0.246,-54.27,4,75,21.91,54.59,5.66,0.526,-17.99,2,100,23.44,177.72,3.95,0.336,-54.27,6,745.87,8.44,0.446,0.478,99.87,1
IWM,1h,2,3,trend,-8.76,-6.31,-0.31,-24.67,270,32.22,52.13,-7.18,-11.83,-0.794,-11,113,32.74,53.88,-14.82,-7.72,-0.422,-25.24,383,27.9,13.11,0.677,0.764,8.16,0
IWM,1h,2,4,trend,-6.62,-4.76,-0.216,-23.64,234,30.77,51.44,-2.59,-4.35,-0.262,-10.58,92,35.87,53.97,-10.51,-5.41,-0.272,-23.64,327,27.9,13.11,0.677,0.764,8.16,0
IWM,1h,2,5,trend,-2.2,-1.57,-0.015,-24.63,215,31.63,51.39,-4.01,-6.69,-0.452,-9.94,83,30.12,54.26,-7.64,-3.9,-0.172,-24.63,299,27.9,13.11,0.677,0.764,8.16,0
IWM,1h,2,7,trend,-13.51,-9.81,-0.556,-27.03,190,28.95,51.39,-5.83,-9.66,-0.695,-10.37,70,31.43,53.11,-21.31,-11.31,-0.689,-30.25,261,27.9,13.11,0.677,0.764,8.16,0
IWM,1h,2,9,trend,-12.34,-8.95,-0.505,-24.15,173,27.75,51.76,-6.26,-10.35,-0.76,-11.65,63,26.98,54.07,-20.62,-10.92,-0.669,-29.22,237,27.9,13.11,0.677,0.764,8.16,0
IWM,1h,2,12,trend,-16.36,-11.94,-0.715,-27.33,153,29.41,52.5,-6.98,-11.51,-0.843,-13.14,57,24.56,53.78,-24.83,-13.32,-0.844,-33.32,211,27.9,13.11,0.677,0.764,8.16,0
IWM,1h,2,15,trend,-11.34,-8.21,-0.466,-24.72,128,30.47,52.26,-6.3,-10.42,-0.738,-13.02,58,20.69,53.68,-19.74,-10.43,-0.639,-29.15,187,27.9,13.11,0.677,0.764,8.16,0
IWM,1h,2,20,trend,-2.89,-2.07,-0.053,-19.74,111,30.63,54.55,-2.96,-4.95,-0.307,-13.64,45,20,52.92,-10.67,-5.49,-0.288,-19.74,158,27.9,13.11,0.677,0.764,8.16,0
IWM,1h,2,25,trend,2.88,2.04,0.207,-16.07,89,28.09,55.58,-1.27,-2.14,-0.095,-12.24,40,25,52.44,-3.71,-1.88,-0.047,-16.16,131,27.9,13.11,0.677,0.764,8.16,0
IWM,1h,2,30,trend,-3.09,-2.21,-0.07,-18.41,80,26.25,55.41,0.32,0.55,0.107,-9.15,32,21.88,52.25,-7.84,-4,-0.198,-21.03,114,27.9,13.11,0.677,0.764,8.16,0
IWM,1h,2,40,trend,1.13,0.8,0.129,-19.21,72,23.61,56.07,2.2,3.75,0.35,-9.29,27,25.93,50.43,-1.83,-0.92,0.013,-19.21,102,27.9,13.11,0.677,0.764,8.16,0
IWM,1h,2,50,trend,0,0,0.072,-19.01,69,20.29,54.84,0.53,0.9,0.134,-9.88,27,25.93,49.47,-5.13,-2.6,-0.113,-19.01,98,27.9,13.11,0.677,0.764,8.16,0
IWM,1h,2,60,trend,-2.84,-2.03,-0.071,-21.46,65,24.62,55.82,5.06,8.71,0.714,-7.78,26,23.08,48.61,-5.39,-2.74,-0.123,-21.46,94,27.9,13.11,0.677,0.764,8.16,0
IWM,1h,2,75,trend,5.71,4.03,0.353,-13.36,62,24.19,57.01,8.5,14.79,1.172,-5.97,16,31.25,48.52,10.02,4.9,0.414,-15.34,81,27.9,13.11,0.677,0.764,8.16,1
IWM,1h,2,100,trend,-0.82,-0.58,0.028,-14.25,54,24.07,59.39,6.93,12,0.954,-6.11,15,33.33,50.91,1.69,0.84,0.13,-17.46,70,27.9,13.11,0.677,0.764,8.16,1
IWM,1h,2,125,trend,3.43,2.43,0.241,-11.11,49,24.49,62.02,8.55,14.88,1.132,-6.79,17,35.29,52.63,6.36,3.13,0.291,-16.48,67,27.9,13.11,0.677,0.764,8.16,1
IWM,1h,2,150,trend,11.27,7.9,0.603,-11.25,39,23.08,63.41,8.42,14.64,1.111,-6.15,15,33.33,54.64,11.88,5.78,0.465,-18.41,57,27.9,13.11,0.677,0.764,8.16,1
IWM,1h,2,200,trend,4.49,3.17,0.302,-9.97,32,15.63,57.83,-2.43,-4.08,-0.356,-7.39,11,27.27,39.52,3.2,1.59,0.184,-14.94,49,27.9,13.11,0.677,0.764,8.16,0
IWM,1h,2,250,trend,7.64,5.38,0.459,-12.09,23,21.74,58.04,-4.44,-7.39,-1.572,-4.59,6,16.67,14.16,11.51,5.61,0.464,-12.49,32,27.9,13.11,0.677,0.764,8.16,0
IWM,1h,2,300,trend,10.3,7.22,0.597,-9.44,21,23.81,58.41,0.75,1.27,0.294,-3.01,2,50,13.68,16.97,8.17,0.642,-11.56,28,27.9,13.11,0.677,0.764,8.16,0
IWM,1h,3,2,dip,-5.64,-4.05,-0.185,-20.49,270,63.7,47.29,0.03,0.06,0.072,-9.46,112,58.93,45.74,-5.61,-2.85,-0.116,-20.49,382,27.9,13.11,0.677,0.764,8.16,0
IWM,1h,3,4,trend,-11.09,-8.03,-0.433,-25.51,197,29.95,51.48,-4.84,-8.05,-0.557,-10.84,77,28.57,53.88,-17.85,-9.38,-0.548,-28.58,275,27.9,13.11,0.677,0.764,8.16,0
IWM,1h,3,5,trend,-16.24,-11.85,-0.7,-26.47,187,29.95,51.68,-7.6,-12.52,-0.925,-11.08,68,30.88,53.4,-25.23,-13.55,-0.853,-32.97,256,27.9,13.11,0.677,0.764,8.16,0
IWM,1h,3,7,trend,-19.25,-14.11,-0.862,-28.11,164,28.66,51.76,-9.12,-14.93,-1.143,-14.04,63,28.57,53.4,-29.42,-16.01,-1.041,-36.6,227,27.9,13.11,0.677,0.764,8.16,0
IWM,1h,3,9,trend,-15.56,-11.34,-0.662,-26.39,148,29.05,51.48,-8.89,-14.57,-1.093,-14.56,57,26.32,53.78,-25.68,-13.81,-0.868,-33.72,206,27.9,13.11,0.677,0.764,8.16,0
IWM,1h,3,12,trend,-7.24,-5.21,-0.259,-24.59,120,34.17,52.42,-6.04,-10,-0.712,-13.51,52,21.15,54.07,-15.79,-8.25,-0.481,-26.01,173,27.9,13.11,0.677,0.764,8.16,0
IWM,1h,3,15,trend,-9.54,-6.89,-0.369,-26.39,110,32.73,52.83,-5.51,-9.13,-0.637,-13.7,49,20.41,53.21,-17.66,-9.28,-0.551,-26.39,160,27.9,13.11,0.677,0.764,8.16,0
IWM,1h,3,20,trend,-1.61,-1.15,0,-20.79,88,30.68,54.51,-2.09,-3.51,-0.207,-13.04,40,20,52.54,-8.68,-4.45,-0.23,-20.79,130,27.9,13.11,0.677,0.764,8.16,0
IWM,1h,3,25,trend,1.62,1.15,0.151,-17.75,73,30.14,55.13,-1.49,-2.5,-0.125,-10.2,32,21.88,51.67,-4.92,-2.49,-0.094,-17.75,107,27.9,13.11,0.677,0.764,8.16,0
IWM,1h,3,30,trend,-4.82,-3.45,-0.152,-19.45,68,26.47,55.46,3.09,5.27,0.457,-8.46,25,28,51.58,-6.8,-3.47,-0.159,-21.81,95,27.9,13.11,0.677,0.764,8.16,0
IWM,1h,3,40,trend,-3.67,-2.62,-0.101,-22.23,67,22.39,55.87,0.82,1.4,0.171,-9.39,24,25,49.86,-7.7,-3.93,-0.197,-22.23,94,27.9,13.11,0.677,0.764,8.16,0
IWM,1h,3,50,trend,0.3,0.21,0.085,-17.19,60,21.67,54.76,4.33,7.43,0.622,-7.72,22,27.27,49.19,-2.48,-1.25,-0.018,-17.79,85,27.9,13.11,0.677,0.764,8.16,0
IWM,1h,3,60,trend,3.84,2.72,0.261,-15.12,50,22,55.74,3.4,5.82,0.512,-8.6,24,20.83,48.42,1.98,0.99,0.14,-15.12,75,27.9,13.11,0.677,0.764,8.16,0
IWM,1h,3,75,trend,6.47,4.56,0.387,-15.02,53,22.64,56.89,7.11,12.32,1.004,-5.52,15,33.33,48.42,8.09,3.97,0.35,-16.17,70,27.9,13.11,0.677,0.764,8.16,1
IWM,1h,3,100,trend,-0.36,-0.26,0.05,-13.46,46,28.26,59.23,10.02,17.52,1.344,-5.19,12,33.33,50.62,4.59,2.27,0.232,-16.41,59,27.9,13.11,0.677,0.764,8.16,1
IWM,1h,3,125,trend,11.45,8.02,0.619,-9.73,34,26.47,62.26,8.78,15.3,1.16,-6.59,15,40,52.82,14.59,7.06,0.557,-15.38,50,27.9,13.11,0.677,0.764,8.16,1
IWM,1h,3,150,trend,11.51,8.06,0.615,-11.01,33,27.27,63.41,3.93,6.73,0.555,-7.51,14,35.71,54.83,13.06,6.34,0.504,-15.75,48,27.9,13.11,0.677,0.764,8.16,0
IWM,1h,3,200,trend,2.83,2.01,0.216,-9.85,27,18.52,57.83,0.13,0.22,0.073,-5.97,9,33.33,40.29,4.13,2.05,0.216,-15.51,41,27.9,13.11,0.677,0.764,8.16,0
IWM,1h,3,250,trend,7.46,5.26,0.45,-12.13,19,21.05,58.37,-2.98,-4.99,-1.121,-3.14,4,25,14.07,11.09,5.41,0.45,-12.18,28,27.9,13.11,0.677,0.764,8.16,0
IWM,1h,3,300,trend,11.67,8.17,0.661,-9.71,18,22.22,58.53,0.75,1.27,0.294,-3.01,2,50,13.68,18.15,8.71,0.677,-9.71,23,27.9,13.11,0.677,0.764,8.16,0
IWM,1h,4,2,dip,-3.73,-2.67,-0.092,-21.72,234,63.68,47.99,1.07,1.81,0.199,-7.76,92,59.78,45.17,-3.91,-1.98,-0.054,-21.72,326,27.9,13.11,0.677,0.764,8.16,0
IWM,1h,4,3,dip,6.45,4.55,0.358,-20.42,197,63.45,47.91,5.33,9.18,0.699,-5.68,77,67.53,45.26,12.2,5.93,0.451,-20.42,274,27.9,13.11,0.677,0.764,8.16,0
IWM,1h,4,5,trend,-20.98,-15.43,-0.953,-28.64,167,27.54,51.64,-7.88,-12.96,-0.971,-13.16,62,30.65,53.59,-29.68,-16.17,-1.048,-36.49,230,27.9,13.11,0.677,0.764,8.16,0
IWM,1h,4,7,trend,-14.69,-10.69,-0.625,-26.73,144,29.86,51.23,-9.81,-16.02,-1.222,-15.41,57,26.32,53.88,-25.67,-13.8,-0.876,-34.55,202,27.9,13.11,0.677,0.764,8.16,0
IWM,1h,4,9,trend,-9.61,-6.94,-0.369,-26.77,129,32.56,52.13,-9.37,-15.32,-1.155,-16.43,53,22.64,54.26,-20.86,-11.05,-0.674,-30.7,183,27.9,13.11,0.677,0.764,8.16,0
IWM,1h,4,12,trend,-12.97,-9.41,-0.548,-26.63,111,32.43,52.71,-7.24,-11.94,-0.877,-15.45,48,18.75,52.73,-22.39,-11.92,-0.75,-30.56,160,27.9,13.11,0.677,0.764,8.16,0
IWM,1h,4,15,trend,-9.29,-6.7,-0.374,-26.13,95,37.89,53.53,-4.42,-7.36,-0.505,-14.13,44,25,52.15,-16.65,-8.72,-0.53,-26.13,140,27.9,13.11,0.677,0.764,8.16,0
IWM,1h,4,20,trend,1.44,1.03,0.143,-18.13,73,28.77,54.27,-1.96,-3.29,-0.188,-12.02,36,22.22,51.87,-5.53,-2.81,-0.117,-18.13,111,27.9,13.11,0.677,0.764,8.16,0
IWM,1h,4,25,trend,5.65,3.99,0.334,-18.29,64,29.69,55.21,1.65,2.81,0.274,-8.46,30,26.67,51.39,1.75,0.87,0.133,-18.29,96,27.9,13.11,0.677,0.764,8.16,0
IWM,1h,4,30,trend,-6.82,-4.9,-0.251,-20.6,64,26.56,55.41,0.89,1.5,0.179,-10.39,24,29.17,50.81,-11.63,-6,-0.337,-23.91,90,27.9,13.11,0.677,0.764,8.16,0
IWM,1h,4,40,trend,-4.68,-3.35,-0.151,-22.73,53,26.42,56.15,5.5,9.47,0.761,-8.91,20,30,49.86,-6.19,-3.15,-0.143,-22.73,76,27.9,13.11,0.677,0.764,8.16,0
IWM,1h,4,50,trend,5.5,3.89,0.343,-15.46,49,28.57,54.92,7.75,13.45,1.077,-6.45,17,29.41,48.8,7.46,3.67,0.33,-15.46,68,27.9,13.11,0.677,0.764,8.16,1
IWM,1h,4,60,trend,-0.01,-0.01,0.069,-16.49,46,21.74,55.25,3.47,5.94,0.527,-8.76,20,25,48.61,-0.51,-0.26,0.05,-16.49,67,27.9,13.11,0.677,0.764,8.16,0
IWM,1h,4,75,trend,7.87,5.54,0.458,-13.58,45,24.44,56.69,7.82,13.57,1.101,-5.44,13,38.46,48.71,12.29,5.98,0.493,-14.6,59,27.9,13.11,0.677,0.764,8.16,1
IWM,1h,4,100,trend,3.44,2.43,0.243,-12.68,40,32.5,59.15,9.53,16.63,1.284,-5.1,10,40,50.81,8.86,4.34,0.378,-16.49,51,27.9,13.11,0.677,0.764,8.16,1
IWM,1h,4,125,trend,9.91,6.96,0.549,-10.61,31,29.03,61.94,7.33,12.7,0.989,-6.93,14,35.71,52.54,12.88,6.26,0.503,-16.02,45,27.9,13.11,0.677,0.764,8.16,1
IWM,1h,4,150,trend,13.29,9.28,0.695,-11.63,28,17.86,63.49,2.77,4.74,0.415,-8.48,13,30.77,54.55,13.32,6.46,0.513,-16.63,42,27.9,13.11,0.677,0.764,8.16,0
IWM,1h,4,200,trend,3.92,2.78,0.273,-9.77,24,16.67,57.88,2.64,4.5,0.471,-4.96,6,50,40.96,8.92,4.37,0.38,-14.86,33,27.9,13.11,0.677,0.764,8.16,0
IWM,1h,4,250,trend,6.57,4.63,0.407,-11.21,17,23.53,58.08,-2.89,-4.83,-1.084,-3.05,4,25,13.88,10.8,5.27,0.441,-12.92,25,27.9,13.11,0.677,0.764,8.16,0
IWM,1h,4,300,trend,12.01,8.4,0.676,-8.76,16,25,58.78,0.73,1.23,0.286,-3.01,2,50,13.68,17.7,8.51,0.662,-10.06,21,27.9,13.11,0.677,0.764,8.16,0
IWM,1h,5,2,dip,-5.29,-3.8,-0.168,-20.75,215,62.33,47.99,3.68,6.29,0.506,-7.04,83,65.06,44.88,-3.04,-1.53,-0.025,-20.75,298,27.9,13.11,0.677,0.764,8.16,0
IWM,1h,5,3,dip,14.36,10.02,0.68,-17.41,187,64.71,47.7,9.66,16.87,1.186,-5.83,68,64.71,45.74,26.12,12.32,0.834,-17.41,255,27.9,13.11,0.677,0.764,8.16,1
IWM,1h,5,4,dip,24.16,16.65,1.04,-15.51,167,67.66,47.74,10.79,18.91,1.315,-5.02,62,66.13,45.55,38.34,17.65,1.13,-15.51,229,27.9,13.11,0.677,0.764,8.16,1
IWM,1h,5,7,trend,-11.4,-8.26,-0.459,-27.75,131,32.06,51.64,-10.98,-17.86,-1.388,-16.49,54,25.93,53.88,-23.81,-12.73,-0.799,-32.88,186,27.9,13.11,0.677,0.764,8.16,0
IWM,1h,5,9,trend,-9.17,-6.61,-0.353,-26.78,115,33.04,51.93,-8.73,-14.31,-1.078,-15.84,50,20,53.59,-20.15,-10.66,-0.654,-29.38,166,27.9,13.11,0.677,0.764,8.16,0
IWM,1h,5,12,trend,-7.91,-5.7,-0.302,-24.97,100,38,52.79,-7.35,-12.11,-0.913,-16.48,43,20.93,51.2,-17.98,-9.45,-0.583,-26.41,144,27.9,13.11,0.677,0.764,8.16,0
IWM,1h,5,15,trend,-1.58,-1.13,0.004,-21.1,81,34.57,53.81,-5.44,-9.02,-0.652,-12.78,40,22.5,51.77,-10.34,-5.32,-0.288,-21.1,122,27.9,13.11,0.677,0.764,8.16,0
IWM,1h,5,20,trend,1.67,1.18,0.153,-18.32,66,31.82,54.51,-1.81,-3.04,-0.167,-10.88,31,22.58,51.29,-5.43,-2.76,-0.112,-18.32,99,27.9,13.11,0.677,0.764,8.16,0
IWM,1h,5,25,trend,-1.3,-0.93,0.014,-19.99,58,31.03,54.84,0.98,1.67,0.19,-10.14,24,25,51.29,-5.58,-2.83,-0.118,-19.99,84,27.9,13.11,0.677,0.764,8.16,0
IWM,1h,5,30,trend,-0.34,-0.24,0.06,-20.02,56,30.36,55,0.91,1.55,0.182,-8.83,23,26.09,51,-4.63,-2.35,-0.085,-20.02,81,27.9,13.11,0.677,0.764,8.16,0
IWM,1h,5,40,trend,1.79,1.27,0.159,-18.21,47,36.17,55.74,8.08,14.03,1.099,-7.02,17,35.29,48.8,3,1.49,0.175,-18.21,67,27.9,13.11,0.677,0.764,8.16,1
IWM,1h,5,50,trend,0.37,0.26,0.088,-16.33,43,27.91,55.29,6.14,10.6,0.876,-6.49,18,27.78,48.23,2.06,1.03,0.143,-16.33,63,27.9,13.11,0.677,0.764,8.16,1
IWM,1h,5,60,trend,4.51,3.19,0.293,-15.9,44,27.27,55.09,5.1,8.78,0.745,-7.04,17,29.41,48.33,5.54,2.74,0.264,-15.9,62,27.9,13.11,0.677,0.764,8.16,0
IWM,1h,5,75,trend,7.21,5.08,0.428,-11.53,38,34.21,56.48,8.29,14.41,1.157,-5.82,12,41.67,48.8,11.77,5.73,0.477,-15.87,51,27.9,13.11,0.677,0.764,8.16,1
IWM,1h,5,100,trend,3.21,2.28,0.232,-12.97,38,34.21,59.15,10.64,18.64,1.434,-5.38,9,44.44,50.24,10.24,5,0.425,-16.64,48,27.9,13.11,0.677,0.764,8.16,1
IWM,1h,5,125,trend,9.65,6.78,0.536,-10.91,27,33.33,62.02,5.77,9.95,0.795,-8.85,12,33.33,52.73,11.86,5.77,0.47,-15.4,41,27.9,13.11,0.677,0.764,8.16,1
IWM,1h,5,150,trend,16.89,11.75,0.851,-11.87,24,20.83,63.41,1.9,3.24,0.307,-8.82,13,30.77,54.55,15.74,7.6,0.588,-16.9,39,27.9,13.11,0.677,0.764,8.16,0
IWM,1h,5,200,trend,8.77,6.16,0.511,-8.83,21,23.81,58.16,4.27,7.32,0.719,-4.37,5,60,41.15,15.38,7.43,0.585,-14.11,29,27.9,13.11,0.677,0.764,8.16,0
IWM,1h,5,250,trend,6.38,4.5,0.396,-11.15,16,25,58.08,-2.77,-4.63,-1.03,-3.02,4,25,13.88,10.09,4.93,0.418,-12.74,23,27.9,13.11,0.677,0.764,8.16,0
IWM,1h,5,300,trend,13.08,9.15,0.724,-8.74,14,28.57,58.9,0.27,0.46,0.122,-3.3,2,50,13.78,17.45,8.39,0.651,-9.04,18,27.9,13.11,0.677,0.764,8.16,0
IWM,1h,7,2,dip,10.35,7.26,0.521,-17.9,190,64.21,47.99,7.34,12.72,0.918,-7.04,70,64.29,46.03,19.12,9.16,0.647,-17.9,260,27.9,13.11,0.677,0.764,8.16,1
IWM,1h,7,3,dip,21.93,15.16,0.947,-15.43,164,67.07,47.62,12.17,21.42,1.466,-5.02,63,68.25,45.74,38.32,17.64,1.116,-15.43,226,27.9,13.11,0.677,0.764,8.16,1
IWM,1h,7,4,dip,18.23,12.66,0.804,-17.43,144,65.28,48.15,13.83,24.49,1.656,-5.02,57,68.42,45.26,35.35,16.37,1.04,-17.43,201,27.9,13.11,0.677,0.764,8.16,1
IWM,1h,7,5,dip,15.63,10.89,0.719,-17.38,131,67.94,47.74,15.75,28.06,1.868,-5.02,54,70.37,45.26,34.61,16.05,1.036,-17.38,185,27.9,13.11,0.677,0.764,8.16,1
IWM,1h,7,9,trend,-5.55,-3.98,-0.186,-25.13,100,38,52.21,-7.96,-13.08,-0.997,-16.56,43,20.93,51,-16.42,-8.59,-0.521,-25.52,144,27.9,13.11,0.677,0.764,8.16,0
IWM,1h,7,12,trend,-1.29,-0.92,0.018,-20.82,77,33.77,53.65,-4.53,-7.55,-0.529,-11.76,41,24.39,51.2,-9.3,-4.77,-0.247,-20.82,119,27.9,13.11,0.677,0.764,8.16,0
IWM,1h,7,15,trend,0.01,0.01,0.077,-17.7,67,31.34,53.81,-4.62,-7.68,-0.537,-11.63,34,20.59,51.58,-8.19,-4.19,-0.211,-17.7,102,27.9,13.11,0.677,0.764,8.16,0
IWM,1h,7,20,trend,-5.02,-3.6,-0.163,-22.12,58,29.31,54.55,0.09,0.15,0.078,-10.48,26,26.92,50.81,-9.77,-5.02,-0.268,-22.67,86,27.9,13.11,0.677,0.764,8.16,0
IWM,1h,7,25,trend,2,1.42,0.169,-20.52,54,31.48,54.35,0.61,1.03,0.143,-9.47,23,30.43,50.53,-2.93,-1.48,-0.027,-20.52,79,27.9,13.11,0.677,0.764,8.16,0
IWM,1h,7,30,trend,-4.48,-3.21,-0.142,-23.26,48,33.33,54.72,3.91,6.69,0.571,-8.14,21,28.57,49.09,-7.44,-3.8,-0.19,-23.26,72,27.9,13.11,0.677,0.764,8.16,0
IWM,1h,7,40,trend,3.75,2.65,0.257,-12.58,36,38.89,55.66,7.37,12.77,1.023,-5.6,15,33.33,48.33,6.78,3.34,0.307,-14.58,53,27.9,13.11,0.677,0.764,8.16,1
IWM,1h,7,50,trend,3.74,2.65,0.258,-13.27,37,29.73,56.81,4.36,7.49,0.648,-6.51,14,35.71,47.56,6.89,3.39,0.316,-13.27,52,27.9,13.11,0.677,0.764,8.16,0
IWM,1h,7,60,trend,5.66,3.99,0.353,-13.59,38,31.58,55,9.57,16.72,1.319,-4.78,11,45.45,47.94,14.45,6.99,0.571,-13.59,50,27.9,13.11,0.677,0.764,8.16,1
IWM,1h,7,75,trend,7.76,5.46,0.454,-10.53,31,32.26,56.32,10.13,17.73,1.387,-4.3,9,55.56,49.19,17.22,8.28,0.661,-13.14,41,27.9,13.11,0.677,0.764,8.16,1
IWM,1h,7,100,trend,5.86,4.14,0.361,-11.48,31,32.26,59.35,9.33,16.28,1.271,-5.35,9,44.44,49.86,14.07,6.82,0.555,-14.15,41,27.9,13.11,0.677,0.764,8.16,1
IWM,1h,7,125,trend,9.79,6.88,0.543,-11.74,25,32,62.26,8.86,15.43,1.205,-6.47,9,44.44,51.77,18.24,8.75,0.683,-14.14,35,27.9,13.11,0.677,0.764,8.16,1
IWM,1h,7,150,trend,21.76,15.04,1.052,-9.73,18,33.33,63.21,5.32,9.16,0.731,-8.43,11,36.36,54.83,23.33,11.08,0.81,-13.29,30,27.9,13.11,0.677,0.764,8.16,0
IWM,1h,7,200,trend,12.45,8.71,0.689,-8.22,16,25,58.16,4.72,8.1,0.787,-4.37,3,66.67,41.53,21.91,10.43,0.786,-12.11,21,27.9,13.11,0.677,0.764,8.16,1
IWM,1h,7,250,trend,6.03,4.26,0.379,-10.38,15,26.67,58.29,-2.83,-4.73,-1.052,-3.02,4,25,13.97,11.75,5.72,0.473,-11.91,20,27.9,13.11,0.677,0.764,8.16,0
IWM,1h,7,300,trend,15.8,11.01,0.847,-6.68,11,36.36,59.19,-0.42,-0.71,-0.124,-3.97,2,50,13.88,20.78,9.92,0.749,-7.91,15,27.9,13.11,0.677,0.764,8.16,0
IWM,1h,9,2,dip,11.13,7.8,0.545,-18.1,173,65.9,47.62,5.28,9.08,0.701,-6.11,62,66.13,44.4,21.52,10.26,0.705,-18.1,236,27.9,13.11,0.677,0.764,8.16,0
IWM,1h,9,3,dip,18.87,13.09,0.84,-17.2,148,66.89,47.91,9.1,15.87,1.154,-4.99,56,69.64,44.69,34.72,16.1,1.039,-17.2,205,27.9,13.11,0.677,0.764,8.16,1
IWM,1h,9,4,dip,13.61,9.51,0.64,-18.39,129,65.89,47.25,10.2,17.85,1.29,-4.99,52,69.23,44.21,30.05,14.07,0.925,-18.39,182,27.9,13.11,0.677,0.764,8.16,1
IWM,1h,9,5,dip,14.91,10.39,0.683,-17,115,68.7,47.42,9.83,17.17,1.238,-5.25,49,69.39,44.88,31.48,14.69,0.951,-17,165,27.9,13.11,0.677,0.764,8.16,1
IWM,1h,9,7,dip,12.52,8.76,0.587,-19.53,100,68,47.13,10.02,17.53,1.235,-6.38,42,71.43,47.27,28.98,13.59,0.879,-19.53,143,27.9,13.11,0.677,0.764,8.16,1
IWM,1h,9,12,trend,1.58,1.12,0.149,-16.82,67,35.82,53.2,-4.48,-7.45,-0.516,-11.49,37,18.92,51.96,-6.62,-3.37,-0.154,-16.82,105,27.9,13.11,0.677,0.764,8.16,0
IWM,1h,9,15,trend,-2.25,-1.61,-0.03,-19.91,61,34.43,54.31,-4.07,-6.78,-0.455,-10.81,29,24.14,50.81,-9.59,-4.92,-0.261,-19.91,91,27.9,13.11,0.677,0.764,8.16,0
IWM,1h,9,20,trend,-2.37,-1.7,-0.034,-22.58,55,34.55,53.9,1.86,3.17,0.302,-8.85,22,31.82,50.62,-5.67,-2.88,-0.119,-22.58,79,27.9,13.11,0.677,0.764,8.16,0
IWM,1h,9,25,trend,-5.57,-4,-0.197,-22.27,47,34.04,54.39,1.87,3.19,0.308,-7.93,21,28.57,49.57,-6.53,-3.32,-0.162,-22.27,70,27.9,13.11,0.677,0.764,8.16,0
IWM,1h,9,30,trend,0.18,0.13,0.079,-17.39,44,36.36,55.05,3.73,6.38,0.557,-7.32,18,27.78,48.61,0.97,0.48,0.103,-17.39,64,27.9,13.11,0.677,0.764,8.16,0
IWM,1h,9,40,trend,5.21,3.68,0.331,-10.51,35,31.43,56.11,2.81,4.8,0.44,-7.08,14,35.71,47.66,6.84,3.37,0.314,-12.77,50,27.9,13.11,0.677,0.764,8.16,0
IWM,1h,9,50,trend,2.17,1.54,0.18,-13.95,36,33.33,56.73,7.05,12.21,0.993,-5.21,12,41.67,47.37,8.04,3.95,0.356,-13.95,49,27.9,13.11,0.677,0.764,8.16,1
IWM,1h,9,60,trend,-1.08,-0.77,0.012,-14.37,36,30.56,54.88,7.64,13.26,1.08,-4.47,10,50,48.04,6.74,3.32,0.312,-14.37,46,27.9,13.11,0.677,0.764,8.16,1
IWM,1h,9,75,trend,5.55,3.92,0.351,-11.52,27,33.33,56.48,10.1,17.67,1.385,-3.98,8,62.5,48.33,15.77,7.61,0.622,-11.7,35,27.9,13.11,0.677,0.764,8.16,1
IWM,1h,9,100,trend,7.13,5.03,0.424,-11.37,25,36,59.72,10.08,17.63,1.368,-5.28,8,50,49.19,17.55,8.43,0.67,-12.39,33,27.9,13.11,0.677,0.764,8.16,1
IWM,1h,9,125,trend,13.29,9.29,0.696,-11.1,23,34.78,63,9.74,17.01,1.315,-6.16,9,44.44,51.2,23.05,10.95,0.824,-13.42,33,27.9,13.11,0.677,0.764,8.16,1
IWM,1h,9,150,trend,20.6,14.26,1.001,-9.37,17,29.41,63.25,5.51,9.49,0.753,-7.88,10,40,55.31,22.85,10.86,0.794,-12.78,28,27.9,13.11,0.677,0.764,8.16,0
IWM,1h,9,200,trend,13.65,9.53,0.744,-7.25,13,30.77,58.24,3.96,6.79,0.67,-4.75,3,33.33,41.53,22.01,10.48,0.788,-11.09,18,27.9,13.11,0.677,0.764,8.16,0
IWM,1h,9,250,trend,13.69,9.56,0.751,-7.19,14,28.57,58.45,-1.79,-3.01,-0.678,-3.01,3,33.33,13.78,19.47,9.32,0.716,-9.48,19,27.9,13.11,0.677,0.764,8.16,0
IWM,1h,9,300,trend,16.3,11.35,0.869,-7.04,11,36.36,59.52,-0.94,-1.59,-0.297,-3.97,2,50,13.68,23.76,11.27,0.837,-7.3,14,27.9,13.11,0.677,0.764,8.16,0
IWM,1h,12,2,dip,19.29,13.38,0.852,-16.83,153,67.32,46.88,6.86,11.86,0.887,-5.75,56,69.64,44.69,32.41,15.1,0.978,-16.83,210,27.9,13.11,0.677,0.764,8.16,1
IWM,1h,12,3,dip,11.91,8.33,0.569,-18.58,120,68.33,46.96,6.43,11.11,0.847,-5.85,51,70.59,44.4,23.71,11.25,0.757,-18.58,172,27.9,13.11,0.677,0.764,8.16,1
IWM,1h,12,4,dip,20.5,14.19,0.894,-16.26,111,69.37,46.64,8.54,14.86,1.089,-6.24,47,70.21,45.65,36.27,16.76,1.07,-16.26,159,27.9,13.11,0.677,0.764,8.16,1
IWM,1h,12,5,dip,15.4,10.73,0.695,-19.06,100,68,46.55,9.32,16.26,1.156,-6.38,42,73.81,47.18,31.44,14.67,0.939,-19.06,143,27.9,13.11,0.677,0.764,8.16,1
IWM,1h,12,7,dip,10.26,7.2,0.506,-21.31,77,71.43,45.65,6.16,10.64,0.8,-6.35,40,70,46.89,22.02,10.48,0.711,-21.31,118,27.9,13.11,0.677,0.764,8.16,1
IWM,1h,12,9,dip,8.43,5.93,0.428,-25.57,67,67.16,46.1,6.61,11.43,0.854,-6.45,36,69.44,46.12,20.52,9.8,0.665,-25.57,104,27.9,13.11,0.677,0.764,8.16,1
IWM,1h,12,15,trend,-1.59,-1.14,0.003,-21.63,53,33.96,54.55,-1.67,-2.8,-0.151,-10.1,24,29.17,50.14,-6.03,-3.07,-0.132,-21.63,78,27.9,13.11,0.677,0.764,8.16,0
IWM,1h,12,20,trend,-9.76,-7.05,-0.41,-23.82,48,33.33,53.98,0.7,1.18,0.156,-8.49,21,28.57,48.9,-11.29,-5.82,-0.343,-23.82,71,27.9,13.11,0.677,0.764,8.16,0
IWM,1h,12,25,trend,3.19,2.26,0.231,-15.43,40,37.5,55,2.57,4.39,0.403,-7.31,17,29.41,48.52,4.54,2.25,0.233,-15.43,58,27.9,13.11,0.677,0.764,8.16,0
IWM,1h,12,30,trend,0.11,0.08,0.075,-11.94,38,34.21,55.91,4.37,7.49,0.639,-5.87,14,35.71,48.04,3.2,1.59,0.184,-12.07,53,27.9,13.11,0.677,0.764,8.16,0
IWM,1h,12,40,trend,5.28,3.73,0.333,-9.95,32,37.5,56.48,4.11,7.04,0.612,-6.16,13,38.46,47.56,9.61,4.7,0.408,-11.15,45,27.9,13.11,0.677,0.764,8.16,0
IWM,1h,12,50,trend,-0.25,-0.18,0.056,-11.32,31,32.26,57.34,8.21,14.27,1.146,-4.53,11,45.45,47.37,7.94,3.9,0.352,-12.4,42,27.9,13.11,0.677,0.764,8.16,1
IWM,1h,12,60,trend,-1.85,-1.32,-0.028,-13.35,34,32.35,55.46,8.07,14.02,1.13,-4.57,8,62.5,48.04,6.07,3,0.287,-13.82,42,27.9,13.11,0.677,0.764,8.16,1
IWM,1h,12,75,trend,1.47,1.04,0.144,-13.72,27,29.63,56.89,11.01,19.32,1.493,-3.63,5,80,48.13,12.63,6.14,0.518,-13.72,32,27.9,13.11,0.677,0.764,8.16,1
IWM,1h,12,100,trend,7.39,5.2,0.437,-10.58,25,36,60.38,10.34,18.09,1.41,-5.39,6,50,48.23,18.67,8.95,0.707,-11.34,32,27.9,13.11,0.677,0.764,8.16,1
IWM,1h,12,125,trend,16.15,11.24,0.815,-11.23,18,33.33,63.7,7.47,12.95,1.02,-6.27,9,44.44,51.1,24.82,11.74,0.87,-11.47,27,27.9,13.11,0.677,0.764,8.16,1
IWM,1h,12,150,trend,19.75,13.69,0.957,-10.24,13,38.46,63.66,6.4,11.06,0.858,-6.99,10,40,55.69,26.08,12.31,0.89,-11.62,24,27.9,13.11,0.677,0.764,8.16,1
IWM,1h,12,200,trend,12.66,8.86,0.699,-8.44,11,36.36,58.04,4.82,8.29,0.799,-4.37,2,100,41.63,23.65,11.22,0.835,-11.12,15,27.9,13.11,0.677,0.764,8.16,1
IWM,1h,12,250,trend,16.46,11.45,0.877,-7.87,9,55.56,58.24,-2.22,-3.73,-0.844,-3.3,3,0,13.97,24.32,11.52,0.858,-7.87,14,27.9,13.11,0.677,0.764,8.16,0
IWM,1h,12,300,trend,16.51,11.49,0.876,-7.8,8,50,59.64,-0.9,-1.52,-0.284,-3.95,2,50,13.78,25.13,11.88,0.874,-7.8,11,27.9,13.11,0.677,0.764,8.16,0
IWM,1h,15,2,dip,15.98,11.13,0.726,-17.5,129,68.99,46.76,5.96,10.28,0.793,-6.06,57,70.18,44.78,27.65,13.01,0.86,-17.5,187,27.9,13.11,0.677,0.764,8.16,1
IWM,1h,15,3,dip,16.16,11.25,0.739,-15.14,111,68.47,46.19,6.21,10.72,0.822,-6.45,48,68.75,45.26,28.53,13.4,0.889,-15.14,160,27.9,13.11,0.677,0.764,8.16,1
IWM,1h,15,4,dip,17.86,12.4,0.788,-19.71,95,69.47,45.82,5.84,10.08,0.772,-6.92,43,69.77,46.22,29.97,14.03,0.909,-19.71,139,27.9,13.11,0.677,0.764,8.16,1
IWM,1h,15,5,dip,10.47,7.34,0.511,-23.13,81,69.14,45.53,7.48,12.96,0.948,-6.1,39,71.79,46.51,23.45,11.13,0.745,-23.13,121,27.9,13.11,0.677,0.764,8.16,1
IWM,1h,15,7,dip,10.13,7.11,0.495,-25.04,67,68.66,45.49,7.15,12.39,0.916,-6.42,33,72.73,46.51,23.03,10.94,0.73,-25.04,101,27.9,13.11,0.677,0.764,8.16,1
IWM,1h,15,9,dip,13.5,9.43,0.622,-23.29,61,68.85,45,7.12,12.32,0.915,-6.7,29,65.52,47.27,26.51,12.5,0.817,-23.29,91,27.9,13.11,0.677,0.764,8.16,1
IWM,1h,15,12,dip,14.26,9.95,0.65,-20.17,53,71.7,44.79,5.06,8.71,0.668,-6.87,24,58.33,47.85,24.1,11.42,0.755,-20.17,78,27.9,13.11,0.677,0.764,8.16,0
IWM,1h,15,20,trend,3.54,2.51,0.248,-16.32,40,37.5,55,1.86,3.16,0.309,-7.23,17,29.41,48.33,4.17,2.07,0.219,-16.32,58,27.9,13.11,0.677,0.764,8.16,0
IWM,1h,15,25,trend,0.65,0.46,0.102,-11.28,35,37.14,55.74,4.95,8.52,0.715,-5.63,14,35.71,47.56,5.63,2.78,0.27,-11.28,49,27.9,13.11,0.677,0.764,8.16,0
IWM,1h,15,30,trend,3.49,2.47,0.244,-10.69,32,37.5,56.15,2.05,3.5,0.339,-7.41,14,35.71,47.18,5.61,2.77,0.27,-11.37,46,27.9,13.11,0.677,0.764,8.16,0
IWM,1h,15,40,trend,-0.49,-0.35,0.044,-11.42,32,37.5,56.6,6.05,10.44,0.869,-4.97,12,41.67,46.89,5.99,2.96,0.284,-12.6,44,27.9,13.11,0.677,0.764,8.16,1
IWM,1h,15,50,trend,-2.68,-1.92,-0.07,-13.09,33,36.36,57.18,7.12,12.33,1.015,-4.54,8,62.5,47.18,4.24,2.1,0.222,-14.97,41,27.9,13.11,0.677,0.764,8.16,1
IWM,1h,15,60,trend,0.29,0.21,0.084,-13.2,28,28.57,55.5,7.1,12.3,1.011,-4.33,6,66.67,47.37,7.12,3.5,0.324,-15.09,34,27.9,13.11,0.677,0.764,8.16,1
IWM,1h,15,75,trend,-1.07,-0.76,0.01,-14.71,24,33.33,57.34,9.31,16.23,1.287,-4.43,5,60,47.75,7.93,3.9,0.357,-15.31,29,27.9,13.11,0.677,0.764,8.16,1
IWM,1h,15,100,trend,10.33,7.25,0.573,-10.03,20,45,61.2,11.15,19.57,1.516,-4.48,5,80,47.75,23.98,11.37,0.867,-10.03,26,27.9,13.11,0.677,0.764,8.16,1
IWM,1h,15,125,trend,20.23,14.01,0.98,-10.53,15,40,64.11,9.95,17.39,1.313,-5.5,7,57.14,51.1,32.31,15.05,1.072,-10.56,22,27.9,13.11,0.677,0.764,8.16,1
IWM,1h,15,150,trend,21.7,15,1.029,-8.7,10,50,63.82,7.95,13.81,1.017,-5.64,8,50,56.08,29.76,13.94,0.981,-10.27,19,27.9,13.11,0.677,0.764,8.16,1
IWM,1h,15,200,trend,12.55,8.78,0.695,-8.3,13,38.46,57.92,0.02,0.03,0.027,-3.01,1,100,12.63,26.09,12.31,0.905,-10.36,15,27.9,13.11,0.677,0.764,8.16,0
IWM,1h,15,250,trend,17.23,11.98,0.911,-7.84,8,50,58.29,-2.22,-3.72,-0.822,-3.97,2,0,13.59,23.88,11.32,0.843,-7.84,12,27.9,13.11,0.677,0.764,8.16,0
IWM,1h,15,300,trend,18.22,12.65,0.953,-8.22,5,40,59.43,-0.9,-1.52,-0.284,-3.95,2,50,13.78,28.55,13.41,0.97,-8.22,7,27.9,13.11,0.677,0.764,8.16,0
IWM,1h,20,2,dip,8.14,5.73,0.424,-20.51,112,67.86,44.42,5.46,9.41,0.74,-6.37,45,68.89,44.88,18.82,9.02,0.634,-20.51,158,27.9,13.11,0.677,0.764,8.16,0
IWM,1h,20,3,dip,10,7.02,0.491,-23.28,89,70.79,44.42,5.16,8.87,0.686,-6.64,40,70,45.26,20.51,9.8,0.667,-23.28,130,27.9,13.11,0.677,0.764,8.16,0
IWM,1h,20,4,dip,8.62,6.06,0.433,-25.62,74,70.27,44.67,5.52,9.51,0.732,-6.48,36,72.22,45.93,19.18,9.19,0.628,-25.62,111,27.9,13.11,0.677,0.764,8.16,0
IWM,1h,20,5,dip,9.38,6.59,0.464,-25.3,67,73.13,44.38,5.93,10.23,0.78,-6.85,32,68.75,46.51,20.8,9.93,0.671,-25.3,100,27.9,13.11,0.677,0.764,8.16,1
IWM,1h,20,7,dip,18.07,12.55,0.79,-22.49,59,69.49,44.26,4.55,7.81,0.62,-7.59,27,66.67,46.99,28.45,13.36,0.867,-22.49,87,27.9,13.11,0.677,0.764,8.16,0
IWM,1h,20,9,dip,15.66,10.91,0.698,-20.19,56,71.43,44.34,3.86,6.61,0.53,-6.87,23,56.52,47.08,24.31,11.51,0.757,-20.19,80,27.9,13.11,0.677,0.764,8.16,0
IWM,1h,20,12,dip,26.19,18.01,1.055,-18.16,49,79.59,44.22,5.19,8.93,0.673,-6.45,22,63.64,48.8,33.47,15.56,0.961,-18.16,72,27.9,13.11,0.677,0.764,8.16,0
IWM,1h,20,15,dip,11.05,7.74,0.513,-21.8,41,70.73,43.19,4.77,8.21,0.626,-6.09,18,55.56,49.28,15.45,7.46,0.511,-21.8,59,27.9,13.11,0.677,0.764,8.16,0
IWM,1h,20,25,trend,2.54,1.8,0.198,-10.61,32,34.38,55.82,1.46,2.47,0.259,-8.14,14,35.71,46.99,4.03,2,0.214,-11.42,46,27.9,13.11,0.677,0.764,8.16,0
IWM,1h,20,30,trend,-1.15,-0.82,0.011,-11.42,33,33.33,56.23,2.65,4.52,0.422,-7.24,13,38.46,46.7,1.47,0.74,0.121,-12.76,46,27.9,13.11,0.677,0.764,8.16,0
IWM,1h,20,40,trend,-6,-4.31,-0.243,-15.61,30,36.67,57.14,8.74,15.23,1.231,-4.08,7,71.43,46.79,2.22,1.11,0.149,-16.8,37,27.9,13.11,0.677,0.764,8.16,1
IWM,1h,20,50,trend,-3.6,-2.58,-0.113,-14.84,28,32.14,57.14,7.01,12.14,1.002,-4.88,6,66.67,46.99,2.87,1.43,0.172,-15.48,34,27.9,13.11,0.677,0.764,8.16,1
IWM,1h,20,60,trend,-1.09,-0.78,0.01,-12.23,24,37.5,55.82,7.55,13.1,1.062,-5.16,5,40,47.85,6.49,3.2,0.304,-16.11,29,27.9,13.11,0.677,0.764,8.16,1
IWM,1h,20,75,trend,3.23,2.29,0.233,-11.57,21,42.86,58.53,12.8,22.6,1.708,-3.81,5,60,47.27,13.76,6.67,0.551,-12.4,26,27.9,13.11,0.677,0.764,8.16,1
IWM,1h,20,100,trend,11.88,8.32,0.633,-12.08,20,40,62.39,11.2,19.66,1.527,-4.76,5,80,48.13,24.85,11.76,0.882,-12.08,25,27.9,13.11,0.677,0.764,8.16,1
IWM,1h,20,125,trend,19.73,13.67,0.951,-8.56,13,46.15,64.11,9.11,15.87,1.2,-4.74,5,60,52.34,30.63,14.32,1.018,-9.02,18,27.9,13.11,0.677,0.764,8.16,1
IWM,1h,20,150,trend,21.73,15.02,1.033,-9.66,10,50,63.7,10.81,18.95,1.335,-5.35,7,57.14,57.61,30.38,14.21,0.984,-11.43,18,27.9,13.11,0.677,0.764,8.16,1
IWM,1h,20,200,trend,19.01,13.18,0.993,-6.17,7,57.14,57.67,-0.17,-0.29,-0.052,-3.01,1,0,12.63,29.07,13.63,1,-8.05,9,27.9,13.11,0.677,0.764,8.16,0
IWM,1h,20,250,trend,20.43,14.14,1.053,-6.66,6,50,58.78,-3.25,-5.43,-1.191,-3.97,3,0,14.07,28.95,13.58,0.986,-6.66,11,27.9,13.11,0.677,0.764,8.16,0
IWM,1h,20,300,trend,17.76,12.34,0.933,-7.99,5,40,59.39,-0.41,-0.68,-0.118,-4.07,2,50,14.35,27.41,12.9,0.937,-7.99,7,27.9,13.11,0.677,0.764,8.16,0
IWM,1h,25,2,dip,5.06,3.58,0.297,-22.65,90,68.89,43.36,5.97,10.31,0.85,-7.24,40,70,43.35,14.08,6.82,0.501,-22.65,132,27.9,13.11,0.677,0.764,8.16,1
IWM,1h,25,3,dip,8.44,5.93,0.426,-23.82,74,70.27,43.81,6.24,10.78,0.875,-6.99,32,71.88,44.02,18.91,9.06,0.621,-23.82,108,27.9,13.11,0.677,0.764,8.16,1
IWM,1h,25,4,dip,5.51,3.89,0.31,-24.31,65,69.23,43.68,3.21,5.49,0.483,-6.19,30,70,44.31,12.69,6.16,0.452,-24.31,97,27.9,13.11,0.677,0.764,8.16,0
IWM,1h,25,5,dip,13.76,9.61,0.628,-23.08,59,71.19,44.05,4.64,7.98,0.672,-6.86,24,66.67,44.4,23.19,11.01,0.731,-23.08,85,27.9,13.11,0.677,0.764,8.16,0
IWM,1h,25,7,dip,10.48,7.35,0.501,-22.76,55,69.09,44.46,4.75,8.16,0.669,-6.61,23,56.52,44.98,20.42,9.75,0.653,-22.76,80,27.9,13.11,0.677,0.764,8.16,0
IWM,1h,25,9,dip,20.75,14.36,0.869,-18.44,48,75,43.81,3.69,6.32,0.535,-6.4,21,61.9,45.93,26.82,12.64,0.805,-18.44,71,27.9,13.11,0.677,0.764,8.16,0
IWM,1h,25,12,dip,11.43,8.01,0.524,-22.66,41,73.17,43.19,6.6,11.41,0.938,-6.01,17,58.82,43.44,15.04,7.27,0.499,-22.66,59,27.9,13.11,0.677,0.764,8.16,1
IWM,1h,25,15,dip,14.73,10.28,0.638,-24.47,36,86.11,42.41,5.27,9.07,0.825,-6.43,14,64.29,41.72,14.89,7.2,0.491,-24.47,50,27.9,13.11,0.677,0.764,8.16,1
IWM,1h,25,20,dip,13.02,9.1,0.578,-24.33,33,78.79,42.33,8.43,14.66,1.275,-5.52,14,71.43,42.01,17.08,8.22,0.546,-24.33,47,27.9,13.11,0.677,0.764,8.16,1
IWM,1h,25,30,trend,-5.28,-3.78,-0.205,-14.13,32,31.25,56.89,9.46,16.5,1.309,-4.52,9,44.44,46.51,3.68,1.83,0.201,-14.23,41,27.9,13.11,0.677,0.764,8.16,1
IWM,1h,25,40,trend,-0.24,-0.17,0.059,-13.38,29,37.93,57.14,6.39,11.04,0.921,-4.88,6,66.67,46.89,5.65,2.79,0.269,-15.93,35,27.9,13.11,0.677,0.764,8.16,1
IWM,1h,25,50,trend,-1.74,-1.24,-0.018,-13.37,26,30.77,57.75,7.02,12.15,1.006,-5.21,6,50,47.37,4.23,2.1,0.22,-15.46,32,27.9,13.11,0.677,0.764,8.16,1
IWM,1h,25,60,trend,-3.04,-2.17,-0.095,-14.1,24,33.33,56.52,7.69,13.34,1.091,-5.47,5,40,47.37,3.77,1.87,0.206,-15.46,29,27.9,13.11,0.677,0.764,8.16,1
IWM,1h,25,75,trend,7.13,5.02,0.421,-10.73,20,40,59.35,11.31,19.87,1.561,-4.43,4,75,46.89,18.6,8.92,0.704,-10.73,24,27.9,13.11,0.677,0.764,8.16,1
IWM,1h,25,100,trend,18.08,12.55,0.894,-11.76,15,46.67,63.7,8.41,14.63,1.146,-5.31,5,60,49.86,28.25,13.27,0.967,-11.87,20,27.9,13.11,0.677,0.764,8.16,1
IWM,1h,25,125,trend,22.9,15.81,1.075,-8.49,10,60,64.27,9.37,16.35,1.195,-5.41,5,60,53.49,34.41,15.97,1.107,-8.94,15,27.9,13.11,0.677,0.764,8.16,1
IWM,1h,25,150,trend,21.3,14.73,1.014,-8.26,9,55.56,64.15,11.68,20.53,1.417,-5.35,5,40,59.14,28.82,13.52,0.938,-12.84,15,27.9,13.11,0.677,0.764,8.16,1
IWM,1h,25,200,trend,19.47,13.5,1.007,-6.38,6,66.67,57.88,-0.45,-0.76,-0.177,-3.01,1,0,12.63,30.71,14.36,1.04,-6.41,8,27.9,13.11,0.677,0.764,8.16,0
IWM,1h,25,250,trend,20.22,14,1.045,-6.7,5,40,58.82,-0.79,-1.34,-0.302,-3.95,1,0,13.21,28.48,13.37,0.972,-6.7,9,27.9,13.11,0.677,0.764,8.16,0
IWM,1h,25,300,trend,17.61,12.24,0.926,-9.33,5,40,59.39,0,0,0,0,0,0,0,24.7,11.69,0.858,-9.33,8,27.9,13.11,0.677,0.764,8.16,0
IWM,1h,30,2,dip,13.08,9.14,0.606,-22.28,81,71.6,42.82,4.32,7.42,0.629,-6.83,32,75,43.44,22,10.47,0.704,-22.28,115,27.9,13.11,0.677,0.764,8.16,0
IWM,1h,30,3,dip,15.82,11.02,0.709,-22.61,68,72.06,43.27,2.38,4.07,0.377,-6.75,25,68,44.11,22.39,10.65,0.715,-22.61,95,27.9,13.11,0.677,0.764,8.16,0
IWM,1h,30,4,dip,18.87,13.09,0.821,-22.27,64,71.88,43.31,5.08,8.73,0.722,-6.66,24,66.67,44.78,29.85,13.98,0.901,-22.27,90,27.9,13.11,0.677,0.764,8.16,0
IWM,1h,30,5,dip,12.21,8.55,0.57,-22.41,56,67.86,43.72,4.43,7.61,0.636,-6.59,23,60.87,44.5,21.63,10.3,0.69,-22.41,81,27.9,13.11,0.677,0.764,8.16,0
IWM,1h,30,7,dip,19.21,13.32,0.817,-17.79,49,73.47,43.52,4.73,8.12,0.692,-6.36,21,61.9,42.87,27.76,13.05,0.833,-17.79,73,27.9,13.11,0.677,0.764,8.16,0
IWM,1h,30,9,dip,14.23,9.93,0.624,-21.56,45,75.56,43.15,5.98,10.31,0.857,-6.29,18,66.67,43.25,18.26,8.76,0.582,-21.56,65,27.9,13.11,0.677,0.764,8.16,1
IWM,1h,30,12,dip,15.13,10.55,0.653,-23.67,39,84.62,42.29,5.86,10.11,0.91,-6.43,14,64.29,41.24,17.24,8.29,0.553,-23.67,54,27.9,13.11,0.677,0.764,8.16,1
IWM,1h,30,15,dip,11.99,8.39,0.542,-24.35,33,81.82,42,7.79,13.53,1.186,-5.84,14,71.43,41.82,15.33,7.4,0.502,-24.35,47,27.9,13.11,0.677,0.764,8.16,1
IWM,1h,30,20,dip,17.1,11.89,0.719,-23.75,34,85.29,41.92,7.35,12.74,1.117,-6.25,13,76.92,42.2,20.03,9.58,0.618,-23.75,47,27.9,13.11,0.677,0.764,8.16,1
IWM,1h,30,25,dip,21.02,14.54,0.854,-21.98,32,81.25,41.59,1.19,2.03,0.234,-8.45,9,66.67,42.11,16.9,8.14,0.542,-21.98,41,27.9,13.11,0.677,0.764,8.16,0
IWM,1h,30,40,trend,-4.13,-2.96,-0.145,-14.76,26,30.77,55.05,5.77,9.96,0.84,-5.05,6,50,46.99,1.39,0.7,0.119,-15.29,32,27.9,13.11,0.677,0.764,8.16,1
IWM,1h,30,50,trend,1.41,1,0.141,-11.01,24,33.33,58.08,7.17,12.41,1.019,-5.46,5,40,47.37,8.58,4.21,0.375,-14.45,29,27.9,13.11,0.677,0.764,8.16,1
IWM,1h,30,60,trend,-2.52,-1.8,-0.066,-12.45,21,38.1,57.51,9.1,15.87,1.273,-3.9,5,60,46.99,8.69,4.26,0.381,-12.46,26,27.9,13.11,0.677,0.764,8.16,1
IWM,1h,30,75,trend,8.46,5.95,0.481,-11.15,20,40,60.95,10.81,18.94,1.493,-5.25,4,75,47.37,19.92,9.52,0.74,-11.15,24,27.9,13.11,0.677,0.764,8.16,1
IWM,1h,30,100,trend,25.34,17.44,1.179,-9.54,9,55.56,63.33,8.37,14.56,1.125,-6.13,4,50,50.72,35.96,16.63,1.166,-9.98,13,27.9,13.11,0.677,0.764,8.16,1
IWM,1h,30,125,trend,17.45,12.13,0.848,-8.29,9,55.56,64.6,12.43,21.91,1.53,-5.35,5,60,54.26,31.48,14.69,1.022,-8.88,14,27.9,13.11,0.677,0.764,8.16,1
IWM,1h,30,150,trend,20,13.86,0.958,-8.68,8,62.5,64.56,10.16,17.77,1.283,-5.35,3,33.33,60,30.15,14.11,0.969,-11.04,12,27.9,13.11,0.677,0.764,8.16,1
IWM,1h,30,200,trend,21.41,14.8,1.088,-5.69,7,42.86,58.45,-1.14,-1.91,-0.476,-3.3,1,0,12.63,33.5,15.57,1.114,-6.41,9,27.9,13.11,0.677,0.764,8.16,0
IWM,1h,30,250,trend,18.67,12.96,0.976,-7.88,5,40,58.7,-0.77,-1.31,-0.293,-3.95,1,0,13.3,28.18,13.24,0.962,-7.88,7,27.9,13.11,0.677,0.764,8.16,0
IWM,1h,30,300,trend,17.32,12.04,0.908,-8.56,5,40,59.35,0,0,0,0,0,0,0,26.35,12.43,0.902,-8.56,8,27.9,13.11,0.677,0.764,8.16,0
IWM,1h,40,2,dip,9.4,6.6,0.47,-21.63,73,71.23,42.17,2.62,4.47,0.404,-6.21,27,70.37,45.07,16.2,7.81,0.554,-21.63,103,27.9,13.11,0.677,0.764,8.16,0
IWM,1h,40,3,dip,15.54,10.83,0.694,-19.01,68,73.53,42.37,4.4,7.55,0.628,-6.34,24,62.5,45.65,24.78,11.72,0.769,-19.01,95,27.9,13.11,0.677,0.764,8.16,0
IWM,1h,40,4,dip,18.75,13.01,0.807,-18.6,54,79.63,42.08,3.08,5.26,0.519,-6.29,20,60,39.81,25.45,12.03,0.783,-18.6,77,27.9,13.11,0.677,0.764,8.16,0
IWM,1h,40,5,dip,12.01,8.41,0.549,-23.03,48,72.92,42.49,1.66,2.83,0.306,-6.27,17,47.06,40.57,15.5,7.48,0.517,-23.03,68,27.9,13.11,0.677,0.764,8.16,0
IWM,1h,40,7,dip,11.36,7.96,0.516,-22.74,37,81.08,42.53,2.78,4.75,0.469,-6.93,15,60,40.96,13.31,6.46,0.452,-22.74,54,27.9,13.11,0.677,0.764,8.16,0
IWM,1h,40,9,dip,9.94,6.98,0.466,-23.65,36,83.33,42.08,7,12.12,1.073,-6.18,14,71.43,41.34,13.65,6.62,0.459,-23.65,51,27.9,13.11,0.677,0.764,8.16,1
IWM,1h,40,12,dip,10.08,7.07,0.473,-24.11,33,78.79,41.67,5.85,10.08,0.91,-6.56,13,76.92,41.34,11.26,5.49,0.397,-24.11,46,27.9,13.11,0.677,0.764,8.16,1
IWM,1h,40,15,dip,16.67,11.6,0.704,-23.24,33,84.85,41.51,4.16,7.13,0.669,-7.12,12,66.67,41.82,15.4,7.44,0.503,-23.24,45,27.9,13.11,0.677,0.764,8.16,0
IWM,1h,40,20,dip,24.02,16.55,0.954,-21.19,31,80.65,40.94,1.07,1.82,0.216,-8.1,7,57.14,41.72,20.87,9.96,0.64,-21.19,38,27.9,13.11,0.677,0.764,8.16,0
IWM,1h,40,25,dip,16.85,11.72,0.721,-23,30,76.67,40.89,3.19,5.45,0.526,-8.06,6,66.67,41.53,17.08,8.22,0.55,-23,36,27.9,13.11,0.677,0.764,8.16,0
IWM,1h,40,30,dip,19.89,13.78,0.821,-22.57,27,81.48,40.65,4.09,7.01,0.659,-8.27,6,83.33,41.24,20.29,9.69,0.627,-22.57,33,27.9,13.11,0.677,0.764,8.16,0
IWM,1h,40,50,trend,-1.42,-1.01,-0.004,-12.89,22,36.36,59.64,8.29,14.41,1.176,-4.87,5,40,46.89,6.06,2.99,0.287,-12.89,27,27.9,13.11,0.677,0.764,8.16,1
IWM,1h,40,60,trend,9,6.32,0.509,-10.58,19,47.37,60.09,9.15,15.96,1.286,-6.14,4,50,47.27,18.71,8.97,0.706,-10.82,23,27.9,13.11,0.677,0.764,8.16,1
IWM,1h,40,75,trend,14.51,10.13,0.743,-12.33,14,50,63.45,6.02,10.38,0.848,-7.39,5,40,49.19,21.62,10.3,0.776,-12.6,19,27.9,13.11,0.677,0.764,8.16,1
IWM,1h,40,100,trend,20.14,13.95,0.97,-8.89,8,62.5,63.17,8.24,14.33,1.071,-6.02,4,50,52.34,29.22,13.7,0.974,-9.66,12,27.9,13.11,0.677,0.764,8.16,1
IWM,1h,40,125,trend,18.59,12.9,0.899,-8.58,8,50,64.19,14.65,26.01,1.728,-5.35,3,33.33,58.66,34.42,15.97,1.094,-9.38,11,27.9,13.11,0.677,0.764,8.16,1
IWM,1h,40,150,trend,23.88,16.47,1.103,-8,7,57.14,65.34,9.49,16.57,1.205,-6.03,3,33.33,60.77,31.4,14.66,1.004,-8,10,27.9,13.11,0.677,0.764,8.16,1
IWM,1h,40,200,trend,26.01,17.89,1.286,-5.69,3,66.67,58.74,-2.28,-3.82,-0.951,-3.95,1,0,12.73,37.57,17.32,1.221,-6.41,5,27.9,13.11,0.677,0.764,8.16,0
IWM,1h,40,250,trend,17.24,11.98,0.909,-8.97,5,40,58.61,-0.88,-1.48,-0.335,-4.04,1,0,13.49,26.43,12.46,0.911,-8.97,7,27.9,13.11,0.677,0.764,8.16,0
IWM,1h,40,300,trend,20.58,14.25,1.058,-7.52,3,66.67,58.78,0,0,0,0,0,0,0,30.68,14.34,1.02,-7.52,4,27.9,13.11,0.677,0.764,8.16,0
IWM,1h,50,2,dip,8.26,5.81,0.416,-22.12,70,75.71,41.35,7.27,12.59,1.126,-5.76,27,70.37,40.19,17.8,8.55,0.585,-22.12,99,27.9,13.11,0.677,0.764,8.16,1
IWM,1h,50,3,dip,9.12,6.41,0.447,-22.31,61,78.69,41.43,3.98,6.82,0.65,-6.01,22,63.64,40.48,16.4,7.9,0.547,-22.31,86,27.9,13.11,0.677,0.764,8.16,0
IWM,1h,50,4,dip,5,3.53,0.287,-21.97,50,78,41.22,1.97,3.36,0.348,-5.74,17,58.82,40.57,7.7,3.78,0.307,-21.97,69,27.9,13.11,0.677,0.764,8.16,0
IWM,1h,50,5,dip,11.17,7.83,0.512,-21.63,44,81.82,40.85,3.6,6.15,0.581,-5.94,18,72.22,41.05,14.08,6.82,0.474,-21.63,64,27.9,13.11,0.677,0.764,8.16,0
IWM,1h,50,7,dip,9.19,6.46,0.439,-23.69,37,78.38,41.1,5.46,9.4,0.854,-5.9,14,71.43,41.34,11.25,5.49,0.397,-23.69,52,27.9,13.11,0.677,0.764,8.16,1
IWM,1h,50,9,dip,11,7.71,0.504,-22.42,36,86.11,41.18,3.06,5.23,0.511,-7.12,12,75,41.53,10.47,5.11,0.377,-22.42,49,27.9,13.11,0.677,0.764,8.16,0
IWM,1h,50,12,dip,14.39,10.04,0.627,-23.14,31,83.87,40.57,2.11,3.6,0.37,-7.64,11,63.64,41.24,11.5,5.6,0.403,-23.14,42,27.9,13.11,0.677,0.764,8.16,0
IWM,1h,50,15,dip,16.97,11.8,0.716,-22.9,33,81.82,40.73,2.23,3.81,0.39,-7.5,8,62.5,41.24,15.59,7.53,0.508,-22.9,41,27.9,13.11,0.677,0.764,8.16,0
IWM,1h,50,20,dip,18.79,13.03,0.786,-22.6,28,78.57,40.77,2.87,4.9,0.481,-8.06,6,66.67,41.34,18.12,8.7,0.575,-22.6,34,27.9,13.11,0.677,0.764,8.16,0
IWM,1h,50,25,dip,16.81,11.7,0.716,-22.32,26,80.77,40.16,2.88,4.91,0.482,-8.27,6,83.33,40.86,16.86,8.12,0.542,-22.32,32,27.9,13.11,0.677,0.764,8.16,0
IWM,1h,50,30,dip,13.47,9.41,0.594,-23.92,24,83.33,39.83,2.84,4.85,0.478,-7.97,5,80,40.67,12.59,6.12,0.431,-23.92,29,27.9,13.11,0.677,0.764,8.16,0
IWM,1h,50,40,dip,16.74,11.65,0.708,-22.62,22,86.36,38.15,2.46,4.2,0.42,-7.97,5,80,40.77,15.28,7.38,0.5,-22.62,27,27.9,13.11,0.677,0.764,8.16,0
IWM,1h,50,60,trend,12.93,9.04,0.674,-12.52,14,50,62.92,6.42,11.1,0.9,-7.39,5,40,48.8,20.41,9.75,0.741,-12.62,19,27.9,13.11,0.677,0.764,8.16,1
IWM,1h,50,75,trend,19.83,13.74,0.954,-10,10,50,63.25,5.29,9.1,0.73,-7.32,5,40,51,26.49,12.49,0.901,-10.53,15,27.9,13.11,0.677,0.764,8.16,0
IWM,1h,50,100,trend,13.18,9.21,0.73,-8.86,7,42.86,55.87,12.75,22.5,1.562,-5.35,3,66.67,54.45,28.35,13.31,1.001,-8.86,10,27.9,13.11,0.677,0.764,8.16,1
IWM,1h,50,125,trend,26.17,17.99,1.189,-6.81,7,57.14,65.22,10.68,18.71,1.345,-5.35,2,50,59.14,34.26,15.9,1.079,-8.02,10,27.9,13.11,0.677,0.764,8.16,1
IWM,1h,50,150,trend,23.7,16.34,1.187,-5.69,4,75,57.3,9.12,15.9,1.157,-6.2,2,50,61.05,32.7,15.23,1.094,-6.41,6,27.9,13.11,0.677,0.764,8.16,1
IWM,1h,50,200,trend,22.3,15.4,1.135,-6.43,3,66.67,58.29,-2.41,-4.05,-1.009,-4.07,1,0,12.92,32.45,15.11,1.084,-6.43,5,27.9,13.11,0.677,0.764,8.16,0
IWM,1h,50,250,trend,19.92,13.8,1.027,-8.07,4,50,58.82,-1.18,-1.98,-0.449,-4.31,1,0,13.88,29.14,13.67,0.985,-8.07,6,27.9,13.11,0.677,0.764,8.16,0
IWM,1h,50,300,trend,19.3,13.38,1.003,-7.43,3,66.67,58.49,0,0,0,0,0,0,0,27.12,12.77,0.923,-7.95,4,27.9,13.11,0.677,0.764,8.16,0
IWM,1h,60,2,dip,11.97,8.38,0.555,-19.61,66,81.82,40.36,2.76,4.72,0.469,-5.62,26,76.92,41.05,18.69,8.96,0.607,-19.61,95,27.9,13.11,0.677,0.764,8.16,0
IWM,1h,60,3,dip,6.56,4.62,0.345,-21.83,51,84.31,40.4,5.17,8.9,0.829,-4.97,24,79.17,40.48,12.54,6.09,0.437,-21.83,76,27.9,13.11,0.677,0.764,8.16,1
IWM,1h,60,4,dip,11.04,7.74,0.508,-20.49,47,87.23,40.85,5.61,9.66,0.883,-5.13,20,85,40.29,16.31,7.86,0.533,-20.49,68,27.9,13.11,0.677,0.764,8.16,1
IWM,1h,60,5,dip,6.5,4.59,0.341,-20.88,45,82.22,40.98,4.34,7.46,0.694,-6.55,17,88.24,40.57,10.31,5.04,0.374,-20.88,63,27.9,13.11,0.677,0.764,8.16,0
IWM,1h,60,7,dip,6.53,4.6,0.342,-22.11,39,87.18,40.98,0.84,1.43,0.182,-7.87,11,72.73,40.67,3.61,1.79,0.19,-22.11,51,27.9,13.11,0.677,0.764,8.16,0
IWM,1h,60,9,dip,14.6,10.19,0.634,-21.27,37,86.49,41.06,1.49,2.54,0.28,-7.97,10,70,40.38,12.16,5.92,0.42,-21.27,47,27.9,13.11,0.677,0.764,8.16,0
IWM,1h,60,12,dip,15.34,10.69,0.661,-22.71,35,85.71,40.44,1.34,2.27,0.257,-7.97,8,75,40.38,12.98,6.3,0.442,-22.71,43,27.9,13.11,0.677,0.764,8.16,0
IWM,1h,60,15,dip,13.69,9.56,0.604,-21.63,29,75.86,40.32,2.78,4.75,0.471,-8.06,6,66.67,40.96,12.95,6.29,0.442,-21.63,35,27.9,13.11,0.677,0.764,8.16,0
IWM,1h,60,20,dip,16.43,11.44,0.695,-23.48,25,80,39.83,2.38,4.06,0.414,-8.27,5,80,40.29,14.9,7.2,0.49,-23.48,30,27.9,13.11,0.677,0.764,8.16,0
IWM,1h,60,25,dip,19.32,13.39,0.79,-22.07,25,80,39.05,2.45,4.18,0.42,-7.97,5,80,40.57,18.45,8.85,0.576,-22.07,30,27.9,13.11,0.677,0.764,8.16,0
IWM,1h,60,30,dip,19.3,13.38,0.791,-22.91,22,86.36,38.02,1.13,1.92,0.224,-7.97,5,80,40.77,13.67,6.63,0.458,-22.91,27,27.9,13.11,0.677,0.764,8.16,0
IWM,1h,60,40,dip,6.59,4.65,0.346,-24.41,20,80,35.23,1.81,3.09,0.348,-7.97,4,75,36.75,4.1,2.03,0.203,-24.41,24,27.9,13.11,0.677,0.764,8.16,0
IWM,1h,60,50,dip,3.47,2.46,0.227,-23.77,15,80,32.03,3.64,6.22,0.681,-7.95,5,80,34.93,3.1,1.54,0.175,-23.77,20,27.9,13.11,0.677,0.764,8.16,0
IWM,1h,60,75,trend,12.2,8.53,0.686,-9.78,7,42.86,55.46,7.67,13.31,1.007,-6.25,4,50,52.34,20.33,9.71,0.767,-10.36,11,27.9,13.11,0.677,0.764,8.16,1
IWM,1h,60,100,trend,11.52,8.07,0.65,-8.8,7,42.86,56.23,11,19.3,1.384,-5.35,2,50,58.47,23.78,11.28,0.869,-9.01,9,27.9,13.11,0.677,0.764,8.16,1
IWM,1h,60,125,trend,21.43,14.82,1.093,-5.69,5,60,57.05,9.54,16.65,1.212,-5.89,3,33.33,60.19,29.31,13.74,1.005,-6.9,8,27.9,13.11,0.677,0.764,8.16,1
IWM,1h,60,150,trend,24.4,16.81,1.224,-5.69,4,75,57.88,9.02,15.72,1.142,-6.64,2,50,61.15,33.13,15.41,1.109,-6.64,6,27.9,13.11,0.677,0.764,8.16,1
IWM,1h,60,200,trend,21.78,15.06,1.114,-6.19,3,66.67,58,-2.15,-3.6,-0.892,-4.04,1,0,13.11,29.96,14.03,1.016,-6.63,5,27.9,13.11,0.677,0.764,8.16,0
IWM,1h,60,250,trend,24.97,17.19,1.245,-6.02,3,66.67,58.33,-1.58,-2.65,-0.602,-4.7,1,0,14.26,31.38,14.65,1.041,-7.3,5,27.9,13.11,0.677,0.764,8.16,0
IWM,1h,60,300,trend,22.21,15.34,1.131,-6.46,3,66.67,58.08,0,0,0,0,0,0,0,31.62,14.75,1.045,-7.66,4,27.9,13.11,0.677,0.764,8.16,0
IWM,1h,75,2,dip,3.94,2.79,0.244,-20.87,63,85.71,38.93,-0.03,-0.05,0.051,-7.39,16,81.25,39.9,4.34,2.15,0.211,-20.87,82,27.9,13.11,0.677,0.764,8.16,0
IWM,1h,75,3,dip,4.32,3.06,0.258,-20.19,54,77.78,39.05,1.39,2.36,0.266,-7.39,15,93.33,40,7.61,3.74,0.302,-20.19,71,27.9,13.11,0.677,0.764,8.16,0
IWM,1h,75,4,dip,3.96,2.8,0.245,-20.06,46,82.61,39.25,0.97,1.64,0.201,-7.39,13,92.31,39.71,4.96,2.46,0.228,-20.06,60,27.9,13.11,0.677,0.764,8.16,0
IWM,1h,75,5,dip,5.48,3.87,0.302,-22.15,39,82.05,39.46,0.65,1.1,0.153,-7.39,12,91.67,39.62,6.46,3.19,0.27,-22.15,52,27.9,13.11,0.677,0.764,8.16,0
IWM,1h,75,7,dip,5.51,3.89,0.304,-22.92,32,81.25,39.54,-0.68,-1.15,-0.049,-7.97,9,88.89,39.23,2.43,1.21,0.156,-22.92,42,27.9,13.11,0.677,0.764,8.16,0
IWM,1h,75,9,dip,8.1,5.7,0.399,-22.89,28,82.14,39.25,-0.26,-0.43,0.016,-7.97,8,87.5,40,4.33,2.15,0.209,-22.89,36,27.9,13.11,0.677,0.764,8.16,0
IWM,1h,75,12,dip,13.08,9.15,0.576,-22.09,28,82.14,38.76,-0.71,-1.19,-0.053,-8.1,5,80,40.1,8.24,4.04,0.316,-22.09,33,27.9,13.11,0.677,0.764,8.16,0
IWM,1h,75,15,dip,16.95,11.78,0.71,-21.86,25,84,38.27,0.83,1.4,0.181,-8.08,5,80,40.29,13.88,6.73,0.463,-21.86,30,27.9,13.11,0.677,0.764,8.16,0
IWM,1h,75,20,dip,12.65,8.85,0.565,-23.61,22,77.27,37,-2.19,-3.68,-0.272,-7.97,5,60,40.48,8.6,4.22,0.326,-23.61,27,27.9,13.11,0.677,0.764,8.16,0
IWM,1h,75,25,dip,7.87,5.54,0.394,-23.43,21,80.95,36.05,-0.05,-0.09,0.042,-7.97,4,75,37.32,3.64,1.81,0.19,-23.43,25,27.9,13.11,0.677,0.764,8.16,0
IWM,1h,75,30,dip,7.06,4.97,0.365,-23.31,21,80.95,34.29,0.29,0.5,0.1,-7.99,4,75,36.65,3,1.49,0.172,-23.31,25,27.9,13.11,0.677,0.764,8.16,0
IWM,1h,75,40,dip,1.48,1.05,0.147,-23.95,15,80,31.38,3.84,6.59,0.717,-7.95,5,80,34.45,1.5,0.75,0.128,-23.95,20,27.9,13.11,0.677,0.764,8.16,0
IWM,1h,75,50,dip,-1.89,-1.35,0.004,-24.54,11,72.73,30.27,4.2,7.2,0.834,-7.95,5,80,32.34,-1.25,-0.63,0.043,-24.54,16,27.9,13.11,0.677,0.764,8.16,1
IWM,1h,75,60,dip,-1.01,-0.72,0.041,-24.29,8,75,29.94,2.62,4.47,0.555,-7.95,4,75,30.72,-1.82,-0.92,0.025,-24.29,12,27.9,13.11,0.677,0.764,8.16,0
IWM,1h,75,100,trend,19.37,13.43,1.006,-5.69,5,60,56.85,10.68,18.71,1.346,-5.35,2,50,59.04,30.44,14.24,1.057,-5.69,8,27.9,13.11,0.677,0.764,8.16,1
IWM,1h,75,125,trend,27.3,18.75,1.344,-5.69,4,75,57.71,8.65,15.06,1.1,-6.95,2,50,60.86,35.78,16.55,1.179,-6.95,6,27.9,13.11,0.677,0.764,8.16,1
IWM,1h,75,150,trend,24.21,16.69,1.22,-5.69,3,66.67,58.12,7.67,13.31,0.991,-6.73,2,50,61.34,34.54,16.02,1.149,-6.73,5,27.9,13.11,0.677,0.764,8.16,1
IWM,1h,75,200,trend,23.37,16.12,1.192,-5.77,4,50,56.81,-3.05,-5.1,-1.249,-4.7,1,0,13.49,28.74,13.49,0.984,-7.41,6,27.9,13.11,0.677,0.764,8.16,0
IWM,1h,75,250,trend,14.98,10.44,0.814,-8.14,4,50,56.4,0,0,0,0,0,0,0,22.88,10.87,0.807,-8.14,5,27.9,13.11,0.677,0.764,8.16,0
IWM,1h,75,300,trend,18.48,12.83,0.989,-6.22,3,66.67,56.97,0,0,0,0,0,0,0,27.43,12.91,0.941,-8.73,4,27.9,13.11,0.677,0.764,8.16,0
IWM,1h,100,2,dip,12.01,8.4,0.544,-21.34,55,83.64,36.26,1.56,2.65,0.298,-7.39,15,86.67,37.51,14.54,7.04,0.489,-21.34,71,27.9,13.11,0.677,0.764,8.16,0
IWM,1h,100,3,dip,12.57,8.79,0.563,-22.32,47,85.11,36.42,-0.66,-1.11,-0.049,-7.39,12,83.33,37.7,12.85,6.24,0.443,-22.32,60,27.9,13.11,0.677,0.764,8.16,0
IWM,1h,100,4,dip,9.73,6.83,0.461,-22.83,41,78.05,36.46,0.03,0.04,0.058,-7.39,10,90,37.51,9.97,4.88,0.366,-22.83,52,27.9,13.11,0.677,0.764,8.16,0
IWM,1h,100,5,dip,10.23,7.18,0.479,-22.68,39,76.92,36.46,-0.85,-1.43,-0.077,-7.39,9,88.89,37.99,8.99,4.41,0.339,-22.68,49,27.9,13.11,0.677,0.764,8.16,0
IWM,1h,100,7,dip,8.38,5.89,0.412,-23.34,32,81.25,36.26,0.24,0.4,0.091,-7.39,9,88.89,38.28,6.21,3.06,0.263,-23.34,42,27.9,13.11,0.677,0.764,8.16,0
IWM,1h,100,9,dip,7.86,5.53,0.392,-23.93,26,80.77,35.85,-0.13,-0.23,0.034,-7.97,8,87.5,38.76,4.06,2.02,0.202,-23.93,34,27.9,13.11,0.677,0.764,8.16,0
IWM,1h,100,12,dip,7.77,5.47,0.388,-23.98,26,80.77,35.15,0.34,0.57,0.107,-7.97,6,83.33,36.36,3.36,1.67,0.182,-23.98,33,27.9,13.11,0.677,0.764,8.16,0
IWM,1h,100,15,dip,5.87,4.14,0.318,-24.35,21,80.95,34.29,-0.57,-0.97,-0.047,-7.97,5,80,36.56,-0.02,-0.01,0.085,-24.35,27,27.9,13.11,0.677,0.764,8.16,0
IWM,1h,100,20,dip,3.91,2.77,0.244,-23.83,21,80.95,32.9,-0.53,-0.9,-0.04,-8.25,5,80,35.79,-1.07,-0.54,0.053,-23.83,26,27.9,13.11,0.677,0.764,8.16,0
IWM,1h,100,25,dip,-1,-0.71,0.044,-24.59,16,81.25,31.21,1.74,2.95,0.354,-7.95,5,80,33.88,-3.17,-1.6,-0.013,-24.59,21,27.9,13.11,0.677,0.764,8.16,0
IWM,1h,100,30,dip,-6.27,-4.51,-0.188,-25.34,10,70,30.23,1.62,2.75,0.343,-7.95,4,75,32.82,-8.09,-4.14,-0.175,-25.34,14,27.9,13.11,0.677,0.764,8.16,0
IWM,1h,100,40,dip,-1.71,-1.22,0.012,-24.71,9,77.78,30.27,2.12,3.62,0.461,-7.95,4,75,30.81,-2.79,-1.41,-0.005,-24.71,13,27.9,13.11,0.677,0.764,8.16,0
IWM,1h,100,50,dip,-1.83,-1.31,0.006,-24.12,8,75,29.45,-2.15,-3.61,-0.416,-7.95,3,66.67,28.13,-7.81,-3.99,-0.171,-24.12,11,27.9,13.11,0.677,0.764,8.16,0
IWM,1h,100,60,dip,-0.17,-0.12,0.077,-24.64,7,71.43,28.96,-3.78,-6.31,-0.848,-6.81,2,50,23.92,-4.16,-2.1,-0.05,-24.64,10,27.9,13.11,0.677,0.764,8.16,0
IWM,1h,100,75,dip,-5.83,-4.19,-0.175,-23.89,5,60,28.01,-3.29,-5.51,-0.737,-6.87,2,50,23.06,-8.28,-4.24,-0.192,-23.89,9,27.9,13.11,0.677,0.764,8.16,0
IWM,1h,100,125,trend,17.41,12.1,0.867,-11.38,4,50,66.2,9.27,16.18,1.17,-6.24,2,50,61.82,27.45,12.92,0.913,-11.38,6,27.9,13.11,0.677,0.764,8.16,1
IWM,1h,100,150,trend,23.73,16.36,1.21,-5.77,3,66.67,56.6,7.09,12.28,0.916,-7.21,2,50,62.68,30.04,14.06,1.025,-7.21,5,27.9,13.11,0.677,0.764,8.16,1
IWM,1h,100,200,trend,17.55,12.2,0.939,-6.57,4,50,55.62,-1.34,-2.26,-0.508,-4.77,1,0,14.35,23.8,11.29,0.84,-7.3,6,27.9,13.11,0.677,0.764,8.16,0
IWM,1h,100,250,trend,17.62,12.25,0.957,-6.49,3,66.67,55.13,0,0,0,0,0,0,0,25.1,11.87,0.879,-8.73,4,27.9,13.11,0.677,0.764,8.16,0
IWM,1h,100,300,trend,11.13,7.8,0.641,-8.8,4,50,55.78,0,0,0,0,0,0,0,16.3,7.86,0.61,-9.48,5,27.9,13.11,0.677,0.764,8.16,0
IWM,1h,125,2,dip,7.03,4.96,0.364,-24.09,49,81.63,32.77,0.12,0.21,0.073,-7.39,18,77.78,35.31,8.87,4.35,0.339,-24.09,67,27.9,13.11,0.677,0.764,8.16,0
IWM,1h,125,3,dip,1.13,0.81,0.133,-24.54,34,79.41,32.53,0.15,0.25,0.077,-7.39,16,75,35.12,3.13,1.56,0.176,-24.54,50,27.9,13.11,0.677,0.764,8.16,0
IWM,1h,125,4,dip,2.83,2.01,0.201,-24.78,31,80.65,32.81,2.71,4.63,0.485,-7.39,14,92.86,35.31,5.23,2.59,0.237,-24.78,45,27.9,13.11,0.677,0.764,8.16,0
IWM,1h,125,5,dip,3.57,2.53,0.23,-24.17,27,85.19,32.73,3.35,5.73,0.637,-7.39,12,91.67,32.25,6.71,3.3,0.279,-24.17,41,27.9,13.11,0.677,0.764,8.16,0
IWM,1h,125,7,dip,3.68,2.61,0.235,-24.09,25,84,32.49,0.65,1.1,0.16,-7.39,9,88.89,33.01,1.67,0.84,0.134,-24.09,35,27.9,13.11,0.677,0.764,8.16,0
IWM,1h,125,9,dip,0.72,0.52,0.116,-23.36,23,82.61,31.75,0.52,0.89,0.139,-7.39,9,88.89,33.4,-2.07,-1.04,0.021,-23.36,33,27.9,13.11,0.677,0.764,8.16,0
IWM,1h,125,12,dip,-1.18,-0.84,0.037,-23.55,18,77.78,31.01,2.56,4.37,0.5,-7.39,9,88.89,33.01,-2.77,-1.4,-0.001,-23.55,27,27.9,13.11,0.677,0.764,8.16,0
IWM,1h,125,15,dip,-4.19,-3,-0.092,-23.17,15,73.33,30.6,0.27,0.45,0.095,-7.95,7,71.43,32.73,-7.72,-3.95,-0.159,-23.17,22,27.9,13.11,0.677,0.764,8.16,0
IWM,1h,125,20,dip,-3.57,-2.55,-0.067,-23.83,13,84.62,30.56,0.9,1.53,0.215,-7.95,5,80,31.29,-6.1,-3.1,-0.11,-23.83,18,27.9,13.11,0.677,0.764,8.16,0
IWM,1h,125,25,dip,-5.71,-4.1,-0.162,-26.1,10,80,30.43,0.66,1.12,0.175,-7.95,5,80,29.95,-8.4,-4.3,-0.188,-26.1,15,27.9,13.11,0.677,0.764,8.16,0
IWM,1h,125,30,dip,-1.2,-0.85,0.034,-24.35,9,77.78,30.15,-1.8,-3.03,-0.34,-7.95,5,80,28.9,-6.23,-3.17,-0.117,-24.35,14,27.9,13.11,0.677,0.764,8.16,0
IWM,1h,125,40,dip,-0.35,-0.25,0.069,-24.12,8,75,29.29,-3.77,-6.3,-0.84,-7.44,3,66.67,23.92,-6.44,-3.28,-0.126,-24.12,12,27.9,13.11,0.677,0.764,8.16,0
IWM,1h,125,50,dip,-6.09,-4.37,-0.184,-24.69,7,71.43,28.18,-3.5,-5.85,-0.786,-6.81,2,50,23.25,-6.08,-3.09,-0.118,-24.69,11,27.9,13.11,0.677,0.764,8.16,0
IWM,1h,125,60,dip,-7.61,-5.48,-0.257,-23.98,5,60,27.77,-2.51,-4.21,-0.561,-6.87,3,66.67,22.01,-7.66,-3.91,-0.174,-23.98,9,27.9,13.11,0.677,0.764,8.16,0
IWM,1h,125,75,dip,-11.6,-8.4,-0.444,-23.85,4,50,26.95,-1.14,-1.91,-0.242,-6.67,2,50,21.05,-11.68,-6.03,-0.315,-23.85,7,27.9,13.11,0.677,0.764,8.16,0
IWM,1h,125,100,dip,-6.21,-4.46,-0.194,-24.18,3,66.67,26.58,-2.11,-3.54,-0.49,-6.67,2,50,19.81,-7.93,-4.05,-0.186,-24.18,6,27.9,13.11,0.677,0.764,8.16,0
IWM,1h,125,150,trend,22.34,15.43,1.149,-5.77,4,50,55.91,6.48,11.19,0.839,-7.38,2,50,63.44,26.72,12.59,0.923,-7.36,6,27.9,13.11,0.677,0.764,8.16,1
IWM,1h,125,200,trend,20.04,13.88,1.073,-6.18,3,66.67,54.59,0,0,0,0,0,0,0,28.57,13.41,0.984,-7.58,4,27.9,13.11,0.677,0.764,8.16,0
IWM,1h,125,250,trend,17.82,12.38,0.972,-8.03,2,100,53.9,0,0,0,0,0,0,0,22.12,10.53,0.791,-9.48,3,27.9,13.11,0.677,0.764,8.16,0
IWM,1h,125,300,trend,16.23,11.3,0.889,-7.87,3,66.67,55.21,0,0,0,0,0,0,0,20.41,9.75,0.731,-9.48,4,27.9,13.11,0.677,0.764,8.16,0
IWM,1h,150,2,dip,1.27,0.9,0.138,-24.37,39,87.18,29.9,0.47,0.79,0.131,-7.39,15,86.67,30.33,5.35,2.64,0.242,-24.37,57,27.9,13.11,0.677,0.764,8.16,0
IWM,1h,150,3,dip,1.75,1.24,0.158,-24.24,33,84.85,29.86,4.93,8.47,0.924,-7.39,14,92.86,30.14,5.34,2.64,0.241,-24.24,48,27.9,13.11,0.677,0.764,8.16,1
IWM,1h,150,4,dip,0.76,0.54,0.117,-24.31,28,85.71,29.78,6.27,10.82,1.138,-7.39,13,92.31,30.33,5.87,2.9,0.256,-24.31,42,27.9,13.11,0.677,0.764,8.16,1
IWM,1h,150,5,dip,-1.76,-1.25,0.013,-24.17,24,79.17,29.82,7,12.13,1.263,-7.39,13,92.31,30.24,4.16,2.06,0.207,-24.17,39,27.9,13.11,0.677,0.764,8.16,1
IWM,1h,150,7,dip,-5.41,-3.88,-0.146,-24.36,18,83.33,29.82,4.17,7.15,0.828,-7.44,11,90.91,29,-1.62,-0.82,0.031,-24.36,30,27.9,13.11,0.677,0.764,8.16,1
IWM,1h,150,9,dip,-3.26,-2.33,-0.052,-23.95,18,88.89,30.52,3.91,6.7,0.784,-7.44,10,90,28.42,0.17,0.09,0.087,-23.95,29,27.9,13.11,0.677,0.764,8.16,1
IWM,1h,150,12,dip,-2.11,-1.5,-0.004,-24.07,14,85.71,30.11,2.85,4.87,0.593,-7.44,10,80,27.94,-1.93,-0.97,0.022,-24.07,25,27.9,13.11,0.677,0.764,8.16,0
IWM,1h,150,15,dip,-3.27,-2.34,-0.055,-24.05,11,81.82,29.9,1.62,2.75,0.376,-7.44,8,87.5,27.37,-4.09,-2.07,-0.048,-24.05,20,27.9,13.11,0.677,0.764,8.16,0
IWM,1h,150,20,dip,-3.46,-2.47,-0.063,-22.94,10,70,29.98,-1.03,-1.74,-0.186,-7.44,7,85.71,25.65,-4.64,-2.35,-0.069,-22.94,19,27.9,13.11,0.677,0.764,8.16,0
IWM,1h,150,25,dip,-3.09,-2.21,-0.048,-24.95,9,77.78,29.41,-1.39,-2.33,-0.273,-6.81,5,80,23.64,-3.23,-1.63,-0.023,-24.95,16,27.9,13.11,0.677,0.764,8.16,0
IWM,1h,150,30,dip,-1.74,-1.24,0.01,-24.29,8,75,28.96,-3.16,-5.29,-0.713,-6.81,3,66.67,22.39,-3.69,-1.86,-0.04,-24.29,13,27.9,13.11,0.677,0.764,8.16,0
IWM,1h,150,40,dip,-4.36,-3.12,-0.106,-24.07,7,71.43,28.06,-2.23,-3.74,-0.497,-6.81,3,66.67,21.53,-4.03,-2.04,-0.05,-24.07,11,27.9,13.11,0.677,0.764,8.16,0
IWM,1h,150,50,dip,-9.34,-6.74,-0.339,-24.11,4,50,27.48,-1.91,-3.21,-0.428,-6.67,2,50,21.05,-9.95,-5.11,-0.255,-24.11,7,27.9,13.11,0.677,0.764,8.16,0
IWM,1h,150,60,dip,-9.53,-6.88,-0.346,-23.83,4,50,26.78,-1.47,-2.47,-0.325,-6.67,2,50,20.77,-9.92,-5.1,-0.253,-23.83,7,27.9,13.11,0.677,0.764,8.16,0
IWM,1h,150,75,dip,-8.07,-5.82,-0.278,-23.83,3,66.67,26.29,-1.36,-2.29,-0.3,-6.67,2,50,20.19,-9.56,-4.91,-0.241,-23.83,6,27.9,13.11,0.677,0.764,8.16,0
IWM,1h,150,100,dip,-5.1,-3.65,-0.142,-23.83,3,66.67,27.65,-0.85,-1.43,-0.183,-6.67,2,50,18.37,-3.78,-1.91,-0.045,-23.83,6,27.9,13.11,0.677,0.764,8.16,0
IWM,1h,150,125,dip,-3.83,-2.74,-0.085,-23.83,4,75,28.22,-0.66,-1.12,-0.146,-6.67,2,50,16.75,-1.07,-0.54,0.043,-23.83,7,27.9,13.11,0.677,0.764,8.16,0
IWM,1h,150,200,trend,20.56,14.23,1.102,-6.18,2,100,53.65,0,0,0,0,0,0,0,26.18,12.35,0.912,-9.48,3,27.9,13.11,0.677,0.764,8.16,0
IWM,1h,150,250,trend,20.09,13.92,1.075,-7.87,2,100,53.86,0,0,0,0,0,0,0,25.34,11.98,0.877,-9.48,3,27.9,13.11,0.677,0.764,8.16,0
IWM,1h,150,300,trend,17.08,11.88,0.925,-7.87,3,66.67,55.05,0,0,0,0,0,0,0,19.55,9.36,0.7,-9.48,4,27.9,13.11,0.677,0.764,8.16,0
IWM,1h,200,2,dip,2.92,2.07,0.206,-22.83,33,93.94,27.6,3.9,6.68,0.842,-7.39,12,91.67,23.44,9.13,4.47,0.355,-22.83,50,27.9,13.11,0.677,0.764,8.16,1
IWM,1h,200,3,dip,5.21,3.68,0.299,-22.83,28,89.29,27.6,1.49,2.52,0.36,-6.81,10,80,22.68,9.2,4.51,0.358,-22.83,42,27.9,13.11,0.677,0.764,8.16,0
IWM,1h,200,4,dip,4.48,3.17,0.27,-22.83,25,88,27.56,-0.64,-1.08,-0.104,-6.81,7,85.71,22.01,5.4,2.67,0.246,-22.83,34,27.9,13.11,0.677,0.764,8.16,0
IWM,1h,200,5,dip,0.41,0.29,0.101,-22.83,22,86.36,27.24,-2.07,-3.48,-0.432,-7.02,6,66.67,21.82,0.2,0.1,0.085,-22.83,30,27.9,13.11,0.677,0.764,8.16,0
IWM,1h,200,7,dip,-2.03,-1.45,-0.004,-22.83,17,88.24,27.19,-2.37,-3.97,-0.507,-6.81,4,75,21.34,-3.99,-2.02,-0.051,-22.83,22,27.9,13.11,0.677,0.764,8.16,0
IWM,1h,200,9,dip,-2.65,-1.9,-0.032,-22.83,13,84.62,27.11,-2.16,-3.63,-0.465,-6.81,4,75,21.24,-3.72,-1.88,-0.042,-22.83,19,27.9,13.11,0.677,0.764,8.16,0
IWM,1h,200,12,dip,-1.7,-1.21,0.011,-22.83,11,81.82,27.24,-3.27,-5.47,-0.753,-6.97,3,66.67,20.77,-4.78,-2.42,-0.077,-22.83,16,27.9,13.11,0.677,0.764,8.16,0
IWM,1h,200,15,dip,-1.79,-1.28,0.007,-23.04,13,76.92,27.28,-4.59,-7.63,-1.108,-6.81,2,50,20.67,-6.59,-3.36,-0.138,-23.04,16,27.9,13.11,0.677,0.764,8.16,0
IWM,1h,200,20,dip,-5.77,-4.14,-0.172,-23.83,7,71.43,27.19,-4.27,-7.11,-1.027,-6.81,2,50,20.57,-7.42,-3.79,-0.166,-23.83,10,27.9,13.11,0.677,0.764,8.16,0
IWM,1h,200,25,dip,-6.36,-4.57,-0.199,-23.83,6,66.67,26.91,-3.92,-6.54,-0.937,-6.84,2,50,20.48,-8.8,-4.51,-0.214,-23.83,9,27.9,13.11,0.677,0.764,8.16,0
IWM,1h,200,30,dip,-7.92,-5.7,-0.272,-23.83,7,71.43,26.25,-3.44,-5.74,-0.816,-6.67,2,50,20.38,-10.77,-5.55,-0.285,-23.83,10,27.9,13.11,0.677,0.764,8.16,0
IWM,1h,200,40,dip,-10.96,-7.93,-0.416,-23.83,3,33.33,25.76,-2.37,-3.98,-0.56,-6.67,2,50,19.71,-13.09,-6.78,-0.369,-23.83,6,27.9,13.11,0.677,0.764,8.16,0
IWM,1h,200,50,dip,-4.63,-3.32,-0.123,-23.83,3,66.67,26.09,-2.35,-3.95,-0.558,-6.67,2,50,19.14,-6.17,-3.14,-0.127,-23.83,6,27.9,13.11,0.677,0.764,8.16,0
IWM,1h,200,60,dip,-2.81,-2.01,-0.041,-23.83,3,66.67,26.29,-2.1,-3.52,-0.503,-6.67,2,50,18.37,-2.95,-1.49,-0.019,-23.83,6,27.9,13.11,0.677,0.764,8.16,0
IWM,1h,200,75,dip,-4.34,-3.11,-0.108,-23.83,4,75,27.4,-0.8,-1.35,-0.183,-6.67,2,50,17.03,-2.31,-1.16,0.003,-23.83,7,27.9,13.11,0.677,0.764,8.16,0
IWM,1h,200,100,dip,-0.93,-0.67,0.043,-23.83,4,75,28.34,-2.54,-4.25,-0.724,-6.67,2,50,15.02,0.24,0.12,0.085,-23.83,7,27.9,13.11,0.677,0.764,8.16,0
IWM,1h,200,125,dip,-1.74,-1.24,0.009,-23.83,3,66.67,29.08,-5.05,-8.39,-1.639,-6.67,1,0,13.4,-2.13,-1.07,0.009,-23.83,5,27.9,13.11,0.677,0.764,8.16,0
IWM,1h,200,150,dip,-3.2,-2.29,-0.054,-24.73,2,50,29.7,-4.98,-8.27,-1.673,-5.9,1,0,11.48,-1.33,-0.67,0.034,-24.73,4,27.9,13.11,0.677,0.764,8.16,0
IWM,1h,200,250,trend,16.7,11.62,0.9,-9.26,2,100,54.1,0,0,0,0,0,0,0,18.93,9.07,0.679,-9.48,3,27.9,13.11,0.677,0.764,8.16,0
IWM,1h,200,300,trend,22.24,15.36,1.131,-8.98,3,33.33,56.19,0,0,0,0,0,0,0,21.89,10.42,0.756,-9.65,4,27.9,13.11,0.677,0.764,8.16,0
IWM,1h,250,2,dip,1.49,1.06,0.147,-22.83,24,87.5,27.32,-0.28,-0.47,-0.039,-6.81,7,85.71,19.23,3.58,1.78,0.19,-22.83,33,27.9,13.11,0.677,0.764,8.16,0
IWM,1h,250,3,dip,2.01,1.43,0.169,-22.83,20,85,26.91,-1.53,-2.58,-0.359,-6.81,5,80,19.33,4.34,2.15,0.213,-22.83,29,27.9,13.11,0.677,0.764,8.16,0
IWM,1h,250,4,dip,3.7,2.62,0.238,-22.83,18,88.89,26.74,-1.63,-2.74,-0.384,-6.81,5,80,19.52,5.58,2.76,0.251,-22.83,26,27.9,13.11,0.677,0.764,8.16,0
IWM,1h,250,5,dip,4.08,2.89,0.254,-22.83,16,87.5,26.74,-1.76,-2.95,-0.416,-6.81,5,80,19.52,6.53,3.22,0.279,-22.83,24,27.9,13.11,0.677,0.764,8.16,0
IWM,1h,250,7,dip,4.38,3.1,0.266,-22.83,15,86.67,26.5,-2.01,-3.37,-0.483,-6.81,5,80,19.23,5.16,2.55,0.238,-22.83,21,27.9,13.11,0.677,0.764,8.16,0
IWM,1h,250,9,dip,-2.47,-1.76,-0.024,-22.83,14,85.71,26.29,-2.84,-4.76,-0.693,-6.98,4,75,19.33,-1.45,-0.73,0.032,-22.83,20,27.9,13.11,0.677,0.764,8.16,0
IWM,1h,250,12,dip,-4.23,-3.03,-0.101,-24.08,9,66.67,26.46,-2.52,-4.23,-0.617,-6.67,4,75,18.85,-4.75,-2.41,-0.076,-24.08,15,27.9,13.11,0.677,0.764,8.16,0
IWM,1h,250,15,dip,-4.46,-3.2,-0.112,-23.83,8,75,26.37,-3.23,-5.4,-0.813,-6.67,3,33.33,18.66,-3.89,-1.97,-0.048,-23.83,13,27.9,13.11,0.677,0.764,8.16,0
IWM,1h,250,20,dip,-7.34,-5.28,-0.244,-23.83,6,66.67,25.76,-1.72,-2.9,-0.428,-6.67,4,75,17.7,-8.13,-4.16,-0.193,-23.83,12,27.9,13.11,0.677,0.764,8.16,0
IWM,1h,250,25,dip,-5.24,-3.76,-0.149,-23.83,5,80,25.59,-3.01,-5.04,-0.79,-6.67,2,50,17.51,-5.75,-2.92,-0.112,-23.83,10,27.9,13.11,0.677,0.764,8.16,0
IWM,1h,250,30,dip,-1.96,-1.4,-0.003,-23.83,5,80,25.68,-2.91,-4.88,-0.763,-6.67,2,50,17.32,-3.27,-1.65,-0.03,-23.83,8,27.9,13.11,0.677,0.764,8.16,0
IWM,1h,250,40,dip,0.71,0.51,0.113,-23.83,5,80,25.68,-3.36,-5.62,-0.892,-6.67,2,50,16.94,-0.48,-0.24,0.062,-23.83,8,27.9,13.11,0.677,0.764,8.16,0
IWM,1h,250,50,dip,-2.2,-1.57,-0.015,-23.83,4,75,25.43,-3.08,-5.15,-0.84,-6.67,2,50,16.27,-3.23,-1.63,-0.03,-23.83,7,27.9,13.11,0.677,0.764,8.16,0
IWM,1h,250,60,dip,-5.74,-4.12,-0.175,-23.83,3,66.67,25.8,-2.31,-3.87,-0.646,-6.67,2,50,15.12,-4.46,-2.26,-0.072,-23.83,6,27.9,13.11,0.677,0.764,8.16,0
IWM,1h,250,75,dip,1.9,1.35,0.164,-23.83,4,75,27.6,-4.35,-7.25,-1.38,-6.67,1,0,14.16,1.73,0.86,0.133,-23.83,6,27.9,13.11,0.677,0.764,8.16,0
IWM,1h,250,100,dip,-0.04,-0.03,0.082,-23.83,3,66.67,28.51,-5.63,-9.33,-1.856,-6.67,1,0,12.63,0.27,0.14,0.086,-23.83,5,27.9,13.11,0.677,0.764,8.16,0
IWM,1h,250,125,dip,-1.2,-0.86,0.033,-24.73,2,50,29.37,-4.19,-6.99,-1.417,-5.12,1,0,11.1,1.7,0.85,0.132,-24.73,4,27.9,13.11,0.677,0.764,8.16,0
IWM,1h,250,150,dip,-2.26,-1.61,-0.015,-24.73,2,50,28.92,-3.25,-5.43,-1.1,-4.67,1,0,10.53,-0.09,-0.05,0.073,-24.73,4,27.9,13.11,0.677,0.764,8.16,0
IWM,1h,250,200,dip,0.83,0.59,0.118,-24.73,2,50,27.93,-3.09,-5.17,-1.065,-4.44,1,0,9.38,5.56,2.74,0.256,-24.73,4,27.9,13.11,0.677,0.764,8.16,0
IWM,1h,250,300,trend,27.54,18.9,1.387,-8.98,1,100,52.83,0,0,0,0,0,0,0,30.08,14.08,0.984,-9.48,2,27.9,13.11,0.677,0.764,8.16,0
IWM,1h,300,2,dip,1.31,0.93,0.139,-22.83,21,90.48,26,-4.74,-7.88,-1.35,-6.81,3,66.67,17.13,1.19,0.6,0.117,-22.83,29,27.9,13.11,0.677,0.764,8.16,0
IWM,1h,300,3,dip,0.43,0.31,0.102,-22.83,18,88.89,25.88,-4.61,-7.67,-1.313,-6.81,3,66.67,17.03,0.79,0.39,0.104,-22.83,24,27.9,13.11,0.677,0.764,8.16,0
IWM,1h,300,4,dip,0.37,0.26,0.099,-22.83,16,81.25,25.64,-4.59,-7.64,-1.307,-6.92,3,66.67,17.03,1.41,0.7,0.123,-22.83,22,27.9,13.11,0.677,0.764,8.16,0
IWM,1h,300,5,dip,-0.35,-0.25,0.068,-22.83,14,85.71,25.51,-4.04,-6.74,-1.155,-6.67,3,66.67,16.84,1.99,0.99,0.141,-22.83,19,27.9,13.11,0.677,0.764,8.16,0
IWM,1h,300,7,dip,-2.34,-1.67,-0.019,-22.83,11,81.82,25.23,-3.37,-5.63,-0.969,-6.67,3,66.67,16.75,-0.45,-0.23,0.063,-22.83,16,27.9,13.11,0.677,0.764,8.16,0
IWM,1h,300,9,dip,-0.68,-0.48,0.053,-22.83,11,90.91,24.86,-3.02,-5.06,-0.862,-6.67,3,66.67,16.84,-0.66,-0.33,0.056,-22.83,15,27.9,13.11,0.677,0.764,8.16,0
IWM,1h,300,12,dip,-0.49,-0.35,0.061,-23.11,8,75,24.73,-3.42,-5.71,-0.983,-6.67,3,66.67,16.56,-1.39,-0.7,0.032,-23.11,12,27.9,13.11,0.677,0.764,8.16,0
IWM,1h,300,15,dip,-1.58,-1.13,0.013,-23.83,5,80,24.94,-3.58,-5.98,-1.063,-6.67,3,66.67,16.46,-3.56,-1.8,-0.04,-23.83,8,27.9,13.11,0.677,0.764,8.16,0
IWM,1h,300,20,dip,-1.29,-0.92,0.026,-23.83,5,80,24.94,-3.57,-5.96,-1.07,-6.67,3,66.67,15.69,-2.78,-1.4,-0.014,-23.83,8,27.9,13.11,0.677,0.764,8.16,0
IWM,1h,300,25,dip,0.39,0.28,0.099,-23.83,5,80,24.9,-4.84,-8.05,-1.493,-6.67,1,0,15.02,0.78,0.39,0.102,-23.83,9,27.9,13.11,0.677,0.764,8.16,0
IWM,1h,300,30,dip,-0.15,-0.11,0.075,-23.83,5,80,24.9,-4.5,-7.48,-1.396,-6.67,1,0,14.83,-1.32,-0.66,0.033,-23.83,9,27.9,13.11,0.677,0.764,8.16,0
IWM,1h,300,40,dip,-2.12,-1.51,-0.011,-23.83,3,66.67,25.39,-4.12,-6.87,-1.282,-6.67,1,0,14.55,-3.64,-1.84,-0.045,-23.83,5,27.9,13.11,0.677,0.764,8.16,0
IWM,1h,300,50,dip,-0.25,-0.18,0.071,-23.83,3,66.67,25.55,-4.07,-6.79,-1.265,-6.67,1,0,14.26,-0.13,-0.06,0.072,-23.83,5,27.9,13.11,0.677,0.764,8.16,0
IWM,1h,300,60,dip,-4.25,-3.04,-0.107,-23.83,3,66.67,25.8,-4.79,-7.97,-1.546,-6.67,1,0,13.88,-5.15,-2.61,-0.097,-23.83,5,27.9,13.11,0.677,0.764,8.16,0
IWM,1h,300,75,dip,-0.77,-0.55,0.05,-23.83,3,66.67,26.66,-5.63,-9.33,-1.87,-6.67,1,0,11.87,-1.57,-0.79,0.026,-23.83,5,27.9,13.11,0.677,0.764,8.16,0
IWM,1h,300,100,dip,3.83,2.71,0.244,-23.83,4,75,27.32,-3.34,-5.58,-1.125,-4.67,1,0,10.81,5.85,2.89,0.262,-23.83,6,27.9,13.11,0.677,0.764,8.16,0
IWM,1h,300,125,dip,1.38,0.98,0.142,-23.83,3,66.67,27.4,-3.04,-5.09,-1.028,-4.67,1,0,10.33,4.41,2.18,0.218,-23.83,5,27.9,13.11,0.677,0.764,8.16,0
IWM,1h,300,150,dip,0.38,0.27,0.098,-23.83,3,66.67,26.99,-3.54,-5.92,-1.221,-4.48,1,0,9.57,4.88,2.42,0.235,-23.83,5,27.9,13.11,0.677,0.764,8.16,0
IWM,1h,300,200,dip,-1.45,-1.03,0.013,-23.83,3,66.67,24.45,-2.35,-3.95,-0.849,-3.98,1,0,8.33,5.44,2.69,0.256,-23.83,5,27.9,13.11,0.677,0.764,8.16,0
IWM,1h,300,250,dip,-6.43,-4.62,-0.231,-20.81,1,0,19.69,-2.42,-4.05,-1.093,-3.98,1,0,6.89,-2.12,-1.07,-0.007,-20.81,3,27.9,13.11,0.677,0.764,8.16,0
DIA,1d,2,3,trend,0.28,0.01,0.059,-55.36,598,39.97,57.64,26.49,2.77,0.298,-19.14,258,46.12,58.49,23.07,0.73,0.121,-55.36,857,1083.51,8.99,0.526,0.641,139.25,0
DIA,1d,2,4,trend,2.17,0.11,0.067,-57.12,535,39.25,58.65,30.4,3.13,0.332,-17.96,221,45.25,59.46,31.08,0.95,0.14,-57.12,757,1083.51,8.99,0.526,0.641,139.25,0
DIA,1d,2,5,trend,15.4,0.72,0.12,-52.89,468,36.75,58.96,32.32,3.31,0.349,-21.84,190,44.21,60.3,50.23,1.43,0.182,-52.89,659,1083.51,8.99,0.526,0.641,139.25,0
DIA,1d,2,7,trend,9.49,0.45,0.097,-51.02,406,34.73,59.26,48.3,4.68,0.48,-24.07,154,46.1,60.85,57.8,1.6,0.198,-51.02,561,1083.51,8.99,0.526,0.641,139.25,0
DIA,1d,2,9,trend,34.46,1.49,0.187,-35.93,354,36.44,59.4,31.73,3.25,0.351,-26.27,139,44.6,62.05,69.63,1.86,0.221,-35.93,494,1083.51,8.99,0.526,0.641,139.25,0
DIA,1d,2,12,trend,49.96,2.04,0.238,-38.76,304,37.17,59.89,24.88,2.61,0.293,-24.1,121,45.45,63.71,76.86,2.01,0.236,-38.76,426,1083.51,8.99,0.526,0.641,139.25,0
DIA,1d,2,15,trend,63.78,2.49,0.278,-39.82,262,36.64,60.9,22.91,2.42,0.278,-27.26,110,42.73,64.82,86.82,2.2,0.254,-39.82,374,1083.51,8.99,0.526,0.641,139.25,0
DIA,1d,2,20,trend,26.41,1.17,0.161,-42.47,236,34.32,62.23,47.52,4.62,0.482,-24.24,90,46.67,66.2,74.02,1.95,0.232,-42.47,329,1083.51,8.99,0.526,0.641,139.25,0
DIA,1d,2,25,trend,14.5,0.68,0.116,-41.26,213,31.46,63.34,49.02,4.74,0.486,-20.31,81,38.27,68.1,62,1.7,0.21,-41.26,296,1083.51,8.99,0.526,0.641,139.25,0
DIA,1d,2,30,trend,67.37,2.6,0.295,-38.44,177,37.29,63.59,73.79,6.63,0.651,-19.01,67,41.79,68.93,167.73,3.49,0.375,-38.44,247,1083.51,8.99,0.526,0.641,139.25,1
DIA,1d,2,40,trend,96.18,3.41,0.37,-31.71,159,32.7,64.72,67.13,6.15,0.611,-20.95,59,44.07,69.85,200.89,3.91,0.414,-31.71,221,1083.51,8.99,0.526,0.641,139.25,0
DIA,1d,2,50,trend,132.48,4.29,0.449,-28.53,137,33.58,65.73,71.55,6.47,0.634,-14.32,52,40.38,70.36,270.26,4.67,0.48,-28.53,192,1083.51,8.99,0.526,0.641,139.25,0
DIA,1d,2,60,trend,121.87,4.05,0.422,-32.21,126,32.54,66.32,63.4,5.87,0.577,-16.86,52,34.62,71.1,246.47,4.43,0.453,-32.21,181,1083.51,8.99,0.526,0.641,139.25,0
DIA,1d,2,75,trend,138.2,4.42,0.454,-39.61,119,35.29,67.69,65.22,6,0.588,-19.83,42,38.1,71.93,262.92,4.59,0.466,-39.61,164,1083.51,8.99,0.526,0.641,139.25,0
DIA,1d,2,100,trend,140.58,4.47,0.455,-43.63,102,29.41,69.57,63.12,5.85,0.568,-17.09,37,37.84,71.65,277.88,4.74,0.472,-43.63,143,1083.51,8.99,0.526,0.641,139.25,0
DIA,1d,2,125,trend,115.69,3.9,0.404,-48.89,90,25.56,70.58,74.2,6.66,0.626,-17.89,29,37.93,73.64,263.1,4.6,0.456,-48.89,124,1083.51,8.99,0.526,0.641,139.25,0
DIA,1d,2,150,trend,106.14,3.67,0.383,-51.1,91,27.47,71.49,66.81,6.12,0.573,-18.04,26,42.31,74.88,229.58,4.24,0.423,-51.1,121,1083.51,8.99,0.526,0.641,139.25,0
DIA,1d,2,200,trend,91.62,3.29,0.361,-47.3,70,20,68.99,85.94,7.47,0.678,-17.27,20,55,76.13,240.43,4.36,0.439,-47.3,92,1083.51,8.99,0.526,0.641,139.25,1
DIA,1d,2,250,trend,110.68,3.78,0.401,-47.64,63,25.4,70.46,76.93,6.85,0.624,-16.91,15,33.33,73.5,277.33,4.74,0.463,-47.64,81,1083.51,8.99,0.526,0.641,139.25,0
DIA,1d,2,300,trend,139.17,4.44,0.459,-38.75,48,18.75,70.18,57.43,5.41,0.52,-22.85,14,28.57,65.97,298.95,4.94,0.475,-38.75,63,1083.51,8.99,0.526,0.641,139.25,0
DIA,1d,3,2,dip,142.25,4.51,0.376,-27.57,597,65.16,42.24,38.45,3.85,0.331,-34.99,259,65.64,41.18,242.85,4.39,0.368,-38.24,857,1083.51,8.99,0.526,0.641,139.25,0
DIA,1d,3,4,trend,13.78,0.65,0.114,-53.47,435,38.39,58.88,33.26,3.39,0.36,-20.83,174,44.25,59.97,49.19,1.4,0.179,-53.47,610,1083.51,8.99,0.526,0.641,139.25,0
DIA,1d,3,5,trend,35.07,1.51,0.188,-46.66,386,37.31,59.26,31,3.19,0.345,-22.91,156,42.31,60.06,67.39,1.81,0.216,-46.66,543,1083.51,8.99,0.526,0.641,139.25,0
DIA,1d,3,7,trend,30.05,1.32,0.172,-36.51,334,36.53,59.22,41.33,4.1,0.428,-23.12,133,45.11,61.36,77.65,2.02,0.235,-36.51,467,1083.51,8.99,0.526,0.641,139.25,0
DIA,1d,3,9,trend,60.14,2.37,0.266,-30.07,291,37.46,59.68,41.23,4.09,0.428,-19.01,114,48.25,62.79,116.6,2.73,0.299,-30.07,406,1083.51,8.99,0.526,0.641,139.25,0
DIA,1d,3,12,trend,40.89,1.72,0.211,-38.68,250,40,60.23,26.33,2.75,0.31,-21.81,105,45.71,63.85,69.01,1.85,0.223,-38.68,357,1083.51,8.99,0.526,0.641,139.25,0
DIA,1d,3,15,trend,57.86,2.3,0.262,-42.53,224,37.5,61.22,40.46,4.02,0.426,-20.38,92,50,64.96,106.92,2.57,0.287,-42.53,319,1083.51,8.99,0.526,0.641,139.25,0
DIA,1d,3,20,trend,28.6,1.26,0.169,-42.57,199,36.18,62.37,63.1,5.85,0.595,-19.09,73,49.32,66.3,96.52,2.38,0.272,-42.57,274,1083.51,8.99,0.526,0.641,139.25,0
DIA,1d,3,25,trend,63.93,2.49,0.28,-34.59,166,37.95,63.28,72.26,6.52,0.644,-17.35,59,47.46,68.01,167.84,3.49,0.37,-34.59,227,1083.51,8.99,0.526,0.641,139.25,1
DIA,1d,3,30,trend,59.52,2.35,0.271,-33.72,152,34.21,63.61,66.98,6.14,0.607,-17.34,53,39.62,68.93,144.1,3.16,0.343,-33.72,207,1083.51,8.99,0.526,0.641,139.25,0
DIA,1d,3,40,trend,104.86,3.64,0.389,-29.9,123,35.77,64.54,63.48,5.87,0.586,-16.74,49,46.94,69.76,205.06,3.96,0.417,-29.9,175,1083.51,8.99,0.526,0.641,139.25,0
DIA,1d,3,50,trend,133.04,4.3,0.447,-29.87,120,35,65.71,80.73,7.11,0.689,-13.29,38,42.11,70.54,296.31,4.92,0.499,-29.87,160,1083.51,8.99,0.526,0.641,139.25,1
DIA,1d,3,60,trend,127.64,4.18,0.434,-33.02,106,34.91,66.4,64.41,5.94,0.587,-14.78,40,42.5,70.18,258.31,4.55,0.464,-33.02,150,1083.51,8.99,0.526,0.641,139.25,0
DIA,1d,3,75,trend,184.07,5.34,0.532,-36.35,94,34.04,68.05,64.05,5.92,0.578,-17.16,38,39.47,72.11,329.42,5.21,0.516,-36.35,134,1083.51,8.99,0.526,0.641,139.25,0
DIA,1d,3,100,trend,116.98,3.93,0.409,-47.49,85,27.06,68.9,55.4,5.25,0.52,-17.61,33,36.36,71.79,217.91,4.11,0.42,-47.49,121,1083.51,8.99,0.526,0.641,139.25,0
DIA,1d,3,125,trend,113.53,3.85,0.399,-49.71,73,24.66,70.68,72.21,6.52,0.613,-19.58,25,36,73.68,239.97,4.36,0.436,-49.71,104,1083.51,8.99,0.526,0.641,139.25,0
DIA,1d,3,150,trend,117.81,3.95,0.408,-50.48,72,23.61,71.63,70.88,6.42,0.596,-19.1,23,47.83,74.79,267.86,4.64,0.456,-50.48,97,1083.51,8.99,0.526,0.641,139.25,0
DIA,1d,3,200,trend,89.41,3.23,0.356,-45.85,61,21.31,68.9,82.24,7.22,0.652,-16.28,14,42.86,76.08,218.6,4.12,0.417,-45.85,77,1083.51,8.99,0.526,0.641,139.25,1
DIA,1d,3,250,trend,121.54,4.04,0.431,-41.44,50,26,68.76,61.35,5.71,0.526,-20.15,11,45.45,73.59,263.03,4.6,0.453,-41.44,63,1083.51,8.99,0.526,0.641,139.25,0
DIA,1d,3,300,trend,138.41,4.42,0.451,-34.22,37,29.73,70.26,60.25,5.63,0.537,-19.61,11,36.36,66.11,300.51,4.95,0.472,-34.22,49,1083.51,8.99,0.526,0.641,139.25,0
DIA,1d,4,2,dip,156.45,4.8,0.396,-31.26,534,67.6,41.23,40.39,4.02,0.34,-34.21,222,64.86,40.21,262.94,4.59,0.381,-38.22,757,1083.51,8.99,0.526,0.641,139.25,0
DIA,1d,4,3,dip,157.38,4.82,0.399,-30.41,434,70.74,40.98,49.32,4.77,0.387,-35.29,175,68.57,39.66,277.12,4.73,0.391,-37.32,610,1083.51,8.99,0.526,0.641,139.25,0
DIA,1d,4,5,trend,26.55,1.18,0.16,-42.51,348,36.78,59.54,45.79,4.48,0.455,-23.48,134,46.27,60.71,76.16,1.99,0.231,-42.51,482,1083.51,8.99,0.526,0.641,139.25,0
DIA,1d,4,7,trend,57.8,2.3,0.259,-30.37,290,37.59,59.36,49.12,4.75,0.482,-19.04,117,47.86,62.28,127.46,2.91,0.313,-30.37,407,1083.51,8.99,0.526,0.641,139.25,0
DIA,1d,4,9,trend,60.11,2.37,0.267,-31.51,252,39.29,59.58,32.4,3.31,0.357,-20.23,102,48.04,63.43,103.01,2.5,0.28,-31.51,355,1083.51,8.99,0.526,0.641,139.25,0
DIA,1d,4,12,trend,52.66,2.13,0.246,-38.74,221,39.82,60.68,27.92,2.9,0.322,-20.97,93,48.39,64.45,86.16,2.19,0.253,-38.74,316,1083.51,8.99,0.526,0.641,139.25,0
DIA,1d,4,15,trend,37.55,1.6,0.2,-40.6,201,38.81,61.1,37.55,3.77,0.401,-22.42,75,46.67,65.19,77.25,2.01,0.239,-40.6,278,1083.51,8.99,0.526,0.641,139.25,0
DIA,1d,4,20,trend,53.54,2.16,0.25,-37.61,166,36.75,62.35,60.3,5.63,0.568,-19.25,60,50,66.99,130.58,2.95,0.322,-37.61,228,1083.51,8.99,0.526,0.641,139.25,0
DIA,1d,4,25,trend,87.44,3.18,0.345,-31.06,141,36.88,63,64.83,5.98,0.591,-16.62,54,44.44,68.24,186.33,3.73,0.394,-31.06,197,1083.51,8.99,0.526,0.641,139.25,0
DIA,1d,4,30,trend,61.91,2.43,0.278,-31.58,130,35.38,63.75,85.18,7.42,0.709,-16.48,43,46.51,69.44,177.56,3.62,0.384,-31.58,175,1083.51,8.99,0.526,0.641,139.25,1
DIA,1d,4,40,trend,99.74,3.51,0.378,-30.69,116,33.62,64.64,67.51,6.17,0.61,-15.39,45,42.22,69.85,205.95,3.97,0.418,-30.69,164,1083.51,8.99,0.526,0.641,139.25,0
DIA,1d,4,50,trend,131.58,4.27,0.443,-35.62,103,35.92,65.75,64.63,5.96,0.584,-14.99,35,37.14,70.64,256.42,4.53,0.463,-35.62,142,1083.51,8.99,0.526,0.641,139.25,0
DIA,1d,4,60,trend,140.63,4.47,0.46,-37.5,98,37.76,66.46,69.39,6.31,0.621,-14.07,33,39.39,70.04,281.12,4.77,0.484,-37.5,134,1083.51,8.99,0.526,0.641,139.25,0
DIA,1d,4,75,trend,145.35,4.57,0.463,-42.58,84,28.57,68.3,71.5,6.46,0.623,-17.41,33,42.42,72.02,283.09,4.79,0.479,-42.58,119,1083.51,8.99,0.526,0.641,139.25,0
DIA,1d,4,100,trend,106.56,3.68,0.386,-48.43,73,27.4,68.99,56.61,5.35,0.527,-20.09,28,35.71,71.88,197.34,3.87,0.398,-48.43,104,1083.51,8.99,0.526,0.641,139.25,0
DIA,1d,4,125,trend,118.55,3.97,0.409,-48.18,65,26.15,70.68,61.2,5.7,0.545,-20.41,23,43.48,73.5,228.63,4.23,0.424,-48.18,92,1083.51,8.99,0.526,0.641,139.25,0
DIA,1d,4,150,trend,132.52,4.29,0.438,-49.16,65,24.62,71.61,61.62,5.73,0.535,-21.64,18,44.44,75.12,271.68,4.68,0.458,-49.16,84,1083.51,8.99,0.526,0.641,139.25,0
DIA,1d,4,200,trend,95.93,3.41,0.372,-44.72,50,24,68.66,76.58,6.83,0.617,-18.07,13,46.15,76.41,218.18,4.12,0.416,-44.72,65,1083.51,8.99,0.526,0.641,139.25,0
DIA,1d,4,250,trend,139.11,4.44,0.467,-37.55,41,26.83,68.86,56.79,5.36,0.498,-21.95,11,54.55,73.45,280.19,4.76,0.467,-37.55,52,1083.51,8.99,0.526,0.641,139.25,0
DIA,1d,4,300,trend,157.49,4.82,0.487,-34.75,32,28.13,70.28,63.63,5.89,0.561,-21.17,9,44.44,66.02,316.68,5.1,0.484,-34.75,43,1083.51,8.99,0.526,0.641,139.25,0
DIA,1d,5,2,dip,146.06,4.59,0.383,-30.38,467,69.59,40.92,47.53,4.62,0.379,-34.12,191,65.45,39.34,256.2,4.53,0.377,-37.74,659,1083.51,8.99,0.526,0.641,139.25,0
DIA,1d,5,3,dip,129.95,4.24,0.358,-31.46,385,71.95,40.6,55.22,5.24,0.417,-40.59,157,70.7,39.57,264.26,4.61,0.38,-40.59,543,1083.51,8.99,0.526,0.641,139.25,0
DIA,1d,5,4,dip,156.88,4.81,0.397,-28.63,347,74.93,40.32,43.2,4.26,0.357,-41.57,135,68.89,38.92,272.4,4.69,0.388,-41.57,482,1083.51,8.99,0.526,0.641,139.25,0
DIA,1d,5,7,trend,48.68,2,0.234,-32.98,259,37.07,59.26,28.94,3,0.328,-19.63,106,49.06,62.93,85.31,2.17,0.251,-32.98,365,1083.51,8.99,0.526,0.641,139.25,0
DIA,1d,5,9,trend,61.27,2.41,0.271,-33.32,227,41.41,59.85,31.65,3.25,0.351,-21.36,98,47.96,63.25,104.45,2.52,0.282,-33.32,327,1083.51,8.99,0.526,0.641,139.25,0
DIA,1d,5,12,trend,58.82,2.33,0.265,-32.13,203,39.41,60.98,42.68,4.21,0.445,-20.74,81,49.38,64.5,116.07,2.72,0.302,-32.13,285,1083.51,8.99,0.526,0.641,139.25,0
DIA,1d,5,15,trend,39.55,1.67,0.207,-37.69,177,37.85,61.44,55.57,5.27,0.538,-19.65,62,50,65.93,103.4,2.51,0.282,-37.69,241,1083.51,8.99,0.526,0.641,139.25,0
DIA,1d,5,20,trend,62.88,2.46,0.278,-35.52,148,35.81,62.74,68.7,6.26,0.619,-17.89,55,47.27,67.17,154.65,3.31,0.355,-35.52,205,1083.51,8.99,0.526,0.641,139.25,0
DIA,1d,5,25,trend,86.81,3.16,0.345,-31.76,128,35.94,62.98,59.34,5.56,0.55,-19.32,47,48.94,68.65,175.56,3.6,0.382,-31.76,177,1083.51,8.99,0.526,0.641,139.25,0
DIA,1d,5,30,trend,80.34,2.98,0.329,-30.94,119,36.97,63.93,70.59,6.4,0.626,-13.38,37,43.24,69.11,188.14,3.76,0.397,-30.94,158,1083.51,8.99,0.526,0.641,139.25,0
DIA,1d,5,40,trend,111.01,3.79,0.401,-32.62,109,32.11,64.92,59.23,5.55,0.552,-14.87,37,40.54,70.22,207.46,3.99,0.417,-32.62,148,1083.51,8.99,0.526,0.641,139.25,0
DIA,1d,5,50,trend,145.63,4.58,0.469,-34.04,91,38.46,65.91,61.8,5.75,0.567,-16.47,35,42.86,70.64,269.89,4.66,0.475,-34.04,130,1083.51,8.99,0.526,0.641,139.25,0
DIA,1d,5,60,trend,168.26,5.04,0.507,-31.94,87,36.78,66.96,68.39,6.24,0.613,-13.8,30,40,70.13,333.06,5.24,0.523,-31.94,119,1083.51,8.99,0.526,0.641,139.25,0
DIA,1d,5,75,trend,171.46,5.1,0.509,-40.19,77,35.06,68.5,60.07,5.62,0.551,-18.32,32,43.75,72.25,295.6,4.91,0.489,-40.19,111,1083.51,8.99,0.526,0.641,139.25,0
DIA,1d,5,100,trend,113.35,3.85,0.399,-48.36,65,29.23,69.07,56.06,5.31,0.523,-20.63,25,36,71.79,210.57,4.03,0.41,-48.36,93,1083.51,8.99,0.526,0.641,139.25,0
DIA,1d,5,125,trend,121.93,4.05,0.415,-44.87,62,25.81,70.8,63.62,5.89,0.559,-18.16,20,45,73.5,242.87,4.39,0.436,-44.87,86,1083.51,8.99,0.526,0.641,139.25,0
DIA,1d,5,150,trend,131.04,4.26,0.434,-46.54,57,21.05,71.61,64.61,5.96,0.555,-20.69,18,44.44,74.84,269.99,4.66,0.457,-46.54,74,1083.51,8.99,0.526,0.641,139.25,0
DIA,1d,5,200,trend,94.33,3.36,0.369,-43.19,48,29.17,68.5,69.35,6.31,0.576,-20.11,12,50,76.32,211.48,4.04,0.41,-43.19,62,1083.51,8.99,0.526,0.641,139.25,0
DIA,1d,5,250,trend,152.77,4.73,0.489,-37.18,36,19.44,69.05,61.41,5.72,0.527,-21.58,10,60,73.59,313.75,5.07,0.491,-37.18,46,1083.51,8.99,0.526,0.641,139.25,0
DIA,1d,5,300,trend,159.19,4.86,0.489,-34.57,27,29.63,70.3,59.13,5.54,0.529,-20.45,10,40,66.16,320.31,5.13,0.485,-34.57,39,1083.51,8.99,0.526,0.641,139.25,0
DIA,1d,7,2,dip,157.15,4.82,0.396,-33.3,406,72.41,40.11,37.44,3.76,0.321,-40.62,155,66.45,38.78,251.11,4.47,0.371,-41.78,562,1083.51,8.99,0.526,0.641,139.25,0
DIA,1d,7,3,dip,127.05,4.17,0.353,-33.16,334,75.15,39.81,47.9,4.65,0.378,-38.79,134,66.42,38.27,235.81,4.31,0.361,-38.79,468,1083.51,8.99,0.526,0.641,139.25,0
DIA,1d,7,4,dip,97.5,3.45,0.305,-37.32,290,74.83,39.65,42.89,4.23,0.353,-36.24,118,67.8,37.35,182.21,3.68,0.32,-37.32,408,1083.51,8.99,0.526,0.641,139.25,0
DIA,1d,7,5,dip,112.72,3.83,0.329,-35.55,259,76.06,39.39,67.45,6.17,0.477,-34.1,107,71.03,36.7,256.2,4.53,0.374,-35.55,366,1083.51,8.99,0.526,0.641,139.25,0
DIA,1d,7,9,trend,40.62,1.71,0.209,-33.47,198,39.39,60.57,52.9,5.05,0.522,-17.78,80,48.75,64.22,101.44,2.47,0.279,-33.47,280,1083.51,8.99,0.526,0.641,139.25,0
DIA,1d,7,12,trend,28.7,1.26,0.169,-37.27,173,35.84,61.34,49.7,4.8,0.497,-18.12,63,49.21,65.79,80.5,2.08,0.244,-37.27,238,1083.51,8.99,0.526,0.641,139.25,0
DIA,1d,7,15,trend,42.87,1.79,0.218,-38.3,153,37.25,61.93,61.36,5.71,0.579,-20.02,54,50,66.16,113.66,2.68,0.299,-38.3,209,1083.51,8.99,0.526,0.641,139.25,0
DIA,1d,7,20,trend,76.1,2.86,0.316,-30.4,125,36,62.6,56.27,5.32,0.532,-18.62,44,50,67.73,155.99,3.33,0.358,-30.4,171,1083.51,8.99,0.526,0.641,139.25,0
DIA,1d,7,25,trend,90.54,3.26,0.352,-31.36,108,38.89,63.53,63.88,5.9,0.581,-15.06,36,47.22,68.51,192.47,3.81,0.4,-31.36,146,1083.51,8.99,0.526,0.641,139.25,0
DIA,1d,7,30,trend,114.34,3.87,0.407,-30.73,99,38.38,64.01,78.27,6.94,0.668,-13.29,35,48.57,69.07,250.29,4.47,0.458,-30.73,136,1083.51,8.99,0.526,0.641,139.25,1
DIA,1d,7,40,trend,131.6,4.27,0.442,-32.66,89,38.2,65.16,71.5,6.47,0.621,-13.49,30,46.67,69.94,259.53,4.56,0.464,-32.66,122,1083.51,8.99,0.526,0.641,139.25,0
DIA,1d,7,50,trend,167.16,5.02,0.507,-32.08,78,39.74,65.93,54.24,5.16,0.516,-14.99,30,43.33,70.96,281.44,4.78,0.484,-32.08,112,1083.51,8.99,0.526,0.641,139.25,0
DIA,1d,7,60,trend,164.07,4.96,0.5,-33.29,73,35.62,67.04,75,6.71,0.651,-15.25,26,46.15,70.87,344.99,5.34,0.531,-33.29,101,1083.51,8.99,0.526,0.641,139.25,1
DIA,1d,7,75,trend,162.78,4.93,0.496,-40.72,66,34.85,68.66,64.88,5.98,0.585,-18.77,24,41.67,72.3,296.57,4.92,0.491,-40.72,92,1083.51,8.99,0.526,0.641,139.25,0
DIA,1d,7,100,trend,112.98,3.84,0.398,-43.28,58,31.03,69.45,48.18,4.67,0.46,-21.21,20,45,72.16,191.73,3.8,0.388,-43.28,81,1083.51,8.99,0.526,0.641,139.25,0
DIA,1d,7,125,trend,188.71,5.42,0.535,-35.41,48,31.25,70.99,59.79,5.59,0.53,-20.45,16,37.5,73.59,327.38,5.19,0.503,-35.41,68,1083.51,8.99,0.526,0.641,139.25,0
DIA,1d,7,150,trend,93.4,3.34,0.354,-50.62,50,24,71.47,56.65,5.35,0.505,-20.37,14,42.86,74.98,204.09,3.95,0.397,-50.62,64,1083.51,8.99,0.526,0.641,139.25,0
DIA,1d,7,200,trend,157.74,4.83,0.476,-39.65,39,33.33,73.43,61.29,5.71,0.53,-22.51,13,46.15,76.22,313.25,5.07,0.481,-39.65,52,1083.51,8.99,0.526,0.641,139.25,0
DIA,1d,7,250,trend,170.86,5.09,0.519,-36.78,28,25,69.19,60.47,5.65,0.547,-21.04,10,40,65,362.69,5.48,0.521,-36.78,39,1083.51,8.99,0.526,0.641,139.25,0
DIA,1d,7,300,trend,164.53,4.97,0.496,-35.25,25,32,70.32,76.9,6.85,0.639,-19.88,9,44.44,66.2,351.72,5.4,0.501,-35.25,35,1083.51,8.99,0.526,0.641,139.25,0
DIA,1d,9,2,dip,114.38,3.87,0.332,-32.21,354,75.42,39.63,51.12,4.91,0.394,-39.32,139,69.06,37.3,240.47,4.36,0.362,-39.32,495,1083.51,8.99,0.526,0.641,139.25,0
DIA,1d,9,3,dip,94.39,3.37,0.299,-37.32,291,75.26,39.34,45.24,4.43,0.363,-37.29,114,66.67,36.57,196.72,3.86,0.33,-37.32,407,1083.51,8.99,0.526,0.641,139.25,0
DIA,1d,9,4,dip,99.21,3.49,0.306,-38.68,252,76.19,39.08,57.18,5.39,0.427,-33.94,102,71.57,35.92,229.07,4.24,0.354,-38.68,356,1083.51,8.99,0.526,0.641,139.25,0
DIA,1d,9,5,dip,103.67,3.61,0.313,-36.49,228,75.44,38.8,58.83,5.52,0.435,-34.08,98,73.47,36.1,237.92,4.33,0.36,-36.49,328,1083.51,8.99,0.526,0.641,139.25,0
DIA,1d,9,7,dip,141.85,4.5,0.372,-33.71,199,76.38,38.09,46.36,4.52,0.369,-33.61,80,73.75,34.16,262.89,4.59,0.376,-33.71,281,1083.51,8.99,0.526,0.641,139.25,0
DIA,1d,9,12,trend,36.1,1.55,0.195,-38.9,152,37.5,61.81,63.48,5.87,0.593,-19.28,52,51.92,66.3,105.11,2.53,0.286,-38.9,206,1083.51,8.99,0.526,0.641,139.25,0
DIA,1d,9,15,trend,53.79,2.17,0.252,-33.78,127,37.01,62.07,63.5,5.88,0.584,-16.76,46,52.17,66.94,133.9,3.01,0.327,-33.78,175,1083.51,8.99,0.526,0.641,139.25,0
DIA,1d,9,20,trend,110.62,3.78,0.397,-26.24,109,36.7,63.04,64.14,5.92,0.581,-15.19,38,52.63,68.28,227.31,4.22,0.434,-26.24,148,1083.51,8.99,0.526,0.641,139.25,0
DIA,1d,9,25,trend,100.32,3.52,0.377,-32.88,94,40.43,63.63,71.9,6.49,0.627,-14.41,34,50,68.61,227.17,4.22,0.437,-32.88,129,1083.51,8.99,0.526,0.641,139.25,0
DIA,1d,9,30,trend,97.45,3.45,0.368,-33.94,94,36.17,64.35,70.21,6.37,0.619,-13.78,31,45.16,68.88,209.62,4.02,0.417,-33.94,127,1083.51,8.99,0.526,0.641,139.25,0
DIA,1d,9,40,trend,119.02,3.98,0.416,-33.33,77,38.96,65.22,72.64,6.55,0.634,-12.58,30,46.67,70.27,251.73,4.48,0.459,-33.33,109,1083.51,8.99,0.526,0.641,139.25,0
DIA,1d,9,50,trend,140.6,4.47,0.459,-36.83,71,36.62,66.17,71.75,6.48,0.627,-12.87,26,46.15,71.65,295.51,4.91,0.495,-36.83,100,1083.51,8.99,0.526,0.641,139.25,0
DIA,1d,9,60,trend,160.77,4.89,0.493,-38.33,64,37.5,67.53,84.86,7.4,0.707,-15.07,20,55,71.19,358.34,5.45,0.539,-38.33,85,1083.51,8.99,0.526,0.641,139.25,1
DIA,1d,9,75,trend,133.06,4.31,0.441,-37.9,60,35,68.34,60.64,5.66,0.556,-22.33,22,45.45,72.81,241.73,4.38,0.444,-37.9,84,1083.51,8.99,0.526,0.641,139.25,0
DIA,1d,9,100,trend,120.03,4.01,0.413,-41.15,55,29.09,69.53,55.34,5.25,0.507,-22,16,37.5,72.44,219.11,4.13,0.415,-41.15,74,1083.51,8.99,0.526,0.641,139.25,0
DIA,1d,9,125,trend,164.89,4.97,0.495,-37.98,44,31.82,70.93,56.47,5.34,0.508,-22.02,16,37.5,73.59,287.01,4.83,0.471,-37.98,64,1083.51,8.99,0.526,0.641,139.25,0
DIA,1d,9,150,trend,128.71,4.21,0.43,-45.7,44,25,71.65,52.62,5.03,0.48,-21.48,13,53.85,75.12,247.74,4.44,0.438,-45.7,57,1083.51,8.99,0.526,0.641,139.25,0
DIA,1d,9,200,trend,155.95,4.79,0.469,-43.12,37,29.73,73.78,63.17,5.85,0.532,-22.5,10,60,76.22,308.69,5.03,0.473,-43.12,48,1083.51,8.99,0.526,0.641,139.25,0
DIA,1d,9,250,trend,155.72,4.79,0.487,-35.79,24,29.17,69.23,57.12,5.39,0.527,-20.02,7,57.14,65.14,305.55,5,0.477,-35.79,32,1083.51,8.99,0.526,0.641,139.25,0
DIA,1d,9,300,trend,187.9,5.41,0.532,-35.59,19,31.58,70.5,70.93,6.42,0.604,-19.54,7,42.86,66.11,390.86,5.7,0.523,-35.59,27,1083.51,8.99,0.526,0.641,139.25,0
DIA,1d,12,2,dip,99.82,3.51,0.308,-34.39,304,75.99,38.76,62.89,5.83,0.453,-37.43,121,72.73,35.64,246.87,4.43,0.367,-37.43,427,1083.51,8.99,0.526,0.641,139.25,0
DIA,1d,12,3,dip,126.79,4.16,0.349,-32.14,251,76.49,38.43,64.14,5.92,0.454,-35.53,105,74.29,35.5,294.32,4.9,0.395,-35.53,358,1083.51,8.99,0.526,0.641,139.25,0
DIA,1d,12,4,dip,116.72,3.93,0.336,-33.34,222,75.68,37.97,64.45,5.95,0.456,-33.71,93,73.12,34.9,276.07,4.72,0.385,-33.71,317,1083.51,8.99,0.526,0.641,139.25,0
DIA,1d,12,5,dip,112.86,3.84,0.329,-35.08,204,76.96,37.67,50.13,4.83,0.386,-33.54,81,72.84,34.81,236.28,4.32,0.359,-35.08,286,1083.51,8.99,0.526,0.641,139.25,0
DIA,1d,12,7,dip,174.61,5.16,0.415,-31.64,174,77.01,37.3,49.91,4.81,0.387,-33.54,63,73.02,32.5,329.51,5.21,0.415,-33.54,239,1083.51,8.99,0.526,0.641,139.25,0
DIA,1d,12,9,dip,166.31,5,0.403,-31.15,153,74.51,36.82,39.84,3.97,0.335,-33.54,52,75,31.95,292.77,4.88,0.394,-33.54,207,1083.51,8.99,0.526,0.641,139.25,0
DIA,1d,12,15,trend,111.09,3.79,0.397,-24.1,105,38.1,62.7,62.4,5.79,0.573,-15.19,40,52.5,67.64,227,4.22,0.434,-24.1,146,1083.51,8.99,0.526,0.641,139.25,0
DIA,1d,12,20,trend,108.25,3.72,0.394,-31.98,93,41.94,63.36,64.82,5.97,0.581,-14.41,33,51.52,68.33,241.91,4.38,0.45,-31.98,126,1083.51,8.99,0.526,0.641,139.25,0
DIA,1d,12,25,trend,94.69,3.37,0.362,-36.25,86,38.37,64.01,71.64,6.47,0.63,-14.7,29,44.83,68.33,225.17,4.19,0.434,-36.25,116,1083.51,8.99,0.526,0.641,139.25,0
DIA,1d,12,30,trend,117.8,3.95,0.413,-35.35,80,42.5,64.56,67.43,6.17,0.601,-14.53,29,44.83,69.11,259.81,4.56,0.465,-35.35,110,1083.51,8.99,0.526,0.641,139.25,0
DIA,1d,12,40,trend,112.34,3.82,0.402,-42.18,69,40.58,65.61,71.91,6.49,0.625,-13.62,24,50,71.24,238.14,4.34,0.445,-42.18,95,1083.51,8.99,0.526,0.641,139.25,0
DIA,1d,12,50,trend,145.28,4.57,0.465,-36.45,66,37.88,66.76,70.38,6.38,0.617,-19.19,20,55,72.11,296.77,4.92,0.494,-36.45,87,1083.51,8.99,0.526,0.641,139.25,0
DIA,1d,12,60,trend,161.54,4.91,0.488,-35.96,58,37.93,68.14,69.03,6.29,0.611,-18.24,19,52.63,71.56,311.77,5.06,0.5,-35.96,78,1083.51,8.99,0.526,0.641,139.25,0
DIA,1d,12,75,trend,121.83,4.05,0.415,-38.87,53,32.08,68.66,51.71,4.96,0.486,-21.23,20,40,73.59,213.41,4.06,0.412,-38.87,74,1083.51,8.99,0.526,0.641,139.25,0
DIA,1d,12,100,trend,130.89,4.26,0.431,-40.82,46,34.78,70.08,62.55,5.8,0.553,-19.19,15,40,72.35,247.58,4.44,0.439,-40.82,64,1083.51,8.99,0.526,0.641,139.25,0
DIA,1d,12,125,trend,141.04,4.48,0.452,-42.37,44,31.82,71.29,46.97,4.57,0.446,-22.68,14,35.71,73.73,250.02,4.46,0.44,-42.37,58,1083.51,8.99,0.526,0.641,139.25,0
DIA,1d,12,150,trend,109.08,3.74,0.388,-46.86,40,25,72.08,83.5,7.3,0.661,-18.07,10,50,74.56,255.98,4.52,0.442,-46.86,52,1083.51,8.99,0.526,0.641,139.25,1
DIA,1d,12,200,trend,159.92,4.87,0.473,-45.2,28,25,74.22,47.49,4.62,0.431,-22.37,10,50,76.41,276.98,4.73,0.446,-45.2,38,1083.51,8.99,0.526,0.641,139.25,0
DIA,1d,12,250,trend,141.32,4.49,0.457,-34.93,24,29.17,69.51,57.01,5.38,0.525,-23.39,7,42.86,65.24,274.52,4.71,0.449,-34.93,32,1083.51,8.99,0.526,0.641,139.25,0
DIA,1d,12,300,trend,187.77,5.41,0.531,-36.58,16,31.25,70.46,53.97,5.14,0.499,-22.29,7,42.86,66.34,323.13,5.16,0.48,-36.58,24,1083.51,8.99,0.526,0.641,139.25,0
DIA,1d,15,2,dip,92.42,3.31,0.294,-32.17,262,74.05,37.75,71.11,6.44,0.487,-35.48,111,74.77,34.4,249.53,4.46,0.367,-35.48,375,1083.51,8.99,0.526,0.641,139.25,0
DIA,1d,15,3,dip,108.83,3.74,0.322,-32.98,225,76,37.44,52.99,5.06,0.399,-33.43,93,70.97,34.26,237.12,4.33,0.358,-33.43,320,1083.51,8.99,0.526,0.641,139.25,0
DIA,1d,15,4,dip,146.38,4.59,0.378,-29.98,202,77.72,37.55,59.46,5.57,0.433,-33.54,76,73.68,34.03,313.4,5.07,0.406,-33.54,279,1083.51,8.99,0.526,0.641,139.25,0
DIA,1d,15,5,dip,152.04,4.71,0.385,-30.27,178,77.53,37.2,43.2,4.26,0.351,-33.54,63,71.43,33.29,279.78,4.76,0.387,-33.54,242,1083.51,8.99,0.526,0.641,139.25,0
DIA,1d,15,7,dip,153.37,4.74,0.386,-32.33,154,75.32,36.7,39.39,3.93,0.331,-33.54,55,74.55,33.06,275.7,4.72,0.383,-33.54,210,1083.51,8.99,0.526,0.641,139.25,0
DIA,1d,15,9,dip,143.38,4.53,0.372,-37.09,128,78.91,36.19,38.79,3.88,0.328,-33.54,47,70.21,32.23,258.25,4.55,0.372,-37.09,176,1083.51,8.99,0.526,0.641,139.25,0
DIA,1d,15,12,dip,80.53,2.99,0.272,-43,106,75.47,35.54,41.56,4.12,0.346,-33.54,41,73.17,31.39,163.12,3.43,0.301,-43,147,1083.51,8.99,0.526,0.641,139.25,0
DIA,1d,15,20,trend,110.5,3.78,0.399,-32.44,84,40.48,63.73,67.12,6.15,0.601,-13.81,30,43.33,68.33,251.2,4.47,0.46,-32.44,114,1083.51,8.99,0.526,0.641,139.25,0
DIA,1d,15,25,trend,97.92,3.46,0.368,-36.29,78,39.74,64.46,75.46,6.75,0.651,-14.53,27,51.85,68.65,250.18,4.46,0.456,-36.29,105,1083.51,8.99,0.526,0.641,139.25,1
DIA,1d,15,30,trend,94.85,3.38,0.361,-37.53,73,38.36,64.98,67.56,6.18,0.599,-14.57,27,55.56,69.99,218.21,4.12,0.425,-37.53,101,1083.51,8.99,0.526,0.641,139.25,0
DIA,1d,15,40,trend,157.38,4.82,0.489,-31.93,59,42.37,65.87,66.15,6.07,0.585,-20.46,21,52.38,71.88,301.31,4.96,0.498,-31.93,83,1083.51,8.99,0.526,0.641,139.25,0
DIA,1d,15,50,trend,161.34,4.9,0.492,-33.51,60,35,67.21,59.44,5.57,0.547,-20.39,19,52.63,72.44,307.95,5.02,0.5,-33.51,79,1083.51,8.99,0.526,0.641,139.25,0
DIA,1d,15,60,trend,171.74,5.11,0.506,-35.65,52,38.46,68.14,56.18,5.31,0.521,-19.22,19,57.89,72.11,298.95,4.94,0.489,-35.65,72,1083.51,8.99,0.526,0.641,139.25,0
DIA,1d,15,75,trend,114.93,3.89,0.4,-40.36,50,32,68.8,61.43,5.72,0.545,-18.1,17,47.06,74.15,219.19,4.13,0.416,-40.36,68,1083.51,8.99,0.526,0.641,139.25,0
DIA,1d,15,100,trend,143.54,4.53,0.455,-39.36,40,30,70.48,58.33,5.48,0.527,-20.99,15,33.33,72.21,254.66,4.51,0.446,-39.36,58,1083.51,8.99,0.526,0.641,139.25,0
DIA,1d,15,125,trend,111.01,3.79,0.391,-46.57,39,25.64,71.51,52.15,5,0.478,-22.09,14,42.86,73.68,233.62,4.29,0.424,-46.57,52,1083.51,8.99,0.526,0.641,139.25,0
DIA,1d,15,150,trend,129.48,4.22,0.425,-39.77,35,34.29,72.36,72.52,6.54,0.599,-20.29,10,50,74.47,273.11,4.7,0.453,-39.77,45,1083.51,8.99,0.526,0.641,139.25,0
DIA,1d,15,200,trend,163.69,4.95,0.475,-44.75,26,26.92,74.5,43.19,4.26,0.399,-24.7,9,44.44,76.55,269.44,4.66,0.436,-44.75,35,1083.51,8.99,0.526,0.641,139.25,0
DIA,1d,15,250,trend,141.51,4.49,0.456,-35.92,21,33.33,69.65,53.28,5.09,0.503,-24.7,7,42.86,65.1,261.06,4.58,0.438,-35.92,29,1083.51,8.99,0.526,0.641,139.25,0
DIA,1d,15,300,trend,177.33,5.21,0.51,-34.01,13,30.77,70.56,61.88,5.75,0.539,-22.49,6,50,66.44,322.25,5.15,0.473,-34.01,20,1083.51,8.99,0.526,0.641,139.25,0
DIA,1d,20,2,dip,157.05,4.82,0.393,-30.45,237,77.22,36.43,49.78,4.8,0.388,-33.97,90,72.22,32.32,296.07,4.91,0.397,-33.97,330,1083.51,8.99,0.526,0.641,139.25,0
DIA,1d,20,3,dip,166.36,5,0.405,-29.21,200,75.5,36.27,35.95,3.63,0.314,-33.54,73,73.97,31.99,277.81,4.74,0.386,-33.54,275,1083.51,8.99,0.526,0.641,139.25,0
DIA,1d,20,4,dip,132.12,4.28,0.358,-31.29,167,76.05,36.29,40.51,4.03,0.34,-33.54,60,76.67,31.3,240.27,4.36,0.361,-33.54,229,1083.51,8.99,0.526,0.641,139.25,0
DIA,1d,20,5,dip,120.99,4.03,0.34,-33.98,149,78.52,35.87,35.02,3.55,0.31,-33.54,55,76.36,31.07,213.06,4.06,0.342,-33.98,206,1083.51,8.99,0.526,0.641,139.25,0
DIA,1d,20,7,dip,111.27,3.8,0.324,-37.38,126,79.37,35.64,45.9,4.48,0.371,-33.54,44,77.27,30.47,226.17,4.21,0.35,-37.38,172,1083.51,8.99,0.526,0.641,139.25,0
DIA,1d,20,9,dip,80.07,2.97,0.271,-38.7,110,75.45,35.2,40.06,3.99,0.341,-33.54,38,73.68,29.87,162.24,3.42,0.3,-38.7,149,1083.51,8.99,0.526,0.641,139.25,0
DIA,1d,20,12,dip,84.56,3.1,0.279,-38.18,94,77.66,34.86,40.87,4.06,0.346,-31.39,33,72.73,29.78,156.24,3.33,0.294,-38.18,127,1083.51,8.99,0.526,0.641,139.25,0
DIA,1d,20,15,dip,88.01,3.2,0.285,-36.72,85,78.82,34.47,39.67,3.96,0.338,-31.52,30,73.33,29.73,157.81,3.36,0.296,-36.72,115,1083.51,8.99,0.526,0.641,139.25,0
DIA,1d,20,25,trend,97.81,3.46,0.368,-39.86,68,41.18,64.82,64.59,5.96,0.581,-14.57,26,57.69,69.99,220.09,4.14,0.427,-39.86,94,1083.51,8.99,0.526,0.641,139.25,0
DIA,1d,20,30,trend,140.86,4.48,0.459,-33.52,62,43.55,65.49,65.36,6.02,0.58,-20.6,24,50,71.56,275.72,4.72,0.477,-33.52,87,1083.51,8.99,0.526,0.641,139.25,0
DIA,1d,20,40,trend,179.29,5.25,0.524,-30.78,52,42.31,66.54,49.94,4.82,0.478,-20.33,19,52.63,72.11,308.53,5.03,0.501,-30.78,72,1083.51,8.99,0.526,0.641,139.25,0
DIA,1d,20,50,trend,171.2,5.1,0.504,-29.31,48,39.58,67.77,52.24,5,0.491,-18.68,19,52.63,73.04,299.9,4.95,0.488,-29.31,67,1083.51,8.99,0.526,0.641,139.25,0
DIA,1d,20,60,trend,126.3,4.15,0.425,-37.23,41,36.59,67.77,51.77,4.96,0.482,-17.33,18,44.44,74.61,226.46,4.21,0.425,-37.23,59,1083.51,8.99,0.526,0.641,139.25,0
DIA,1d,20,75,trend,161.39,4.9,0.488,-33.1,41,39.02,69.15,65.42,6.02,0.569,-16.73,14,57.14,74.01,305.73,5,0.49,-33.1,56,1083.51,8.99,0.526,0.641,139.25,0
DIA,1d,20,100,trend,112.75,3.83,0.392,-42.84,36,30.56,70.66,55.75,5.28,0.507,-20.04,12,58.33,72.07,197.93,3.88,0.389,-42.84,51,1083.51,8.99,0.526,0.641,139.25,0
DIA,1d,20,125,trend,144.18,4.55,0.451,-40.18,34,32.35,71.67,57.31,5.4,0.509,-22.83,10,50,72.85,276.48,4.73,0.455,-40.18,44,1083.51,8.99,0.526,0.641,139.25,0
DIA,1d,20,150,trend,142.3,4.51,0.446,-39.43,31,29.03,72.71,50.87,4.89,0.462,-24.79,10,50,74.15,254.25,4.51,0.433,-39.43,42,1083.51,8.99,0.526,0.641,139.25,0
DIA,1d,20,200,trend,182.65,5.31,0.501,-41.95,20,35,74.71,54.25,5.16,0.462,-23.87,8,37.5,76.69,318.86,5.12,0.468,-41.95,28,1083.51,8.99,0.526,0.641,139.25,0
DIA,1d,20,250,trend,169.56,5.06,0.501,-35.57,14,35.71,70.08,48.84,4.73,0.469,-23.56,7,42.86,65.37,234.55,4.3,0.409,-35.57,22,1083.51,8.99,0.526,0.641,139.25,0
DIA,1d,20,300,trend,139.11,4.44,0.443,-34.06,14,28.57,70.56,65.06,5.99,0.556,-22.99,5,60,66.9,235.16,4.3,0.401,-34.06,20,1083.51,8.99,0.526,0.641,139.25,0
DIA,1d,25,2,dip,194.19,5.52,0.436,-32.59,214,76.64,35.3,47.38,4.61,0.379,-33.54,81,77.78,30.19,346.38,5.35,0.425,-33.54,297,1083.51,8.99,0.526,0.641,139.25,0
DIA,1d,25,3,dip,117.41,3.94,0.335,-33.82,167,76.65,35.36,29.99,3.09,0.28,-33.93,59,71.19,30.19,193.3,3.82,0.327,-33.93,228,1083.51,8.99,0.526,0.641,139.25,0
DIA,1d,25,4,dip,96.35,3.42,0.3,-37.31,142,76.06,35.26,36.67,3.69,0.32,-33.54,54,77.78,29.96,185.03,3.72,0.319,-37.31,198,1083.51,8.99,0.526,0.641,139.25,0
DIA,1d,25,5,dip,98.44,3.47,0.303,-40.23,129,76.74,35.26,42.73,4.22,0.354,-33.54,47,74.47,29.5,200.83,3.91,0.331,-40.23,178,1083.51,8.99,0.526,0.641,139.25,0
DIA,1d,25,7,dip,99.29,3.49,0.304,-39.87,109,77.98,34.71,40.62,4.04,0.342,-33.54,36,72.22,29.64,194.18,3.83,0.326,-39.87,147,1083.51,8.99,0.526,0.641,139.25,0
DIA,1d,25,9,dip,91.64,3.29,0.291,-36.53,95,77.89,34.59,34.91,3.54,0.311,-31.39,34,73.53,29.5,166.82,3.48,0.304,-36.53,130,1083.51,8.99,0.526,0.641,139.25,0
DIA,1d,25,12,dip,102.8,3.59,0.31,-36.79,87,79.31,34.19,35.42,3.58,0.314,-31.52,29,72.41,29.04,177.78,3.62,0.313,-36.79,117,1083.51,8.99,0.526,0.641,139.25,0
DIA,1d,25,15,dip,98.92,3.49,0.305,-38.86,79,81.01,33.72,31.88,3.27,0.293,-31.52,27,70.37,28.67,158.14,3.36,0.297,-38.86,106,1083.51,8.99,0.526,0.641,139.25,0
DIA,1d,25,20,dip,105.7,3.66,0.316,-40.02,69,81.16,33.32,41.52,4.12,0.35,-31.39,26,76.92,27.29,192.21,3.81,0.326,-40.02,95,1083.51,8.99,0.526,0.641,139.25,0
DIA,1d,25,30,trend,206.12,5.73,0.567,-27.55,52,46.15,65.99,61.91,5.76,0.558,-21.2,19,52.63,72.07,378.87,5.61,0.552,-27.55,71,1083.51,8.99,0.526,0.641,139.25,0
DIA,1d,25,40,trend,174.27,5.15,0.512,-27.94,50,38,67.1,51.86,4.97,0.487,-17.73,19,52.63,72.76,311.71,5.06,0.499,-27.94,69,1083.51,8.99,0.526,0.641,139.25,0
DIA,1d,25,50,trend,155.65,4.79,0.481,-30.66,41,39.02,67.37,54.94,5.22,0.505,-15.29,18,44.44,73.92,288.42,4.84,0.48,-30.66,59,1083.51,8.99,0.526,0.641,139.25,0
DIA,1d,25,60,trend,144.7,4.56,0.46,-33.27,41,43.9,68.58,70.99,6.43,0.601,-14.94,14,42.86,74.88,304.42,4.99,0.491,-33.27,55,1083.51,8.99,0.526,0.641,139.25,0
DIA,1d,25,75,trend,143.85,4.54,0.454,-38.54,38,36.84,69.73,70.97,6.43,0.608,-15.59,11,63.64,71.1,290.98,4.87,0.475,-38.54,51,1083.51,8.99,0.526,0.641,139.25,0
DIA,1d,25,100,trend,119.49,3.99,0.405,-42.59,34,29.41,70.8,74.61,6.69,0.619,-17.6,8,62.5,72.16,264.42,4.61,0.448,-42.59,43,1083.51,8.99,0.526,0.641,139.25,0
DIA,1d,25,125,trend,142.24,4.51,0.448,-42.01,29,34.48,71.8,47.83,4.64,0.443,-24.79,9,55.56,72.9,261.61,4.58,0.442,-42.01,38,1083.51,8.99,0.526,0.641,139.25,0
DIA,1d,25,150,trend,133.15,4.31,0.426,-43.03,26,26.92,73.07,44.97,4.41,0.415,-24.12,9,55.56,74.33,236.91,4.32,0.414,-43.03,35,1083.51,8.99,0.526,0.641,139.25,0
DIA,1d,25,200,trend,154.38,4.76,0.454,-44.36,20,35,74.69,58.71,5.51,0.481,-28.16,8,37.5,76.5,283.52,4.8,0.439,-44.36,28,1083.51,8.99,0.526,0.641,139.25,0
DIA,1d,25,250,trend,148.32,4.64,0.464,-34.07,13,30.77,70.08,81.18,7.15,0.668,-19.76,7,57.14,65.47,280.73,4.77,0.442,-34.07,21,1083.51,8.99,0.526,0.641,139.25,1
DIA,1d,25,300,trend,186.68,5.39,0.519,-27.29,10,40,70.83,78.57,6.97,0.644,-21.34,4,75,66.99,336.36,5.27,0.473,-28.08,15,1083.51,8.99,0.526,0.641,139.25,1
DIA,1d,30,2,dip,110.6,3.78,0.322,-32.61,178,75.84,34.67,27.62,2.87,0.266,-33.84,67,68.66,29.27,187.08,3.74,0.32,-33.84,248,1083.51,8.99,0.526,0.641,139.25,0
DIA,1d,30,3,dip,125.79,4.14,0.345,-36.02,153,79.08,34.63,35.22,3.57,0.311,-33.54,53,75.47,29.22,227.59,4.22,0.351,-36.02,208,1083.51,8.99,0.526,0.641,139.25,0
DIA,1d,30,4,dip,128.41,4.2,0.349,-37.28,131,79.39,34.49,23.41,2.47,0.24,-33.54,43,74.42,28.72,199.38,3.9,0.33,-37.28,176,1083.51,8.99,0.526,0.641,139.25,0
DIA,1d,30,5,dip,107.8,3.71,0.317,-37.7,120,80,34.31,34.93,3.54,0.309,-33.54,37,72.97,29.04,194.33,3.83,0.325,-37.7,159,1083.51,8.99,0.526,0.641,139.25,0
DIA,1d,30,7,dip,81.36,3.01,0.273,-36.89,100,79,34.19,29.93,3.09,0.28,-33.54,35,74.29,29.04,151.75,3.27,0.29,-36.89,137,1083.51,8.99,0.526,0.641,139.25,0
DIA,1d,30,9,dip,98.05,3.46,0.302,-36.18,95,77.89,33.85,36.23,3.66,0.319,-31.52,31,74.19,28.49,187.91,3.75,0.322,-36.18,128,1083.51,8.99,0.526,0.641,139.25,0
DIA,1d,30,12,dip,80.34,2.98,0.271,-40.76,81,79.01,33.62,37.87,3.8,0.329,-31.52,29,75.86,28.21,149.72,3.24,0.289,-40.76,111,1083.51,8.99,0.526,0.641,139.25,0
DIA,1d,30,15,dip,104.09,3.62,0.313,-39.94,74,82.43,33.18,38.85,3.89,0.334,-31.39,27,74.07,27.29,186.59,3.74,0.321,-39.94,102,1083.51,8.99,0.526,0.641,139.25,0
DIA,1d,30,20,dip,67.12,2.59,0.246,-45.35,63,76.19,32.63,41.71,4.13,0.353,-31.09,24,70.83,25.67,146.57,3.2,0.286,-45.35,88,1083.51,8.99,0.526,0.641,139.25,0
DIA,1d,30,25,dip,37.24,1.59,0.18,-49.43,52,82.69,31.99,45.32,4.44,0.373,-31.09,19,73.68,25.07,103.25,2.5,0.241,-49.43,72,1083.51,8.99,0.526,0.641,139.25,0
DIA,1d,30,40,trend,162.74,4.93,0.492,-27.82,43,39.53,67.25,52.17,5,0.485,-17.5,18,44.44,73.55,287.01,4.83,0.478,-27.82,61,1083.51,8.99,0.526,0.641,139.25,0
DIA,1d,30,50,trend,130.28,4.24,0.433,-33.52,39,46.15,67.85,68.77,6.27,0.585,-15.92,15,46.67,74.65,267.23,4.64,0.461,-33.52,54,1083.51,8.99,0.526,0.641,139.25,0
DIA,1d,30,60,trend,161.57,4.91,0.487,-33.47,35,45.71,68.96,73.23,6.59,0.608,-15.92,14,50,75.3,330.91,5.22,0.506,-33.47,49,1083.51,8.99,0.526,0.641,139.25,0
DIA,1d,30,75,trend,160.61,4.89,0.484,-39.15,34,35.29,70.1,69.87,6.35,0.598,-16.79,9,55.56,71.61,327.28,5.19,0.501,-39.15,44,1083.51,8.99,0.526,0.641,139.25,0
DIA,1d,30,100,trend,132.93,4.3,0.431,-39.44,30,33.33,71.01,57.63,5.43,0.51,-24.79,8,50,72.21,248.12,4.44,0.431,-39.44,39,1083.51,8.99,0.526,0.641,139.25,0
DIA,1d,30,125,trend,153.95,4.75,0.465,-43,24,29.17,72.38,66.41,6.09,0.558,-19.73,9,55.56,73.45,325.83,5.18,0.488,-43,33,1083.51,8.99,0.526,0.641,139.25,0
DIA,1d,30,150,trend,136.63,4.38,0.43,-46.43,23,30.43,73.23,53,5.06,0.467,-21.68,7,42.86,74.19,259.46,4.56,0.431,-46.43,30,1083.51,8.99,0.526,0.641,139.25,0
DIA,1d,30,200,trend,174.97,5.17,0.484,-42.05,19,36.84,75.03,55.1,5.23,0.453,-28.08,7,57.14,76.5,293.52,4.89,0.443,-42.05,26,1083.51,8.99,0.526,0.641,139.25,0
DIA,1d,30,250,trend,150.52,4.68,0.465,-32.02,13,30.77,70.06,91.01,7.81,0.721,-15.96,3,100,65.74,300.06,4.95,0.454,-32.02,17,1083.51,8.99,0.526,0.641,139.25,1
DIA,1d,30,300,trend,195.45,5.55,0.531,-26.05,10,40,71.03,101.79,8.5,0.766,-18.7,3,66.67,66.99,374.14,5.57,0.486,-33.52,14,1083.51,8.99,0.526,0.641,139.25,1
DIA,1d,40,2,dip,82.18,3.03,0.274,-38.39,159,79.25,33.52,35.52,3.59,0.313,-33.54,60,73.33,28.16,161.33,3.4,0.298,-38.39,222,1083.51,8.99,0.526,0.641,139.25,0
DIA,1d,40,3,dip,84.36,3.09,0.278,-40.76,124,81.45,33.66,40.22,4,0.34,-33.54,50,76,28.25,175.85,3.6,0.311,-40.76,176,1083.51,8.99,0.526,0.641,139.25,0
DIA,1d,40,4,dip,90.68,3.27,0.289,-40.76,117,80.34,33.56,37.32,3.75,0.324,-33.54,46,71.74,28.12,178.71,3.64,0.313,-40.76,165,1083.51,8.99,0.526,0.641,139.25,0
DIA,1d,40,5,dip,82.02,3.03,0.274,-39.82,110,80.91,33.28,45.11,4.42,0.366,-33.54,37,72.97,27.89,182.71,3.69,0.317,-39.82,149,1083.51,8.99,0.526,0.641,139.25,0
DIA,1d,40,7,dip,68.44,2.63,0.248,-42.1,90,77.78,33,35.37,3.58,0.314,-31.39,30,70,27.42,147.34,3.21,0.286,-42.1,123,1083.51,8.99,0.526,0.641,139.25,0
DIA,1d,40,9,dip,83.78,3.08,0.278,-43.64,78,79.49,32.92,33.56,3.42,0.303,-31.39,30,73.33,27.05,161.18,3.4,0.299,-43.64,110,1083.51,8.99,0.526,0.641,139.25,0
DIA,1d,40,12,dip,91.39,3.29,0.291,-46.69,70,81.43,32.53,35.82,3.62,0.317,-31.39,24,79.17,26.04,176.28,3.61,0.312,-46.69,96,1083.51,8.99,0.526,0.641,139.25,0
DIA,1d,40,15,dip,60.38,2.38,0.232,-48.36,60,81.67,32.13,41.04,4.07,0.349,-31.09,21,76.19,25.39,137.01,3.05,0.277,-48.36,84,1083.51,8.99,0.526,0.641,139.25,0
DIA,1d,40,20,dip,50.42,2.05,0.211,-49.88,52,84.62,31.44,56.83,5.36,0.431,-31.09,19,73.68,25.07,137.95,3.07,0.278,-49.88,73,1083.51,8.99,0.526,0.641,139.25,0
DIA,1d,40,25,dip,51.84,2.1,0.215,-49.36,50,90,30.87,53.53,5.11,0.418,-31.09,19,84.21,24.33,134.35,3.01,0.276,-49.36,70,1083.51,8.99,0.526,0.641,139.25,0
DIA,1d,40,30,dip,60.59,2.39,0.234,-48.93,43,86.05,30.65,52.7,5.04,0.416,-31.09,18,88.89,23.5,152.88,3.29,0.294,-48.93,62,1083.51,8.99,0.526,0.641,139.25,0
DIA,1d,40,50,trend,158.17,4.84,0.482,-33.11,35,45.71,68.88,60.14,5.62,0.526,-18.11,16,43.75,75.12,291.73,4.87,0.477,-33.11,49,1083.51,8.99,0.526,0.641,139.25,0
DIA,1d,40,60,trend,155.39,4.78,0.476,-37.74,32,40.63,69.45,68.6,6.25,0.572,-17.6,10,60,76.64,300.67,4.96,0.481,-37.74,42,1083.51,8.99,0.526,0.641,139.25,0
DIA,1d,40,75,trend,103.85,3.61,0.372,-43.78,30,36.67,70.12,51.03,4.91,0.468,-24.78,8,50,71.7,197.7,3.87,0.385,-43.78,39,1083.51,8.99,0.526,0.641,139.25,0
DIA,1d,40,100,trend,131.3,4.27,0.425,-44.8,26,34.62,71.41,64.35,5.94,0.553,-20.48,9,55.56,72.44,275.53,4.72,0.452,-44.8,35,1083.51,8.99,0.526,0.641,139.25,0
DIA,1d,40,125,trend,178.29,5.23,0.5,-41.72,21,33.33,72.64,52.13,4.99,0.455,-28.82,5,80,73.82,322,5.15,0.475,-41.72,26,1083.51,8.99,0.526,0.641,139.25,0
DIA,1d,40,150,trend,180.41,5.27,0.504,-42.14,20,35,72.75,66.78,6.12,0.526,-28.08,6,50,74.19,349.3,5.38,0.489,-42.14,26,1083.51,8.99,0.526,0.641,139.25,0
DIA,1d,40,200,trend,195.6,5.55,0.512,-40.88,14,35.71,75.23,59.74,5.59,0.457,-31,5,60,76.69,327.52,5.19,0.457,-40.88,19,1083.51,8.99,0.526,0.641,139.25,0
DIA,1d,40,250,trend,173.87,5.15,0.501,-30.85,12,33.33,70.46,90.43,7.77,0.723,-19.07,3,100,65.42,292.23,4.88,0.439,-31.34,16,1083.51,8.99,0.526,0.641,139.25,1
DIA,1d,40,300,trend,194.91,5.54,0.56,-20.9,8,50,66.4,97.55,8.23,0.751,-19.87,2,100,66.34,356.93,5.44,0.487,-33.54,11,1083.51,8.99,0.526,0.641,139.25,1
DIA,1d,50,2,dip,59.84,2.36,0.23,-43.45,137,79.56,32.47,32.71,3.34,0.298,-33.7,52,73.08,27.05,122.68,2.83,0.261,-43.45,193,1083.51,8.99,0.526,0.641,139.25,0
DIA,1d,50,3,dip,61.39,2.41,0.234,-44.61,120,82.5,32.45,27.23,2.84,0.264,-33.7,38,73.68,26.82,114.38,2.69,0.252,-44.61,161,1083.51,8.99,0.526,0.641,139.25,0
DIA,1d,50,4,dip,68.47,2.63,0.249,-45.82,104,81.73,32.39,40.18,4,0.341,-31.55,35,80,26.73,147.73,3.21,0.287,-45.82,143,1083.51,8.99,0.526,0.641,139.25,0
DIA,1d,50,5,dip,61.14,2.41,0.234,-47.48,92,79.35,32.23,42.62,4.21,0.355,-31.55,35,77.14,26.73,142.18,3.13,0.281,-47.48,131,1083.51,8.99,0.526,0.641,139.25,0
DIA,1d,50,7,dip,50.49,2.06,0.211,-49.36,79,79.75,32.21,49.48,4.78,0.39,-31.39,30,80,26.36,139.97,3.1,0.279,-49.36,113,1083.51,8.99,0.526,0.641,139.25,0
DIA,1d,50,9,dip,70.57,2.7,0.253,-49.45,72,83.33,31.82,35.62,3.6,0.314,-31.39,26,80.77,25.62,137.66,3.06,0.277,-49.45,101,1083.51,8.99,0.526,0.641,139.25,0
DIA,1d,50,12,dip,68.42,2.63,0.249,-48.33,66,84.85,31.22,37.7,3.79,0.327,-31.09,20,75,25.16,140.64,3.11,0.28,-48.33,88,1083.51,8.99,0.526,0.641,139.25,0
DIA,1d,50,15,dip,57.46,2.29,0.227,-48.26,60,83.33,30.75,47.48,4.62,0.382,-31.09,19,73.68,24.75,133.69,3,0.274,-48.26,80,1083.51,8.99,0.526,0.641,139.25,0
DIA,1d,50,20,dip,54.65,2.2,0.221,-49.09,48,89.58,30.13,53.15,5.07,0.416,-31.09,19,84.21,24.05,142.98,3.14,0.284,-49.09,68,1083.51,8.99,0.526,0.641,139.25,0
DIA,1d,50,25,dip,69.76,2.67,0.253,-48.53,41,85.37,29.9,49.97,4.82,0.402,-31.09,18,88.89,23.13,159.17,3.37,0.3,-48.53,60,1083.51,8.99,0.526,0.641,139.25,0
DIA,1d,50,30,dip,88.91,3.22,0.289,-48.56,39,87.18,29.42,40.16,4,0.349,-31.09,15,80,22.35,175.77,3.6,0.316,-48.56,55,1083.51,8.99,0.526,0.641,139.25,0
DIA,1d,50,40,dip,67.29,2.6,0.248,-48.25,35,88.57,28.35,48.5,4.7,0.399,-31.09,15,80,21.75,157.12,3.35,0.3,-48.25,49,1083.51,8.99,0.526,0.641,139.25,0
DIA,1d,50,60,trend,108.1,3.72,0.382,-42.78,30,36.67,69.65,47.14,4.59,0.443,-24.78,8,50,71.42,193.24,3.82,0.382,-42.78,40,1083.51,8.99,0.526,0.641,139.25,0
DIA,1d,50,75,trend,124.02,4.1,0.412,-45.46,29,34.48,70.22,65.11,6,0.56,-21.22,8,62.5,71.93,248.2,4.44,0.432,-45.46,38,1083.51,8.99,0.526,0.641,139.25,0
DIA,1d,50,100,trend,184.64,5.35,0.513,-39.26,20,35,71.76,54.01,5.14,0.472,-27.83,6,83.33,73.31,338.81,5.29,0.49,-39.26,26,1083.51,8.99,0.526,0.641,139.25,0
DIA,1d,50,125,trend,187.2,5.4,0.514,-38.61,19,36.84,72.4,64.35,5.94,0.515,-28.08,5,60,73.64,356.52,5.43,0.495,-38.61,24,1083.51,8.99,0.526,0.641,139.25,0
DIA,1d,50,150,trend,213.58,5.86,0.545,-37.21,14,50,73.25,35.35,3.58,0.327,-30.56,6,50,74.38,297.76,4.93,0.445,-37.21,20,1083.51,8.99,0.526,0.641,139.25,0
DIA,1d,50,200,trend,166.97,5.01,0.467,-43.82,12,41.67,75.45,52.59,5.03,0.413,-31.34,4,75,77.19,259.34,4.56,0.406,-43.82,16,1083.51,8.99,0.526,0.641,139.25,0
DIA,1d,50,250,trend,167.01,5.01,0.504,-22.16,9,44.44,67.61,56.08,5.31,0.424,-33.47,3,66.67,78.25,302.08,4.97,0.449,-33.7,12,1083.51,8.99,0.526,0.641,139.25,0
DIA,1d,50,300,trend,192.63,5.49,0.554,-20.19,8,50,66.48,95.96,8.13,0.746,-18.21,2,100,66.02,378.72,5.61,0.499,-32.69,10,1083.51,8.99,0.526,0.641,139.25,1
DIA,1d,60,2,dip,71.16,2.71,0.254,-45.95,126,81.75,31.82,39.33,3.93,0.337,-33.7,53,77.36,25.72,143.2,3.15,0.282,-45.95,182,1083.51,8.99,0.526,0.641,139.25,0
DIA,1d,60,3,dip,70.87,2.7,0.253,-46.72,106,83.02,31.74,39.84,3.97,0.339,-31.55,41,80.49,25.85,144.08,3.16,0.283,-46.72,151,1083.51,8.99,0.526,0.641,139.25,0
DIA,1d,60,4,dip,65.21,2.53,0.242,-48.18,98,84.69,31.52,37.85,3.8,0.328,-31.55,34,82.35,25.95,136.78,3.05,0.276,-48.18,135,1083.51,8.99,0.526,0.641,139.25,0
DIA,1d,60,5,dip,50.16,2.05,0.21,-48.55,87,82.76,31.02,39.9,3.98,0.339,-31.55,31,80.65,25.81,112.16,2.66,0.251,-48.55,120,1083.51,8.99,0.526,0.641,139.25,0
DIA,1d,60,7,dip,55.13,2.21,0.221,-48.53,73,80.82,30.95,35.26,3.57,0.313,-31.55,27,81.48,25.07,110.98,2.64,0.249,-48.53,102,1083.51,8.99,0.526,0.641,139.25,0
DIA,1d,60,9,dip,58.8,2.33,0.229,-48.48,64,85.94,30.45,28.78,2.98,0.275,-31.09,21,76.19,24.7,108.81,2.6,0.247,-48.48,86,1083.51,8.99,0.526,0.641,139.25,0
DIA,1d,60,12,dip,57.72,2.3,0.228,-48.19,58,82.76,29.82,42.66,4.21,0.358,-31.09,20,75,24.28,131.8,2.97,0.273,-48.19,79,1083.51,8.99,0.526,0.641,139.25,0
DIA,1d,60,15,dip,53.6,2.16,0.219,-49.36,52,88.46,29.76,54.39,5.17,0.422,-31.09,20,80,23.73,142.1,3.13,0.283,-49.36,73,1083.51,8.99,0.526,0.641,139.25,0
DIA,1d,60,20,dip,91.78,3.3,0.294,-48.62,41,87.8,29.5,55.21,5.24,0.429,-31.09,18,88.89,22.53,208.36,4,0.342,-48.62,60,1083.51,8.99,0.526,0.641,139.25,0
DIA,1d,60,25,dip,74.66,2.82,0.263,-48.55,41,90.24,28.67,36.54,3.68,0.326,-31.09,14,78.57,22.16,146.31,3.19,0.289,-48.55,56,1083.51,8.99,0.526,0.641,139.25,0
DIA,1d,60,30,dip,65.11,2.53,0.244,-48.84,35,88.57,28.27,34.86,3.53,0.317,-31.09,13,76.92,21.75,133.74,3,0.277,-48.84,49,1083.51,8.99,0.526,0.641,139.25,0
DIA,1d,60,40,dip,71.27,2.72,0.257,-48.01,32,87.5,27.74,41.22,4.09,0.359,-30.04,9,88.89,20.36,155.82,3.33,0.3,-48.01,42,1083.51,8.99,0.526,0.641,139.25,0
DIA,1d,60,50,dip,109.7,3.76,0.327,-46.83,30,90,27.5,61.17,5.7,0.477,-25.47,8,87.5,19.71,248.73,4.45,0.377,-46.83,40,1083.51,8.99,0.526,0.641,139.25,0
DIA,1d,60,75,trend,113.43,3.85,0.39,-46.07,27,29.63,70.66,80.71,7.11,0.648,-19.87,7,71.43,72.39,279.08,4.75,0.454,-46.07,34,1083.51,8.99,0.526,0.641,139.25,1
DIA,1d,60,100,trend,165.61,4.99,0.482,-39.74,21,33.33,71.84,55.01,5.22,0.463,-28.08,5,60,73.18,304.86,4.99,0.462,-39.74,26,1083.51,8.99,0.526,0.641,139.25,0
DIA,1d,60,125,trend,156.38,4.8,0.464,-40.12,17,47.06,71.98,40.01,3.99,0.358,-31.83,5,60,73.82,243.57,4.39,0.408,-40.12,22,1083.51,8.99,0.526,0.641,139.25,0
DIA,1d,60,150,trend,185.13,5.36,0.505,-43.49,13,46.15,73.47,51.5,4.94,0.413,-31.34,5,60,75.16,298.32,4.93,0.441,-43.49,18,1083.51,8.99,0.526,0.641,139.25,0
DIA,1d,60,200,trend,219.39,5.96,0.539,-38.35,12,41.67,75.8,48.87,4.73,0.388,-33.93,4,75,77.42,350.24,5.38,0.462,-38.35,16,1083.51,8.99,0.526,0.641,139.25,0
DIA,1d,60,250,trend,189.59,5.44,0.555,-22.01,8,50,65.65,59.3,5.56,0.44,-32.39,3,66.67,78.21,367.03,5.52,0.496,-32.39,11,1083.51,8.99,0.526,0.641,139.25,0
DIA,1d,60,300,trend,215.69,5.89,0.585,-20.82,7,42.86,66.84,101.75,8.49,0.775,-15.97,2,100,66.11,394.69,5.73,0.506,-36.5,9,1083.51,8.99,0.526,0.641,139.25,1
DIA,1d,75,2,dip,62.74,2.46,0.237,-48.44,119,84.03,30.29,38.82,3.88,0.334,-33.54,43,83.72,24.1,139.86,3.1,0.279,-48.44,165,1083.51,8.99,0.526,0.641,139.25,0
DIA,1d,75,3,dip,40.62,1.71,0.188,-48,94,82.98,29.94,41.49,4.11,0.35,-31.55,39,82.05,23.87,110.14,2.62,0.249,-48,135,1083.51,8.99,0.526,0.641,139.25,0
DIA,1d,75,4,dip,64.77,2.52,0.242,-46.87,84,84.52,29.68,36.87,3.71,0.324,-31.55,34,82.35,23.92,139.84,3.1,0.28,-46.87,120,1083.51,8.99,0.526,0.641,139.25,0
DIA,1d,75,5,dip,48.53,1.99,0.207,-47.1,77,85.71,29.46,46.81,4.56,0.379,-31.55,33,81.82,23.68,131.9,2.97,0.272,-47.1,112,1083.51,8.99,0.526,0.641,139.25,0
DIA,1d,75,7,dip,55.36,2.22,0.222,-47,66,84.85,29.22,43.7,4.3,0.363,-31.09,25,80,23.59,136.51,3.05,0.277,-47,93,1083.51,8.99,0.526,0.641,139.25,0
DIA,1d,75,9,dip,81.02,3,0.275,-47.12,60,88.33,28.95,49.57,4.79,0.396,-31.09,23,78.26,23.04,184.3,3.71,0.322,-47.12,85,1083.51,8.99,0.526,0.641,139.25,0
DIA,1d,75,12,dip,91.79,3.3,0.295,-47.67,53,84.91,28.63,56.79,5.36,0.436,-31.09,21,85.71,22.21,213.74,4.07,0.346,-47.67,75,1083.51,8.99,0.526,0.641,139.25,0
DIA,1d,75,15,dip,99.76,3.51,0.309,-48.28,50,88,28.47,49.46,4.78,0.399,-31.09,18,83.33,21.61,211.99,4.04,0.345,-48.28,69,1083.51,8.99,0.526,0.641,139.25,0
DIA,1d,75,20,dip,63.51,2.48,0.24,-48.61,41,90.24,28.1,45.04,4.41,0.376,-31.09,15,80,21.65,145.21,3.18,0.288,-48.61,57,1083.51,8.99,0.526,0.641,139.25,0
DIA,1d,75,25,dip,80.14,2.98,0.274,-48.09,38,89.47,27.48,39.33,3.93,0.344,-31.09,11,81.82,20.78,162.33,3.42,0.305,-48.09,51,1083.51,8.99,0.526,0.641,139.25,0
DIA,1d,75,30,dip,67.44,2.6,0.249,-48.1,34,88.24,27.09,36.92,3.72,0.332,-31.28,9,77.78,20.22,139.32,3.09,0.283,-48.1,44,1083.51,8.99,0.526,0.641,139.25,0
DIA,1d,75,40,dip,117.97,3.96,0.341,-47.31,30,90,27.01,57.01,5.38,0.455,-25.47,8,87.5,19.44,250.18,4.46,0.379,-47.31,39,1083.51,8.99,0.526,0.641,139.25,0
DIA,1d,75,50,dip,94.16,3.36,0.302,-47.54,29,89.66,26.81,44.19,4.34,0.379,-25.47,8,87.5,19.11,193.07,3.82,0.335,-47.54,38,1083.51,8.99,0.526,0.641,139.25,0
DIA,1d,75,60,dip,113.79,3.86,0.336,-45.97,27,81.48,26.3,32.41,3.31,0.31,-23.39,7,100,18.24,183.07,3.69,0.328,-45.97,34,1083.51,8.99,0.526,0.641,139.25,0
DIA,1d,75,100,trend,185.05,5.36,0.514,-40.12,17,41.18,71.65,40.37,4.02,0.36,-31.83,5,60,73.36,282.97,4.79,0.44,-40.12,22,1083.51,8.99,0.526,0.641,139.25,0
DIA,1d,75,125,trend,207.41,5.75,0.539,-41.76,12,50,73.17,57.02,5.38,0.444,-31.34,4,75,74.05,346.61,5.35,0.474,-41.76,16,1083.51,8.99,0.526,0.641,139.25,0
DIA,1d,75,150,trend,134.23,4.33,0.417,-45.52,15,33.33,74.06,48.24,4.68,0.387,-34.14,4,75,76.18,206.45,3.98,0.365,-45.52,19,1083.51,8.99,0.526,0.641,139.25,0
DIA,1d,75,200,trend,200.6,5.64,0.507,-39.04,12,41.67,76.38,62.66,5.81,0.457,-32.39,3,66.67,77.89,359.98,5.46,0.463,-39.04,15,1083.51,8.99,0.526,0.641,139.25,0
DIA,1d,75,250,trend,198.17,5.59,0.566,-21.27,7,57.14,65.77,49.42,4.77,0.388,-35.74,3,66.67,78.07,367.09,5.52,0.493,-35.83,9,1083.51,8.99,0.526,0.641,139.25,0
DIA,1d,75,300,trend,208.56,5.77,0.572,-22.76,7,42.86,67,87.5,7.57,0.694,-20.95,2,100,66.3,409.9,5.84,0.507,-36.7,9,1083.51,8.99,0.526,0.641,139.25,1
DIA,1d,100,2,dip,64.45,2.51,0.241,-47.84,102,87.25,28.41,36.03,3.64,0.322,-31.39,38,73.68,20.78,136.24,3.04,0.277,-47.84,144,1083.51,8.99,0.526,0.641,139.25,0
DIA,1d,100,3,dip,81.89,3.03,0.276,-48.01,85,87.06,28.41,44.32,4.35,0.369,-31.7,34,73.53,20.59,181.81,3.68,0.319,-48.01,122,1083.51,8.99,0.526,0.641,139.25,0
DIA,1d,100,4,dip,101.08,3.54,0.31,-47.84,73,87.67,28.29,43.07,4.25,0.363,-31.39,29,75.86,20.45,219,4.13,0.349,-47.84,105,1083.51,8.99,0.526,0.641,139.25,0
DIA,1d,100,5,dip,96.56,3.42,0.302,-47.34,65,87.69,28.22,47.23,4.59,0.387,-31.09,26,69.23,20.31,209.47,4.02,0.342,-47.34,94,1083.51,8.99,0.526,0.641,139.25,0
DIA,1d,100,7,dip,98.56,3.48,0.306,-47.67,58,82.76,27.84,53.92,5.14,0.425,-31.09,21,85.71,19.9,234.24,4.29,0.361,-47.67,82,1083.51,8.99,0.526,0.641,139.25,0
DIA,1d,100,9,dip,93.95,3.36,0.298,-47.55,55,89.09,27.74,50.55,4.87,0.408,-31.09,17,88.24,19.58,209.83,4.02,0.344,-47.55,75,1083.51,8.99,0.526,0.641,139.25,0
DIA,1d,100,12,dip,84,3.08,0.281,-46.88,46,91.3,27.17,44.14,4.34,0.374,-31.09,15,93.33,19.67,183.68,3.7,0.324,-46.88,64,1083.51,8.99,0.526,0.641,139.25,0
DIA,1d,100,15,dip,76.28,2.86,0.266,-46.88,40,90,26.75,47.15,4.59,0.39,-31.09,15,100,19.71,180.94,3.67,0.321,-46.88,58,1083.51,8.99,0.526,0.641,139.25,0
DIA,1d,100,20,dip,104.62,3.63,0.319,-45.87,36,86.11,26.53,52.76,5.04,0.424,-31.09,12,100,19.81,240.35,4.36,0.37,-45.87,51,1083.51,8.99,0.526,0.641,139.25,0
DIA,1d,100,25,dip,97.87,3.46,0.307,-46.73,34,85.29,26.36,35.81,3.62,0.328,-30.97,8,87.5,18.98,179.61,3.65,0.323,-46.73,43,1083.51,8.99,0.526,0.641,139.25,0
DIA,1d,100,30,dip,90.76,3.27,0.295,-45.52,30,90,26.12,52.04,4.99,0.427,-25.47,8,87.5,18.88,199.46,3.9,0.341,-45.52,39,1083.51,8.99,0.526,0.641,139.25,0
DIA,1d,100,40,dip,87.3,3.18,0.29,-45.52,26,88.46,25.6,44.5,4.37,0.383,-25.47,9,88.89,18.56,170.65,3.53,0.316,-45.52,35,1083.51,8.99,0.526,0.641,139.25,0
DIA,1d,100,50,dip,63.21,2.47,0.242,-46.82,20,85,25.17,52.73,5.04,0.447,-19.57,6,100,17.27,149.27,3.23,0.299,-46.82,26,1083.51,8.99,0.526,0.641,139.25,0
DIA,1d,100,60,dip,86.16,3.14,0.29,-47.13,21,85.71,25.07,54.66,5.19,0.472,-19.57,5,100,17.27,187.9,3.75,0.339,-47.13,26,1083.51,8.99,0.526,0.641,139.25,0
DIA,1d,100,75,dip,74.01,2.8,0.266,-48.57,17,82.35,25.23,74.81,6.7,0.617,-17.79,5,100,16.99,205.32,3.97,0.357,-48.57,22,1083.51,8.99,0.526,0.641,139.25,0
DIA,1d,100,125,trend,171.62,5.1,0.48,-45.73,13,38.46,74.02,50.55,4.87,0.4,-33.2,4,75,76.04,272.44,4.69,0.416,-45.73,17,1083.51,8.99,0.526,0.641,139.25,0
DIA,1d,100,150,trend,214.08,5.87,0.531,-37.15,13,38.46,75.27,69.71,6.34,0.491,-32.39,3,66.67,77.7,393.78,5.72,0.485,-37.15,16,1083.51,8.99,0.526,0.641,139.25,0
DIA,1d,100,200,trend,214.74,5.88,0.52,-31.95,8,62.5,76.57,59.53,5.57,0.437,-36.7,3,66.67,78.12,405.68,5.81,0.482,-36.7,10,1083.51,8.99,0.526,0.641,139.25,0
DIA,1d,100,250,trend,206.48,5.74,0.574,-21.46,7,42.86,66.19,95.59,8.1,0.741,-18.57,2,100,65.51,447.52,6.1,0.526,-36.7,9,1083.51,8.99,0.526,0.641,139.25,1
DIA,1d,100,300,trend,229.23,6.12,0.595,-21.34,7,42.86,67.67,88.37,7.63,0.697,-21.98,2,100,66.2,442.63,6.07,0.517,-36.7,9,1083.51,8.99,0.526,0.641,139.25,1
DIA,1d,125,2,dip,88.68,3.21,0.288,-48.22,90,85.56,26.71,28.47,2.95,0.277,-31.39,30,80,18.7,155.03,3.32,0.297,-48.22,125,1083.51,8.99,0.526,0.641,139.25,0
DIA,1d,125,3,dip,94.52,3.37,0.299,-47.2,73,89.04,26.61,31.65,3.25,0.298,-31.39,26,80.77,18.37,179,3.64,0.319,-47.2,105,1083.51,8.99,0.526,0.641,139.25,0
DIA,1d,125,4,dip,91.88,3.3,0.295,-47.2,65,89.23,26.61,43.96,4.32,0.373,-31.09,23,82.61,18.51,192.98,3.82,0.331,-47.2,92,1083.51,8.99,0.526,0.641,139.25,0
DIA,1d,125,5,dip,89.64,3.24,0.291,-47.2,62,88.71,26.49,42.34,4.19,0.364,-31.09,20,85,18.51,182.85,3.69,0.323,-47.2,86,1083.51,8.99,0.526,0.641,139.25,0
DIA,1d,125,7,dip,49.06,2.01,0.209,-47.58,48,85.42,26.28,46.45,4.53,0.388,-31.09,16,87.5,18.42,133.15,2.99,0.276,-47.58,68,1083.51,8.99,0.526,0.641,139.25,0
DIA,1d,125,9,dip,60.77,2.39,0.235,-48.07,44,86.36,26.32,49.53,4.78,0.406,-31.09,16,93.75,18.37,154.78,3.31,0.298,-48.07,64,1083.51,8.99,0.526,0.641,139.25,0
DIA,1d,125,12,dip,80.94,3,0.275,-46.82,44,90.91,25.92,58.71,5.51,0.457,-31.09,14,92.86,18.19,190.58,3.79,0.33,-46.82,58,1083.51,8.99,0.526,0.641,139.25,0
DIA,1d,125,15,dip,105.56,3.65,0.32,-46.82,39,92.31,25.68,55.99,5.3,0.444,-31.09,14,92.86,18.19,203.58,3.95,0.342,-46.82,52,1083.51,8.99,0.526,0.641,139.25,0
DIA,1d,125,20,dip,77.86,2.91,0.271,-46.82,34,88.24,25.48,51.99,4.98,0.425,-29.84,10,100,18.24,170.32,3.53,0.315,-46.82,44,1083.51,8.99,0.526,0.641,139.25,0
DIA,1d,125,25,dip,79.12,2.95,0.273,-46.82,29,89.66,25.31,60.85,5.68,0.479,-25.47,9,100,18.14,181.52,3.67,0.326,-46.82,38,1083.51,8.99,0.526,0.641,139.25,0
DIA,1d,125,30,dip,71,2.71,0.258,-46.82,24,87.5,24.63,40.46,4.02,0.363,-25.47,9,88.89,17.5,139.25,3.09,0.287,-46.82,33,1083.51,8.99,0.526,0.641,139.25,0
DIA,1d,125,40,dip,66.73,2.58,0.25,-46.82,21,85.71,24.3,56.07,5.31,0.47,-19.57,5,100,16.67,159.2,3.37,0.31,-46.82,26,1083.51,8.99,0.526,0.641,139.25,0
DIA,1d,125,50,dip,72.57,2.76,0.263,-47.13,19,84.21,24.52,49.3,4.76,0.439,-19.57,5,100,16.71,155.94,3.33,0.309,-47.13,24,1083.51,8.99,0.526,0.641,139.25,0
DIA,1d,125,60,dip,93.47,3.34,0.304,-48.57,17,82.35,24.89,75.91,6.78,0.625,-17.79,5,100,16.48,240.33,4.36,0.386,-48.57,22,1083.51,8.99,0.526,0.641,139.25,0
DIA,1d,125,75,dip,56.49,2.26,0.229,-49.25,12,83.33,23.66,62.46,5.8,0.572,-17.79,4,100,16.16,154.24,3.31,0.314,-49.25,16,1083.51,8.99,0.526,0.641,139.25,0
DIA,1d,125,100,dip,85.85,3.14,0.293,-48.57,13,84.62,22.75,66.75,6.12,0.641,-15.55,4,100,13.99,219.91,4.14,0.382,-48.57,17,1083.51,8.99,0.526,0.641,139.25,1
DIA,1d,125,150,trend,225.74,6.06,0.536,-33.88,9,55.56,76.41,100.97,8.44,0.785,-15.96,2,100,64.45,413.62,5.87,0.488,-36.7,12,1083.51,8.99,0.526,0.641,139.25,1
DIA,1d,125,200,trend,235.61,6.22,0.543,-30.49,7,57.14,76.83,102.37,8.53,0.785,-15.96,2,100,64.73,514.43,6.53,0.525,-36.7,9,1083.51,8.99,0.526,0.641,139.25,1
DIA,1d,125,250,trend,234.64,6.2,0.607,-20.82,6,50,66.88,87.07,7.55,0.694,-20.55,2,100,65.33,453.01,6.14,0.524,-36.7,8,1083.51,8.99,0.526,0.641,139.25,1
DIA,1d,125,300,trend,217.34,5.92,0.583,-21.54,6,50,67.25,96.41,8.16,0.738,-18.65,2,100,66.57,509.61,6.5,0.546,-36.7,8,1083.51,8.99,0.526,0.641,139.25,1
DIA,1d,150,2,dip,96.47,3.42,0.307,-47.52,90,85.56,24.75,38.61,3.86,0.342,-31.39,26,84.62,17.13,181.13,3.67,0.325,-47.52,120,1083.51,8.99,0.526,0.641,139.25,0
DIA,1d,150,3,dip,90.26,3.26,0.296,-47.52,71,87.32,24.59,35.8,3.62,0.326,-31.09,23,86.96,17.22,159.28,3.38,0.306,-47.52,96,1083.51,8.99,0.526,0.641,139.25,0
DIA,1d,150,4,dip,80.66,2.99,0.278,-47.4,64,87.5,24.59,44.45,4.36,0.379,-31.09,18,100,16.9,161.99,3.41,0.309,-47.4,83,1083.51,8.99,0.526,0.641,139.25,0
DIA,1d,150,5,dip,83.78,3.08,0.285,-47.4,56,87.5,24.57,41.79,4.14,0.363,-31.09,18,100,17.13,166.66,3.48,0.313,-47.4,73,1083.51,8.99,0.526,0.641,139.25,0
DIA,1d,150,7,dip,118.41,3.97,0.345,-47.26,49,87.76,24.61,48.91,4.73,0.404,-31.09,14,92.86,16.94,223.95,4.18,0.362,-47.26,63,1083.51,8.99,0.526,0.641,139.25,0
DIA,1d,150,9,dip,84.56,3.1,0.286,-46.87,43,90.7,24.42,55.7,5.28,0.444,-31.09,13,92.31,16.76,183.42,3.7,0.329,-46.87,56,1083.51,8.99,0.526,0.641,139.25,0
DIA,1d,150,12,dip,101.92,3.56,0.319,-46.82,39,92.31,23.96,29.43,3.04,0.288,-31.09,10,80,16.48,177.22,3.62,0.325,-46.82,51,1083.51,8.99,0.526,0.641,139.25,0
DIA,1d,150,15,dip,82.97,3.06,0.285,-46.82,34,88.24,23.66,37.67,3.78,0.342,-31.09,10,100,16.57,163.7,3.44,0.313,-46.82,44,1083.51,8.99,0.526,0.641,139.25,0
DIA,1d,150,20,dip,72.14,2.74,0.264,-46.82,30,90,23.27,55.83,5.29,0.454,-25.47,10,100,16.39,175.58,3.6,0.326,-46.82,41,1083.51,8.99,0.526,0.641,139.25,0
DIA,1d,150,25,dip,78.69,2.93,0.279,-46.82,25,88,22.89,63,5.84,0.501,-25.47,9,88.89,16.16,190.12,3.78,0.342,-46.82,34,1083.51,8.99,0.526,0.641,139.25,0
DIA,1d,150,30,dip,77.5,2.9,0.277,-46.82,22,86.36,22.69,58.93,5.53,0.477,-23.37,7,100,16.2,174.79,3.59,0.328,-46.82,29,1083.51,8.99,0.526,0.641,139.25,0
DIA,1d,150,40,dip,64.09,2.5,0.245,-46.95,20,85,24.2,47.5,4.62,0.429,-19.57,6,100,16.11,141.13,3.11,0.293,-46.95,26,1083.51,8.99,0.526,0.641,139.25,0
DIA,1d,150,50,dip,59.01,2.34,0.235,-48.57,14,78.57,23.66,88.02,7.61,0.698,-15.55,6,100,15.84,195.16,3.84,0.351,-48.57,20,1083.51,8.99,0.526,0.641,139.25,1
DIA,1d,150,60,dip,69.66,2.67,0.258,-48.91,13,84.62,23.43,73.11,6.58,0.648,-15.55,5,100,15,186.29,3.73,0.346,-48.91,18,1083.51,8.99,0.526,0.641,139.25,1
DIA,1d,150,75,dip,112.27,3.82,0.34,-48.57,15,86.67,22.81,74.74,6.7,0.694,-15.55,4,100,13.9,282.94,4.79,0.429,-48.57,19,1083.51,8.99,0.526,0.641,139.25,1
DIA,1d,150,100,dip,58.69,2.33,0.237,-48.57,13,84.62,21.61,44.25,4.35,0.486,-15.55,3,100,12,138.51,3.08,0.304,-48.57,16,1083.51,8.99,0.526,0.641,139.25,0
DIA,1d,150,125,dip,30.64,1.34,0.167,-48.57,8,75,19.19,44.28,4.35,0.526,-15.55,2,100,11.27,95.78,2.37,0.257,-48.57,11,1083.51,8.99,0.526,0.641,139.25,0
DIA,1d,150,200,trend,246.99,6.39,0.557,-29.88,8,50,76.53,81.24,7.15,0.666,-22.57,2,100,64.87,450.75,6.13,0.496,-36.7,10,1083.51,8.99,0.526,0.641,139.25,1
DIA,1d,150,250,trend,227.78,6.09,0.601,-19.82,5,60,66.6,67.09,6.14,0.454,-36.7,3,66.67,78.53,535.77,6.66,0.559,-36.7,7,1083.51,8.99,0.526,0.641,139.25,0
DIA,1d,150,300,trend,229.19,6.12,0.6,-23.03,4,75,66.76,104.04,8.63,0.763,-18.02,2,100,68.7,556.55,6.78,0.563,-36.7,6,1083.51,8.99,0.526,0.641,139.25,1
DIA,1d,200,2,dip,77.46,2.9,0.273,-47.21,70,87.14,22.54,26.69,2.79,0.272,-31.09,20,90,14.5,130.73,2.96,0.279,-47.21,92,1083.51,8.99,0.526,0.641,139.25,0
DIA,1d,200,3,dip,81.49,3.01,0.282,-46.87,61,88.52,22.64,30.2,3.11,0.296,-31.09,14,92.86,14.54,151.02,3.26,0.301,-46.87,77,1083.51,8.99,0.526,0.641,139.25,0
DIA,1d,200,4,dip,82.27,3.04,0.283,-46.87,50,86,22.64,34.53,3.51,0.325,-31.09,13,100,14.22,161.43,3.41,0.311,-46.87,65,1083.51,8.99,0.526,0.641,139.25,0
DIA,1d,200,5,dip,84.21,3.09,0.287,-46.87,48,87.5,22.79,37.9,3.8,0.346,-31.09,12,91.67,14.27,168.02,3.5,0.317,-46.87,62,1083.51,8.99,0.526,0.641,139.25,0
DIA,1d,200,7,dip,62.13,2.44,0.242,-46.87,38,89.47,22.6,44.61,4.38,0.387,-31.09,13,100,14.36,136.1,3.04,0.286,-46.87,51,1083.51,8.99,0.526,0.641,139.25,0
DIA,1d,200,9,dip,65.33,2.54,0.25,-46.87,36,88.89,22.22,44.07,4.33,0.385,-31.09,10,90,14.31,142.33,3.13,0.294,-46.87,47,1083.51,8.99,0.526,0.641,139.25,0
DIA,1d,200,12,dip,61.05,2.4,0.241,-46.82,27,88.89,21.76,59.39,5.56,0.479,-27.88,10,100,14.13,160.2,3.39,0.313,-46.82,37,1083.51,8.99,0.526,0.641,139.25,0
DIA,1d,200,15,dip,58,2.3,0.235,-46.82,25,88,21.47,65.03,5.99,0.517,-25.47,9,100,13.94,164.57,3.45,0.32,-46.82,34,1083.51,8.99,0.526,0.641,139.25,0
DIA,1d,200,20,dip,49.14,2.01,0.214,-46.82,19,89.47,21.21,57.45,5.41,0.479,-25.47,8,100,13.71,136.39,3.04,0.292,-46.82,27,1083.51,8.99,0.526,0.641,139.25,0
DIA,1d,200,25,dip,64.39,2.51,0.251,-46.82,19,84.21,21.17,54.05,5.15,0.471,-19.57,8,87.5,13.85,156.12,3.33,0.315,-46.82,27,1083.51,8.99,0.526,0.641,139.25,0
DIA,1d,200,30,dip,52.74,2.13,0.224,-46.82,18,83.33,20.8,58.43,5.49,0.508,-19.57,7,100,13.8,150.99,3.26,0.312,-46.82,25,1083.51,8.99,0.526,0.641,139.25,0
DIA,1d,200,40,dip,38.86,1.65,0.189,-48.88,13,84.62,20.54,59.51,5.57,0.56,-15.55,5,100,13.53,126.33,2.89,0.288,-48.88,18,1083.51,8.99,0.526,0.641,139.25,0
DIA,1d,200,50,dip,52.65,2.13,0.224,-48.57,11,81.82,20.28,72.07,6.51,0.663,-15.55,4,100,12.97,167.67,3.49,0.337,-48.57,15,1083.51,8.99,0.526,0.641,139.25,1
DIA,1d,200,60,dip,31.83,1.39,0.17,-49.41,11,81.82,19.87,79.04,7,0.73,-15.55,4,100,12.7,120.73,2.8,0.286,-49.41,15,1083.51,8.99,0.526,0.641,139.25,1
DIA,1d,200,75,dip,39.62,1.68,0.193,-49.56,11,81.82,19.19,56.84,5.37,0.58,-15.55,3,100,12.05,115.61,2.71,0.282,-49.56,14,1083.51,8.99,0.526,0.641,139.25,0
DIA,1d,200,100,dip,30.56,1.34,0.168,-48.57,7,71.43,18.74,51.91,4.98,0.598,-15.55,3,100,11.36,92.26,2.3,0.253,-48.57,9,1083.51,8.99,0.526,0.641,139.25,0
DIA,1d,200,125,dip,18.03,0.83,0.128,-48.57,6,66.67,18.3,29.23,3.02,0.408,-15.55,2,100,10.85,52.53,1.48,0.185,-48.57,8,1083.51,8.99,0.526,0.641,139.25,0
DIA,1d,200,150,dip,18.61,0.85,0.13,-48.57,7,71.43,18.36,49.06,4.75,0.641,-15.55,2,100,10.57,76.8,2.01,0.231,-48.57,9,1083.51,8.99,0.526,0.641,139.25,1
DIA,1d,200,250,trend,247.22,6.4,0.625,-23.74,3,66.67,66.82,85.59,7.45,0.519,-36.7,3,66.67,80.56,574.24,6.88,0.569,-36.7,5,1083.51,8.99,0.526,0.641,139.25,0
DIA,1d,200,300,trend,273.04,6.78,0.669,-25.9,2,100,64.82,83.77,7.32,0.646,-24.73,2,100,70.45,543.87,6.71,0.554,-36.7,4,1083.51,8.99,0.526,0.641,139.25,1
DIA,1d,250,2,dip,66.88,2.58,0.254,-46.87,63,88.89,20.83,30.08,3.1,0.302,-31.09,15,93.33,11.63,116.25,2.72,0.265,-46.87,81,1083.51,8.99,0.526,0.641,139.25,0
DIA,1d,250,3,dip,56.31,2.25,0.23,-46.87,50,86,20.82,43.33,4.27,0.389,-31.09,11,100,11.54,122.73,2.83,0.273,-46.87,63,1083.51,8.99,0.526,0.641,139.25,0
DIA,1d,250,4,dip,46.41,1.92,0.207,-46.87,41,90.24,20.72,47.5,4.62,0.414,-31.09,11,100,11.68,115.5,2.71,0.265,-46.87,52,1083.51,8.99,0.526,0.641,139.25,0
DIA,1d,250,5,dip,39.33,1.67,0.189,-46.87,36,91.67,20.52,42.08,4.16,0.382,-31.09,10,100,11.5,99.46,2.44,0.246,-46.87,46,1083.51,8.99,0.526,0.641,139.25,0
DIA,1d,250,7,dip,31.15,1.36,0.167,-47.79,28,89.29,20.36,32.72,3.34,0.325,-31.09,10,90,11.36,79.7,2.06,0.219,-47.79,39,1083.51,8.99,0.526,0.641,139.25,0
DIA,1d,250,9,dip,39.59,1.68,0.19,-47.74,24,87.5,20.32,42.35,4.19,0.39,-27.88,7,100,11.13,106.75,2.56,0.256,-47.74,32,1083.51,8.99,0.526,0.641,139.25,0
DIA,1d,250,12,dip,51.41,2.09,0.221,-46.82,24,87.5,20,49.63,4.79,0.442,-25.47,7,100,10.99,129.17,2.93,0.285,-46.82,32,1083.51,8.99,0.526,0.641,139.25,0
DIA,1d,250,15,dip,53.99,2.17,0.227,-46.82,21,85.71,19.85,49.69,4.8,0.443,-25.47,7,100,11.08,141.95,3.13,0.3,-46.82,29,1083.51,8.99,0.526,0.641,139.25,0
DIA,1d,250,20,dip,35.59,1.53,0.18,-49.38,14,85.71,19.37,72.88,6.56,0.608,-19.57,7,100,10.71,156.61,3.34,0.319,-49.38,22,1083.51,8.99,0.526,0.641,139.25,0
DIA,1d,250,25,dip,47.81,1.97,0.213,-46.22,13,84.62,19.29,38.78,3.88,0.406,-19.57,7,100,10.57,126.45,2.89,0.288,-46.22,21,1083.51,8.99,0.526,0.641,139.25,0
DIA,1d,250,30,dip,50.4,2.05,0.22,-45.91,13,84.62,19.27,32.27,3.3,0.355,-19.57,3,100,10.3,122.3,2.82,0.284,-45.91,17,1083.51,8.99,0.526,0.641,139.25,0
DIA,1d,250,40,dip,38.05,1.62,0.188,-47.69,12,83.33,18.8,44.62,4.38,0.486,-15.55,3,100,10.53,127.51,2.91,0.295,-47.69,16,1083.51,8.99,0.526,0.641,139.25,0
DIA,1d,250,50,dip,33.14,1.44,0.175,-46.82,9,77.78,18.52,44.38,4.36,0.498,-15.55,2,100,10.16,108.93,2.6,0.274,-46.82,12,1083.51,8.99,0.526,0.641,139.25,0
DIA,1d,250,60,dip,28.78,1.27,0.162,-46.87,8,75,18.58,41.46,4.11,0.47,-15.55,2,100,10.2,88.69,2.24,0.245,-46.87,11,1083.51,8.99,0.526,0.641,139.25,0
DIA,1d,250,75,dip,23.79,1.07,0.147,-48.57,7,71.43,18.44,50.81,4.89,0.561,-15.55,2,100,10.34,86.97,2.2,0.243,-48.57,9,1083.51,8.99,0.526,0.641,139.25,0
DIA,1d,250,100,dip,27.51,1.22,0.159,-47.06,7,71.43,17.99,35.69,3.61,0.475,-15.55,2,100,10.11,68.87,1.84,0.217,-47.06,9,1083.51,8.99,0.526,0.641,139.25,0
DIA,1d,250,125,dip,16.94,0.78,0.124,-45.62,6,50,17.27,44.41,4.36,0.6,-15.55,2,100,10.11,67.41,1.81,0.216,-45.62,8,1083.51,8.99,0.526,0.641,139.25,0
DIA,1d,250,150,dip,16.8,0.78,0.124,-46.42,5,60,17.51,34.27,3.48,0.519,-15.55,2,100,9.7,42.46,1.24,0.166,-46.42,7,1083.51,8.99,0.526,0.641,139.25,0
DIA,1d,250,200,dip,9.9,0.47,0.099,-46.07,3,66.67,17.15,19.59,2.1,0.374,-9.93,2,100,6.42,33.91,1.02,0.148,-46.07,5,1083.51,8.99,0.526,0.641,139.25,0
DIA,1d,250,300,trend,277.42,6.84,0.672,-24.72,2,100,64.48,0,0,0,0,0,0,0,794.99,7.94,0.633,-36.7,2,1083.51,8.99,0.526,0.641,139.25,0
DIA,1d,300,2,dip,45.14,1.87,0.204,-46.82,48,89.58,19.39,42.66,4.21,0.389,-28.25,14,100,10.53,102.67,2.49,0.251,-46.82,63,1083.51,8.99,0.526,0.641,139.25,0
DIA,1d,300,3,dip,47.4,1.95,0.211,-46.82,37,89.19,19.29,40.65,4.04,0.378,-28.25,11,100,10.39,105.12,2.54,0.255,-46.82,49,1083.51,8.99,0.526,0.641,139.25,0
DIA,1d,300,4,dip,37.85,1.61,0.186,-46.82,32,90.63,19.25,34.75,3.52,0.338,-31.09,9,100,10.43,99.37,2.43,0.247,-46.82,43,1083.51,8.99,0.526,0.641,139.25,0
DIA,1d,300,5,dip,37.77,1.61,0.186,-47.11,27,88.89,19.23,38.39,3.85,0.364,-28.25,10,100,10.3,98.6,2.42,0.247,-47.11,39,1083.51,8.99,0.526,0.641,139.25,0
DIA,1d,300,7,dip,37.96,1.62,0.186,-47.15,25,84,19.19,32.49,3.32,0.331,-25.47,9,100,10.02,89.32,2.25,0.235,-47.15,35,1083.51,8.99,0.526,0.641,139.25,0
DIA,1d,300,9,dip,29.49,1.3,0.163,-47.85,19,84.21,18.99,34.23,3.48,0.345,-25.47,7,100,10.06,78.4,2.04,0.22,-47.85,27,1083.51,8.99,0.526,0.641,139.25,0
DIA,1d,300,12,dip,27.44,1.22,0.157,-49.31,16,81.25,19.01,49.02,4.74,0.446,-25.47,7,100,9.83,103.59,2.51,0.255,-49.31,24,1083.51,8.99,0.526,0.641,139.25,0
DIA,1d,300,15,dip,29.95,1.31,0.164,-47.25,13,76.92,18.86,44.09,4.33,0.427,-23.37,6,100,9.7,100.72,2.46,0.254,-47.25,20,1083.51,8.99,0.526,0.641,139.25,0
DIA,1d,300,20,dip,57.54,2.29,0.238,-45.52,14,85.71,18.8,56.27,5.32,0.531,-19.57,5,100,9.19,164.64,3.45,0.335,-45.52,20,1083.51,8.99,0.526,0.641,139.25,0
DIA,1d,300,25,dip,34.63,1.49,0.179,-45.54,10,80,18.46,41.31,4.1,0.432,-19.57,4,100,9.05,108.52,2.59,0.269,-45.54,15,1083.51,8.99,0.526,0.641,139.25,0
DIA,1d,300,30,dip,23.35,1.05,0.145,-46.64,10,80,18.2,36.82,3.71,0.426,-13.6,3,100,9,81.41,2.1,0.233,-46.64,14,1083.51,8.99,0.526,0.641,139.25,0
DIA,1d,300,40,dip,26.46,1.18,0.155,-45.52,8,75,17.83,45.15,4.42,0.512,-15.55,2,100,9.56,92.86,2.32,0.253,-45.52,11,1083.51,8.99,0.526,0.641,139.25,0
DIA,1d,300,50,dip,25.99,1.16,0.154,-45.52,8,75,17.73,46.84,4.56,0.523,-15.55,2,100,9.83,82.21,2.11,0.236,-45.52,10,1083.51,8.99,0.526,0.641,139.25,0
DIA,1d,300,60,dip,20.65,0.94,0.137,-45.52,7,71.43,17.35,48.36,4.69,0.544,-15.8,2,100,9.65,82.16,2.11,0.237,-45.52,9,1083.51,8.99,0.526,0.641,139.25,0
DIA,1d,300,75,dip,26.65,1.18,0.156,-45.52,7,71.43,17.17,44.14,4.34,0.562,-15.55,2,100,9.37,81.33,2.1,0.239,-45.52,9,1083.51,8.99,0.526,0.641,139.25,0
DIA,1d,300,100,dip,16.85,0.78,0.124,-44.63,7,71.43,16.46,36.12,3.65,0.507,-15.55,2,100,9.28,67.73,1.82,0.217,-44.63,9,1083.51,8.99,0.526,0.641,139.25,0
DIA,1d,300,125,dip,18.51,0.85,0.13,-44.8,6,66.67,16.8,32.34,3.31,0.503,-15.55,2,100,8.73,45.95,1.33,0.174,-44.8,8,1083.51,8.99,0.526,0.641,139.25,0
DIA,1d,300,150,dip,19.14,0.88,0.132,-47.31,4,75,17.23,18.95,2.04,0.356,-14.23,2,100,6.33,41.33,1.21,0.165,-47.31,6,1083.51,8.99,0.526,0.641,139.25,0
DIA,1d,300,200,dip,10.74,0.51,0.102,-43.74,2,50,16.96,29.36,3.04,0.609,-9.11,2,100,3.83,51.8,1.47,0.192,-43.74,4,1083.51,8.99,0.526,0.641,139.25,0
DIA,1d,300,250,dip,14.28,0.67,0.115,-45.58,2,50,17.23,0,0,0,0,0,0,0,14.28,0.47,0.096,-45.58,2,1083.51,8.99,0.526,0.641,139.25,0
DIA,1h,2,3,trend,-11.39,-8.24,-0.674,-15.27,267,33.33,51.85,-0.94,-1.58,-0.122,-5.65,112,26.79,49.19,-12.41,-6.42,-0.542,-19.29,380,20.67,9.87,0.758,0.653,4.95,0
DIA,1h,2,4,trend,-13.36,-9.7,-0.878,-18.44,236,33.9,51.44,-2.74,-4.58,-0.448,-6.93,96,27.08,49.57,-15.32,-7.99,-0.737,-23.18,334,20.67,9.87,0.758,0.653,4.95,0
DIA,1h,2,5,trend,-13.73,-9.97,-0.941,-19.06,211,32.23,51.03,-2.13,-3.58,-0.343,-5.14,85,27.06,49.38,-14.54,-7.57,-0.718,-22.28,297,20.67,9.87,0.758,0.653,4.95,0
DIA,1h,2,7,trend,-14.47,-10.53,-0.983,-20.6,174,30.46,51.76,1.4,2.38,0.301,-5.69,74,24.32,49.76,-13.54,-7.03,-0.655,-23.18,249,20.67,9.87,0.758,0.653,4.95,0
DIA,1h,2,9,trend,-16.88,-12.33,-1.183,-23.53,165,28.48,51.97,-5.07,-8.43,-0.982,-5.75,74,22.97,49.76,-20.97,-11.12,-1.117,-27.29,239,20.67,9.87,0.758,0.653,4.95,0
DIA,1h,2,12,trend,-13.95,-10.14,-0.95,-21.81,150,30,53.53,-3.59,-6,-0.67,-4.93,63,25.4,50.81,-17.43,-9.15,-0.898,-25.93,214,20.67,9.87,0.758,0.653,4.95,0
DIA,1h,2,15,trend,-8.06,-5.8,-0.516,-17.07,127,33.07,53.94,-4.14,-6.9,-0.713,-6.67,58,27.59,51.87,-12.28,-6.35,-0.592,-21.44,186,20.67,9.87,0.758,0.653,4.95,0
DIA,1h,2,20,trend,-7.2,-5.18,-0.459,-16.94,108,28.7,55.54,-1.14,-1.93,-0.149,-6.76,48,22.92,51.48,-9.56,-4.91,-0.438,-21.29,157,20.67,9.87,0.758,0.653,4.95,0
DIA,1h,2,25,trend,-4.37,-3.13,-0.249,-15.71,102,27.45,56.4,0.25,0.43,0.093,-6.45,40,20,51.29,-5.48,-2.78,-0.22,-19.86,143,20.67,9.87,0.758,0.653,4.95,0
DIA,1h,2,30,trend,-2.2,-1.57,-0.103,-14.03,90,30,56.85,-0.08,-0.13,0.035,-5.6,36,19.44,50.62,-3.47,-1.75,-0.125,-18.84,128,20.67,9.87,0.758,0.653,4.95,0
DIA,1h,2,40,trend,-5.89,-4.23,-0.384,-14.14,73,28.77,55.66,1.69,2.87,0.345,-5.04,34,23.53,52.54,-4.09,-2.07,-0.164,-15.41,107,20.67,9.87,0.758,0.653,4.95,0
DIA,1h,2,50,trend,-5.29,-3.79,-0.368,-13.85,59,32.2,55.78,5.63,9.7,1.002,-4.37,25,32,53.88,-0.76,-0.38,0.007,-13.85,85,20.67,9.87,0.758,0.653,4.95,1
DIA,1h,2,60,trend,-7.71,-5.55,-0.565,-15.48,64,26.56,56.81,8.09,14.06,1.401,-4,19,36.84,55.02,-0.25,-0.12,0.034,-15.48,83,20.67,9.87,0.758,0.653,4.95,1
DIA,1h,2,75,trend,-4.13,-2.96,-0.27,-12.22,48,29.17,58.82,7.47,12.96,1.288,-4.02,19,36.84,57.32,3.03,1.51,0.204,-12.22,67,20.67,9.87,0.758,0.653,4.95,1
DIA,1h,2,100,trend,-1.59,-1.13,-0.084,-9.42,45,26.67,62.06,3.17,5.42,0.58,-5.94,18,27.78,60.57,1.33,0.66,0.118,-10.44,64,20.67,9.87,0.758,0.653,4.95,0
DIA,1h,2,125,trend,1.6,1.14,0.172,-8.55,42,23.81,64.56,5.15,8.85,0.95,-4.53,11,27.27,61.34,5.4,2.67,0.337,-10.9,53,20.67,9.87,0.758,0.653,4.95,1
DIA,1h,2,150,trend,7.74,5.45,0.636,-8.39,34,29.41,66.08,6.18,10.67,1.112,-4.35,8,37.5,62.58,14.4,6.97,0.783,-8.66,42,20.67,9.87,0.758,0.653,4.95,1
DIA,1h,2,200,trend,7.66,5.39,0.632,-5.38,22,36.36,61.36,1.29,2.19,0.343,-4.19,7,28.57,35.89,14.3,6.92,0.777,-5.38,30,20.67,9.87,0.758,0.653,4.95,0
DIA,1h,2,250,trend,14.7,10.25,1.12,-4,11,45.45,62.76,-0.64,-1.09,-0.19,-4.9,5,20,19.33,22.83,10.85,1.154,-4.9,17,20.67,9.87,0.758,0.653,4.95,0
DIA,1h,2,300,trend,14.57,10.16,1.106,-3.95,10,60,63.54,1.09,1.86,0.421,-4.13,2,50,17.89,25.71,12.14,1.268,-4.15,13,20.67,9.87,0.758,0.653,4.95,0
DIA,1h,3,2,dip,-4.93,-3.53,-0.297,-15.99,268,58.21,47.99,-8.3,-13.63,-1.389,-8.92,111,55.86,50.33,-12.64,-6.54,-0.606,-15.99,380,20.67,9.87,0.758,0.653,4.95,0
DIA,1h,3,4,trend,-13.33,-9.68,-0.91,-19.04,194,31.44,50.74,-2.32,-3.89,-0.381,-5.12,83,27.71,48.8,-14.93,-7.78,-0.741,-22.4,279,20.67,9.87,0.758,0.653,4.95,0
DIA,1h,3,5,trend,-13.62,-9.89,-0.923,-20.06,170,31.76,50.98,0.49,0.82,0.135,-4.94,73,26.03,48.9,-14.95,-7.79,-0.733,-24.83,244,20.67,9.87,0.758,0.653,4.95,0
DIA,1h,3,7,trend,-15.48,-11.28,-1.072,-22.03,151,31.79,51.52,-4.18,-6.96,-0.786,-6.29,66,27.27,50.43,-19.26,-10.16,-1.009,-25.51,218,20.67,9.87,0.758,0.653,4.95,0
DIA,1h,3,9,trend,-11.88,-8.61,-0.8,-19.28,137,32.12,51.97,-4.75,-7.9,-0.902,-5.45,61,26.23,50.14,-16.07,-8.4,-0.822,-23.18,199,20.67,9.87,0.758,0.653,4.95,0
DIA,1h,3,12,trend,-7.93,-5.71,-0.505,-16.5,119,32.77,52.99,-3.56,-5.94,-0.61,-5.84,50,30,51.77,-11.63,-6,-0.556,-20.18,170,20.67,9.87,0.758,0.653,4.95,0
DIA,1h,3,15,trend,-6.05,-4.35,-0.363,-15.46,112,31.25,54.55,-5.95,-9.85,-1.037,-7.75,49,24.49,52.06,-11.64,-6.01,-0.548,-20.49,161,20.67,9.87,0.758,0.653,4.95,0
DIA,1h,3,20,trend,0.48,0.34,0.085,-12.69,88,28.41,55.7,-3.16,-5.29,-0.495,-7.89,43,23.26,51.29,-4.07,-2.06,-0.149,-15.88,132,20.67,9.87,0.758,0.653,4.95,0
DIA,1h,3,25,trend,3.77,2.67,0.306,-12.71,77,31.17,56.64,-0.98,-1.65,-0.118,-6.56,34,23.53,51.2,1.31,0.65,0.115,-13.79,112,20.67,9.87,0.758,0.653,4.95,0
DIA,1h,3,30,trend,-3.55,-2.54,-0.209,-14.16,76,28.95,56.64,-0.93,-1.58,-0.118,-5.85,31,19.35,50.43,-5.42,-2.75,-0.234,-18.83,108,20.67,9.87,0.758,0.653,4.95,0
DIA,1h,3,40,trend,-2.13,-1.52,-0.104,-14.63,59,32.2,55.78,3.53,6.05,0.664,-5.24,29,24.14,52.44,1,0.5,0.1,-14.63,88,20.67,9.87,0.758,0.653,4.95,1
DIA,1h,3,50,trend,-9.41,-6.8,-0.694,-16.55,53,32.08,55.82,5.7,9.82,1.022,-4.77,23,30.43,54.35,-4.94,-2.51,-0.218,-16.55,77,20.67,9.87,0.758,0.653,4.95,1
DIA,1h,3,60,trend,-7.75,-5.58,-0.567,-15.23,53,24.53,57.34,5.26,9.05,0.942,-5.19,15,33.33,55.31,-2.9,-1.47,-0.109,-15.23,68,20.67,9.87,0.758,0.653,4.95,1
DIA,1h,3,75,trend,-1.94,-1.38,-0.105,-10.93,42,30.95,58.74,5.86,10.11,1.042,-4.68,14,42.86,57.13,3.81,1.89,0.247,-10.93,56,20.67,9.87,0.758,0.653,4.95,1
DIA,1h,3,100,trend,-0.63,-0.45,-0.007,-8.77,40,30,62.39,4.67,8.02,0.824,-5.94,14,28.57,60.86,4.27,2.12,0.274,-10.49,55,20.67,9.87,0.758,0.653,4.95,1
DIA,1h,3,125,trend,4.76,3.37,0.419,-8.42,32,31.25,64.81,4.34,7.46,0.815,-5.22,9,33.33,60.96,7.99,3.92,0.471,-10.61,42,20.67,9.87,0.758,0.653,4.95,1
DIA,1h,3,150,trend,8.34,5.87,0.679,-7.79,29,31.03,66.08,4.14,7.1,0.772,-5.29,7,42.86,62.49,12.83,6.23,0.708,-8.06,36,20.67,9.87,0.758,0.653,4.95,1
DIA,1h,3,200,trend,9.48,6.66,0.766,-4.11,15,46.67,61.2,1.54,2.61,0.401,-4.27,6,33.33,35.69,16.52,7.96,0.883,-4.38,22,20.67,9.87,0.758,0.653,4.95,0
DIA,1h,3,250,trend,14.32,9.99,1.095,-4.28,11,45.45,62.76,0.13,0.22,0.067,-4.43,5,20,19.43,23.43,11.12,1.18,-4.43,17,20.67,9.87,0.758,0.653,4.95,0
DIA,1h,3,300,trend,14.87,10.37,1.129,-3.95,9,66.67,63.41,-0.52,-0.88,-0.385,-1.85,1,0,2.3,26.43,12.46,1.3,-4.13,11,20.67,9.87,0.758,0.653,4.95,0
DIA,1h,4,2,dip,0.83,0.59,0.108,-16.8,236,59.75,48.32,-4.62,-7.69,-0.728,-7.68,96,58.33,49.76,-4.59,-2.33,-0.16,-16.8,333,20.67,9.87,0.758,0.653,4.95,0
DIA,1h,4,3,dip,6.4,4.52,0.444,-16.97,194,63.4,48.97,-1.19,-2,-0.149,-6.55,83,62.65,50.33,1.83,0.91,0.137,-16.97,278,20.67,9.87,0.758,0.653,4.95,0
DIA,1h,4,5,trend,-17.49,-12.79,-1.231,-23.64,156,30.77,51.07,-1.07,-1.81,-0.167,-5.46,64,29.69,50.24,-20.56,-10.89,-1.072,-27.81,221,20.67,9.87,0.758,0.653,4.95,0
DIA,1h,4,7,trend,-10.04,-7.25,-0.658,-17.23,131,34.35,51.27,-2.36,-3.96,-0.415,-5.24,56,30.36,51,-12.57,-6.51,-0.616,-20.78,188,20.67,9.87,0.758,0.653,4.95,0
DIA,1h,4,9,trend,-6.82,-4.9,-0.424,-15.04,116,32.76,52.34,-1.93,-3.25,-0.315,-4.3,51,29.41,51.2,-9.05,-4.64,-0.417,-19.06,168,20.67,9.87,0.758,0.653,4.95,0
DIA,1h,4,12,trend,-6.53,-4.69,-0.393,-17.29,109,33.03,53.73,-5.77,-9.56,-1.026,-6.9,45,24.44,51.29,-11.97,-6.19,-0.564,-20.45,154,20.67,9.87,0.758,0.653,4.95,0
DIA,1h,4,15,trend,-3.38,-2.42,-0.179,-13.88,97,34.02,54.96,-6.54,-10.8,-1.153,-7.4,42,21.43,51.67,-9.74,-5.01,-0.449,-19.18,139,20.67,9.87,0.758,0.653,4.95,0
DIA,1h,4,20,trend,2.49,1.76,0.22,-11.56,78,30.77,55.91,-0.65,-1.1,-0.061,-7.07,36,25,51.2,0.38,0.19,0.07,-13.21,115,20.67,9.87,0.758,0.653,4.95,0
DIA,1h,4,25,trend,0.98,0.69,0.119,-13.74,68,29.41,56.36,-2.5,-4.19,-0.384,-6.65,31,22.58,50.91,-2.93,-1.48,-0.097,-17.12,100,20.67,9.87,0.758,0.653,4.95,0
DIA,1h,4,30,trend,4.75,3.35,0.378,-12.11,65,32.31,56.69,0.89,1.5,0.205,-5.24,26,23.08,50.05,4.94,2.44,0.293,-12.11,91,20.67,9.87,0.758,0.653,4.95,0
DIA,1h,4,40,trend,-5.85,-4.2,-0.378,-16.32,50,30,55.78,1.99,3.38,0.394,-6.55,24,25,52.15,-4.97,-2.52,-0.208,-16.32,75,20.67,9.87,0.758,0.653,4.95,0
DIA,1h,4,50,trend,-10.58,-7.65,-0.794,-17.43,50,28,55.74,5.44,9.37,0.985,-5.03,18,27.78,53.88,-6.13,-3.12,-0.286,-17.43,69,20.67,9.87,0.758,0.653,4.95,1
DIA,1h,4,60,trend,-7.17,-5.16,-0.535,-15.45,47,25.53,57.55,4.79,8.23,0.87,-4.45,13,38.46,54.74,-2.72,-1.37,-0.103,-15.45,60,20.67,9.87,0.758,0.653,4.95,1
DIA,1h,4,75,trend,-2.45,-1.75,-0.148,-10.76,41,29.27,58.82,5.56,9.58,0.993,-4.62,12,50,57.22,2.97,1.48,0.204,-10.76,53,20.67,9.87,0.758,0.653,4.95,1
DIA,1h,4,100,trend,2.77,1.96,0.264,-7.83,33,33.33,62.76,5.31,9.14,0.924,-5.97,13,30.77,60.96,8.4,4.12,0.485,-8.59,45,20.67,9.87,0.758,0.653,4.95,1
DIA,1h,4,125,trend,6.76,4.77,0.571,-7.85,27,40.74,64.73,3.97,6.81,0.752,-5.25,9,33.33,60.77,9.62,4.71,0.554,-10.09,36,20.67,9.87,0.758,0.653,4.95,1
DIA,1h,4,150,trend,10.94,7.67,0.869,-6.16,24,41.67,65.87,5.02,8.63,0.924,-4.7,7,42.86,62.2,16.51,7.95,0.886,-6.43,31,20.67,9.87,0.758,0.653,4.95,1
DIA,1h,4,200,trend,8.64,6.07,0.705,-4.35,14,50,61.07,1.26,2.14,0.335,-4.79,6,33.33,35.98,15.66,7.56,0.841,-4.79,21,20.67,9.87,0.758,0.653,4.95,0
DIA,1h,4,250,trend,15.15,10.56,1.149,-4.49,7,71.43,62.84,0.62,1.05,0.226,-3.95,3,33.33,19.43,25.68,12.13,1.273,-4.49,11,20.67,9.87,0.758,0.653,4.95,0
DIA,1h,4,300,trend,13.49,9.42,1.026,-4.43,9,66.67,63.66,-0.55,-0.93,-0.408,-1.85,1,0,2.49,24.52,11.61,1.212,-4.43,11,20.67,9.87,0.758,0.653,4.95,0
DIA,1h,5,2,dip,4.34,3.07,0.321,-17.04,211,63.03,48.73,-3.95,-6.59,-0.606,-6.51,85,61.18,49.95,-1.18,-0.59,0.003,-17.04,296,20.67,9.87,0.758,0.653,4.95,0
DIA,1h,5,3,dip,9.87,6.93,0.646,-16.1,170,62.94,48.73,-2.78,-4.66,-0.415,-5.4,73,58.9,50.24,6.23,3.07,0.329,-16.1,243,20.67,9.87,0.758,0.653,4.95,0
DIA,1h,5,4,dip,16.98,11.81,1.034,-15.26,156,66.03,48.65,-0.18,-0.3,0.025,-5.73,64,60.94,48.9,16.9,8.13,0.753,-15.26,220,20.67,9.87,0.758,0.653,4.95,0
DIA,1h,5,7,trend,-8.13,-5.86,-0.517,-15.31,118,35.59,51.85,-2.56,-4.29,-0.437,-4.29,54,29.63,50.72,-10.9,-5.62,-0.518,-19.33,173,20.67,9.87,0.758,0.653,4.95,0
DIA,1h,5,9,trend,-1.73,-1.23,-0.063,-16.03,103,35.92,52.99,-3.45,-5.76,-0.589,-5.29,44,27.27,51.1,-5.56,-2.82,-0.226,-16.03,148,20.67,9.87,0.758,0.653,4.95,0
DIA,1h,5,12,trend,-6.88,-4.95,-0.423,-17.13,101,32.67,54.02,-6.27,-10.38,-1.122,-7.03,38,23.68,51.2,-12.77,-6.62,-0.613,-22.54,139,20.67,9.87,0.758,0.653,4.95,0
DIA,1h,5,15,trend,0.18,0.13,0.065,-13.57,80,32.5,55.54,-4.67,-7.77,-0.806,-6.1,34,23.53,50.53,-4.5,-2.28,-0.174,-15.07,114,20.67,9.87,0.758,0.653,4.95,0
DIA,1h,5,20,trend,4.23,2.99,0.335,-13.26,71,32.39,55.91,-1.37,-2.3,-0.188,-6.73,32,18.75,51.2,1.37,0.68,0.118,-13.26,104,20.67,9.87,0.758,0.653,4.95,0
DIA,1h,5,25,trend,1.78,1.27,0.176,-13.1,62,32.26,56.23,-2.67,-4.48,-0.423,-7.05,29,20.69,51.1,-2.37,-1.19,-0.071,-14.46,92,20.67,9.87,0.758,0.653,4.95,0
DIA,1h,5,30,trend,6.42,4.52,0.492,-11.35,55,36.36,57.05,-3.08,-5.16,-0.513,-7.49,26,15.38,50.14,2.97,1.48,0.198,-11.35,81,20.67,9.87,0.758,0.653,4.95,0
DIA,1h,5,40,trend,-4.2,-3.01,-0.256,-16.06,47,31.91,55.91,3.13,5.36,0.602,-5.34,21,23.81,51.87,-1.28,-0.64,-0.017,-16.06,68,20.67,9.87,0.758,0.653,4.95,0
DIA,1h,5,50,trend,-8.03,-5.78,-0.594,-16.47,46,28.26,56.11,5.85,10.08,1.062,-5.05,13,38.46,53.4,-2.65,-1.34,-0.097,-16.47,59,20.67,9.87,0.758,0.653,4.95,1
DIA,1h,5,60,trend,-5.56,-3.99,-0.402,-13.61,42,28.57,57.42,5.62,9.69,1.006,-4.91,13,38.46,55.12,-0.25,-0.13,0.033,-13.61,55,20.67,9.87,0.758,0.653,4.95,1
DIA,1h,5,75,trend,-1.13,-0.8,-0.044,-10.8,37,29.73,59.11,5.72,9.86,1.02,-4.71,10,50,57.32,4.53,2.24,0.286,-10.8,47,20.67,9.87,0.758,0.653,4.95,1
DIA,1h,5,100,trend,3.54,2.51,0.325,-7.59,28,35.71,63,5.2,8.95,0.907,-5.72,10,40,61.05,9.21,4.51,0.526,-7.79,37,20.67,9.87,0.758,0.653,4.95,1
DIA,1h,5,125,trend,6.41,4.52,0.543,-8.71,26,34.62,64.89,4.25,7.29,0.803,-5.09,8,37.5,60.86,8.57,4.2,0.5,-11.19,36,20.67,9.87,0.758,0.653,4.95,1
DIA,1h,5,150,trend,9.79,6.87,0.778,-6.53,20,45,66.12,3.97,6.8,0.745,-5.29,7,42.86,62.2,14.14,6.85,0.768,-6.8,27,20.67,9.87,0.758,0.653,4.95,1
DIA,1h,5,200,trend,7.82,5.51,0.645,-4.69,15,40,60.99,0.89,1.51,0.247,-4.77,6,33.33,36.27,14.8,7.16,0.801,-4.77,22,20.67,9.87,0.758,0.653,4.95,0
DIA,1h,5,250,trend,15.13,10.55,1.147,-4.1,7,71.43,62.92,0.42,0.71,0.161,-4.06,3,33.33,19.62,25.04,11.84,1.245,-4.1,11,20.67,9.87,0.758,0.653,4.95,0
DIA,1h,5,300,trend,13.6,9.5,1.038,-4.43,8,62.5,63.58,-1.1,-1.86,-0.799,-2.2,1,0,2.58,23.95,11.35,1.19,-4.47,10,20.67,9.87,0.758,0.653,4.95,0
DIA,1h,7,2,dip,10.6,7.43,0.687,-15.11,175,64,47.91,-3.78,-6.3,-0.586,-6.03,74,59.46,49.38,4.01,1.99,0.232,-15.11,249,20.67,9.87,0.758,0.653,4.95,0
DIA,1h,7,3,dip,15.05,10.49,0.932,-14.97,152,65.79,48.15,2.81,4.8,0.49,-5.27,66,63.64,48.71,15.6,7.53,0.696,-14.97,218,20.67,9.87,0.758,0.653,4.95,0
DIA,1h,7,4,dip,10.71,7.51,0.685,-15.77,132,64.39,48.4,2.05,3.5,0.381,-5,57,61.4,48.13,10.6,5.18,0.501,-15.77,189,20.67,9.87,0.758,0.653,4.95,0
DIA,1h,7,5,dip,10.12,7.1,0.657,-14.6,119,66.39,47.83,2.51,4.28,0.457,-5.46,55,63.64,48.42,10.5,5.13,0.5,-14.6,174,20.67,9.87,0.758,0.653,4.95,0
DIA,1h,7,9,trend,-8.07,-5.81,-0.51,-17.55,98,32.65,53.53,-4.3,-7.16,-0.749,-5.09,36,27.78,50.72,-12.08,-6.24,-0.577,-21.32,134,20.67,9.87,0.758,0.653,4.95,0
DIA,1h,7,12,trend,2.52,1.79,0.223,-13.38,75,33.33,54.8,-5.52,-9.15,-0.958,-6.68,35,25.71,50.72,-3.14,-1.59,-0.107,-13.91,110,20.67,9.87,0.758,0.653,4.95,0
DIA,1h,7,15,trend,7.59,5.34,0.553,-13.45,70,31.43,55.37,-5.92,-9.81,-1.053,-6.03,31,22.58,50.62,1.22,0.61,0.111,-13.45,101,20.67,9.87,0.758,0.653,4.95,0
DIA,1h,7,20,trend,4.84,3.42,0.386,-13.59,59,33.9,56.07,-1.27,-2.14,-0.179,-5.25,24,20.83,50.53,2.2,1.09,0.159,-13.59,84,20.67,9.87,0.758,0.653,4.95,0
DIA,1h,7,25,trend,3.76,2.66,0.31,-12.82,52,36.54,57.14,-2.42,-4.05,-0.388,-6.21,23,21.74,50.33,1.26,0.63,0.113,-12.82,75,20.67,9.87,0.758,0.653,4.95,0
DIA,1h,7,30,trend,1.36,0.96,0.145,-14.29,45,37.78,58.2,1.72,2.93,0.358,-5.27,21,23.81,48.61,2.72,1.35,0.184,-14.29,67,20.67,9.87,0.758,0.653,4.95,0
DIA,1h,7,40,trend,-6.57,-4.72,-0.472,-14.35,42,30.95,56.15,5.16,8.89,0.944,-4.36,15,33.33,52.06,-1.74,-0.88,-0.047,-14.35,57,20.67,9.87,0.758,0.653,4.95,1
DIA,1h,7,50,trend,-1.1,-0.78,-0.041,-11.37,41,31.71,56.36,4.44,7.63,0.834,-4.6,12,33.33,53.59,3.3,1.64,0.223,-11.37,53,20.67,9.87,0.758,0.653,4.95,1
DIA,1h,7,60,trend,-3.2,-2.28,-0.209,-12.21,35,25.71,57.67,4.3,7.39,0.786,-4.56,13,38.46,55.69,0.93,0.47,0.096,-12.21,48,20.67,9.87,0.758,0.653,4.95,1
DIA,1h,7,75,trend,-0.51,-0.36,0.005,-12.53,29,37.93,59.68,5.82,10.03,1.035,-4.57,9,55.56,57.7,5.28,2.61,0.325,-12.53,38,20.67,9.87,0.758,0.653,4.95,1
DIA,1h,7,100,trend,6.43,4.53,0.556,-5.43,23,39.13,63.33,5.75,9.91,0.993,-5.9,9,44.44,60.86,12.93,6.28,0.717,-6.47,31,20.67,9.87,0.758,0.653,4.95,1
DIA,1h,7,125,trend,10.37,7.28,0.837,-5.86,18,44.44,64.93,5.09,8.75,0.947,-4.97,7,42.86,60.96,15.59,7.52,0.851,-6.45,26,20.67,9.87,0.758,0.653,4.95,1
DIA,1h,7,150,trend,11.59,8.12,0.897,-6.35,17,52.94,66.28,3.24,5.53,0.618,-5.59,7,42.86,62.2,15.2,7.34,0.813,-6.62,24,20.67,9.87,0.758,0.653,4.95,0
DIA,1h,7,200,trend,8.22,5.79,0.67,-4.62,13,46.15,61.16,-2.7,-4.52,-0.889,-5.49,5,20,19.14,14.4,6.97,0.779,-5.49,19,20.67,9.87,0.758,0.653,4.95,0
DIA,1h,7,250,trend,15.29,10.65,1.15,-4.51,6,83.33,63.04,0.22,0.38,0.097,-4.06,3,33.33,20,24.67,11.67,1.222,-4.81,10,20.67,9.87,0.758,0.653,4.95,0
DIA,1h,7,300,trend,13.72,9.58,1.041,-4.69,6,66.67,63.86,0,0,0,0,0,0,0,24.9,11.78,1.225,-4.69,7,20.67,9.87,0.758,0.653,4.95,0
DIA,1h,9,2,dip,14.87,10.37,0.92,-14.58,165,66.06,47.42,0.83,1.4,0.183,-5.42,74,64.86,48.9,14.93,7.22,0.668,-14.58,239,20.67,9.87,0.758,0.653,4.95,0
DIA,1h,9,3,dip,11.85,8.3,0.75,-15.33,137,64.96,47.33,1.58,2.69,0.305,-4.85,61,62.3,48.33,13.33,6.47,0.607,-15.33,199,20.67,9.87,0.758,0.653,4.95,0
DIA,1h,9,4,dip,8.47,5.96,0.564,-15.08,116,64.66,46.96,-0.14,-0.24,0.027,-5.29,51,62.75,47.27,8.55,4.19,0.422,-15.08,168,20.67,9.87,0.758,0.653,4.95,0
DIA,1h,9,5,dip,4.47,3.16,0.331,-14.33,103,66.02,46.31,2.28,3.88,0.433,-5.65,44,61.36,47.37,7.08,3.48,0.364,-14.33,148,20.67,9.87,0.758,0.653,4.95,0
DIA,1h,9,7,dip,12.09,8.46,0.766,-12.76,98,73.47,45.73,4.26,7.3,0.763,-4.21,36,63.89,47.56,16.7,8.04,0.746,-12.76,134,20.67,9.87,0.758,0.653,4.95,1
DIA,1h,9,12,trend,7.59,5.35,0.554,-13.45,71,32.39,55.09,-6.1,-10.1,-1.087,-6.24,31,22.58,50.43,0.99,0.5,0.1,-13.45,102,20.67,9.87,0.758,0.653,4.95,0
DIA,1h,9,15,trend,3.26,2.31,0.278,-13.07,59,37.29,55.82,-2.9,-4.86,-0.46,-5.77,26,19.23,50.91,0.27,0.13,0.063,-13.07,85,20.67,9.87,0.758,0.653,4.95,0
DIA,1h,9,20,trend,3.18,2.25,0.272,-13.01,50,40,56.6,-3.12,-5.21,-0.52,-6.55,23,17.39,49.95,-0.59,-0.29,0.019,-13.01,73,20.67,9.87,0.758,0.653,4.95,0
DIA,1h,9,25,trend,2.28,1.62,0.208,-14.36,44,40.91,57.83,-2.27,-3.81,-0.354,-6.9,22,22.73,49.28,-0.04,-0.02,0.048,-14.36,66,20.67,9.87,0.758,0.653,4.95,0
DIA,1h,9,30,trend,-2.67,-1.9,-0.152,-11.8,42,40.48,58.53,3.17,5.42,0.613,-4.35,17,29.41,47.94,0.42,0.21,0.07,-11.8,59,20.67,9.87,0.758,0.653,4.95,0
DIA,1h,9,40,trend,-3.36,-2.4,-0.215,-13.12,39,28.21,55.99,3.75,6.43,0.713,-4.81,13,30.77,52.34,0.2,0.1,0.058,-13.12,52,20.67,9.87,0.758,0.653,4.95,1
DIA,1h,9,50,trend,1.5,1.07,0.162,-10.06,33,33.33,56.6,3.04,5.2,0.589,-4.42,13,30.77,53.88,4.59,2.27,0.291,-10.06,46,20.67,9.87,0.758,0.653,4.95,0
DIA,1h,9,60,trend,-2.98,-2.13,-0.189,-12.8,31,29.03,57.92,4.93,8.47,0.892,-4.26,11,45.45,56.27,1.8,0.9,0.143,-12.8,42,20.67,9.87,0.758,0.653,4.95,1
DIA,1h,9,75,trend,0.52,0.37,0.086,-9.07,29,34.48,59.84,6.34,10.96,1.119,-4.45,9,55.56,58.28,6.9,3.4,0.42,-9.07,38,20.67,9.87,0.758,0.653,4.95,1
DIA,1h,9,100,trend,6.86,4.84,0.589,-5.62,19,42.11,63.54,5.28,9.09,0.925,-5.48,9,33.33,60.67,13.9,6.73,0.764,-5.83,26,20.67,9.87,0.758,0.653,4.95,1
DIA,1h,9,125,trend,11.64,8.15,0.933,-4.64,16,50,64.97,4.69,8.05,0.88,-4.96,6,50,60.29,16.51,7.95,0.899,-5.21,23,20.67,9.87,0.758,0.653,4.95,1
DIA,1h,9,150,trend,9.36,6.57,0.74,-4.8,16,50,66.45,3.87,6.64,0.729,-5.5,7,42.86,62.39,13.31,6.46,0.723,-5.5,23,20.67,9.87,0.758,0.653,4.95,1
DIA,1h,9,200,trend,10.14,7.11,0.811,-4.59,12,50,61.24,-1.28,-2.15,-0.409,-5.36,4,25,18.18,17.21,8.28,0.909,-5.36,17,20.67,9.87,0.758,0.653,4.95,0
DIA,1h,9,250,trend,14.44,10.08,1.09,-4.69,6,66.67,63,0.27,0.45,0.111,-4.64,2,50,20.29,24.01,11.38,1.192,-4.69,9,20.67,9.87,0.758,0.653,4.95,0
DIA,1h,9,300,trend,16.57,11.53,1.233,-4.7,4,75,63.66,0,0,0,0,0,0,0,28.11,13.21,1.36,-4.7,5,20.67,9.87,0.758,0.653,4.95,0
DIA,1h,12,2,dip,12.76,8.93,0.804,-15.29,150,66.67,45.78,0.12,0.21,0.072,-5.44,63,65.08,47.66,13.14,6.38,0.602,-15.29,214,20.67,9.87,0.758,0.653,4.95,0
DIA,1h,12,3,dip,9.39,6.6,0.613,-14.25,119,68.07,46.31,1.66,2.83,0.328,-5.18,50,66,46.7,11.45,5.58,0.538,-14.25,170,20.67,9.87,0.758,0.653,4.95,0
DIA,1h,12,4,dip,8.8,6.19,0.588,-13.22,109,68.81,45.53,4.73,8.13,0.831,-4.58,45,66.67,47.08,13.79,6.68,0.638,-13.22,154,20.67,9.87,0.758,0.653,4.95,1
DIA,1h,12,5,dip,10.27,7.2,0.667,-13.48,101,72.28,45.24,6.19,10.68,1.076,-3.98,38,68.42,47.18,16.92,8.15,0.757,-13.48,139,20.67,9.87,0.758,0.653,4.95,1
DIA,1h,12,7,dip,3.42,2.42,0.264,-14.42,75,68,44.42,5.73,9.87,1.024,-4.09,35,62.86,47.46,9.13,4.47,0.445,-14.42,110,20.67,9.87,0.758,0.653,4.95,1
DIA,1h,12,9,dip,-0.98,-0.7,-0.002,-16.3,71,64.79,44.13,6.93,12,1.2,-3.41,31,58.06,47.66,5.66,2.8,0.3,-16.3,102,20.67,9.87,0.758,0.653,4.95,1
DIA,1h,12,15,trend,4.04,2.86,0.332,-13.38,52,38.46,56.48,-3.94,-6.57,-0.658,-6.6,25,16,50.62,-0.11,-0.05,0.044,-13.38,77,20.67,9.87,0.758,0.653,4.95,0
DIA,1h,12,20,trend,1.5,1.07,0.155,-13.07,46,36.96,57.22,-2.26,-3.79,-0.352,-6.68,22,22.73,49.67,-0.79,-0.4,0.01,-13.07,68,20.67,9.87,0.758,0.653,4.95,0
DIA,1h,12,25,trend,0.26,0.19,0.068,-11.75,40,42.5,58.04,3.6,6.16,0.698,-4.02,16,25,47.85,3.87,1.92,0.248,-11.75,56,20.67,9.87,0.758,0.653,4.95,1
DIA,1h,12,30,trend,-5,-3.58,-0.337,-13.71,38,34.21,58.24,5,8.6,0.937,-3.76,14,35.71,49.38,-0.25,-0.12,0.034,-13.71,52,20.67,9.87,0.758,0.653,4.95,1
DIA,1h,12,40,trend,-1.43,-1.02,-0.066,-10.71,33,33.33,55.78,4.25,7.29,0.803,-3.96,12,33.33,52.63,3.39,1.69,0.228,-10.71,45,20.67,9.87,0.758,0.653,4.95,1
DIA,1h,12,50,trend,-1.49,-1.06,-0.071,-10.38,31,32.26,56.85,2.94,5.02,0.563,-4.28,13,30.77,55.12,1.41,0.7,0.122,-10.38,44,20.67,9.87,0.758,0.653,4.95,0
DIA,1h,12,60,trend,0.3,0.21,0.067,-11.05,29,27.59,58.29,4.85,8.33,0.877,-4.55,9,55.56,56.94,5.16,2.55,0.328,-11.05,38,20.67,9.87,0.758,0.653,4.95,1
DIA,1h,12,75,trend,0.26,0.19,0.065,-8.96,26,38.46,60.25,6.19,10.7,1.082,-4.7,7,57.14,58.56,6.47,3.19,0.395,-8.96,33,20.67,9.87,0.758,0.653,4.95,1
DIA,1h,12,100,trend,7.31,5.15,0.622,-5.25,17,47.06,64.03,6.38,11.02,1.109,-5.58,7,42.86,60.57,14.74,7.13,0.807,-5.58,24,20.67,9.87,0.758,0.653,4.95,1
DIA,1h,12,125,trend,11.01,7.72,0.876,-4.71,14,50,65.5,3.21,5.49,0.621,-5.23,6,50,60.67,14.58,7.05,0.798,-5.23,20,20.67,9.87,0.758,0.653,4.95,0
DIA,1h,12,150,trend,12.16,8.51,0.937,-4.88,12,58.33,66.53,2.85,4.87,0.548,-6.83,7,42.86,62.97,15.36,7.42,0.819,-6.83,19,20.67,9.87,0.758,0.653,4.95,0
DIA,1h,12,200,trend,10.52,7.38,0.832,-4.49,10,40,61.44,-0.99,-1.66,-0.308,-5.11,3,33.33,18.47,18.42,8.83,0.959,-5.11,14,20.67,9.87,0.758,0.653,4.95,0
DIA,1h,12,250,trend,13.94,9.74,1.056,-4.69,5,80,62.96,-1.33,-2.24,-0.969,-2.2,2,0,2.2,24.3,11.51,1.202,-4.96,7,20.67,9.87,0.758,0.653,4.95,0
DIA,1h,12,300,trend,14.99,10.45,1.126,-4.89,4,75,63.7,0,0,0,0,0,0,0,26.1,12.32,1.276,-4.89,5,20.67,9.87,0.758,0.653,4.95,0
DIA,1h,15,2,dip,8.49,5.97,0.561,-15.36,127,68.5,45.37,1.3,2.21,0.272,-4.27,58,63.79,46.6,10.14,4.96,0.487,-15.36,186,20.67,9.87,0.758,0.653,4.95,0
DIA,1h,15,3,dip,7.86,5.53,0.529,-14.64,112,71.43,44.71,4.37,7.51,0.793,-4.4,49,63.27,46.41,12.42,6.04,0.583,-14.64,161,20.67,9.87,0.758,0.653,4.95,1
DIA,1h,15,4,dip,6.78,4.78,0.462,-14.17,97,70.1,44.3,5.97,10.31,1.063,-3.98,42,69.05,46.7,13,6.31,0.602,-14.17,139,20.67,9.87,0.758,0.653,4.95,1
DIA,1h,15,5,dip,5.11,3.61,0.366,-14.71,80,72.5,43.72,4.9,8.43,0.884,-4.19,34,67.65,47.85,10.04,4.91,0.485,-14.71,114,20.67,9.87,0.758,0.653,4.95,1
DIA,1h,15,7,dip,-0.86,-0.61,0.006,-16.51,70,64.29,43.85,6.69,11.57,1.162,-3.41,31,58.06,47.56,5.56,2.75,0.295,-16.51,101,20.67,9.87,0.758,0.653,4.95,1
DIA,1h,15,9,dip,4.4,3.11,0.318,-16.04,59,71.19,43.36,3.99,6.84,0.761,-3.73,26,61.54,47.27,8.35,4.1,0.411,-16.04,85,20.67,9.87,0.758,0.653,4.95,1
DIA,1h,15,12,dip,4.5,3.18,0.322,-15.46,52,69.23,42.7,5.25,9.03,0.962,-3.59,25,64,47.66,9.8,4.8,0.468,-15.46,77,20.67,9.87,0.758,0.653,4.95,1
DIA,1h,15,20,trend,-2.12,-1.51,-0.109,-12.79,38,42.11,57.55,2.91,4.98,0.574,-4.01,17,23.53,47.75,0.73,0.37,0.086,-12.79,55,20.67,9.87,0.758,0.653,4.95,0
DIA,1h,15,25,trend,-0.39,-0.28,0.02,-11.08,36,36.11,58.29,3.35,5.72,0.651,-3.68,13,30.77,48.71,2.95,1.46,0.2,-11.08,49,20.67,9.87,0.758,0.653,4.95,0
DIA,1h,15,30,trend,-0.43,-0.31,0.013,-9.41,36,36.11,58.37,2.83,4.82,0.554,-4.54,13,30.77,50.91,2.38,1.19,0.174,-9.41,49,20.67,9.87,0.758,0.653,4.95,0
DIA,1h,15,40,trend,3.83,2.71,0.354,-7.69,29,37.93,55.99,4.25,7.3,0.803,-4.04,11,36.36,53.3,8.24,4.05,0.494,-7.93,40,20.67,9.87,0.758,0.653,4.95,1
DIA,1h,15,50,trend,3.18,2.26,0.302,-8.55,26,34.62,57.14,4.3,7.38,0.789,-4.41,10,50,55.6,7.62,3.75,0.457,-8.55,36,20.67,9.87,0.758,0.653,4.95,1
DIA,1h,15,60,trend,3.69,2.61,0.345,-9.21,24,37.5,58.7,5.17,8.89,0.93,-4.6,8,50,57.51,9.05,4.43,0.533,-9.21,32,20.67,9.87,0.758,0.653,4.95,1
DIA,1h,15,75,trend,1.6,1.13,0.174,-9.32,21,38.1,61.44,6.86,11.88,1.189,-4.79,7,57.14,59.14,8.57,4.2,0.502,-9.32,28,20.67,9.87,0.758,0.653,4.95,1
DIA,1h,15,100,trend,9.3,6.53,0.759,-5.14,16,56.25,64.15,6.4,11.07,1.114,-5.15,6,50,60.38,16.38,7.89,0.875,-5.15,22,20.67,9.87,0.758,0.653,4.95,1
DIA,1h,15,125,trend,10.17,7.13,0.807,-4.8,14,50,65.87,2.52,4.31,0.499,-5.71,6,50,60.96,12.95,6.29,0.714,-5.71,20,20.67,9.87,0.758,0.653,4.95,0
DIA,1h,15,150,trend,11.07,7.76,0.859,-5.59,10,70,66.65,2.7,4.6,0.523,-6.79,7,42.86,63.25,14.38,6.96,0.773,-6.79,17,20.67,9.87,0.758,0.653,4.95,0
DIA,1h,15,200,trend,9.49,6.66,0.754,-5.01,8,50,61.4,-1.27,-2.14,-0.404,-5.21,3,33.33,18.66,16.83,8.1,0.884,-5.21,12,20.67,9.87,0.758,0.653,4.95,0
DIA,1h,15,250,trend,13.96,9.75,1.059,-4.67,4,50,63.13,0,0,0,0,0,0,0,25.2,11.92,1.241,-4.67,5,20.67,9.87,0.758,0.653,4.95,0
DIA,1h,15,300,trend,15.92,11.09,1.185,-4.86,3,66.67,63.7,0,0,0,0,0,0,0,25.59,12.09,1.248,-4.86,4,20.67,9.87,0.758,0.653,4.95,0
DIA,1h,20,2,dip,9.95,6.99,0.639,-15.46,109,69.72,43.44,0.78,1.32,0.189,-3.78,49,67.35,46.32,10.59,5.17,0.508,-15.46,158,20.67,9.87,0.758,0.653,4.95,0
DIA,1h,20,3,dip,4.26,3.02,0.315,-15.93,89,73.03,43.23,3.5,5.98,0.687,-3.75,44,70.45,46.51,7.7,3.78,0.392,-15.93,133,20.67,9.87,0.758,0.653,4.95,1
DIA,1h,20,4,dip,3.45,2.45,0.266,-16.75,79,69.62,43.03,1.73,2.95,0.367,-4.35,37,64.86,46.6,5.04,2.49,0.278,-16.75,116,20.67,9.87,0.758,0.653,4.95,0
DIA,1h,20,5,dip,2.58,1.83,0.214,-16.64,72,68.06,43.03,2.96,5.06,0.588,-3.75,33,63.64,46.6,5.4,2.67,0.292,-16.64,105,20.67,9.87,0.758,0.653,4.95,0
DIA,1h,20,7,dip,3.56,2.52,0.27,-16.11,60,75,42.82,3.86,6.61,0.729,-3.64,25,64,47.27,7.18,3.53,0.363,-16.11,85,20.67,9.87,0.758,0.653,4.95,1
DIA,1h,20,9,dip,6.37,4.49,0.43,-15.75,51,68.63,42.29,5.96,10.29,1.079,-3.55,24,66.67,47.85,11.64,5.67,0.54,-15.75,74,20.67,9.87,0.758,0.653,4.95,1
DIA,1h,20,12,dip,8.4,5.91,0.544,-15.06,47,70.21,41.63,5.64,9.72,1.038,-3.92,23,69.57,48.04,12.3,5.98,0.568,-15.06,69,20.67,9.87,0.758,0.653,4.95,1
DIA,1h,20,15,dip,13.85,9.67,0.825,-11.85,39,74.36,41.26,0.93,1.58,0.21,-5.45,18,66.67,49.95,12.69,6.16,0.572,-11.85,56,20.67,9.87,0.758,0.653,4.95,0
DIA,1h,20,25,trend,1.14,0.81,0.134,-8.7,33,39.39,58.2,3.49,5.97,0.672,-4.53,13,30.77,50.33,4.67,2.31,0.294,-8.7,46,20.67,9.87,0.758,0.653,4.95,1
DIA,1h,20,30,trend,4.81,3.4,0.427,-7.2,31,38.71,57.92,3.6,6.17,0.688,-4.07,12,33.33,51.77,8.58,4.21,0.508,-8.83,43,20.67,9.87,0.758,0.653,4.95,1
DIA,1h,20,40,trend,4.4,3.11,0.403,-8.44,25,36,56.32,2.32,3.95,0.455,-4.9,11,36.36,54.83,6.82,3.36,0.419,-8.44,36,20.67,9.87,0.758,0.653,4.95,0
DIA,1h,20,50,trend,5.56,3.93,0.492,-8.41,22,40.91,58.29,4.52,7.77,0.822,-4.68,8,50,56.94,10.33,5.05,0.597,-8.41,30,20.67,9.87,0.758,0.653,4.95,1
DIA,1h,20,60,trend,-0.57,-0.41,-0.005,-9.73,24,37.5,59.39,6.63,11.47,1.156,-4.65,7,57.14,57.99,6.02,2.97,0.371,-9.73,31,20.67,9.87,0.758,0.653,4.95,1
DIA,1h,20,75,trend,5.28,3.73,0.457,-8.86,16,56.25,62.59,7.41,12.84,1.287,-4.66,7,57.14,58.66,12.64,6.14,0.698,-8.86,23,20.67,9.87,0.758,0.653,4.95,1
DIA,1h,20,100,trend,10.05,7.06,0.809,-4.87,12,58.33,64.44,5.19,8.93,0.918,-5.4,7,42.86,60,15.76,7.61,0.843,-5.4,18,20.67,9.87,0.758,0.653,4.95,1
DIA,1h,20,125,trend,9.78,6.86,0.774,-5.49,12,50,65.96,3.05,5.22,0.589,-6.37,6,50,61.34,12.85,6.24,0.704,-6.37,18,20.67,9.87,0.758,0.653,4.95,0
DIA,1h,20,150,trend,11.12,7.79,0.858,-5.88,9,77.78,66.57,3.86,6.61,0.714,-6.54,6,33.33,64.31,15.36,7.42,0.812,-6.54,15,20.67,9.87,0.758,0.653,4.95,1
DIA,1h,20,200,trend,9.99,7.01,0.786,-5.52,8,37.5,62.02,-0.4,-0.68,-0.108,-5.22,2,50,19.23,18.41,8.83,0.952,-5.52,11,20.67,9.87,0.758,0.653,4.95,0
DIA,1h,20,250,trend,14.01,9.78,1.06,-4.86,4,50,63.45,0,0,0,0,0,0,0,24.78,11.73,1.221,-4.86,5,20.67,9.87,0.758,0.653,4.95,0
DIA,1h,20,300,trend,15.95,11.11,1.187,-4.86,3,66.67,63.58,0,0,0,0,0,0,0,25.62,12.1,1.254,-4.86,4,20.67,9.87,0.758,0.653,4.95,0
DIA,1h,25,2,dip,7.73,5.44,0.518,-15.64,103,73.79,42.53,1.24,2.1,0.287,-3.4,40,67.5,44.5,7.87,3.87,0.398,-15.64,144,20.67,9.87,0.758,0.653,4.95,0
DIA,1h,25,3,dip,2.3,1.63,0.197,-17.48,78,71.79,42.29,2.6,4.44,0.56,-3.4,34,61.76,44.5,4.45,2.21,0.252,-17.48,113,20.67,9.87,0.758,0.653,4.95,0
DIA,1h,25,4,dip,6.27,4.42,0.429,-16.4,69,73.91,42.58,4.57,7.85,0.934,-3.12,31,64.52,44.78,10.6,5.17,0.507,-16.4,101,20.67,9.87,0.758,0.653,4.95,1
DIA,1h,25,5,dip,6.19,4.37,0.421,-15.51,63,76.19,42.7,5.01,8.62,1.001,-3.29,29,62.07,44.59,11.03,5.38,0.52,-15.51,93,20.67,9.87,0.758,0.653,4.95,1
DIA,1h,25,7,dip,5.51,3.89,0.382,-15.95,53,69.81,41.76,5.04,8.67,0.991,-3.74,23,65.22,45.17,9.35,4.58,0.45,-15.95,76,20.67,9.87,0.758,0.653,4.95,1
DIA,1h,25,9,dip,7.83,5.51,0.515,-13.99,45,75.56,41.02,5.01,8.61,0.995,-3.28,22,72.73,46.22,11.73,5.71,0.547,-13.99,67,20.67,9.87,0.758,0.653,4.95,1
DIA,1h,25,12,dip,10.53,7.39,0.652,-12.14,41,73.17,40.81,3.64,6.23,0.848,-4.45,16,75,40.48,8.81,4.32,0.422,-12.14,57,20.67,9.87,0.758,0.653,4.95,1
DIA,1h,25,15,dip,11.9,8.33,0.717,-12.05,37,75.68,40.48,4.27,7.33,0.989,-4.73,13,76.92,39.62,10.83,5.28,0.497,-12.05,50,20.67,9.87,0.758,0.653,4.95,1
DIA,1h,25,20,dip,10.55,7.4,0.631,-12.83,34,82.35,40.53,4.16,7.14,0.976,-4.62,13,84.62,37.7,9.34,4.58,0.433,-12.83,47,20.67,9.87,0.758,0.653,4.95,1
DIA,1h,25,30,trend,5.85,4.13,0.513,-7.13,28,35.71,57.88,3.65,6.24,0.684,-4.29,11,36.36,53.49,9.71,4.75,0.567,-7.13,39,20.67,9.87,0.758,0.653,4.95,1
DIA,1h,25,40,trend,4.8,3.39,0.434,-7.77,23,34.78,57.22,4.42,7.59,0.808,-4.28,9,44.44,55.89,9.43,4.62,0.553,-7.77,32,20.67,9.87,0.758,0.653,4.95,1
DIA,1h,25,50,trend,0.35,0.25,0.072,-9.06,23,39.13,59.06,6.36,10.98,1.123,-4.49,8,50,57.22,6.72,3.31,0.408,-9.06,31,20.67,9.87,0.758,0.653,4.95,1
DIA,1h,25,60,trend,1.91,1.36,0.197,-10.12,19,47.37,61.61,7.62,13.22,1.318,-4.72,7,57.14,57.8,9.68,4.74,0.553,-10.12,26,20.67,9.87,0.758,0.653,4.95,1
DIA,1h,25,75,trend,4.08,2.89,0.367,-7.16,16,50,63.17,7.87,13.66,1.361,-3.87,6,50,58.28,12.85,6.24,0.71,-7.16,22,20.67,9.87,0.758,0.653,4.95,1
DIA,1h,25,100,trend,9.67,6.79,0.775,-5.38,11,54.55,65.01,3.94,6.76,0.75,-5.09,6,50,59.62,13.71,6.65,0.754,-5.38,17,20.67,9.87,0.758,0.653,4.95,1
DIA,1h,25,125,trend,8.63,6.07,0.683,-5.78,10,70,66.32,4.19,7.19,0.785,-6.28,5,40,61.91,13.5,6.55,0.728,-6.28,15,20.67,9.87,0.758,0.653,4.95,1
DIA,1h,25,150,trend,10.74,7.53,0.831,-5.15,8,75,66.78,4.67,8.02,0.845,-5.7,4,50,65.45,16.05,7.74,0.842,-5.7,12,20.67,9.87,0.758,0.653,4.95,1
DIA,1h,25,200,trend,12.31,8.61,0.94,-5.31,5,60,62.51,-0.68,-1.15,-0.197,-5.2,2,50,19.71,20.67,9.87,1.045,-5.31,8,20.67,9.87,0.758,0.653,4.95,0
DIA,1h,25,250,trend,14.53,10.14,1.094,-4.86,3,66.67,63.45,0,0,0,0,0,0,0,24.26,11.49,1.199,-4.86,4,20.67,9.87,0.758,0.653,4.95,0
DIA,1h,25,300,trend,14.48,10.1,1.088,-4.88,3,66.67,63.54,0,0,0,0,0,0,0,24.64,11.66,1.213,-4.88,4,20.67,9.87,0.758,0.653,4.95,0
DIA,1h,30,2,dip,6.51,4.59,0.445,-18.98,90,72.22,41.67,1.43,2.42,0.319,-4.67,36,66.67,45.07,7.2,3.54,0.367,-18.98,128,20.67,9.87,0.758,0.653,4.95,0
DIA,1h,30,3,dip,9.84,6.91,0.623,-16.34,76,77.63,41.88,2.92,4.99,0.6,-4.56,31,64.52,45.26,12.06,5.87,0.558,-16.34,108,20.67,9.87,0.758,0.653,4.95,0
DIA,1h,30,4,dip,2.48,1.76,0.206,-16.93,65,75.38,41.84,1.78,3.03,0.382,-4.55,26,65.38,45.55,3.08,1.53,0.19,-16.93,91,20.67,9.87,0.758,0.653,4.95,0
DIA,1h,30,5,dip,2.09,1.49,0.183,-17.64,55,76.36,41.47,5.38,9.27,1.04,-4.55,26,73.08,45.36,6.32,3.12,0.325,-17.64,81,20.67,9.87,0.758,0.653,4.95,1
DIA,1h,30,7,dip,8,5.63,0.526,-14.52,45,71.11,40.28,1,1.7,0.235,-5.03,21,66.67,46.89,7.9,3.88,0.393,-14.52,67,20.67,9.87,0.758,0.653,4.95,0
DIA,1h,30,9,dip,12.87,9,0.774,-11.85,42,80.95,39.95,3.95,6.76,0.915,-4.39,17,82.35,40.38,11.44,5.57,0.524,-11.85,59,20.67,9.87,0.758,0.653,4.95,1
DIA,1h,30,12,dip,16.19,11.27,0.928,-12.05,38,81.58,40.24,2.6,4.43,0.627,-4.73,14,78.57,38.85,13.13,6.37,0.582,-12.05,52,20.67,9.87,0.758,0.653,4.95,0
DIA,1h,30,15,dip,11.13,7.8,0.662,-12.47,36,83.33,40.11,4.77,8.19,1.112,-4.62,13,84.62,37.22,10.62,5.19,0.483,-12.47,49,20.67,9.87,0.758,0.653,4.95,1
DIA,1h,30,20,dip,6.03,4.25,0.39,-15.43,31,77.42,40.53,4.21,7.22,0.998,-4.57,12,83.33,35.98,4.88,2.41,0.257,-15.43,43,20.67,9.87,0.758,0.653,4.95,1
DIA,1h,30,25,dip,5.35,3.78,0.352,-17.18,28,82.14,40.48,3.67,6.28,0.992,-4.57,11,81.82,31.48,4.29,2.13,0.233,-17.18,39,20.67,9.87,0.758,0.653,4.95,1
DIA,1h,30,40,trend,1.92,1.36,0.199,-7.64,22,40.91,58.45,5.09,8.76,0.916,-4.54,8,62.5,56.56,7.1,3.5,0.427,-7.64,30,20.67,9.87,0.758,0.653,4.95,1
DIA,1h,30,50,trend,1.32,0.94,0.15,-9.08,21,42.86,60.71,7.13,12.35,1.239,-4.92,7,57.14,57.42,8.55,4.19,0.497,-9.08,28,20.67,9.87,0.758,0.653,4.95,1
DIA,1h,30,60,trend,1.4,0.99,0.156,-9.26,17,52.94,62.26,6.56,11.35,1.155,-4.68,7,57.14,57.7,8.05,3.95,0.472,-9.26,24,20.67,9.87,0.758,0.653,4.95,1
DIA,1h,30,75,trend,7.34,5.17,0.616,-5.37,13,61.54,63.62,5.71,9.84,1.007,-5.15,6,50,58.76,13.47,6.53,0.74,-5.37,19,20.67,9.87,0.758,0.653,4.95,1
DIA,1h,30,100,trend,8.52,5.99,0.688,-6.17,10,60,65.14,3.73,6.39,0.711,-5.42,6,50,60.1,12.57,6.11,0.695,-6.17,16,20.67,9.87,0.758,0.653,4.95,1
DIA,1h,30,125,trend,8.47,5.95,0.672,-5.36,9,66.67,66.28,5.43,9.35,0.992,-5.35,5,40,62.11,14.3,6.92,0.766,-5.36,14,20.67,9.87,0.758,0.653,4.95,1
DIA,1h,30,150,trend,11.13,7.8,0.857,-5.1,7,71.43,67.19,4.72,8.1,0.855,-5.8,4,50,65.36,16.19,7.8,0.847,-5.8,11,20.67,9.87,0.758,0.653,4.95,1
DIA,1h,30,200,trend,13.08,9.14,0.999,-4.86,5,60,62.67,-1.65,-2.78,-1.262,-2.34,1,0,2.01,22.18,10.55,1.113,-5.26,7,20.67,9.87,0.758,0.653,4.95,0
DIA,1h,30,250,trend,14.33,10,1.081,-4.86,3,66.67,63.37,0,0,0,0,0,0,0,24.14,11.44,1.194,-4.86,4,20.67,9.87,0.758,0.653,4.95,0
DIA,1h,30,300,trend,14.84,10.35,1.115,-5.01,3,66.67,63.49,0,0,0,0,0,0,0,21.37,10.19,1.056,-6.38,4,20.67,9.87,0.758,0.653,4.95,0
DIA,1h,40,2,dip,10.96,7.68,0.684,-15.13,74,81.08,40.53,-0.52,-0.88,-0.057,-5.15,34,67.65,42.97,8.67,4.25,0.422,-15.13,108,20.67,9.87,0.758,0.653,4.95,0
DIA,1h,40,3,dip,8.36,5.88,0.541,-15.64,60,80,40.36,-1.71,-2.87,-0.293,-5.7,29,62.07,43.06,5.43,2.68,0.289,-15.64,89,20.67,9.87,0.758,0.653,4.95,0
DIA,1h,40,4,dip,13.94,9.73,0.842,-14.1,51,80.39,40.28,4.28,7.34,1.039,-2.96,24,70.83,36.17,13.89,6.73,0.628,-14.1,76,20.67,9.87,0.758,0.653,4.95,1
DIA,1h,40,5,dip,12.37,8.66,0.759,-14.2,48,79.17,40.16,3.58,6.12,0.876,-3.93,21,76.19,36.36,10.55,5.15,0.497,-14.2,69,20.67,9.87,0.758,0.653,4.95,1
DIA,1h,40,7,dip,16.36,11.39,0.942,-12.13,43,79.07,39.83,2.19,3.73,0.543,-4.45,15,86.67,36.08,12.98,6.3,0.58,-12.13,58,20.67,9.87,0.758,0.653,4.95,0
DIA,1h,40,9,dip,12.94,9.05,0.762,-11.8,40,77.5,39.95,3.9,6.68,0.922,-4.45,13,84.62,35.69,11.49,5.6,0.519,-11.8,53,20.67,9.87,0.758,0.653,4.95,1
DIA,1h,40,12,dip,11.26,7.89,0.669,-12.55,34,82.35,40.11,3.56,6.09,0.848,-4.62,12,83.33,35.12,8.7,4.27,0.409,-12.55,46,20.67,9.87,0.758,0.653,4.95,1
DIA,1h,40,15,dip,6.51,4.59,0.415,-15.86,30,73.33,39.66,3.36,5.75,0.874,-4.57,11,81.82,31.77,4.82,2.39,0.255,-15.86,41,20.67,9.87,0.758,0.653,4.95,1
DIA,1h,40,20,dip,6.86,4.83,0.429,-16.96,26,80.77,39.29,5.01,8.62,1.326,-4.57,11,81.82,30.14,7.15,3.52,0.344,-16.96,37,20.67,9.87,0.758,0.653,4.95,1
DIA,1h,40,25,dip,6.72,4.74,0.423,-16.52,24,75,38.35,3.2,5.47,0.893,-4.56,9,77.78,29,5.11,2.53,0.266,-16.52,33,20.67,9.87,0.758,0.653,4.95,1
DIA,1h,40,30,dip,10.03,7.04,0.596,-16.62,23,82.61,37.08,2.48,4.23,0.708,-4.59,8,87.5,28.23,7.81,3.84,0.373,-16.62,31,20.67,9.87,0.758,0.653,4.95,1
DIA,1h,40,50,trend,-2.46,-1.76,-0.156,-9.58,18,38.89,62.31,7.32,12.69,1.277,-4.48,6,50,57.22,4.68,2.32,0.297,-9.58,24,20.67,9.87,0.758,0.653,4.95,1
DIA,1h,40,60,trend,4,2.83,0.362,-7.29,15,46.67,63.25,5.26,9.06,0.95,-5.18,6,50,57.51,9.55,4.67,0.551,-7.29,21,20.67,9.87,0.758,0.653,4.95,1
DIA,1h,40,75,trend,8.42,5.92,0.681,-6.37,10,60,64.77,5.5,9.47,0.981,-5.91,6,33.33,57.51,14.48,7.01,0.779,-6.37,16,20.67,9.87,0.758,0.653,4.95,1
DIA,1h,40,100,trend,7.32,5.16,0.593,-5.42,9,66.67,65.96,4.23,7.25,0.804,-6,5,20,60.1,11.86,5.77,0.655,-6,14,20.67,9.87,0.758,0.653,4.95,1
DIA,1h,40,125,trend,8.93,6.27,0.703,-6.18,8,75,66.9,4.82,8.28,0.889,-5.83,4,25,64.31,13.96,6.76,0.749,-6.18,12,20.67,9.87,0.758,0.653,4.95,1
DIA,1h,40,150,trend,12.74,8.91,0.96,-5.02,6,66.67,67.97,3.97,6.8,0.732,-5.69,4,50,65.65,18.17,8.72,0.933,-5.69,10,20.67,9.87,0.758,0.653,4.95,1
DIA,1h,40,200,trend,13.3,9.3,1.013,-4.89,3,66.67,63.13,0,0,0,0,0,0,0,23.04,10.94,1.148,-4.89,4,20.67,9.87,0.758,0.653,4.95,0
DIA,1h,40,250,trend,13.74,9.6,1.041,-5.14,3,66.67,63.29,0,0,0,0,0,0,0,23.97,11.36,1.187,-5.14,4,20.67,9.87,0.758,0.653,4.95,0
DIA,1h,40,300,trend,12.36,8.65,0.937,-5.28,3,66.67,63.08,0,0,0,0,0,0,0,19.66,9.41,0.976,-5.44,4,20.67,9.87,0.758,0.653,4.95,0
DIA,1h,50,2,dip,12.51,8.75,0.745,-10.91,60,81.67,40.16,0.65,1.09,0.195,-4.74,25,68,34.35,8.2,4.03,0.397,-10.91,86,20.67,9.87,0.758,0.653,4.95,0
DIA,1h,50,3,dip,18.49,12.83,1.055,-10.24,54,83.33,40.11,0.71,1.2,0.206,-4.74,23,69.57,33.78,14.05,6.81,0.626,-10.24,78,20.67,9.87,0.758,0.653,4.95,0
DIA,1h,50,4,dip,20.47,14.17,1.151,-10.72,51,84.31,40.2,1.62,2.76,0.423,-4.45,18,72.22,34.16,16.61,8,0.72,-10.72,70,20.67,9.87,0.758,0.653,4.95,0
DIA,1h,50,5,dip,17.69,12.29,1.004,-10.52,47,82.98,39.83,2.31,3.94,0.628,-4.45,13,84.62,31.87,13.81,6.69,0.61,-10.52,60,20.67,9.87,0.758,0.653,4.95,0
DIA,1h,50,7,dip,9.83,6.9,0.594,-11.76,42,78.57,39.54,3.01,5.14,0.8,-4.45,12,83.33,31.58,7.76,3.82,0.373,-11.76,54,20.67,9.87,0.758,0.653,4.95,1
DIA,1h,50,9,dip,8.43,5.93,0.522,-14.22,34,79.41,39.05,4.28,7.35,1.118,-4.45,13,84.62,31.29,7.71,3.79,0.371,-14.22,47,20.67,9.87,0.758,0.653,4.95,1
DIA,1h,50,12,dip,12.43,8.69,0.728,-14.3,32,81.25,38.76,4.43,7.6,1.196,-4.62,13,76.92,29.95,11.79,5.74,0.529,-14.3,45,20.67,9.87,0.758,0.653,4.95,1
DIA,1h,50,15,dip,7.98,5.62,0.49,-16.74,27,81.48,38.47,3.14,5.37,0.876,-4.57,10,80,29.38,6.35,3.13,0.315,-16.74,37,20.67,9.87,0.758,0.653,4.95,1
DIA,1h,50,20,dip,6.08,4.29,0.39,-16.21,23,73.91,37.28,3.04,5.19,0.856,-4.56,8,87.5,27.85,4.5,2.23,0.242,-16.21,31,20.67,9.87,0.758,0.653,4.95,1
DIA,1h,50,25,dip,11.9,8.33,0.69,-16.01,24,83.33,36.42,1.81,3.08,0.542,-4.59,8,75,27.46,8.33,4.09,0.393,-16.01,32,20.67,9.87,0.758,0.653,4.95,0
DIA,1h,50,30,dip,10.74,7.53,0.633,-15.83,22,81.82,34.74,2.31,3.94,0.695,-4.59,7,85.71,27.08,6.57,3.24,0.325,-15.83,29,20.67,9.87,0.758,0.653,4.95,1
DIA,1h,50,40,dip,15.85,11.04,0.887,-14.23,19,78.95,33.02,1.29,2.2,0.404,-4.79,6,83.33,26.7,11.42,5.57,0.512,-14.23,25,20.67,9.87,0.758,0.653,4.95,0
DIA,1h,50,60,trend,7.72,5.43,0.63,-6.41,10,60,64.68,6.55,11.32,1.185,-4.44,6,33.33,57.32,14.48,7.01,0.785,-6.41,16,20.67,9.87,0.758,0.653,4.95,1
DIA,1h,50,75,trend,6.75,4.76,0.555,-5.75,10,70,65.01,6.3,10.88,1.205,-4.33,4,25,58.18,13.48,6.54,0.744,-5.75,14,20.67,9.87,0.758,0.653,4.95,1
DIA,1h,50,100,trend,10.24,7.18,0.801,-5.1,8,75,66.2,6.1,10.52,1.136,-4.32,5,20,62.49,17.11,8.23,0.908,-5.1,13,20.67,9.87,0.758,0.653,4.95,1
DIA,1h,50,125,trend,10.55,7.4,0.813,-5.06,6,50,67.51,4.25,7.3,0.791,-6.12,4,25,64.5,15.38,7.43,0.812,-6.12,10,20.67,9.87,0.758,0.653,4.95,1
DIA,1h,50,150,trend,12.12,8.48,0.918,-5.22,5,60,68.95,4.86,8.35,0.877,-4.83,4,50,66.51,17.47,8.4,0.901,-5.22,9,20.67,9.87,0.758,0.653,4.95,1
DIA,1h,50,200,trend,13.14,9.19,1.002,-5.48,3,66.67,63.13,0,0,0,0,0,0,0,23.6,11.2,1.173,-5.48,4,20.67,9.87,0.758,0.653,4.95,0
DIA,1h,50,250,trend,14.52,10.13,1.092,-4.89,3,66.67,63,0,0,0,0,0,0,0,21.74,10.35,1.072,-5.44,4,20.67,9.87,0.758,0.653,4.95,0
DIA,1h,50,300,trend,12.16,8.51,0.922,-5.29,3,66.67,63.13,0,0,0,0,0,0,0,19.01,9.11,0.946,-5.41,4,20.67,9.87,0.758,0.653,4.95,0
DIA,1h,60,2,dip,14.78,10.31,0.862,-10.88,65,83.08,39.13,-0.41,-0.7,-0.084,-4.45,19,68.42,30.33,7.91,3.88,0.385,-10.88,84,20.67,9.87,0.758,0.653,4.95,0
DIA,1h,60,3,dip,16.36,11.38,0.936,-10.72,54,85.19,38.6,2.76,4.71,0.767,-4.45,15,80,30.05,12.87,6.25,0.576,-10.72,69,20.67,9.87,0.758,0.653,4.95,1
DIA,1h,60,4,dip,16.59,11.54,0.939,-10.59,48,85.42,38.11,3.34,5.72,0.914,-4.45,13,84.62,30.53,13.88,6.72,0.609,-10.59,61,20.67,9.87,0.758,0.653,4.95,1
DIA,1h,60,5,dip,15.74,10.97,0.896,-11.64,43,86.05,38.19,2.53,4.32,0.705,-4.45,13,84.62,30.14,12.16,5.92,0.545,-11.64,56,20.67,9.87,0.758,0.653,4.95,1
DIA,1h,60,7,dip,13.87,9.68,0.798,-11.16,36,88.89,37.94,3.06,5.24,0.862,-4.45,13,76.92,29.38,11.78,5.74,0.528,-11.16,49,20.67,9.87,0.758,0.653,4.95,1
DIA,1h,60,9,dip,14.16,9.88,0.816,-12.02,32,84.38,37.69,2.7,4.61,0.761,-4.45,11,81.82,28.8,11.63,5.66,0.524,-12.02,43,20.67,9.87,0.758,0.653,4.95,1
DIA,1h,60,12,dip,10.71,7.51,0.629,-14.34,30,76.67,37.28,2.73,4.66,0.773,-4.57,9,88.89,28.04,8.6,4.22,0.402,-14.34,39,20.67,9.87,0.758,0.653,4.95,1
DIA,1h,60,15,dip,7.89,5.55,0.483,-15.56,25,72,36.83,2.59,4.42,0.738,-4.57,8,87.5,27.37,5.63,2.78,0.286,-15.56,33,20.67,9.87,0.758,0.653,4.95,1
DIA,1h,60,20,dip,12.79,8.95,0.732,-15.59,25,80,36.1,1.67,2.84,0.508,-4.56,7,85.71,26.7,9.05,4.44,0.42,-15.59,32,20.67,9.87,0.758,0.653,4.95,0
DIA,1h,60,25,dip,10.49,7.36,0.622,-14.83,20,80,33.8,1.85,3.14,0.563,-4.59,7,85.71,26.7,5.84,2.89,0.297,-14.83,27,20.67,9.87,0.758,0.653,4.95,0
DIA,1h,60,30,dip,11.58,8.11,0.677,-14.91,18,77.78,33.06,1.92,3.27,0.587,-4.62,7,85.71,26.41,7.95,3.9,0.379,-14.91,25,20.67,9.87,0.758,0.653,4.95,0
DIA,1h,60,40,dip,8.97,6.3,0.543,-15.43,16,68.75,31.91,2.95,5.04,0.865,-4.83,6,83.33,26.03,6.77,3.34,0.333,-15.43,22,20.67,9.87,0.758,0.653,4.95,1
DIA,1h,60,50,dip,6.33,4.46,0.411,-15.35,11,63.64,30.27,2.02,3.43,0.595,-5.5,6,66.67,25.74,3.27,1.62,0.195,-15.35,17,20.67,9.87,0.758,0.653,4.95,0
DIA,1h,60,75,trend,7.51,5.29,0.605,-5.38,9,66.67,65.59,7.98,13.86,1.501,-3.6,3,66.67,59.33,16.08,7.75,0.864,-5.38,12,20.67,9.87,0.758,0.653,4.95,1
DIA,1h,60,100,trend,11.87,8.31,0.909,-4.86,6,66.67,67.1,4.97,8.55,0.932,-5.33,4,25,63.16,17.53,8.42,0.92,-5.33,10,20.67,9.87,0.758,0.653,4.95,1
DIA,1h,60,125,trend,13.54,9.46,1.011,-4.96,5,60,68.29,3.65,6.25,0.681,-5.88,4,50,65.07,17.54,8.43,0.906,-5.88,9,20.67,9.87,0.758,0.653,4.95,1
DIA,1h,60,150,trend,11.71,8.2,0.883,-5.58,5,60,69.93,7.96,13.83,1.359,-4.96,2,50,69.19,20.17,9.64,1.009,-5.58,7,20.67,9.87,0.758,0.653,4.95,1
DIA,1h,60,200,trend,12.7,8.88,0.97,-5.26,3,66.67,63.13,0,0,0,0,0,0,0,23.37,11.09,1.162,-5.26,4,20.67,9.87,0.758,0.653,4.95,0
DIA,1h,60,250,trend,12.3,8.61,0.933,-5.31,3,66.67,62.92,0,0,0,0,0,0,0,18.73,8.98,0.935,-5.41,4,20.67,9.87,0.758,0.653,4.95,0
DIA,1h,60,300,trend,11.93,8.35,0.919,-5.25,3,66.67,63.29,0,0,0,0,0,0,0,20.74,9.9,1.027,-5.41,4,20.67,9.87,0.758,0.653,4.95,0
DIA,1h,75,2,dip,13.19,9.22,0.777,-13.67,49,81.63,36.79,0.04,0.07,0.043,-4.45,19,68.42,27.94,7.03,3.46,0.349,-13.67,68,20.67,9.87,0.758,0.653,4.95,0
DIA,1h,75,3,dip,11.46,8.03,0.683,-13.69,43,88.37,36.87,1.38,2.35,0.41,-4.45,14,71.43,28.04,7.64,3.76,0.371,-13.69,57,20.67,9.87,0.758,0.653,4.95,0
DIA,1h,75,4,dip,12.19,8.53,0.716,-12.53,42,88.1,36.79,1.92,3.27,0.551,-4.45,12,75,27.94,8.91,4.37,0.419,-12.53,54,20.67,9.87,0.758,0.653,4.95,0
DIA,1h,75,5,dip,11.22,7.86,0.664,-12.69,38,86.84,36.51,2.05,3.49,0.594,-4.45,10,70,27.75,8.06,3.96,0.386,-12.69,48,20.67,9.87,0.758,0.653,4.95,0
DIA,1h,75,7,dip,11.6,8.13,0.683,-12.31,30,83.33,35.89,1.79,3.04,0.525,-4.45,9,77.78,27.27,8.47,4.16,0.401,-12.31,39,20.67,9.87,0.758,0.653,4.95,0
DIA,1h,75,9,dip,10.62,7.45,0.624,-15.35,30,73.33,35.68,1.28,2.18,0.389,-4.45,9,66.67,26.7,6.98,3.44,0.34,-15.35,39,20.67,9.87,0.758,0.653,4.95,0
DIA,1h,75,12,dip,11.59,8.11,0.67,-15.39,27,74.07,35.23,1.54,2.61,0.47,-4.57,7,85.71,26.22,8.33,4.09,0.392,-15.39,34,20.67,9.87,0.758,0.653,4.95,0
DIA,1h,75,15,dip,10.78,7.56,0.634,-15.46,22,81.82,34.04,1.45,2.46,0.45,-4.56,7,85.71,25.55,6.87,3.39,0.337,-15.46,29,20.67,9.87,0.758,0.653,4.95,0
DIA,1h,75,20,dip,7.37,5.19,0.462,-15.52,17,76.47,32.77,1.37,2.32,0.43,-4.59,7,85.71,25.55,3.46,1.72,0.202,-15.52,24,20.67,9.87,0.758,0.653,4.95,0
DIA,1h,75,25,dip,8.99,6.32,0.545,-15.77,17,76.47,32.12,0.34,0.57,0.128,-4.62,6,66.67,25.45,3.76,1.86,0.214,-15.77,23,20.67,9.87,0.758,0.653,4.95,0
DIA,1h,75,30,dip,5.9,4.16,0.385,-15.9,14,71.43,31.58,2.52,4.3,0.776,-4.62,6,83.33,24.78,3.4,1.69,0.2,-15.9,20,20.67,9.87,0.758,0.653,4.95,1
DIA,1h,75,40,dip,5.64,3.98,0.374,-15.29,11,63.64,30.19,3,5.13,0.903,-4.82,6,83.33,25.17,3.27,1.62,0.195,-15.29,17,20.67,9.87,0.758,0.653,4.95,1
DIA,1h,75,50,dip,6.69,4.71,0.432,-14.71,11,63.64,29.74,-0.32,-0.54,-0.062,-5.94,4,75,24.21,3.84,1.91,0.218,-14.71,15,20.67,9.87,0.758,0.653,4.95,0
DIA,1h,75,60,dip,6.34,4.47,0.415,-14.44,10,60,28.84,-1.78,-2.99,-0.477,-5.94,3,66.67,22.87,2.02,1.01,0.144,-14.44,13,20.67,9.87,0.758,0.653,4.95,0
DIA,1h,75,100,trend,11.35,7.95,0.869,-4.96,6,50,67.76,3.07,5.25,0.591,-6.37,4,25,64.11,14.96,7.23,0.795,-6.37,10,20.67,9.87,0.758,0.653,4.95,0
DIA,1h,75,125,trend,10,7.02,0.768,-5.68,5,60,69.73,4.85,8.34,0.873,-5.17,4,50,67.08,14.93,7.22,0.781,-5.68,9,20.67,9.87,0.758,0.653,4.95,1
DIA,1h,75,150,trend,11.26,7.89,0.841,-7.18,4,50,71,9.46,16.52,1.589,-4.06,1,100,68.9,21.47,10.23,1.054,-7.18,5,20.67,9.87,0.758,0.653,4.95,1
DIA,1h,75,200,trend,13.25,9.26,0.995,-5.47,3,66.67,62.92,8.94,15.58,1.5,-4.44,1,100,70.05,19.77,9.45,0.987,-5.47,4,20.67,9.87,0.758,0.653,4.95,1
DIA,1h,75,250,trend,13.65,9.53,1.019,-5.25,3,66.67,63.08,0,0,0,0,0,0,0,20.55,9.81,1.01,-5.41,4,20.67,9.87,0.758,0.653,4.95,0
DIA,1h,75,300,trend,12.92,9.03,0.978,-5.73,2,50,63.95,0,0,0,0,0,0,0,19.84,9.49,0.977,-5.73,3,20.67,9.87,0.758,0.653,4.95,0
DIA,1h,100,2,dip,10.67,7.48,0.637,-15.28,46,84.78,33.55,3.57,6.11,1.066,-4.45,18,94.44,24.5,9.23,4.52,0.433,-15.28,65,20.67,9.87,0.758,0.653,4.95,1
DIA,1h,100,3,dip,10.28,7.21,0.615,-14.79,41,82.93,33.18,2.29,3.9,0.709,-4.45,14,92.86,24.11,7.31,3.6,0.358,-14.79,56,20.67,9.87,0.758,0.653,4.95,1
DIA,1h,100,4,dip,7.68,5.41,0.481,-14.94,34,73.53,32.77,1.79,3.04,0.567,-4.45,13,92.31,24.02,4.62,2.29,0.25,-14.94,46,20.67,9.87,0.758,0.653,4.95,0
DIA,1h,100,5,dip,7.52,5.3,0.472,-14.79,29,79.31,32.53,2.26,3.85,0.702,-4.45,10,90,23.92,4.85,2.4,0.259,-14.79,38,20.67,9.87,0.758,0.653,4.95,1
DIA,1h,100,7,dip,5.5,3.88,0.361,-16.81,24,75,32.16,1.72,2.93,0.545,-4.45,9,88.89,23.92,2.38,1.18,0.158,-16.81,32,20.67,9.87,0.758,0.653,4.95,0
DIA,1h,100,9,dip,5.26,3.71,0.348,-16.7,20,70,31.91,2.49,4.25,0.767,-4.45,9,88.89,23.92,1.81,0.9,0.135,-16.7,27,20.67,9.87,0.758,0.653,4.95,1
DIA,1h,100,12,dip,5.21,3.68,0.347,-16.68,18,72.22,31.34,1.62,2.76,0.519,-4.57,7,85.71,23.16,1.44,0.72,0.12,-16.68,25,20.67,9.87,0.758,0.653,4.95,0
DIA,1h,100,15,dip,3.79,2.68,0.272,-16.44,17,70.59,31.13,1.85,3.14,0.58,-4.56,6,83.33,23.16,0.61,0.31,0.085,-16.44,23,20.67,9.87,0.758,0.653,4.95,0
DIA,1h,100,20,dip,3.41,2.42,0.252,-15.63,13,69.23,30.76,2.95,5.04,0.916,-4.59,7,85.71,23.16,1.48,0.74,0.121,-15.63,19,20.67,9.87,0.758,0.653,4.95,1
DIA,1h,100,25,dip,3.89,2.75,0.279,-15.6,12,66.67,29.98,1.69,2.88,0.551,-4.89,6,83.33,22.78,3.42,1.7,0.2,-15.6,18,20.67,9.87,0.758,0.653,4.95,0
DIA,1h,100,30,dip,5.6,3.95,0.372,-15.81,11,63.64,29.78,1.9,3.23,0.619,-4.62,6,83.33,22.3,5.08,2.51,0.267,-15.81,17,20.67,9.87,0.758,0.653,4.95,0
DIA,1h,100,40,dip,6.19,4.37,0.406,-14.74,10,60,28.63,1.51,2.57,0.49,-4.83,5,80,22.11,5.29,2.61,0.276,-14.74,15,20.67,9.87,0.758,0.653,4.95,0
DIA,1h,100,50,dip,4.09,2.9,0.292,-15.87,9,77.78,28.06,-0.36,-0.61,-0.084,-4.77,5,60,19.52,1.26,0.63,0.112,-15.87,14,20.67,9.87,0.758,0.653,4.95,0
DIA,1h,100,60,dip,3.51,2.49,0.261,-15.24,7,71.43,26.87,0.91,1.54,0.315,-4.83,4,75,18.56,1.94,0.97,0.14,-15.24,11,20.67,9.87,0.758,0.653,4.95,0
DIA,1h,100,75,dip,3.93,2.78,0.284,-15.24,7,85.71,26.05,1.76,3,0.609,-4.89,4,75,17.32,4.16,2.06,0.232,-15.24,11,20.67,9.87,0.758,0.653,4.95,0
DIA,1h,100,125,trend,8.97,6.3,0.682,-8.49,4,50,70.96,9.12,15.9,1.537,-4.06,1,100,68.71,19.74,9.44,0.976,-8.49,5,20.67,9.87,0.758,0.653,4.95,1
DIA,1h,100,150,trend,10.12,7.1,0.749,-7.48,4,50,70.96,7.97,13.85,1.36,-4.04,1,100,68.33,19.44,9.3,0.953,-7.48,5,20.67,9.87,0.758,0.653,4.95,1
DIA,1h,100,200,trend,12.64,8.84,0.951,-5.25,3,66.67,63,8.66,15.08,1.46,-4.76,1,100,69.86,20.08,9.6,0.99,-5.41,4,20.67,9.87,0.758,0.653,4.95,1
DIA,1h,100,250,trend,12.62,8.82,0.957,-5.43,2,50,63.78,0,0,0,0,0,0,0,19.27,9.23,0.953,-5.43,3,20.67,9.87,0.758,0.653,4.95,0
DIA,1h,100,300,trend,12.54,8.77,0.942,-5.93,2,50,64.03,0,0,0,0,0,0,0,14.85,7.18,0.755,-7.49,3,20.67,9.87,0.758,0.653,4.95,0
DIA,1h,125,2,dip,5,3.53,0.344,-16.21,42,88.1,28.22,2.19,3.73,0.596,-4.45,11,81.82,23.64,3.84,1.91,0.22,-16.21,53,20.67,9.87,0.758,0.653,4.95,0
DIA,1h,125,3,dip,3.06,2.17,0.236,-16.31,32,81.25,27.97,3.09,5.28,0.815,-4.45,9,88.89,23.83,2.7,1.34,0.172,-16.31,42,20.67,9.87,0.758,0.653,4.95,1
DIA,1h,125,4,dip,1.74,1.23,0.161,-17.14,27,77.78,28.06,3.46,5.91,0.905,-4.45,9,88.89,24.02,1.91,0.95,0.139,-17.14,36,20.67,9.87,0.758,0.653,4.95,1
DIA,1h,125,5,dip,2.2,1.56,0.187,-17.16,26,80.77,27.89,3.75,6.43,1.008,-4.45,8,87.5,22.3,2.89,1.44,0.18,-17.16,36,20.67,9.87,0.758,0.653,4.95,1
DIA,1h,125,7,dip,-0.52,-0.37,0.03,-16.79,18,72.22,27.85,0.47,0.79,0.171,-4.45,7,85.71,21.44,-2.19,-1.1,-0.036,-16.79,26,20.67,9.87,0.758,0.653,4.95,0
DIA,1h,125,9,dip,-1.42,-1.01,-0.022,-16.32,16,75,27.81,0.97,1.65,0.322,-4.45,6,83.33,22.11,-2.61,-1.32,-0.054,-16.32,23,20.67,9.87,0.758,0.653,4.95,0
DIA,1h,125,12,dip,-0.45,-0.32,0.034,-15.91,14,71.43,27.24,2.41,4.12,0.762,-4.57,6,83.33,21.72,-0.45,-0.22,0.039,-15.91,20,20.67,9.87,0.758,0.653,4.95,1
DIA,1h,125,15,dip,0.31,0.22,0.079,-15.74,14,71.43,26.87,3.1,5.3,0.964,-4.56,6,83.33,21.44,0.99,0.49,0.1,-15.74,20,20.67,9.87,0.758,0.653,4.95,1
DIA,1h,125,20,dip,0.85,0.6,0.11,-16.08,12,66.67,26.74,2.83,4.83,0.906,-4.56,6,83.33,20.96,1.26,0.63,0.112,-16.08,18,20.67,9.87,0.758,0.653,4.95,1
DIA,1h,125,25,dip,2.16,1.53,0.187,-15.25,10,60,26.37,1.54,2.62,0.523,-4.59,5,80,20.29,1.04,0.52,0.103,-15.25,15,20.67,9.87,0.758,0.653,4.95,0
DIA,1h,125,30,dip,2.12,1.5,0.184,-15.71,9,55.56,26.37,0.4,0.68,0.158,-4.59,5,80,20,0.14,0.07,0.064,-15.71,14,20.67,9.87,0.758,0.653,4.95,0
DIA,1h,125,40,dip,5.02,3.55,0.343,-15.75,9,66.67,27.93,1.17,1.99,0.416,-4.89,4,75,17.61,3.87,1.92,0.22,-15.75,13,20.67,9.87,0.758,0.653,4.95,0
DIA,1h,125,50,dip,4,2.83,0.288,-15.24,7,85.71,27.03,1.49,2.53,0.527,-4.59,4,75,17.13,3.1,1.54,0.189,-15.24,11,20.67,9.87,0.758,0.653,4.95,0
DIA,1h,125,60,dip,1.15,0.82,0.128,-15.24,6,66.67,26.09,1.32,2.24,0.489,-4.48,4,75,16.27,1.1,0.55,0.105,-15.24,10,20.67,9.87,0.758,0.653,4.95,0
DIA,1h,125,75,dip,4.38,3.1,0.31,-15.24,6,83.33,24.61,0.48,0.81,0.204,-4.5,4,75,13.88,3.38,1.68,0.201,-15.24,10,20.67,9.87,0.758,0.653,4.95,0
DIA,1h,125,100,dip,2.07,1.47,0.183,-15.24,4,75,21.45,-2.98,-4.99,-1.316,-4.08,1,0,11.29,-3.55,-1.79,-0.107,-15.24,5,20.67,9.87,0.758,0.653,4.95,0
DIA,1h,125,150,trend,5.62,3.96,0.446,-9.89,4,50,70.92,7.44,12.9,1.275,-4.64,1,100,67.75,11.55,5.63,0.596,-9.89,5,20.67,9.87,0.758,0.653,4.95,1
DIA,1h,125,200,trend,12.4,8.68,0.942,-5.49,2,50,63.7,9.87,17.25,1.632,-4.74,1,100,70.91,20.16,9.63,0.994,-5.49,3,20.67,9.87,0.758,0.653,4.95,1
DIA,1h,125,250,trend,12.01,8.41,0.907,-5.82,2,50,63.78,0,0,0,0,0,0,0,14.9,7.2,0.761,-6.75,3,20.67,9.87,0.758,0.653,4.95,0
DIA,1h,125,300,trend,11.03,7.73,0.834,-6.83,2,50,63.66,0,0,0,0,0,0,0,13.02,6.32,0.667,-7.01,3,20.67,9.87,0.758,0.653,4.95,0
DIA,1h,150,2,dip,-0.03,-0.02,0.059,-16.99,34,76.47,26.7,-0.69,-1.16,-0.208,-4.45,8,87.5,19.81,-3.05,-1.54,-0.075,-16.99,42,20.67,9.87,0.758,0.653,4.95,0
DIA,1h,150,3,dip,0.01,0.01,0.062,-17.33,29,79.31,26.7,1.38,2.34,0.466,-4.45,7,85.71,19.9,-0.99,-0.5,0.016,-17.33,36,20.67,9.87,0.758,0.653,4.95,0
DIA,1h,150,4,dip,-1.74,-1.24,-0.042,-17.39,24,79.17,26.91,0.53,0.9,0.196,-4.45,7,71.43,20.19,-3.54,-1.79,-0.097,-17.39,31,20.67,9.87,0.758,0.653,4.95,0
DIA,1h,150,5,dip,-0.23,-0.16,0.046,-17.13,20,80,26.66,1.55,2.63,0.524,-4.45,7,85.71,20.19,-1.07,-0.54,0.011,-17.13,27,20.67,9.87,0.758,0.653,4.95,0
DIA,1h,150,7,dip,-1.49,-1.06,-0.029,-17.09,17,76.47,26.5,2.27,3.86,0.754,-4.45,7,85.71,20.19,-1.62,-0.82,-0.013,-17.09,24,20.67,9.87,0.758,0.653,4.95,1
DIA,1h,150,9,dip,0.64,0.46,0.098,-16.55,16,75,26.33,1.9,3.23,0.637,-4.62,7,85.71,19.9,0.14,0.07,0.064,-16.55,23,20.67,9.87,0.758,0.653,4.95,0
DIA,1h,150,12,dip,-1.24,-0.88,-0.014,-17.13,12,66.67,26.21,2.91,4.97,0.968,-4.62,7,85.71,19.33,-1,-0.5,0.014,-17.13,19,20.67,9.87,0.758,0.653,4.95,1
DIA,1h,150,15,dip,-0.03,-0.02,0.058,-16.36,10,60,26.09,2.77,4.74,0.929,-4.49,7,85.71,18.95,0.08,0.04,0.061,-16.36,17,20.67,9.87,0.758,0.653,4.95,1
DIA,1h,150,20,dip,-0.01,-0.01,0.059,-16.61,9,66.67,26.13,1.79,3.05,0.653,-4.48,6,83.33,17.8,-0.59,-0.3,0.031,-16.61,15,20.67,9.87,0.758,0.653,4.95,1
DIA,1h,150,25,dip,0.14,0.1,0.068,-15.81,8,75,25.88,1.12,1.91,0.425,-4.48,4,75,16.56,-1.13,-0.57,0.007,-15.81,12,20.67,9.87,0.758,0.653,4.95,0
DIA,1h,150,30,dip,-0.01,0,0.059,-15.62,7,71.43,25.43,1.24,2.1,0.466,-4.48,4,75,16.46,-1.04,-0.52,0.011,-15.62,11,20.67,9.87,0.758,0.653,4.95,0
DIA,1h,150,40,dip,-1.47,-1.05,-0.029,-15.24,6,66.67,24.61,1.05,1.79,0.403,-4.53,4,75,15.89,-2.74,-1.38,-0.065,-15.24,10,20.67,9.87,0.758,0.653,4.95,0
DIA,1h,150,50,dip,-0.87,-0.62,0.007,-15.24,5,60,23.58,0.11,0.19,0.065,-4.62,4,75,14.74,-2.1,-1.06,-0.037,-15.24,9,20.67,9.87,0.758,0.653,4.95,0
DIA,1h,150,60,dip,-0.54,-0.39,0.026,-15.24,5,80,22.56,-2.18,-3.66,-0.907,-4.08,2,50,11.77,-4.11,-2.08,-0.13,-15.24,7,20.67,9.87,0.758,0.653,4.95,0
DIA,1h,150,75,dip,0.11,0.08,0.065,-15.24,4,75,21.45,-2.98,-4.99,-1.316,-4.08,1,0,11.29,-4.78,-2.43,-0.164,-15.24,5,20.67,9.87,0.758,0.653,4.95,0
DIA,1h,150,100,dip,1.04,0.74,0.122,-15.24,3,66.67,21.33,-3.13,-5.23,-1.388,-4.08,1,0,10.91,-3.32,-1.68,-0.098,-15.24,5,20.67,9.87,0.758,0.653,4.95,0
DIA,1h,150,125,dip,4.9,3.46,0.352,-15.24,3,66.67,21.21,-2.39,-4.01,-1.069,-4.08,1,0,10.53,3.06,1.52,0.193,-15.24,5,20.67,9.87,0.758,0.653,4.95,0
DIA,1h,150,200,trend,12.9,9.02,0.97,-5.25,2,50,63.74,0,0,0,0,0,0,0,15.43,7.45,0.787,-7,3,20.67,9.87,0.758,0.653,4.95,0
DIA,1h,150,250,trend,10.51,7.37,0.8,-7.07,2,50,63.45,0,0,0,0,0,0,0,11.13,5.43,0.583,-7.29,3,20.67,9.87,0.758,0.653,4.95,0
DIA,1h,150,300,trend,9.99,7.01,0.759,-7.71,2,50,63.49,0,0,0,0,0,0,0,10.62,5.19,0.553,-7.71,3,20.67,9.87,0.758,0.653,4.95,0
DIA,1h,200,2,dip,0.47,0.34,0.088,-17.02,23,82.61,24.08,-0.68,-1.14,-0.214,-4.45,8,87.5,16.56,-2.56,-1.29,-0.056,-17.02,31,20.67,9.87,0.758,0.653,4.95,0
DIA,1h,200,3,dip,-0.36,-0.26,0.038,-17.37,16,87.5,24.2,-0.79,-1.34,-0.255,-4.45,7,85.71,16.75,-3.47,-1.76,-0.098,-17.37,23,20.67,9.87,0.758,0.653,4.95,0
DIA,1h,200,4,dip,0.73,0.52,0.103,-16.97,15,86.67,24.28,-0.96,-1.61,-0.32,-4.45,7,71.43,16.36,-2.45,-1.24,-0.052,-16.97,22,20.67,9.87,0.758,0.653,4.95,0
DIA,1h,200,5,dip,1.38,0.98,0.141,-16.88,16,87.5,24.36,-0.59,-1,-0.19,-4.52,7,71.43,16.08,-1.84,-0.93,-0.024,-16.88,23,20.67,9.87,0.758,0.653,4.95,0
DIA,1h,200,7,dip,1.17,0.83,0.129,-16.38,14,85.71,24.16,0.24,0.41,0.11,-4.51,6,83.33,15.89,-1.22,-0.61,0.003,-16.38,20,20.67,9.87,0.758,0.653,4.95,0
DIA,1h,200,9,dip,-0.41,-0.29,0.035,-16.69,13,76.92,24.04,-0.92,-1.55,-0.327,-4.45,5,80,15.12,-3.29,-1.66,-0.09,-16.69,18,20.67,9.87,0.758,0.653,4.95,0
DIA,1h,200,12,dip,-0.57,-0.41,0.025,-16.59,11,72.73,23.75,-0.97,-1.64,-0.345,-4.48,4,75,14.74,-3.99,-2.02,-0.123,-16.59,15,20.67,9.87,0.758,0.653,4.95,0
DIA,1h,200,15,dip,0.75,0.53,0.104,-15.95,9,66.67,23.67,-0.69,-1.16,-0.239,-4.5,4,75,14.55,-2.32,-1.17,-0.047,-15.95,13,20.67,9.87,0.758,0.653,4.95,0
DIA,1h,200,20,dip,0.94,0.67,0.115,-15.24,9,66.67,22.89,-1.37,-2.31,-0.512,-4.45,3,66.67,13.78,-2.87,-1.45,-0.073,-15.24,12,20.67,9.87,0.758,0.653,4.95,0
DIA,1h,200,25,dip,-0.66,-0.47,0.018,-15.24,6,50,22.31,-1.3,-2.18,-0.504,-4.08,3,66.67,13.21,-4.22,-2.14,-0.137,-15.24,9,20.67,9.87,0.758,0.653,4.95,0
DIA,1h,200,30,dip,-1.36,-0.97,-0.025,-15.24,6,50,22.11,-2.52,-4.23,-1.086,-4.08,2,50,11.77,-5.32,-2.7,-0.188,-15.24,8,20.67,9.87,0.758,0.653,4.95,0
DIA,1h,200,40,dip,-1.64,-1.17,-0.042,-15.24,4,75,21.45,-2.98,-4.99,-1.316,-4.08,1,0,11.29,-5.94,-3.02,-0.218,-15.24,5,20.67,9.87,0.758,0.653,4.95,0
DIA,1h,200,50,dip,0.32,0.23,0.078,-15.24,4,75,21.25,-2.97,-4.97,-1.312,-4.08,1,0,11.2,-4.64,-2.35,-0.157,-15.24,5,20.67,9.87,0.758,0.653,4.95,0
DIA,1h,200,60,dip,1.57,1.12,0.153,-15.24,3,66.67,21.16,-3.13,-5.23,-1.388,-4.08,1,0,11,-3.71,-1.88,-0.115,-15.24,5,20.67,9.87,0.758,0.653,4.95,0
DIA,1h,200,75,dip,0.83,0.59,0.108,-15.24,3,66.67,21.25,-2.6,-4.35,-1.161,-4.08,1,0,10.72,-1.06,-0.53,0.006,-15.24,5,20.67,9.87,0.758,0.653,4.95,0
DIA,1h,200,100,dip,0.75,0.54,0.104,-15.24,3,66.67,20.88,-2.27,-3.8,-1.01,-4.08,1,0,10.33,-1.92,-0.97,-0.036,-15.24,5,20.67,9.87,0.758,0.653,4.95,0
DIA,1h,200,125,dip,1.47,1.04,0.148,-15.24,2,50,19.85,-3.09,-5.17,-1.493,-3.83,1,0,9.47,-1.5,-0.75,-0.016,-15.24,4,20.67,9.87,0.758,0.653,4.95,0
DIA,1h,200,150,dip,0.73,0.52,0.102,-14.55,2,50,19.24,-2.28,-3.82,-1.179,-3.12,1,0,8.61,2.24,1.12,0.157,-14.55,4,20.67,9.87,0.758,0.653,4.95,0
DIA,1h,200,250,trend,9.04,6.35,0.695,-8.31,2,50,63.21,0,0,0,0,0,0,0,9.66,4.73,0.51,-8.31,3,20.67,9.87,0.758,0.653,4.95,0
DIA,1h,200,300,trend,11.21,7.85,0.839,-7.19,2,50,63.62,0,0,0,0,0,0,0,12.14,5.91,0.617,-7.53,3,20.67,9.87,0.758,0.653,4.95,0
DIA,1h,250,2,dip,-3.44,-2.46,-0.152,-15.94,12,83.33,22.11,-1.3,-2.19,-0.474,-4.45,6,83.33,14.07,-6.93,-3.54,-0.262,-15.94,18,20.67,9.87,0.758,0.653,4.95,0
DIA,1h,250,3,dip,-3.12,-2.23,-0.132,-15.96,12,83.33,22.11,-2.06,-3.46,-0.805,-4.51,6,83.33,13.97,-7.39,-3.77,-0.283,-15.96,18,20.67,9.87,0.758,0.653,4.95,0
DIA,1h,250,4,dip,-3.36,-2.4,-0.147,-16.02,8,62.5,22.03,-2.67,-4.48,-1.059,-4.57,4,75,13.88,-8.38,-4.29,-0.332,-16.02,12,20.67,9.87,0.758,0.653,4.95,0
DIA,1h,250,5,dip,-3.34,-2.39,-0.146,-16.02,8,62.5,21.94,-2.36,-3.95,-0.933,-4.49,4,75,13.59,-7.92,-4.05,-0.31,-16.02,12,20.67,9.87,0.758,0.653,4.95,0
DIA,1h,250,7,dip,-3.36,-2.4,-0.148,-16.1,7,71.43,21.82,-2.04,-3.42,-0.814,-4.54,4,75,13.11,-7.53,-3.84,-0.293,-16.1,11,20.67,9.87,0.758,0.653,4.95,0
DIA,1h,250,9,dip,-2.63,-1.88,-0.103,-16,7,71.43,21.82,-2.23,-3.74,-0.893,-4.42,3,66.67,12.63,-6.92,-3.53,-0.264,-16,10,20.67,9.87,0.758,0.653,4.95,0
DIA,1h,250,12,dip,-2.11,-1.51,-0.071,-15.48,6,66.67,21.82,-2.58,-4.32,-1.097,-4.08,3,66.67,12.06,-6.93,-3.53,-0.266,-15.48,8,20.67,9.87,0.758,0.653,4.95,0
DIA,1h,250,15,dip,-1.85,-1.32,-0.055,-15.24,5,60,21.62,-3.16,-5.28,-1.393,-4.08,1,0,11.39,-7.23,-3.69,-0.28,-15.24,6,20.67,9.87,0.758,0.653,4.95,0
DIA,1h,250,20,dip,-1.84,-1.31,-0.054,-15.24,5,80,21.25,-2.98,-4.99,-1.316,-4.08,1,0,11.29,-6.87,-3.5,-0.263,-15.24,6,20.67,9.87,0.758,0.653,4.95,0
DIA,1h,250,25,dip,-2.68,-1.91,-0.106,-15.24,4,50,21.08,-2.97,-4.97,-1.312,-4.08,1,0,11.2,-6.85,-3.49,-0.262,-15.24,5,20.67,9.87,0.758,0.653,4.95,0
DIA,1h,250,30,dip,-1.52,-1.08,-0.034,-15.24,3,66.67,21.04,-2.97,-4.97,-1.312,-4.08,1,0,11.2,-5.87,-2.98,-0.215,-15.24,5,20.67,9.87,0.758,0.653,4.95,0
DIA,1h,250,40,dip,0.25,0.18,0.073,-15.24,3,66.67,21.04,-3.13,-5.23,-1.388,-4.08,1,0,10.91,-4.55,-2.3,-0.154,-15.24,5,20.67,9.87,0.758,0.653,4.95,0
DIA,1h,250,50,dip,-0.02,-0.01,0.057,-15.24,3,66.67,21.21,-2.6,-4.35,-1.161,-4.08,1,0,10.72,-2.4,-1.21,-0.057,-15.24,5,20.67,9.87,0.758,0.653,4.95,0
DIA,1h,250,60,dip,1.85,1.31,0.171,-15.24,3,66.67,21.16,-2.39,-4.01,-1.069,-4.08,1,0,10.53,-0.03,-0.02,0.053,-15.24,5,20.67,9.87,0.758,0.653,4.95,0
DIA,1h,250,75,dip,-0.14,-0.1,0.048,-15.24,3,66.67,20.8,-2.26,-3.8,-1.01,-4.08,1,0,10.24,-2.31,-1.16,-0.054,-15.24,5,20.67,9.87,0.758,0.653,4.95,0
DIA,1h,250,100,dip,1.05,0.74,0.122,-15.24,2,50,19.69,-3.24,-5.42,-1.58,-3.83,1,0,9.09,-0.99,-0.5,0.008,-15.24,4,20.67,9.87,0.758,0.653,4.95,0
DIA,1h,250,125,dip,1.44,1.02,0.146,-13.87,2,50,19.03,-2.42,-4.06,-1.257,-3.12,1,0,8.23,2.62,1.31,0.174,-13.87,4,20.67,9.87,0.758,0.653,4.95,0
DIA,1h,250,150,dip,3.45,2.44,0.271,-13.68,2,50,18.95,-0.95,-1.6,-0.599,-2.82,1,0,7.56,6.76,3.33,0.364,-13.68,4,20.67,9.87,0.758,0.653,4.95,0
DIA,1h,250,200,dip,4.75,3.36,0.352,-13.68,2,100,18.46,-1.5,-2.52,-1.088,-2.82,1,0,6.22,8.1,3.98,0.427,-13.68,4,20.67,9.87,0.758,0.653,4.95,0
DIA,1h,250,300,trend,15.66,10.91,1.249,-5.25,1,100,53.53,0,0,0,0,0,0,0,15.71,7.58,0.811,-7.94,2,20.67,9.87,0.758,0.653,4.95,0
DIA,1h,300,2,dip,-3.2,-2.29,-0.138,-15.43,11,81.82,21.29,-3.32,-5.55,-1.402,-4.45,3,33.33,12.34,-8.61,-4.41,-0.346,-15.43,14,20.67,9.87,0.758,0.653,4.95,0
DIA,1h,300,3,dip,-3.21,-2.29,-0.138,-15.28,10,70,21.33,-3.25,-5.44,-1.373,-4.48,2,50,12.06,-8.79,-4.51,-0.354,-15.28,12,20.67,9.87,0.758,0.653,4.95,0
DIA,1h,300,4,dip,-2.03,-1.45,-0.066,-15.29,10,80,21.08,-3.22,-5.39,-1.36,-4.45,2,50,11.87,-7.39,-3.77,-0.288,-15.29,12,20.67,9.87,0.758,0.653,4.95,0
DIA,1h,300,5,dip,-1.96,-1.4,-0.061,-15.24,9,77.78,21.12,-2.68,-4.49,-1.146,-4.08,2,50,11.67,-6.81,-3.47,-0.259,-15.24,11,20.67,9.87,0.758,0.653,4.95,0
DIA,1h,300,7,dip,-1.82,-1.3,-0.053,-15.24,7,71.43,20.8,-3.16,-5.28,-1.393,-4.08,1,0,11.39,-7.17,-3.66,-0.277,-15.24,8,20.67,9.87,0.758,0.653,4.95,0
DIA,1h,300,9,dip,-3.58,-2.56,-0.163,-15.24,5,60,20.75,-3.16,-5.28,-1.393,-4.08,1,0,11.39,-8.9,-4.56,-0.362,-15.24,6,20.67,9.87,0.758,0.653,4.95,0
DIA,1h,300,12,dip,-1.41,-1,-0.028,-15.24,5,80,20.67,-2.98,-4.99,-1.316,-4.08,1,0,11.29,-6.64,-3.38,-0.253,-15.24,6,20.67,9.87,0.758,0.653,4.95,0
DIA,1h,300,15,dip,-2.02,-1.44,-0.067,-15.24,3,66.67,20.67,-2.97,-4.97,-1.312,-4.08,1,0,11.2,-6.15,-3.13,-0.23,-15.24,5,20.67,9.87,0.758,0.653,4.95,0
DIA,1h,300,20,dip,-1.66,-1.18,-0.044,-15.24,3,66.67,20.75,-3.13,-5.23,-1.388,-4.08,1,0,11,-5.8,-2.95,-0.214,-15.24,5,20.67,9.87,0.758,0.653,4.95,0
DIA,1h,300,25,dip,-0.01,0,0.058,-15.24,3,66.67,20.75,-3.13,-5.23,-1.388,-4.08,1,0,10.91,-4.69,-2.38,-0.161,-15.24,5,20.67,9.87,0.758,0.653,4.95,0
DIA,1h,300,30,dip,-0.6,-0.43,0.021,-15.24,3,66.67,20.75,-2.6,-4.35,-1.161,-4.08,1,0,10.72,-2.39,-1.21,-0.056,-15.24,5,20.67,9.87,0.758,0.653,4.95,0
DIA,1h,300,40,dip,1.68,1.19,0.16,-15.24,3,66.67,21.04,-2.39,-4.01,-1.069,-4.08,1,0,10.53,-0.91,-0.46,0.012,-15.24,5,20.67,9.87,0.758,0.653,4.95,0
DIA,1h,300,50,dip,2.09,1.48,0.185,-15.24,3,66.67,20.88,-2.26,-3.8,-1.01,-4.08,1,0,10.24,-0.16,-0.08,0.047,-15.24,5,20.67,9.87,0.758,0.653,4.95,0
DIA,1h,300,60,dip,2.19,1.55,0.191,-15.24,3,66.67,20.43,-3.34,-5.59,-1.599,-4.08,1,0,9.86,-1.69,-0.85,-0.024,-15.24,5,20.67,9.87,0.758,0.653,4.95,0
DIA,1h,300,75,dip,0.48,0.34,0.087,-15.24,2,50,19.48,-3.14,-5.26,-1.533,-3.73,1,0,8.9,-1.75,-0.88,-0.028,-15.24,4,20.67,9.87,0.758,0.653,4.95,0
DIA,1h,300,100,dip,1.63,1.16,0.158,-13.87,2,50,18.58,-2.21,-3.71,-1.155,-3.12,1,0,8.04,3.35,1.67,0.208,-13.87,4,20.67,9.87,0.758,0.653,4.95,0
DIA,1h,300,125,dip,2.63,1.86,0.221,-13.68,2,50,18.5,-1.83,-3.07,-1.233,-2.82,1,0,7.27,4.63,2.29,0.268,-13.68,4,20.67,9.87,0.758,0.653,4.95,0
DIA,1h,300,150,dip,3.85,2.73,0.297,-13.68,2,100,18.17,-1.23,-2.07,-0.88,-2.82,1,0,6.51,7.16,3.52,0.385,-13.68,4,20.67,9.87,0.758,0.653,4.95,0
DIA,1h,300,200,dip,4.7,3.33,0.353,-13.18,2,50,16.86,-1.34,-2.25,-1.098,-2.34,1,0,4.59,7.75,3.81,0.417,-13.18,4,20.67,9.87,0.758,0.653,4.95,0
DIA,1h,300,250,dip,-0.22,-0.15,0.04,-12.88,1,0,16,-1.66,-2.79,-1.707,-2.34,1,0,3.06,3.52,1.75,0.222,-12.88,3,20.67,9.87,0.758,0.653,4.95,0
AAPL,1d,2,3,trend,310.86,4.51,0.298,-91.53,961,34.34,52.41,141.36,6.61,0.424,-45.85,394,42.39,58.22,891.64,5.14,0.317,-91.53,1355,353307.14,19.53,0.576,0.926,2008.33,0
AAPL,1d,2,4,trend,135.84,2.72,0.245,-93.45,851,33.73,52.3,174.1,7.6,0.473,-43.12,343,44.31,58.45,546.42,4.16,0.285,-93.45,1194,353307.14,19.53,0.576,0.926,2008.33,0
AAPL,1d,2,5,trend,899.16,7.45,0.382,-83.03,755,32.72,52.35,324.04,11.06,0.648,-38.36,292,46.23,58.82,3946.07,8.41,0.422,-83.03,1048,353307.14,19.53,0.576,0.926,2008.33,0
AAPL,1d,2,7,trend,2993.43,11.31,0.489,-69.37,624,33.65,53.35,506.55,13.99,0.791,-32.24,240,44.17,59.54,17818.48,11.99,0.531,-69.37,865,353307.14,19.53,0.576,0.926,2008.33,0
AAPL,1d,2,9,trend,3417.32,11.76,0.501,-74.73,540,32.41,53.85,932.53,18.48,1.003,-30.92,210,42.38,60.21,34582.26,13.62,0.581,-74.73,751,353307.14,19.53,0.576,0.926,2008.33,1
AAPL,1d,2,12,trend,10582.72,15.7,0.608,-75.56,451,32.37,54.36,999.74,19.02,1.02,-30.52,179,44.13,61.05,114225.84,16.62,0.671,-75.56,630,353307.14,19.53,0.576,0.926,2008.33,1
AAPL,1d,2,15,trend,25654.87,18.93,0.693,-76.52,405,33.83,54.59,1083.14,19.66,1.056,-32.41,153,45.75,61.33,294053.11,19.05,0.743,-76.52,559,353307.14,19.53,0.576,0.926,2008.33,1
AAPL,1d,2,20,trend,21263.57,18.24,0.675,-76.9,355,32.96,55.57,1115.18,19.89,1.055,-26.59,136,44.12,62.29,247092.9,18.6,0.729,-76.9,492,353307.14,19.53,0.576,0.926,2008.33,1
AAPL,1d,2,25,trend,19922.35,18,0.666,-76.1,320,31.87,56.32,1248.81,20.8,1.106,-26.44,120,42.5,62.81,257049.1,18.7,0.729,-76.1,441,353307.14,19.53,0.576,0.926,2008.33,1
AAPL,1d,2,30,trend,44110.57,20.95,0.739,-64.49,277,31.05,56.71,1160.3,20.21,1.068,-23.49,111,45.05,64.16,557084.7,20.72,0.784,-64.49,388,353307.14,19.53,0.576,0.926,2008.33,1
AAPL,1d,2,40,trend,33517.21,19.92,0.712,-64.71,234,30.34,57.6,985.81,18.91,0.994,-23.32,98,41.84,65.98,364919.72,19.61,0.751,-64.71,332,353307.14,19.53,0.576,0.926,2008.33,1
AAPL,1d,2,50,trend,43172.07,20.87,0.735,-62.63,202,32.67,58.33,668.71,15.97,0.86,-32.36,94,41.49,66.73,330530,19.35,0.742,-62.63,296,353307.14,19.53,0.576,0.926,2008.33,0
AAPL,1d,2,60,trend,26068.1,18.99,0.687,-73.46,186,28.49,58.86,592.71,15.09,0.808,-24.95,77,41.56,68,177521.43,17.75,0.695,-73.46,263,353307.14,19.53,0.576,0.926,2008.33,0
AAPL,1d,2,75,trend,14890.88,16.93,0.634,-78.39,178,23.03,59.15,488.43,13.74,0.739,-33.4,76,36.84,69.07,89924.51,16.01,0.643,-78.39,254,353307.14,19.53,0.576,0.926,2008.33,0
AAPL,1d,2,100,trend,20778.32,18.15,0.663,-72.75,137,22.63,59.5,678.42,16.07,0.823,-31.9,61,29.51,72.37,157124.5,17.43,0.68,-72.75,198,353307.14,19.53,0.576,0.926,2008.33,0
AAPL,1d,2,125,trend,46921.47,21.18,0.739,-73.35,107,26.17,59.91,1060.26,19.49,0.939,-24.25,49,40.82,74.04,539437.84,20.64,0.767,-73.35,156,353307.14,19.53,0.576,0.926,2008.33,1
AAPL,1d,2,150,trend,47199.52,21.21,0.739,-72.92,88,25,59.93,1161.55,20.21,0.959,-34.08,36,47.22,74.56,565490.66,20.76,0.77,-72.92,125,353307.14,19.53,0.576,0.926,2008.33,1
AAPL,1d,2,200,trend,35361.3,20.12,0.709,-78.44,87,24.14,60.63,571.44,14.83,0.762,-32.86,27,48.15,63.33,388996.77,19.78,0.737,-78.44,119,353307.14,19.53,0.576,0.926,2008.33,0
AAPL,1d,2,250,trend,10423.26,15.65,0.598,-85.51,81,19.75,61.14,480.64,13.63,0.697,-31.39,24,33.33,64.8,88876.51,15.98,0.63,-85.51,108,353307.14,19.53,0.576,0.926,2008.33,0
AAPL,1d,2,300,trend,7638.8,14.54,0.569,-85.96,69,23.19,61.3,496.58,13.85,0.694,-37.67,26,30.77,66.19,54312.07,14.74,0.593,-85.96,98,353307.14,19.53,0.576,0.926,2008.33,0
AAPL,1d,3,2,dip,1090.76,8.04,0.401,-70.99,961,64.52,47.51,410.62,12.57,0.678,-28.87,394,70.05,41.64,6384.12,9.54,0.449,-70.99,1355,353307.14,19.53,0.576,0.926,2008.33,0
AAPL,1d,3,4,trend,562,6.08,0.343,-86.73,708,33.19,52.65,359.41,11.71,0.685,-35.56,269,46.47,59.23,2941.3,7.74,0.4,-86.73,977,353307.14,19.53,0.576,0.926,2008.33,0
AAPL,1d,3,5,trend,2196.51,10.28,0.46,-69.28,625,34.24,53.02,560.01,14.69,0.814,-33.38,237,46.41,59.66,14374.79,11.47,0.515,-69.28,863,353307.14,19.53,0.576,0.926,2008.33,0
AAPL,1d,3,7,trend,4200.6,12.46,0.52,-74.64,507,33.73,53.61,809.11,17.39,0.955,-29.43,194,44.85,59.98,37237.16,13.8,0.586,-74.64,702,353307.14,19.53,0.576,0.926,2008.33,1
AAPL,1d,3,9,trend,7574.74,14.52,0.576,-73.18,432,33.33,53.74,1226.43,20.65,1.1,-30.8,170,46.47,60.5,98965.64,16.25,0.661,-73.18,602,353307.14,19.53,0.576,0.926,2008.33,1
AAPL,1d,3,12,trend,12927.58,16.42,0.627,-75.84,387,34.11,54.44,1074.33,19.59,1.051,-32.16,149,45.64,60.96,147583.66,17.27,0.69,-75.84,537,353307.14,19.53,0.576,0.926,2008.33,1
AAPL,1d,3,15,trend,21842.4,18.33,0.68,-70,338,34.32,54.76,1205.6,20.51,1.083,-32.82,128,49.22,61.77,276449.45,18.89,0.74,-70,467,353307.14,19.53,0.576,0.926,2008.33,1
AAPL,1d,3,20,trend,16613.72,17.33,0.65,-72.04,296,32.09,55.87,1364.88,21.53,1.13,-25.91,112,45.54,62.26,226910.7,18.38,0.721,-72.04,410,353307.14,19.53,0.576,0.926,2008.33,1
AAPL,1d,3,25,trend,53539.38,21.68,0.758,-48.33,250,36.4,56.09,1240.48,20.75,1.097,-25.53,98,43.88,63.12,698459.15,21.32,0.802,-48.33,349,353307.14,19.53,0.576,0.926,2008.33,1
AAPL,1d,3,30,trend,57507.8,21.95,0.762,-52.6,231,33.33,56.63,930.76,18.46,1,-26.56,93,41.94,64.25,593700.63,20.89,0.788,-52.6,324,353307.14,19.53,0.576,0.926,2008.33,1
AAPL,1d,3,40,trend,24651.91,18.78,0.682,-56.14,195,33.33,57.59,718.06,16.49,0.896,-25.82,84,41.67,65.93,202711.61,18.09,0.707,-56.14,279,353307.14,19.53,0.576,0.926,2008.33,0
AAPL,1d,3,50,trend,41668.88,20.74,0.731,-57.65,164,33.54,58.44,457.56,13.29,0.741,-32.36,72,41.67,66.91,235922.2,18.48,0.717,-57.65,236,353307.14,19.53,0.576,0.926,2008.33,0
AAPL,1d,3,60,trend,30123.68,19.52,0.698,-73.65,155,27.74,59.21,506.01,13.98,0.758,-29.65,65,43.08,68,179668.85,17.78,0.694,-73.65,220,353307.14,19.53,0.576,0.926,2008.33,0
AAPL,1d,3,75,trend,29937.71,19.5,0.695,-70.64,136,25.74,59.39,461.17,13.35,0.718,-32.34,62,40.32,69.45,178398.67,17.76,0.689,-70.64,198,353307.14,19.53,0.576,0.926,2008.33,0
AAPL,1d,3,100,trend,21060.57,18.2,0.664,-73.55,116,25,59.69,848.2,17.75,0.892,-30.65,51,35.29,72.54,188883.99,17.91,0.693,-73.55,169,353307.14,19.53,0.576,0.926,2008.33,0
AAPL,1d,3,125,trend,60691.21,22.16,0.762,-69.95,86,29.07,60.09,1278.26,20.99,0.993,-24.14,37,45.95,74.5,810188.09,21.71,0.796,-69.95,124,353307.14,19.53,0.576,0.926,2008.33,1
AAPL,1d,3,150,trend,45074.54,21.03,0.735,-75.36,75,25.33,60.07,1254.29,20.84,0.996,-29.1,27,44.44,72.08,617747.58,21,0.776,-75.36,104,353307.14,19.53,0.576,0.926,2008.33,1
AAPL,1d,3,200,trend,35098.33,20.09,0.708,-80.89,74,22.97,60.59,638.06,15.62,0.794,-26.94,21,42.86,63.36,404766.48,19.88,0.74,-80.89,98,353307.14,19.53,0.576,0.926,2008.33,0
AAPL,1d,3,250,trend,11183.72,15.9,0.604,-84.67,63,19.05,61.2,441.66,13.05,0.672,-36.58,21,38.1,64.89,91733.54,16.06,0.632,-84.67,86,353307.14,19.53,0.576,0.926,2008.33,0
AAPL,1d,3,300,trend,6469.52,13.96,0.554,-87.83,56,21.43,61.34,492.2,13.79,0.693,-37.71,23,34.78,66.13,49981.15,14.54,0.587,-87.83,81,353307.14,19.53,0.576,0.926,2008.33,0
AAPL,1d,4,2,dip,2267.25,10.39,0.461,-65.02,851,66.98,47.62,378.01,12.03,0.648,-27.77,343,70.55,41.41,11967.25,11.03,0.491,-65.02,1194,353307.14,19.53,0.576,0.926,2008.33,0
AAPL,1d,4,3,dip,901.16,7.46,0.387,-75.31,708,67.66,47.28,211.69,8.61,0.497,-30.04,269,70.26,40.63,3227.76,7.95,0.404,-75.31,977,353307.14,19.53,0.576,0.926,2008.33,0
AAPL,1d,4,5,trend,4515.92,12.71,0.525,-64.72,521,35.51,53.59,625.97,15.49,0.86,-31.28,203,43.84,59.57,31901.76,13.42,0.572,-64.72,725,353307.14,19.53,0.576,0.926,2008.33,0
AAPL,1d,4,7,trend,7762.68,14.6,0.579,-71.66,430,33.95,53.75,1031.22,19.27,1.038,-29.26,169,46.15,60.32,88525.47,15.97,0.652,-71.66,598,353307.14,19.53,0.576,0.926,2008.33,1
AAPL,1d,4,9,trend,9454.88,15.3,0.598,-73.98,384,35.68,54.02,1057.72,19.47,1.042,-32.1,150,47.33,60.76,105330.07,16.41,0.666,-73.98,535,353307.14,19.53,0.576,0.926,2008.33,1
AAPL,1d,4,12,trend,16320.73,17.27,0.65,-71.24,325,35.38,54.55,1536.07,22.51,1.176,-30.94,126,50,61.25,255953.37,18.69,0.732,-71.24,452,353307.14,19.53,0.576,0.926,2008.33,1
AAPL,1d,4,15,trend,23296.01,18.57,0.685,-71.02,293,34.47,54.9,1155.99,20.18,1.072,-28.38,113,47.79,61.74,283565.2,18.96,0.741,-71.02,407,353307.14,19.53,0.576,0.926,2008.33,1
AAPL,1d,4,20,trend,35886.55,20.18,0.72,-58.06,259,35.14,55.95,1234.69,20.71,1.101,-28.24,93,44.09,62.6,466534.91,20.26,0.773,-58.06,353,353307.14,19.53,0.576,0.926,2008.33,1
AAPL,1d,4,25,trend,70076.14,22.71,0.782,-47.21,215,37.21,56.23,981.13,18.87,1.021,-27.8,84,41.67,63.38,758597.18,21.54,0.807,-47.21,299,353307.14,19.53,0.576,0.926,2008.33,1
AAPL,1d,4,30,trend,34473.35,20.03,0.716,-55.46,203,33.99,56.72,939.33,18.53,1.004,-25.01,78,42.31,64.28,362710.13,19.6,0.754,-55.46,281,353307.14,19.53,0.576,0.926,2008.33,1
AAPL,1d,4,40,trend,28337.79,19.3,0.694,-60.22,165,35.15,57.8,701.05,16.31,0.888,-24.61,73,43.84,65.69,227702.1,18.39,0.715,-60.22,238,353307.14,19.53,0.576,0.926,2008.33,0
AAPL,1d,4,50,trend,28157.15,19.27,0.693,-61.4,146,32.19,58.75,434.38,12.94,0.724,-33.11,67,43.28,67.05,150900.26,17.33,0.682,-61.4,213,353307.14,19.53,0.576,0.926,2008.33,0
AAPL,1d,4,60,trend,26373.34,19.03,0.682,-70.18,137,29.93,59.38,498.53,13.88,0.753,-28.05,60,43.33,68.18,155194.23,17.4,0.679,-70.18,197,353307.14,19.53,0.576,0.926,2008.33,0
AAPL,1d,4,75,trend,20555.48,18.11,0.66,-69.72,126,23.02,59.5,532.94,14.34,0.758,-32.09,53,39.62,69.79,135579.62,17.06,0.669,-69.72,179,353307.14,19.53,0.576,0.926,2008.33,0
AAPL,1d,4,100,trend,22382.6,18.42,0.669,-77.87,103,25.24,59.75,806.24,17.36,0.867,-31.95,43,37.21,72.6,203646.74,18.1,0.697,-77.87,146,353307.14,19.53,0.576,0.926,2008.33,0
AAPL,1d,4,125,trend,41569.78,20.73,0.727,-72.51,75,30.67,60,956.42,18.68,0.9,-24.14,36,41.67,74.59,434515.18,20.07,0.751,-72.51,111,353307.14,19.53,0.576,0.926,2008.33,0
AAPL,1d,4,150,trend,52287.16,21.59,0.747,-74.5,65,27.69,60.17,927.5,18.44,0.902,-29.86,28,42.86,72.13,570412.3,20.78,0.768,-74.5,95,353307.14,19.53,0.576,0.926,2008.33,0
AAPL,1d,4,200,trend,16594.84,17.33,0.635,-85.73,60,26.67,60.71,682.34,16.11,0.813,-25.98,18,44.44,63.3,193677.35,17.97,0.681,-85.73,81,353307.14,19.53,0.576,0.926,2008.33,0
AAPL,1d,4,250,trend,12417.27,16.28,0.613,-84.2,51,23.53,61.19,468.02,13.45,0.688,-35.93,18,38.89,64.94,106069.74,16.43,0.641,-84.2,71,353307.14,19.53,0.576,0.926,2008.33,0
AAPL,1d,4,300,trend,5951.21,13.67,0.547,-89.03,50,24,61.41,549.87,14.56,0.723,-35.24,20,35,66.1,49224.3,14.5,0.586,-89.03,72,353307.14,19.53,0.576,0.926,2008.33,0
AAPL,1d,5,2,dip,526.95,5.9,0.347,-75.31,755,66.62,47.57,243.56,9.38,0.532,-31.52,293,72.01,40.92,2197.04,7.08,0.379,-75.31,1048,353307.14,19.53,0.576,0.926,2008.33,0
AAPL,1d,5,3,dip,218.81,3.69,0.288,-78.84,625,69.28,46.91,135.79,6.43,0.405,-27.78,238,70.17,40.08,701.67,4.65,0.308,-78.84,863,353307.14,19.53,0.576,0.926,2008.33,0
AAPL,1d,5,4,dip,79.7,1.85,0.237,-79.71,521,69.29,46.34,123.57,6.02,0.386,-32.92,204,70.59,40.11,327.91,3.22,0.265,-79.71,725,353307.14,19.53,0.576,0.926,2008.33,0
AAPL,1d,5,7,trend,6510.08,13.98,0.562,-69.98,390,34.87,53.81,915.22,18.33,0.995,-28.26,153,48.37,60.41,63859.33,15.15,0.628,-69.98,544,353307.14,19.53,0.576,0.926,2008.33,1
AAPL,1d,5,9,trend,13074.2,16.46,0.628,-70.21,346,36.71,54.07,1331,21.32,1.125,-32.01,130,48.46,61.07,179580.1,17.78,0.705,-70.21,477,353307.14,19.53,0.576,0.926,2008.33,1
AAPL,1d,5,12,trend,13379.92,16.55,0.632,-77.46,290,34.83,54.55,1312.21,21.2,1.115,-29.59,115,46.96,61.62,181336.09,17.8,0.708,-77.46,406,353307.14,19.53,0.576,0.926,2008.33,1
AAPL,1d,5,15,trend,25240.78,18.87,0.69,-62.8,265,35.09,55.04,931.12,18.47,1.004,-29.87,100,41,62.06,245518.58,18.58,0.728,-62.8,367,353307.14,19.53,0.576,0.926,2008.33,1
AAPL,1d,5,20,trend,30328.18,19.55,0.705,-54.41,232,35.78,55.66,855.73,17.81,0.975,-30.46,88,42.05,62.78,290709.79,19.02,0.738,-54.41,320,353307.14,19.53,0.576,0.926,2008.33,1
AAPL,1d,5,25,trend,45134.56,21.04,0.743,-51.49,199,36.68,56.11,949.32,18.62,1.004,-26.77,76,42.11,63.62,467083.96,20.26,0.774,-51.49,275,353307.14,19.53,0.576,0.926,2008.33,1
AAPL,1d,5,30,trend,37794.77,20.37,0.723,-51.6,178,35.39,56.94,701.26,16.32,0.9,-26.18,77,41.56,64.28,300244.2,19.1,0.737,-51.6,255,353307.14,19.53,0.576,0.926,2008.33,0
AAPL,1d,5,40,trend,36371.3,20.23,0.717,-63.58,152,33.55,57.95,529.44,14.29,0.792,-26.06,63,46.03,65.72,225033.51,18.36,0.713,-63.58,215,353307.14,19.53,0.576,0.926,2008.33,0
AAPL,1d,5,50,trend,36461.89,20.24,0.714,-57.61,132,34.85,58.97,486.51,13.71,0.758,-28.54,61,42.62,66.97,214338.67,18.23,0.706,-57.61,193,353307.14,19.53,0.576,0.926,2008.33,0
AAPL,1d,5,60,trend,26908.23,19.1,0.682,-66.07,121,30.58,59.44,474.28,13.54,0.736,-36.35,56,42.86,68.61,152945.34,17.36,0.676,-66.07,178,353307.14,19.53,0.576,0.926,2008.33,0
AAPL,1d,5,75,trend,16916.77,17.4,0.641,-70.66,115,25.22,59.36,696.8,16.27,0.841,-31.23,46,41.3,70,134678.32,17.04,0.668,-70.66,161,353307.14,19.53,0.576,0.926,2008.33,0
AAPL,1d,5,100,trend,19667.23,17.95,0.657,-77.62,92,28.26,59.9,832.17,17.6,0.873,-31.23,39,38.46,72.57,182126.09,17.81,0.689,-77.62,131,353307.14,19.53,0.576,0.926,2008.33,0
AAPL,1d,5,125,trend,29579.07,19.46,0.694,-79.47,69,30.43,60.02,1015.65,19.15,0.917,-24.14,28,50,74.88,314887.25,19.23,0.727,-79.47,97,353307.14,19.53,0.576,0.926,2008.33,0
AAPL,1d,5,150,trend,51062.51,21.5,0.746,-78.04,61,27.87,60.24,986.19,18.91,0.888,-29.08,26,46.15,76.15,537582.62,20.63,0.763,-78.04,87,353307.14,19.53,0.576,0.926,2008.33,0
AAPL,1d,5,200,trend,13233.08,16.51,0.619,-86.81,55,25.45,60.87,674.15,16.03,0.81,-25.98,16,43.75,63.33,158161.01,17.45,0.671,-86.81,73,353307.14,19.53,0.576,0.926,2008.33,0
AAPL,1d,5,250,trend,10894.14,15.81,0.6,-83.46,49,24.49,61.21,456.75,13.28,0.682,-35.93,17,41.18,64.86,92755.94,16.09,0.631,-83.46,66,353307.14,19.53,0.576,0.926,2008.33,0
AAPL,1d,5,300,trend,7104.32,14.29,0.562,-89.43,42,23.81,61.47,502.87,13.94,0.698,-36.39,16,37.5,66.13,54376.45,14.75,0.593,-89.43,60,353307.14,19.53,0.576,0.926,2008.33,0
AAPL,1d,7,2,dip,126.31,2.58,0.258,-83.88,625,68.8,46.45,155.97,7.06,0.431,-26.43,241,69.71,40.14,517,4.05,0.29,-83.88,866,353307.14,19.53,0.576,0.926,2008.33,0
AAPL,1d,7,3,dip,87.33,1.98,0.242,-76.77,508,70.08,46.19,80.47,4.38,0.31,-36.38,195,70.26,39.71,260.09,2.84,0.254,-76.77,703,353307.14,19.53,0.576,0.926,2008.33,0
AAPL,1d,7,4,dip,14.7,0.43,0.199,-81.64,431,69.84,46.04,49.46,2.96,0.244,-37.5,170,67.65,39.36,75.41,1.23,0.205,-81.64,599,353307.14,19.53,0.576,0.926,2008.33,0
AAPL,1d,7,5,dip,43.14,1.13,0.219,-82.44,391,69.31,45.98,80.07,4.36,0.309,-37.99,154,69.48,39.19,159.34,2.1,0.232,-82.44,545,353307.14,19.53,0.576,0.926,2008.33,0
AAPL,1d,7,9,trend,11601.07,16.03,0.618,-76.5,288,36.11,54.42,1189.69,20.41,1.08,-32.6,113,47.79,61.33,145394.72,17.23,0.69,-76.5,402,353307.14,19.53,0.576,0.926,2008.33,1
AAPL,1d,7,12,trend,19268.99,17.87,0.664,-64.08,252,36.51,54.74,925.74,18.42,1.003,-29.14,97,44.33,61.8,195585.83,18,0.711,-64.08,350,353307.14,19.53,0.576,0.926,2008.33,1
AAPL,1d,7,15,trend,23599.26,18.62,0.684,-60.73,229,34.93,55.17,1057.28,19.46,1.044,-31.86,86,41.86,62.14,266358.41,18.79,0.735,-60.73,316,353307.14,19.53,0.576,0.926,2008.33,1
AAPL,1d,7,20,trend,23875.42,18.66,0.682,-54.56,192,36.98,56.06,781.15,17.12,0.941,-29.56,75,41.33,63.24,211159.18,18.19,0.714,-54.56,267,353307.14,19.53,0.576,0.926,2008.33,1
AAPL,1d,7,25,trend,29726.92,19.47,0.702,-52.58,164,35.37,56.39,719.49,16.51,0.904,-28.93,69,42.03,64.08,244329.77,18.57,0.723,-52.58,233,353307.14,19.53,0.576,0.926,2008.33,0
AAPL,1d,7,30,trend,40197.49,20.6,0.729,-51.71,155,36.77,57.03,542.23,14.46,0.805,-30.05,71,46.48,65.26,259120.11,18.72,0.726,-51.71,226,353307.14,19.53,0.576,0.926,2008.33,0
AAPL,1d,7,40,trend,26545.97,19.05,0.687,-63.43,133,35.34,58.34,401.19,12.42,0.703,-28.72,59,42.37,65.98,133446.36,17.02,0.673,-63.43,192,353307.14,19.53,0.576,0.926,2008.33,0
AAPL,1d,7,50,trend,24941.12,18.82,0.675,-61.53,114,31.58,59.26,463.04,13.37,0.736,-30.07,54,46.3,67.08,139622.17,17.13,0.67,-61.53,169,353307.14,19.53,0.576,0.926,2008.33,0
AAPL,1d,7,60,trend,28782.74,19.35,0.687,-68.66,105,29.52,59.43,625.1,15.48,0.819,-27.32,46,45.65,68.9,212984.45,18.22,0.698,-68.66,151,353307.14,19.53,0.576,0.926,2008.33,0
AAPL,1d,7,75,trend,14487.93,16.83,0.627,-76.03,99,25.25,59.36,778.42,17.1,0.872,-25.87,42,47.62,70.46,132699.75,17,0.666,-76.03,141,353307.14,19.53,0.576,0.926,2008.33,0
AAPL,1d,7,100,trend,13705.88,16.63,0.623,-79.1,82,28.05,59.95,824.67,17.53,0.859,-27.98,32,40.63,73.12,127558.56,16.9,0.662,-79.1,114,353307.14,19.53,0.576,0.926,2008.33,0
AAPL,1d,7,125,trend,31414.08,19.68,0.7,-81.46,62,32.26,59.96,898.78,18.19,0.874,-30.08,26,50,74.99,298398.78,19.09,0.722,-81.46,89,353307.14,19.53,0.576,0.926,2008.33,0
AAPL,1d,7,150,trend,15952.23,17.18,0.633,-83.95,56,30.36,60.41,1048.65,19.4,0.904,-28.16,20,50,76.29,180339.75,17.79,0.678,-83.95,76,353307.14,19.53,0.576,0.926,2008.33,0
AAPL,1d,7,200,trend,10330.75,15.62,0.597,-88.01,46,26.09,60.97,704.45,16.35,0.822,-25.98,14,50,63.47,138186.31,17.1,0.662,-88.01,62,353307.14,19.53,0.576,0.926,2008.33,0
AAPL,1d,7,250,trend,13175.95,16.49,0.616,-84.53,40,27.5,61.31,533.99,14.35,0.723,-31.43,13,46.15,64.71,109378.02,16.51,0.641,-84.53,55,353307.14,19.53,0.576,0.926,2008.33,0
AAPL,1d,7,300,trend,7936.83,14.68,0.572,-90.02,35,22.86,61.44,528.37,14.28,0.708,-33.92,11,36.36,66.16,75238.22,15.56,0.614,-90.02,48,353307.14,19.53,0.576,0.926,2008.33,0
AAPL,1d,9,2,dip,124.69,2.56,0.258,-75.93,541,70.98,45.94,55.88,3.28,0.259,-33.38,211,70.62,39.47,273.04,2.92,0.256,-75.93,752,353307.14,19.53,0.576,0.926,2008.33,0
AAPL,1d,9,3,dip,17.23,0.5,0.202,-84.03,433,69.52,46.05,27.31,1.77,0.188,-37.75,171,69.59,39.19,56.18,0.98,0.197,-84.03,603,353307.14,19.53,0.576,0.926,2008.33,0
AAPL,1d,9,4,dip,-0.25,-0.01,0.187,-84.69,385,69.87,45.77,49.4,2.96,0.244,-42.28,151,70.2,38.93,59.04,1.02,0.198,-84.69,536,353307.14,19.53,0.576,0.926,2008.33,0
AAPL,1d,9,5,dip,-27.85,-1.01,0.16,-85.9,347,70.32,45.71,25.6,1.67,0.184,-46.1,131,70.23,38.58,-4.66,-0.1,0.165,-85.9,478,353307.14,19.53,0.576,0.926,2008.33,0
AAPL,1d,9,7,dip,-9.35,-0.31,0.181,-89.61,289,70.59,45.32,53.84,3.18,0.255,-46.55,112,68.75,37.71,34.17,0.64,0.188,-89.61,402,353307.14,19.53,0.576,0.926,2008.33,0
AAPL,1d,9,12,trend,38490.1,20.44,0.731,-59.04,219,36.07,55.09,968.61,18.77,1.014,-29.43,85,43.53,61.88,400538.97,19.86,0.765,-59.04,305,353307.14,19.53,0.576,0.926,2008.33,1
AAPL,1d,9,15,trend,23522.52,18.61,0.683,-61.64,196,36.73,55.51,792.58,17.23,0.945,-29.86,78,46.15,62.6,210750.79,18.19,0.716,-61.64,274,353307.14,19.53,0.576,0.926,2008.33,1
AAPL,1d,9,20,trend,39910.76,20.57,0.731,-50.66,155,38.71,55.97,815.48,17.45,0.953,-24.54,69,46.38,63.5,369738.32,19.65,0.756,-50.66,224,353307.14,19.53,0.576,0.926,2008.33,1
AAPL,1d,9,25,trend,33837.78,19.96,0.712,-54.53,147,37.41,56.63,478.55,13.6,0.767,-31.28,68,42.65,64.63,196245.39,18,0.705,-54.53,215,353307.14,19.53,0.576,0.926,2008.33,0
AAPL,1d,9,30,trend,40557.08,20.63,0.729,-60.96,136,38.97,57.4,362.68,11.77,0.676,-32.36,65,38.46,65.2,181922.02,17.81,0.698,-60.96,201,353307.14,19.53,0.576,0.926,2008.33,0
AAPL,1d,9,40,trend,22714.2,18.48,0.667,-57.46,120,36.67,58.74,445.17,13.11,0.73,-29.15,51,49.02,66.07,124275.23,16.83,0.663,-57.46,171,353307.14,19.53,0.576,0.926,2008.33,0
AAPL,1d,9,50,trend,32222.78,19.77,0.697,-67.13,101,32.67,59.34,570.63,14.82,0.795,-27.72,50,48,67.74,216665.45,18.26,0.699,-67.13,151,353307.14,19.53,0.576,0.926,2008.33,0
AAPL,1d,9,60,trend,24065.78,18.69,0.671,-65.7,97,30.93,59.5,802.95,17.33,0.895,-30.48,40,47.5,69.25,223829.55,18.34,0.702,-65.7,137,353307.14,19.53,0.576,0.926,2008.33,0
AAPL,1d,9,75,trend,18083.6,17.64,0.645,-72.7,85,29.41,59.68,786.74,17.18,0.867,-24.96,34,47.06,70.92,178717.56,17.76,0.684,-72.7,117,353307.14,19.53,0.576,0.926,2008.33,0
AAPL,1d,9,100,trend,7843.18,14.64,0.571,-81.26,65,33.85,60.07,740.16,16.72,0.824,-28.96,30,36.67,73.17,66523.8,15.25,0.611,-81.26,95,353307.14,19.53,0.576,0.926,2008.33,0
AAPL,1d,9,125,trend,18521.8,17.73,0.646,-77.26,54,33.33,60.1,889.28,18.11,0.857,-29.41,25,52,75.51,178269.98,17.76,0.677,-77.26,79,353307.14,19.53,0.576,0.926,2008.33,0
AAPL,1d,9,150,trend,15477.19,17.07,0.63,-83.19,51,27.45,60.35,781.22,17.12,0.811,-33.01,20,50,76.47,136512.5,17.07,0.658,-83.19,71,353307.14,19.53,0.576,0.926,2008.33,0
AAPL,1d,9,200,trend,6903.83,14.19,0.561,-89.27,44,25,60.99,610.32,15.3,0.775,-30.32,13,53.85,63.64,84628.59,15.86,0.626,-89.27,58,353307.14,19.53,0.576,0.926,2008.33,0
AAPL,1d,9,250,trend,14821.24,16.92,0.626,-83.74,34,26.47,61.34,581.04,14.95,0.744,-31.43,13,46.15,64.77,134000.25,17.03,0.654,-83.74,49,353307.14,19.53,0.576,0.926,2008.33,0
AAPL,1d,9,300,trend,11154.27,15.89,0.599,-83.73,32,28.13,61.58,482.41,13.65,0.682,-33.92,11,36.36,66.16,99751.89,16.27,0.631,-83.73,45,353307.14,19.53,0.576,0.926,2008.33,0
AAPL,1d,12,2,dip,-17.68,-0.61,0.171,-88.75,452,68.81,45.43,74.65,4.13,0.3,-35.05,179,69.83,38.38,30.86,0.59,0.186,-88.75,631,353307.14,19.53,0.576,0.926,2008.33,0
AAPL,1d,12,3,dip,-30.54,-1.13,0.157,-87.85,388,69.33,45.33,62.73,3.6,0.275,-40.86,149,71.14,38.12,7.93,0.17,0.173,-87.85,538,353307.14,19.53,0.576,0.926,2008.33,0
AAPL,1d,12,4,dip,-38.21,-1.49,0.147,-88.98,326,71.17,45.19,20.14,1.34,0.167,-51.09,125,69.6,37.83,-28.2,-0.72,0.146,-88.98,452,353307.14,19.53,0.576,0.926,2008.33,0
AAPL,1d,12,5,dip,-21.5,-0.75,0.169,-88.23,291,69.76,45.19,40.15,2.48,0.222,-43.97,114,69.3,37.42,7.07,0.15,0.173,-88.23,406,353307.14,19.53,0.576,0.926,2008.33,0
AAPL,1d,12,7,dip,-38.55,-1.51,0.146,-90.81,253,67.98,44.85,105.76,5.38,0.356,-44.49,96,75,36.56,14.1,0.29,0.177,-90.81,350,353307.14,19.53,0.576,0.926,2008.33,0
AAPL,1d,12,9,dip,-67.92,-3.49,0.09,-94.98,220,67.73,44.5,100.37,5.18,0.347,-42.47,84,75,36.47,-41.18,-1.15,0.132,-94.98,305,353307.14,19.53,0.576,0.926,2008.33,0
AAPL,1d,12,15,trend,28204.78,19.28,0.699,-51.64,159,42.14,55.68,910.08,18.29,0.997,-26.49,69,47.83,63.24,285800.64,18.98,0.738,-51.64,228,353307.14,19.53,0.576,0.926,2008.33,1
AAPL,1d,12,20,trend,23273.08,18.57,0.677,-51.86,142,37.32,56.46,537.49,14.4,0.805,-33.32,65,44.62,64.14,148901.86,17.3,0.685,-51.86,207,353307.14,19.53,0.576,0.926,2008.33,0
AAPL,1d,12,25,trend,39431.24,20.53,0.725,-51.94,126,38.89,57.12,386.17,12.17,0.695,-33.16,60,43.33,64.91,192090.98,17.95,0.702,-51.94,186,353307.14,19.53,0.576,0.926,2008.33,0
AAPL,1d,12,30,trend,21581.96,18.29,0.665,-56.44,117,40.17,57.92,389.25,12.22,0.692,-27.99,57,45.61,65.29,105979.57,16.43,0.654,-56.44,174,353307.14,19.53,0.576,0.926,2008.33,0
AAPL,1d,12,40,trend,29532.86,19.45,0.688,-65.25,103,30.1,59.18,565.34,14.76,0.794,-30.72,43,51.16,66.65,194544.2,17.98,0.691,-65.25,146,353307.14,19.53,0.576,0.926,2008.33,0
AAPL,1d,12,50,trend,14335.97,16.8,0.621,-77.77,89,33.71,59.38,716.21,16.47,0.858,-29.67,39,53.85,68.32,117727.28,16.7,0.65,-77.77,128,353307.14,19.53,0.576,0.926,2008.33,0
AAPL,1d,12,60,trend,10047.92,15.52,0.59,-79.96,83,32.53,59.62,658.55,15.85,0.818,-27.97,37,45.95,69.25,74163.72,15.53,0.618,-79.96,120,353307.14,19.53,0.576,0.926,2008.33,0
AAPL,1d,12,75,trend,8659.1,14.99,0.577,-77.7,78,34.62,59.93,664.1,15.92,0.814,-29.68,31,51.61,71.24,66088.39,15.24,0.61,-77.7,109,353307.14,19.53,0.576,0.926,2008.33,0
AAPL,1d,12,100,trend,6509.64,13.98,0.553,-83.23,59,35.59,60.24,725.98,16.57,0.806,-28.43,27,40.74,73.55,54148.52,14.74,0.595,-83.23,86,353307.14,19.53,0.576,0.926,2008.33,0
AAPL,1d,12,125,trend,9727.6,15.4,0.589,-84.04,47,34.04,60,762.55,16.94,0.809,-30.97,20,50,75.8,84064.49,15.84,0.625,-84.04,67,353307.14,19.53,0.576,0.926,2008.33,0
AAPL,1d,12,150,trend,10592.54,15.71,0.6,-88.03,42,38.1,60.3,1036.06,19.3,0.888,-34.55,15,53.33,76.93,119828.64,16.74,0.652,-88.03,57,353307.14,19.53,0.576,0.926,2008.33,0
AAPL,1d,12,200,trend,8045.93,14.73,0.574,-88.22,36,30.56,61.08,587.73,15.03,0.762,-31.43,10,60,63.59,95190.12,16.16,0.633,-88.22,47,353307.14,19.53,0.576,0.926,2008.33,0
AAPL,1d,12,250,trend,12242.03,16.23,0.607,-83.96,32,31.25,61.44,574.02,14.86,0.738,-31.43,9,55.56,64.89,117995.81,16.7,0.643,-83.96,42,353307.14,19.53,0.576,0.926,2008.33,0
AAPL,1d,12,300,trend,10746.15,15.76,0.595,-82.5,27,37.04,61.75,468.77,13.46,0.673,-35.53,12,41.67,66.3,93050.16,16.1,0.626,-82.5,40,353307.14,19.53,0.576,0.926,2008.33,0
AAPL,1d,15,2,dip,-65.61,-3.28,0.097,-92.53,406,69.7,45.19,60.75,3.51,0.27,-40.02,153,69.28,37.74,-47.22,-1.39,0.125,-92.53,560,353307.14,19.53,0.576,0.926,2008.33,0
AAPL,1d,15,3,dip,-54.48,-2.43,0.122,-90.76,339,71.68,44.98,50.2,3,0.246,-43.16,127,69.29,37.31,-34.71,-0.93,0.14,-90.76,467,353307.14,19.53,0.576,0.926,2008.33,0
AAPL,1d,15,4,dip,-55.84,-2.52,0.119,-91.02,294,69.39,44.83,57.97,3.38,0.264,-42.6,112,70.54,37.31,-32.97,-0.87,0.141,-91.02,407,353307.14,19.53,0.576,0.926,2008.33,0
AAPL,1d,15,5,dip,-53.77,-2.38,0.121,-91.93,266,69.55,44.55,103.95,5.31,0.354,-44.24,99,76.77,36.3,-10.94,-0.25,0.16,-91.93,367,353307.14,19.53,0.576,0.926,2008.33,0
AAPL,1d,15,7,dip,-48.38,-2.04,0.131,-93.6,230,68.7,44.42,84.8,4.56,0.319,-43.96,85,75.29,36.21,-12.73,-0.3,0.158,-93.6,316,353307.14,19.53,0.576,0.926,2008.33,0
AAPL,1d,15,9,dip,-46.12,-1.91,0.134,-93.34,197,68.02,44.08,143.01,6.66,0.415,-41.71,77,75.32,35.72,15.99,0.32,0.177,-93.34,274,353307.14,19.53,0.576,0.926,2008.33,0
AAPL,1d,15,12,dip,-49.92,-2.14,0.126,-92.98,160,68.13,43.9,120.55,5.91,0.381,-37.38,68,76.47,35.06,-3.69,-0.08,0.164,-92.98,228,353307.14,19.53,0.576,0.926,2008.33,0
AAPL,1d,15,20,trend,45246.75,21.05,0.738,-52.1,129,40.31,56.91,427.83,12.84,0.735,-33.03,60,41.67,64.65,239252.73,18.52,0.718,-52.1,189,353307.14,19.53,0.576,0.926,2008.33,0
AAPL,1d,15,25,trend,34786.71,20.06,0.708,-52.68,115,39.13,57.66,336.82,11.3,0.652,-31.69,55,41.82,64.91,149517.54,17.31,0.678,-52.68,171,353307.14,19.53,0.576,0.926,2008.33,0
AAPL,1d,15,30,trend,50105.16,21.43,0.737,-49.81,103,41.75,58.48,442.36,13.07,0.726,-25.45,47,46.81,65.43,272195.05,18.85,0.717,-49.81,150,353307.14,19.53,0.576,0.926,2008.33,0
AAPL,1d,15,40,trend,18744.2,17.77,0.642,-72.71,91,34.07,59.34,735.68,16.67,0.871,-29.92,42,57.14,67.02,158684.93,17.46,0.669,-72.71,133,353307.14,19.53,0.576,0.926,2008.33,0
AAPL,1d,15,50,trend,14592.7,16.86,0.621,-78.85,78,35.9,59.62,710.37,16.41,0.846,-27.23,36,44.44,68.5,117881.37,16.7,0.648,-78.85,114,353307.14,19.53,0.576,0.926,2008.33,0
AAPL,1d,15,60,trend,9489.67,15.31,0.585,-80.1,75,36,59.68,687.43,16.17,0.828,-29.49,33,51.52,69.77,76634.36,15.61,0.62,-80.1,108,353307.14,19.53,0.576,0.926,2008.33,0
AAPL,1d,15,75,trend,8767.59,15.03,0.577,-77.16,68,35.29,59.98,603.61,15.22,0.775,-27,28,46.43,71.64,62293.66,15.09,0.604,-77.16,96,353307.14,19.53,0.576,0.926,2008.33,0
AAPL,1d,15,100,trend,5140.43,13.16,0.532,-87.15,54,37.04,60.31,690.4,16.2,0.789,-30.01,22,45.45,73.98,40914.74,14.04,0.575,-87.15,77,353307.14,19.53,0.576,0.926,2008.33,0
AAPL,1d,15,125,trend,4711.41,12.86,0.528,-90.77,44,34.09,59.98,798.16,17.28,0.821,-34.71,18,50,75.97,43215.73,14.17,0.582,-90.77,62,353307.14,19.53,0.576,0.926,2008.33,0
AAPL,1d,15,150,trend,5562.68,13.43,0.543,-91.4,40,37.5,60.41,891.82,18.13,0.842,-34.95,14,57.14,77.22,51875.77,14.63,0.595,-91.4,54,353307.14,19.53,0.576,0.926,2008.33,0
AAPL,1d,15,200,trend,9974.53,15.49,0.591,-84.52,32,34.38,60.99,623.32,15.45,0.774,-31.43,10,60,63.64,121101.19,16.77,0.648,-84.52,43,353307.14,19.53,0.576,0.926,2008.33,0
AAPL,1d,15,250,trend,11673.38,16.06,0.603,-85.37,25,32,61.51,555.03,14.63,0.728,-31.75,9,55.56,64.74,123527.34,16.82,0.646,-85.37,35,353307.14,19.53,0.576,0.926,2008.33,0
AAPL,1d,15,300,trend,9814.63,15.43,0.587,-80.78,27,25.93,61.88,547.93,14.54,0.714,-33.76,11,36.36,66.42,98525.71,16.24,0.629,-80.78,39,353307.14,19.53,0.576,0.926,2008.33,0
AAPL,1d,20,2,dip,-54.19,-2.41,0.122,-91.35,356,73.88,44.17,58.83,3.42,0.266,-41.67,135,68.89,36.76,-29.13,-0.75,0.145,-91.35,492,353307.14,19.53,0.576,0.926,2008.33,0
AAPL,1d,20,3,dip,-38.41,-1.5,0.146,-87.56,297,72.05,43.86,41.51,2.55,0.225,-47.91,111,72.07,36.1,-16.54,-0.39,0.155,-87.56,410,353307.14,19.53,0.576,0.926,2008.33,0
AAPL,1d,20,4,dip,-67.21,-3.42,0.09,-92.03,260,71.92,43.64,58.89,3.42,0.266,-46.31,92,76.09,35.75,-52.33,-1.6,0.117,-92.03,353,353307.14,19.53,0.576,0.926,2008.33,0
AAPL,1d,20,5,dip,-59.94,-2.82,0.107,-91.08,233,69.96,43.94,123.23,6.01,0.385,-38.46,87,73.56,35.58,-20.42,-0.5,0.151,-91.08,320,353307.14,19.53,0.576,0.926,2008.33,0
AAPL,1d,20,7,dip,-46.66,-1.94,0.131,-91.11,193,71.5,43.53,147.05,6.79,0.421,-37.98,74,74.32,35.09,16.74,0.34,0.177,-91.11,267,353307.14,19.53,0.576,0.926,2008.33,0
AAPL,1d,20,9,dip,-64.4,-3.17,0.096,-93.23,156,69.87,43.61,141.01,6.6,0.414,-37.69,68,79.41,34.77,-25.19,-0.63,0.146,-93.23,224,353307.14,19.53,0.576,0.926,2008.33,0
AAPL,1d,20,12,dip,-38.1,-1.49,0.143,-88.17,143,71.33,43.12,240.2,9.3,0.538,-38.46,64,81.25,34.1,89.52,1.41,0.209,-88.17,207,353307.14,19.53,0.576,0.926,2008.33,0
AAPL,1d,20,15,dip,-67.6,-3.46,0.086,-90.19,130,70.77,42.67,312.69,10.84,0.608,-37.87,59,84.75,33.55,20.55,0.41,0.178,-90.19,189,353307.14,19.53,0.576,0.926,2008.33,0
AAPL,1d,20,25,trend,39941.52,20.58,0.71,-71,96,42.71,58.64,534.54,14.36,0.786,-27.68,43,55.81,65.58,253980.23,18.67,0.705,-71,139,353307.14,19.53,0.576,0.926,2008.33,0
AAPL,1d,20,30,trend,24782.74,18.8,0.668,-75.48,92,35.87,59.03,770.98,17.02,0.898,-24.6,41,60.98,66.21,216542.42,18.26,0.692,-75.48,133,353307.14,19.53,0.576,0.926,2008.33,0
AAPL,1d,20,40,trend,21231.37,18.23,0.653,-76.89,79,39.24,59.58,676.65,16.05,0.836,-30.02,34,52.94,67.8,165570.77,17.57,0.672,-76.89,113,353307.14,19.53,0.576,0.926,2008.33,0
AAPL,1d,20,50,trend,9821.98,15.44,0.586,-79.61,72,38.89,59.84,710.14,16.41,0.839,-25.12,33,51.52,68.99,78512.37,15.67,0.62,-79.61,105,353307.14,19.53,0.576,0.926,2008.33,0
AAPL,1d,20,60,trend,9417.79,15.29,0.583,-79.99,63,36.51,59.95,531.33,14.32,0.743,-29.39,30,46.67,70.63,62270.43,15.09,0.604,-79.99,93,353307.14,19.53,0.576,0.926,2008.33,0
AAPL,1d,20,75,trend,5991.08,13.69,0.544,-78.93,57,35.09,59.93,474.78,13.54,0.692,-30.97,25,44,72.48,34406.36,13.61,0.563,-78.93,82,353307.14,19.53,0.576,0.926,2008.33,0
AAPL,1d,20,100,trend,1962.2,9.91,0.452,-92.66,53,28.3,60.1,622.79,15.45,0.755,-33.39,20,50,74.7,14940.96,11.57,0.509,-92.66,73,353307.14,19.53,0.576,0.926,2008.33,0
AAPL,1d,20,125,trend,4177.5,12.44,0.518,-90.81,42,33.33,60.11,836.31,17.64,0.827,-34.13,15,53.33,76.38,39084.8,13.92,0.576,-90.81,57,353307.14,19.53,0.576,0.926,2008.33,0
AAPL,1d,20,150,trend,5329.25,13.28,0.538,-91.11,35,34.29,60.4,936.62,18.51,0.852,-31.8,14,57.14,77.13,51896.82,14.63,0.593,-91.11,49,353307.14,19.53,0.576,0.926,2008.33,0
AAPL,1d,20,200,trend,7301.97,14.39,0.563,-86.56,29,31.03,61.14,554.32,14.62,0.736,-34,10,60,63.85,77066.47,15.62,0.615,-86.56,40,353307.14,19.53,0.576,0.926,2008.33,0
AAPL,1d,20,250,trend,8665.41,14.99,0.577,-86.13,24,33.33,61.61,470.87,13.49,0.678,-37.73,8,50,64.71,77329.48,15.63,0.613,-86.13,33,353307.14,19.53,0.576,0.926,2008.33,0
AAPL,1d,20,300,trend,8838.97,15.06,0.579,-81.77,23,34.78,61.93,553.36,14.61,0.716,-33.56,8,62.5,65.87,88867.98,15.98,0.622,-81.77,32,353307.14,19.53,0.576,0.926,2008.33,0
AAPL,1d,25,2,dip,-47.96,-2.02,0.131,-87.87,321,73.52,43.28,52.22,3.1,0.251,-39.37,119,69.75,35.55,-26.06,-0.66,0.147,-87.87,441,353307.14,19.53,0.576,0.926,2008.33,0
AAPL,1d,25,3,dip,-77.76,-4.59,0.056,-92.84,251,71.31,43.5,57.26,3.34,0.262,-42.57,97,72.16,35.23,-68,-2.46,0.09,-92.84,349,353307.14,19.53,0.576,0.926,2008.33,0
AAPL,1d,25,4,dip,-82.27,-5.26,0.034,-95.44,216,72.69,43.37,99.19,5.13,0.345,-39.95,83,74.7,34.94,-68.72,-2.51,0.087,-95.44,299,353307.14,19.53,0.576,0.926,2008.33,0
AAPL,1d,25,5,dip,-71.97,-3.89,0.076,-93.88,200,71,43.48,110.52,5.56,0.365,-39.93,75,74.67,34.68,-47.72,-1.41,0.122,-93.88,275,353307.14,19.53,0.576,0.926,2008.33,0
AAPL,1d,25,7,dip,-55.66,-2.51,0.115,-90.83,165,72.73,43.21,169.23,7.46,0.454,-39.53,68,76.47,34.19,5.1,0.11,0.169,-90.83,233,353307.14,19.53,0.576,0.926,2008.33,0
AAPL,1d,25,9,dip,-57.63,-2.65,0.11,-89.05,148,72.97,42.95,273.51,10.04,0.572,-35.94,67,80.6,33.61,42.44,0.78,0.189,-89.05,215,353307.14,19.53,0.576,0.926,2008.33,0
AAPL,1d,25,12,dip,-62.69,-3.03,0.098,-88.18,127,69.29,42.46,348.05,11.51,0.641,-38.73,59,83.05,33.29,50.67,0.9,0.193,-88.18,186,353307.14,19.53,0.576,0.926,2008.33,0
AAPL,1d,25,15,dip,-57.16,-2.61,0.106,-85.13,116,75,41.92,412.39,12.6,0.698,-35.8,54,88.89,32.49,97.08,1.49,0.21,-85.13,171,353307.14,19.53,0.576,0.926,2008.33,0
AAPL,1d,25,20,dip,-63.02,-3.06,0.074,-85.6,97,70.1,40.93,250.72,9.54,0.559,-35.8,42,83.33,31.79,16.78,0.34,0.162,-85.6,139,353307.14,19.53,0.576,0.926,2008.33,0
AAPL,1d,25,30,trend,27050.96,19.12,0.673,-72.55,78,42.31,59.46,685.94,16.15,0.851,-30.58,40,50,67.02,213289.68,18.22,0.688,-72.55,118,353307.14,19.53,0.576,0.926,2008.33,0
AAPL,1d,25,40,trend,17650.47,17.55,0.636,-76.4,67,44.78,59.88,674.52,16.03,0.826,-25.08,32,53.13,68.38,135145.23,17.05,0.656,-76.4,99,353307.14,19.53,0.576,0.926,2008.33,0
AAPL,1d,25,50,trend,16358.43,17.28,0.629,-77.84,60,38.33,60.15,611.26,15.31,0.787,-27.58,30,53.33,69.82,117746.75,16.7,0.646,-77.84,90,353307.14,19.53,0.576,0.926,2008.33,0
AAPL,1d,25,60,trend,8276.34,14.83,0.572,-80.15,57,36.84,59.99,516.26,14.12,0.728,-30.27,26,50,71.33,51519.86,14.61,0.59,-80.15,83,353307.14,19.53,0.576,0.926,2008.33,0
AAPL,1d,25,75,trend,3481.82,11.82,0.497,-85.35,57,33.33,59.78,548.65,14.54,0.729,-30.5,22,50,73.17,23133.66,12.63,0.535,-85.35,79,353307.14,19.53,0.576,0.926,2008.33,0
AAPL,1d,25,100,trend,3576.03,11.91,0.504,-91.64,45,31.11,60.06,784.69,17.16,0.818,-35.15,17,58.82,75.05,32203.99,13.45,0.562,-91.64,62,353307.14,19.53,0.576,0.926,2008.33,0
AAPL,1d,25,125,trend,3199.25,11.54,0.494,-89.6,39,33.33,59.84,955.17,18.66,0.864,-31.43,14,57.14,76.35,31968.52,13.43,0.561,-89.6,53,353307.14,19.53,0.576,0.926,2008.33,0
AAPL,1d,25,150,trend,4836.15,12.95,0.529,-89.75,32,31.25,60.28,899.46,18.2,0.834,-35.06,12,58.33,77.51,46353.41,14.35,0.584,-89.75,44,353307.14,19.53,0.576,0.926,2008.33,0
AAPL,1d,25,200,trend,5950.96,13.67,0.545,-87.67,28,32.14,61.49,629.14,15.52,0.764,-33.29,7,71.43,63.93,60378.66,15.01,0.598,-87.67,36,353307.14,19.53,0.576,0.926,2008.33,0
AAPL,1d,25,250,trend,6615.61,14.04,0.553,-87.1,23,34.78,61.66,559.84,14.69,0.725,-34.72,7,57.14,64.65,71596.66,15.44,0.608,-87.1,31,353307.14,19.53,0.576,0.926,2008.33,0
AAPL,1d,25,300,trend,6098.77,13.75,0.546,-82.37,22,40.91,61.96,522.97,14.21,0.699,-34.49,7,57.14,66.01,60382.03,15.01,0.596,-82.37,30,353307.14,19.53,0.576,0.926,2008.33,0
AAPL,1d,30,2,dip,-73.88,-4.11,0.07,-93.46,278,71.94,42.88,64.68,3.69,0.279,-41.39,110,67.27,34.19,-61.72,-2.07,0.101,-93.46,388,353307.14,19.53,0.576,0.926,2008.33,0
AAPL,1d,30,3,dip,-78.82,-4.73,0.051,-92.75,232,74.14,42.96,106.68,5.41,0.359,-39.85,92,71.74,34.07,-61.21,-2.05,0.102,-92.75,324,353307.14,19.53,0.576,0.926,2008.33,0
AAPL,1d,30,4,dip,-63.5,-3.1,0.099,-91.15,204,74.02,42.87,110.01,5.54,0.365,-39.39,77,75.32,33.99,-33.16,-0.88,0.139,-91.15,281,353307.14,19.53,0.576,0.926,2008.33,0
AAPL,1d,30,5,dip,-65.68,-3.28,0.091,-88.78,179,73.74,42.65,166.79,7.39,0.451,-39.36,76,75,33.96,-16.7,-0.4,0.153,-88.78,255,353307.14,19.53,0.576,0.926,2008.33,0
AAPL,1d,30,7,dip,-64.66,-3.2,0.094,-89.1,156,73.08,42.55,234.73,9.17,0.535,-35.94,70,74.29,32.95,6.47,0.14,0.169,-89.1,226,353307.14,19.53,0.576,0.926,2008.33,0
AAPL,1d,30,9,dip,-64.16,-3.15,0.095,-83.7,137,72.99,42.18,367.98,11.86,0.656,-37.62,64,87.5,33.01,56.25,0.98,0.196,-83.7,201,353307.14,19.53,0.576,0.926,2008.33,0
AAPL,1d,30,12,dip,-33.41,-1.26,0.146,-81.68,118,74.58,41.65,356.38,11.66,0.657,-36.8,56,85.71,32.11,168.2,2.18,0.231,-81.68,174,353307.14,19.53,0.576,0.926,2008.33,0
AAPL,1d,30,15,dip,-70.76,-3.77,0.07,-88.33,104,72.12,41.09,308.36,10.76,0.616,-35.8,46,84.78,31.94,7.54,0.16,0.166,-88.33,150,353307.14,19.53,0.576,0.926,2008.33,0
AAPL,1d,30,20,dip,-40.21,-1.59,0.119,-79.08,93,69.89,40.53,159.44,7.17,0.453,-35.8,40,75,31.13,37.95,0.7,0.174,-79.08,133,353307.14,19.53,0.576,0.926,2008.33,0
AAPL,1d,30,25,dip,-46.22,-1.92,0.105,-81.52,79,67.09,40.09,185.48,7.92,0.491,-34.48,39,71.79,30.29,37.62,0.7,0.172,-81.52,118,353307.14,19.53,0.576,0.926,2008.33,0
AAPL,1d,30,40,trend,10612.66,15.71,0.591,-78.06,63,39.68,60.1,622.95,15.45,0.798,-25.74,31,51.61,69.04,77347.05,15.63,0.617,-78.06,94,353307.14,19.53,0.576,0.926,2008.33,0
AAPL,1d,30,50,trend,12677.94,16.35,0.608,-75.45,55,40,60.07,493.25,13.8,0.718,-31,28,50,70.49,72589.64,15.47,0.613,-75.45,85,353307.14,19.53,0.576,0.926,2008.33,0
AAPL,1d,30,60,trend,6436.02,13.94,0.55,-79.66,53,39.62,60,474.17,13.53,0.69,-32.21,23,47.83,72.37,37427.71,13.82,0.568,-79.66,76,353307.14,19.53,0.576,0.926,2008.33,0
AAPL,1d,30,75,trend,3663.45,12,0.505,-84.25,49,34.69,59.95,612.87,15.33,0.753,-35.68,20,50,73.92,26728.63,12.99,0.549,-84.25,69,353307.14,19.53,0.576,0.926,2008.33,0
AAPL,1d,30,100,trend,2259.58,10.37,0.464,-93.29,39,33.33,59.89,822.42,17.51,0.824,-33.31,13,69.23,75.34,21338.02,12.43,0.533,-93.29,52,353307.14,19.53,0.576,0.926,2008.33,0
AAPL,1d,30,125,trend,4199.34,12.46,0.517,-89.3,32,34.38,59.85,871.69,17.96,0.832,-32.36,13,61.54,76.29,39531.6,13.95,0.574,-89.3,45,353307.14,19.53,0.576,0.926,2008.33,0
AAPL,1d,30,150,trend,2803.8,11.09,0.482,-90.85,32,28.13,60.28,962.8,18.73,0.855,-34.64,10,70,77.04,30366.21,13.3,0.555,-90.85,42,353307.14,19.53,0.576,0.926,2008.33,0
AAPL,1d,30,200,trend,8622.82,14.97,0.576,-88.11,24,33.33,61.63,505.28,13.97,0.7,-38.26,7,57.14,63.62,84718.4,15.86,0.619,-88.11,32,353307.14,19.53,0.576,0.926,2008.33,0
AAPL,1d,30,250,trend,5298.07,13.26,0.534,-87.09,22,40.91,61.66,496.6,13.85,0.692,-36.46,7,57.14,64.45,51177.26,14.6,0.585,-87.09,30,353307.14,19.53,0.576,0.926,2008.33,0
AAPL,1d,30,300,trend,5946.51,13.67,0.543,-82.09,21,33.33,62.03,573.61,14.86,0.719,-37.17,6,83.33,64.74,66801.2,15.26,0.601,-82.09,28,353307.14,19.53,0.576,0.926,2008.33,0
AAPL,1d,40,2,dip,-61.44,-2.93,0.101,-91.03,234,76.5,41.55,91.98,4.85,0.337,-39.22,97,72.16,32.26,-33.38,-0.88,0.137,-91.03,331,353307.14,19.53,0.576,0.926,2008.33,0
AAPL,1d,40,3,dip,-44.34,-1.81,0.133,-86.55,195,77.44,41.55,158.71,7.15,0.444,-38.16,83,78.31,32.28,29.6,0.57,0.182,-86.55,278,353307.14,19.53,0.576,0.926,2008.33,0
AAPL,1d,40,4,dip,-51.83,-2.26,0.119,-86.49,165,73.33,41.2,167.72,7.41,0.456,-34.38,72,76.39,32.52,16.24,0.33,0.175,-86.49,237,353307.14,19.53,0.576,0.926,2008.33,0
AAPL,1d,40,5,dip,-61.85,-2.96,0.098,-87.43,152,75,41.05,251.61,9.56,0.553,-36.33,62,80.65,32.46,20.92,0.42,0.177,-87.43,214,353307.14,19.53,0.576,0.926,2008.33,0
AAPL,1d,40,7,dip,-47.3,-1.98,0.126,-79.1,133,77.44,40.64,344.44,11.44,0.646,-35.8,58,84.48,31.42,106.73,1.6,0.213,-79.1,191,353307.14,19.53,0.576,0.926,2008.33,0
AAPL,1d,40,9,dip,-37.47,-1.46,0.138,-76.79,120,78.33,40.25,304.32,10.68,0.616,-35.8,50,84,31.3,127.65,1.81,0.219,-76.79,170,353307.14,19.53,0.576,0.926,2008.33,0
AAPL,1d,40,12,dip,-50.87,-2.19,0.114,-79.64,103,72.82,39.79,238.81,9.27,0.552,-35.8,42,83.33,30.7,49.89,0.89,0.188,-79.64,145,353307.14,19.53,0.576,0.926,2008.33,0
AAPL,1d,40,15,dip,-21.62,-0.76,0.142,-71.72,91,71.43,39.62,167.84,7.42,0.468,-34.19,41,70.73,30.29,86.64,1.37,0.194,-71.72,132,353307.14,19.53,0.576,0.926,2008.33,0
AAPL,1d,40,20,dip,-33.05,-1.25,0.125,-80.74,79,70.89,39.31,192.15,8.1,0.506,-32.04,33,72.73,29.48,74.62,1.22,0.189,-80.74,112,353307.14,19.53,0.576,0.926,2008.33,0
AAPL,1d,40,25,dip,-18.38,-0.63,0.143,-73.56,67,70.15,39,196.32,8.21,0.52,-32.04,31,74.19,28.85,117.54,1.71,0.204,-73.56,98,353307.14,19.53,0.576,0.926,2008.33,0
AAPL,1d,40,30,dip,37.66,1,0.194,-72.17,63,73.02,38.76,227.85,9.01,0.56,-32.04,30,76.67,27.89,287.14,3,0.248,-72.17,93,353307.14,19.53,0.576,0.926,2008.33,0
AAPL,1d,40,50,trend,4571.52,12.75,0.523,-81.86,52,38.46,59.96,548.28,14.54,0.728,-34.57,22,54.55,72.54,30184.37,13.29,0.556,-81.86,74,353307.14,19.53,0.576,0.926,2008.33,0
AAPL,1d,40,60,trend,3799.45,12.12,0.508,-84.77,47,36.17,60.04,584.87,15,0.743,-36.5,20,55,73.58,26606.01,12.97,0.547,-84.77,67,353307.14,19.53,0.576,0.926,2008.33,0
AAPL,1d,40,75,trend,1506.14,9.06,0.43,-91.77,45,33.33,60.04,643.1,15.68,0.759,-31.43,15,66.67,74.5,11971.04,11.03,0.493,-91.77,60,353307.14,19.53,0.576,0.926,2008.33,0
AAPL,1d,40,100,trend,1595.13,9.24,0.434,-92.55,37,32.43,60.26,793.47,17.24,0.809,-32.19,11,72.73,75.43,15089.97,11.59,0.508,-92.55,48,353307.14,19.53,0.576,0.926,2008.33,0
AAPL,1d,40,125,trend,3057.48,11.38,0.49,-89.64,29,34.48,59.9,1187.87,20.4,0.913,-34.71,9,77.78,76.47,39503.8,13.95,0.574,-89.64,38,353307.14,19.53,0.576,0.926,2008.33,0
AAPL,1d,40,150,trend,3868.87,12.18,0.509,-89.52,28,35.71,60.28,1234.11,20.7,0.921,-35.59,7,85.71,76.81,52342.52,14.65,0.591,-89.52,35,353307.14,19.53,0.576,0.926,2008.33,0
AAPL,1d,40,200,trend,3512.91,11.85,0.499,-91.26,23,30.43,61.55,505.98,13.98,0.699,-36.1,8,50,63.33,36209.92,13.73,0.562,-91.26,32,353307.14,19.53,0.576,0.926,2008.33,0
AAPL,1d,40,250,trend,3513.84,11.85,0.498,-85.04,20,35,61.76,485.79,13.7,0.675,-35.67,7,57.14,64.68,32651.52,13.48,0.554,-85.04,29,353307.14,19.53,0.576,0.926,2008.33,0
AAPL,1d,40,300,trend,6589.33,14.02,0.551,-83.68,18,27.78,61.42,533.24,14.34,0.697,-37.88,7,71.43,64.83,56334.74,14.84,0.588,-83.68,27,353307.14,19.53,0.576,0.926,2008.33,0
AAPL,1d,50,2,dip,-69.72,-3.66,0.08,-90.72,202,77.23,40.67,186.61,7.95,0.487,-36.16,93,76.34,30.72,-25.29,-0.63,0.144,-90.72,295,353307.14,19.53,0.576,0.926,2008.33,0
AAPL,1d,50,3,dip,-67.61,-3.46,0.084,-88.21,164,73.78,40.54,297.16,10.54,0.605,-34.19,71,78.87,30.52,10.95,0.23,0.171,-88.21,235,353307.14,19.53,0.576,0.926,2008.33,0
AAPL,1d,50,4,dip,-51.07,-2.21,0.119,-85.46,146,76.03,40.24,316.88,10.93,0.623,-34.19,66,78.79,30.38,78.29,1.27,0.203,-85.46,212,353307.14,19.53,0.576,0.926,2008.33,0
AAPL,1d,50,5,dip,-61.54,-2.94,0.096,-81.82,132,77.27,40.01,278.88,10.16,0.589,-34.19,60,80,30.44,28.6,0.55,0.18,-81.82,192,353307.14,19.53,0.576,0.926,2008.33,0
AAPL,1d,50,7,dip,-42.63,-1.72,0.13,-80.08,114,77.19,39.72,290.08,10.39,0.604,-34.19,53,83.02,30.29,103.13,1.56,0.21,-80.08,168,353307.14,19.53,0.576,0.926,2008.33,0
AAPL,1d,50,9,dip,-54.85,-2.45,0.107,-80.23,101,71.29,39.62,233.32,9.14,0.548,-34.19,49,81.63,29.6,33.79,0.64,0.18,-80.23,150,353307.14,19.53,0.576,0.926,2008.33,0
AAPL,1d,50,12,dip,7.38,0.22,0.172,-73.05,89,71.91,39.57,175.22,7.63,0.483,-32.04,38,76.32,28.99,164.91,2.15,0.22,-73.05,127,353307.14,19.53,0.576,0.926,2008.33,0
AAPL,1d,50,15,dip,-2.69,-0.09,0.161,-74.05,78,70.51,39.26,179.32,7.75,0.495,-32.04,35,77.14,28.79,144.91,1.97,0.214,-74.05,113,353307.14,19.53,0.576,0.926,2008.33,0
AAPL,1d,50,20,dip,47.03,1.21,0.2,-73.92,72,73.61,39.02,191.86,8.09,0.516,-32.04,32,78.13,27.95,276.39,2.94,0.245,-73.92,104,353307.14,19.53,0.576,0.926,2008.33,0
AAPL,1d,50,25,dip,-7.26,-0.24,0.156,-72.92,60,70,38.69,225.69,8.95,0.564,-32.31,29,79.31,27.03,163.64,2.14,0.219,-72.92,89,353307.14,19.53,0.576,0.926,2008.33,0
AAPL,1d,50,30,dip,19.1,0.55,0.18,-70.7,55,69.09,38.71,287.1,10.33,0.652,-28.57,27,81.48,25.15,326.18,3.22,0.255,-70.7,84,353307.14,19.53,0.576,0.926,2008.33,0
AAPL,1d,50,40,dip,194.38,3.43,0.266,-68.58,52,73.08,38.65,249.94,9.52,0.635,-26.7,21,80.95,23.04,833.27,5,0.313,-68.58,73,353307.14,19.53,0.576,0.926,2008.33,0
AAPL,1d,50,60,trend,945.87,7.61,0.392,-92.78,48,31.25,60.06,570.75,14.82,0.728,-34.16,16,62.5,74.16,6868.24,9.71,0.455,-92.78,64,353307.14,19.53,0.576,0.926,2008.33,0
AAPL,1d,50,75,trend,1746.68,9.53,0.442,-93.5,38,31.58,60.14,710.39,16.41,0.78,-33.96,12,66.67,74.68,14055.42,11.42,0.503,-93.5,50,353307.14,19.53,0.576,0.926,2008.33,0
AAPL,1d,50,100,trend,2156.86,10.22,0.46,-90.54,30,33.33,60.14,867.44,17.92,0.828,-37.47,10,80,75.71,21390.77,12.44,0.532,-90.54,40,353307.14,19.53,0.576,0.926,2008.33,0
AAPL,1d,50,125,trend,2934.56,11.24,0.486,-91.62,28,32.14,59.93,1343.43,21.4,0.947,-35.86,7,85.71,76.52,43282.81,14.18,0.579,-91.62,35,353307.14,19.53,0.576,0.926,2008.33,1
AAPL,1d,50,150,trend,3335.08,11.68,0.495,-89.68,25,28,60.84,770.92,17.02,0.776,-38.31,7,71.43,76.81,31276.5,13.37,0.554,-89.68,32,353307.14,19.53,0.576,0.926,2008.33,0
AAPL,1d,50,200,trend,3974,12.27,0.509,-86.89,20,35,61.44,451.51,13.2,0.668,-37.91,7,57.14,63.12,35993.32,13.72,0.561,-86.89,28,353307.14,19.53,0.576,0.926,2008.33,0
AAPL,1d,50,250,trend,6585.47,14.02,0.551,-83.61,17,29.41,61.44,418.25,12.69,0.634,-39.97,7,71.43,64.89,56619.68,14.85,0.589,-83.61,25,353307.14,19.53,0.576,0.926,2008.33,0
AAPL,1d,50,300,trend,5860.61,13.61,0.542,-81.79,16,37.5,61.03,587.25,15.03,0.718,-38.04,6,83.33,65.09,53097.39,14.69,0.585,-81.79,23,353307.14,19.53,0.576,0.926,2008.33,0
AAPL,1d,60,2,dip,-49.64,-2.12,0.123,-90.03,186,80.65,40.12,217.76,8.76,0.532,-32.04,76,80.26,29.43,42.74,0.78,0.188,-90.03,262,353307.14,19.53,0.576,0.926,2008.33,0
AAPL,1d,60,3,dip,-54.75,-2.45,0.112,-88.71,155,78.71,39.76,264.93,9.86,0.581,-32.04,64,79.69,29.4,48.5,0.87,0.19,-88.71,219,353307.14,19.53,0.576,0.926,2008.33,0
AAPL,1d,60,4,dip,-47.21,-1.97,0.123,-85.72,137,77.37,39.59,271.72,10.01,0.59,-32.04,59,81.36,29.22,76.72,1.25,0.201,-85.72,196,353307.14,19.53,0.576,0.926,2008.33,0
AAPL,1d,60,5,dip,-47.25,-1.98,0.122,-83.31,121,76.86,39.52,281.52,10.21,0.6,-32.04,55,87.27,28.76,83.45,1.33,0.203,-83.31,177,353307.14,19.53,0.576,0.926,2008.33,0
AAPL,1d,60,7,dip,-47.36,-1.98,0.122,-83.92,105,71.43,39.52,209.76,8.56,0.523,-32.04,45,80,28.44,42.49,0.78,0.185,-83.92,150,353307.14,19.53,0.576,0.926,2008.33,0
AAPL,1d,60,9,dip,-42.17,-1.7,0.129,-79.52,97,72.16,39.37,148.48,6.83,0.444,-32.52,39,76.92,28.07,25.51,0.5,0.176,-79.52,136,353307.14,19.53,0.576,0.926,2008.33,0
AAPL,1d,60,12,dip,40.05,1.06,0.197,-71.91,83,73.49,39.26,202.31,8.37,0.529,-32.04,36,80.56,28.01,286.3,2.99,0.248,-71.91,119,353307.14,19.53,0.576,0.926,2008.33,0
AAPL,1d,60,15,dip,51.57,1.31,0.204,-73.42,75,74.67,39.18,191.98,8.09,0.519,-32.04,32,78.13,27.12,284.2,2.98,0.247,-73.42,107,353307.14,19.53,0.576,0.926,2008.33,0
AAPL,1d,60,20,dip,57.67,1.43,0.207,-72.35,63,73.02,38.86,264.91,9.86,0.613,-32.31,29,82.76,26.19,389.77,3.53,0.265,-72.35,92,353307.14,19.53,0.576,0.926,2008.33,0
AAPL,1d,60,25,dip,86.19,1.96,0.223,-70.56,57,71.93,38.75,273.55,10.04,0.64,-26.53,25,84,24.31,517.97,4.06,0.282,-70.56,82,353307.14,19.53,0.576,0.926,2008.33,0
AAPL,1d,60,30,dip,110.15,2.35,0.235,-69.05,53,73.58,38.63,300.39,10.6,0.69,-26.7,22,81.82,23.25,651.33,4.5,0.297,-69.05,75,353307.14,19.53,0.576,0.926,2008.33,0
AAPL,1d,60,40,dip,237.32,3.87,0.279,-69.62,47,72.34,38.56,229.68,9.05,0.613,-26.53,19,78.95,21.98,914.7,5.19,0.319,-69.62,66,353307.14,19.53,0.576,0.926,2008.33,0
AAPL,1d,60,50,dip,1151.38,8.21,0.403,-62,48,77.08,38.51,241.31,9.33,0.644,-23.07,15,86.67,21.37,3787.99,8.32,0.419,-62,63,353307.14,19.53,0.576,0.926,2008.33,0
AAPL,1d,60,75,trend,1878.26,9.77,0.447,-93.24,33,30.3,60.54,783.51,17.14,0.805,-32.53,11,72.73,75.19,17429.41,11.94,0.517,-93.24,44,353307.14,19.53,0.576,0.926,2008.33,0
AAPL,1d,60,100,trend,1841.82,9.7,0.446,-91.74,30,30,60.19,1214.73,20.58,0.919,-38.51,7,85.71,76.21,25467.66,12.87,0.543,-91.74,37,353307.14,19.53,0.576,0.926,2008.33,0
AAPL,1d,60,125,trend,3426.8,11.77,0.499,-89.12,29,31.03,60.04,739.14,16.71,0.767,-38.41,7,85.71,76.49,30190.67,13.29,0.553,-89.12,36,353307.14,19.53,0.576,0.926,2008.33,0
AAPL,1d,60,150,trend,2515.41,10.73,0.471,-91.27,25,28,61,854.95,17.81,0.806,-39.33,7,71.43,76.64,25112.02,12.83,0.539,-91.27,32,353307.14,19.53,0.576,0.926,2008.33,0
AAPL,1d,60,200,trend,5955.08,13.67,0.543,-79.68,18,33.33,61.4,571.05,14.83,0.719,-39.97,7,71.43,63.36,68802.4,15.34,0.603,-79.68,26,353307.14,19.53,0.576,0.926,2008.33,0
AAPL,1d,60,250,trend,6456.55,13.95,0.549,-79.84,16,43.75,61.18,420.9,12.73,0.634,-43.34,6,83.33,63.96,52214.28,14.65,0.583,-79.84,23,353307.14,19.53,0.576,0.926,2008.33,0
AAPL,1d,60,300,trend,4307.23,12.55,0.515,-77.37,15,33.33,60.67,502.63,13.93,0.67,-44.22,8,62.5,66.04,33796.86,13.56,0.553,-77.37,23,353307.14,19.53,0.576,0.926,2008.33,0
AAPL,1d,75,2,dip,-11.25,-0.37,0.172,-80.66,178,79.78,39.81,263.51,9.83,0.587,-32.04,75,84,28.3,184.69,2.31,0.235,-80.66,253,353307.14,19.53,0.576,0.926,2008.33,0
AAPL,1d,75,3,dip,-55.61,-2.5,0.108,-85.83,136,77.21,39.48,287.63,10.34,0.613,-32.04,61,80.33,27.92,46.34,0.83,0.187,-85.83,197,353307.14,19.53,0.576,0.926,2008.33,0
AAPL,1d,75,4,dip,-34.66,-1.32,0.143,-78.42,126,77.78,39.37,247.41,9.47,0.573,-32.04,52,80.77,27.58,96.96,1.49,0.208,-78.42,178,353307.14,19.53,0.576,0.926,2008.33,0
AAPL,1d,75,5,dip,-19.63,-0.68,0.161,-73.85,115,75.65,39.52,181.89,7.82,0.494,-32.04,45,77.78,27.35,102.62,1.55,0.21,-73.85,160,353307.14,19.53,0.576,0.926,2008.33,0
AAPL,1d,75,7,dip,-3.19,-0.1,0.177,-74.54,99,73.74,39.5,154.81,7.03,0.461,-32.04,41,75.61,26.86,113.37,1.67,0.213,-74.54,140,353307.14,19.53,0.576,0.926,2008.33,0
AAPL,1d,75,9,dip,-21.02,-0.73,0.157,-75.03,85,69.41,39.18,159.54,7.17,0.472,-32.04,33,75.76,26.34,63.1,1.07,0.194,-75.03,116,353307.14,19.53,0.576,0.926,2008.33,0
AAPL,1d,75,12,dip,68.27,1.64,0.214,-69.06,78,75.64,38.89,203.32,8.39,0.538,-32.04,30,76.67,24.46,352.74,3.35,0.26,-69.06,108,353307.14,19.53,0.576,0.926,2008.33,0
AAPL,1d,75,15,dip,68.97,1.65,0.215,-70.14,68,75,38.81,226.93,8.98,0.581,-28.57,27,81.48,24.03,389.99,3.53,0.265,-70.14,95,353307.14,19.53,0.576,0.926,2008.33,0
AAPL,1d,75,20,dip,124.43,2.56,0.242,-68.14,57,75.44,38.7,299,10.57,0.685,-26.53,24,87.5,23.13,711.26,4.68,0.303,-68.14,81,353307.14,19.53,0.576,0.926,2008.33,0
AAPL,1d,75,25,dip,281.66,4.27,0.291,-66.7,57,73.68,38.84,249.74,9.52,0.634,-26.7,21,85.71,22.41,1109.25,5.59,0.333,-66.7,78,353307.14,19.53,0.576,0.926,2008.33,0
AAPL,1d,75,30,dip,248.68,3.98,0.283,-66.76,49,71.43,38.65,216.72,8.73,0.601,-26.53,19,78.95,21.63,907.65,5.17,0.318,-66.76,68,353307.14,19.53,0.576,0.926,2008.33,0
AAPL,1d,75,40,dip,717.83,6.78,0.363,-66.78,45,75.56,38.54,206.39,8.47,0.602,-23.07,14,92.86,20.99,2155.28,7.04,0.378,-66.78,59,353307.14,19.53,0.576,0.926,2008.33,0
AAPL,1d,75,50,dip,651.28,6.5,0.355,-65.59,38,78.95,38.42,177.72,7.7,0.562,-23.07,11,90.91,20.73,1938.59,6.8,0.371,-65.59,49,353307.14,19.53,0.576,0.926,2008.33,0
AAPL,1d,75,60,dip,602.73,6.28,0.349,-65.71,33,75.76,37.97,141.24,6.6,0.5,-23.46,10,90,20.18,1551.52,6.31,0.355,-65.71,43,353307.14,19.53,0.576,0.926,2008.33,0
AAPL,1d,75,100,trend,1499.53,9.04,0.429,-91.88,30,30,60.07,772.71,17.04,0.779,-38.76,7,85.71,76.38,14187.48,11.44,0.502,-91.88,37,353307.14,19.53,0.576,0.926,2008.33,0
AAPL,1d,75,125,trend,2402.07,10.58,0.467,-91.63,24,29.17,60.61,850.71,17.77,0.804,-38.35,7,71.43,76.44,23999.67,12.72,0.536,-91.63,31,353307.14,19.53,0.576,0.926,2008.33,0
AAPL,1d,75,150,trend,3060.06,11.39,0.487,-90.61,22,31.82,61.34,901.85,18.22,0.807,-37.46,7,85.71,76.78,32306.68,13.45,0.554,-90.61,29,353307.14,19.53,0.576,0.926,2008.33,0
AAPL,1d,75,200,trend,8176.31,14.79,0.568,-78.57,15,46.67,61.45,395.69,12.33,0.618,-41.27,7,71.43,63.88,63478.38,15.13,0.595,-78.57,23,353307.14,19.53,0.576,0.926,2008.33,0
AAPL,1d,75,250,trend,3876.58,12.19,0.506,-80.77,15,33.33,60.54,451.34,13.2,0.648,-45.91,6,83.33,64.63,27471.76,13.05,0.54,-80.77,22,353307.14,19.53,0.576,0.926,2008.33,0
AAPL,1d,75,300,trend,4079.22,12.36,0.511,-76.54,14,35.71,60.12,629.03,15.52,0.723,-41,4,100,66.99,37813.55,13.84,0.561,-76.54,19,353307.14,19.53,0.576,0.926,2008.33,0
AAPL,1d,100,2,dip,-37.8,-1.47,0.138,-73.85,137,78.1,39.13,196.89,8.22,0.524,-32.04,60,85,23.39,61.99,1.06,0.194,-73.85,197,353307.14,19.53,0.576,0.926,2008.33,0
AAPL,1d,100,3,dip,-37.06,-1.44,0.14,-73.85,116,75.86,38.95,143.59,6.68,0.45,-32.04,50,84,23.19,39.54,0.73,0.184,-73.85,168,353307.14,19.53,0.576,0.926,2008.33,0
AAPL,1d,100,4,dip,-39.83,-1.57,0.136,-74.47,103,76.7,38.89,152.09,6.95,0.47,-32.04,42,80.95,23.1,33.05,0.63,0.18,-74.47,145,353307.14,19.53,0.576,0.926,2008.33,0
AAPL,1d,100,5,dip,-25.74,-0.93,0.154,-73.85,93,77.42,38.85,146.26,6.76,0.462,-32.04,38,81.58,23.13,62.2,1.06,0.194,-73.85,131,353307.14,19.53,0.576,0.926,2008.33,0
AAPL,1d,100,7,dip,10.06,0.3,0.188,-73.85,83,78.31,38.77,147.58,6.81,0.473,-28.57,31,80.65,22.55,141.71,1.95,0.221,-73.85,114,353307.14,19.53,0.576,0.926,2008.33,0
AAPL,1d,100,9,dip,95.25,2.11,0.229,-68.72,66,75.76,38.65,173.14,7.57,0.516,-26.53,29,79.31,22.49,373.84,3.45,0.263,-68.72,95,353307.14,19.53,0.576,0.926,2008.33,0
AAPL,1d,100,12,dip,106.33,2.29,0.234,-68.27,59,71.19,38.39,178.37,7.72,0.536,-26.53,26,80.77,22.09,413.56,3.64,0.269,-68.27,85,353307.14,19.53,0.576,0.926,2008.33,0
AAPL,1d,100,15,dip,161.81,3.05,0.256,-66.79,54,72.22,38.32,191.2,8.07,0.56,-26.7,21,85.71,21.63,586.66,4.3,0.29,-66.79,76,353307.14,19.53,0.576,0.926,2008.33,0
AAPL,1d,100,20,dip,566.06,6.1,0.343,-67.6,53,75.47,38.51,212.38,8.62,0.598,-26.53,19,89.47,20.85,1781.34,6.62,0.364,-67.6,72,353307.14,19.53,0.576,0.926,2008.33,0
AAPL,1d,100,25,dip,277.23,4.23,0.29,-69.62,45,73.33,38.55,158.46,7.14,0.514,-25.51,16,87.5,20.47,787.54,4.88,0.308,-69.62,61,353307.14,19.53,0.576,0.926,2008.33,0
AAPL,1d,100,30,dip,462.79,5.54,0.327,-69.22,39,74.36,38.71,147.42,6.8,0.507,-23.07,12,91.67,20.16,1186.88,5.74,0.336,-69.22,51,353307.14,19.53,0.576,0.926,2008.33,0
AAPL,1d,100,40,dip,682.35,6.63,0.359,-64.66,37,75.68,38.32,138.55,6.52,0.495,-23.46,10,90,19.95,1718.14,6.54,0.362,-64.66,47,353307.14,19.53,0.576,0.926,2008.33,0
AAPL,1d,100,50,dip,492.52,5.71,0.332,-65.04,30,70,38.43,121.22,5.94,0.468,-27.16,9,88.89,19.64,1197.36,5.76,0.337,-65.04,39,353307.14,19.53,0.576,0.926,2008.33,0
AAPL,1d,100,60,dip,621.32,6.36,0.351,-63.97,30,73.33,38.37,60.8,3.51,0.311,-29.21,6,83.33,19.09,1046.28,5.47,0.328,-63.97,36,353307.14,19.53,0.576,0.926,2008.33,0
AAPL,1d,100,75,dip,736.06,6.86,0.365,-65.88,30,70,38.5,139.7,6.56,0.526,-25.18,6,100,18.89,1858.51,6.71,0.369,-65.88,36,353307.14,19.53,0.576,0.926,2008.33,0
AAPL,1d,100,125,trend,5249.19,13.23,0.532,-84.44,21,33.33,61.32,797.23,17.28,0.773,-40.55,7,71.43,76.7,48568.26,14.46,0.58,-84.44,28,353307.14,19.53,0.576,0.926,2008.33,0
AAPL,1d,100,150,trend,4979.57,13.05,0.527,-81.16,19,42.11,61.46,655.74,15.82,0.719,-45.47,7,85.71,77.42,38427.89,13.88,0.563,-81.16,26,353307.14,19.53,0.576,0.926,2008.33,0
AAPL,1d,100,200,trend,3597.89,11.93,0.499,-81.52,14,42.86,60.69,443.08,13.08,0.643,-44.97,6,83.33,63.99,24953.55,12.82,0.533,-81.52,21,353307.14,19.53,0.576,0.926,2008.33,0
AAPL,1d,100,250,trend,3275.98,11.62,0.493,-81.98,14,35.71,59.83,639.68,15.64,0.728,-43.76,4,100,66.42,31480.14,13.39,0.549,-81.98,19,353307.14,19.53,0.576,0.926,2008.33,0
AAPL,1d,100,300,trend,3953.03,12.25,0.508,-80.39,11,36.36,60.07,676.55,16.05,0.736,-38.89,4,100,68.24,36449.44,13.75,0.557,-80.39,16,353307.14,19.53,0.576,0.926,2008.33,0
AAPL,1d,125,2,dip,-67.14,-3.42,0.081,-74.26,108,77.78,38.39,95.49,4.99,0.372,-26.53,48,77.08,21.66,-43.02,-1.22,0.119,-75.14,156,353307.14,19.53,0.576,0.926,2008.33,0
AAPL,1d,125,3,dip,-73.68,-4.08,0.061,-80.74,87,75.86,38.21,66.95,3.79,0.305,-26.53,36,75,21.2,-60.19,-1.99,0.094,-80.74,124,353307.14,19.53,0.576,0.926,2008.33,0
AAPL,1d,125,4,dip,-61.09,-2.9,0.095,-75.21,76,75,38.29,118.08,5.83,0.421,-26.53,35,77.14,21.11,-24.61,-0.61,0.139,-75.21,111,353307.14,19.53,0.576,0.926,2008.33,0
AAPL,1d,125,5,dip,-44.98,-1.85,0.125,-73.85,70,78.57,38.27,106.19,5.4,0.398,-26.53,27,77.78,20.79,5.78,0.12,0.162,-73.85,97,353307.14,19.53,0.576,0.926,2008.33,0
AAPL,1d,125,7,dip,-47.75,-2.01,0.12,-73.85,63,74.6,38.33,130.48,6.25,0.448,-26.53,25,76,20.65,12.7,0.26,0.166,-73.85,89,353307.14,19.53,0.576,0.926,2008.33,0
AAPL,1d,125,9,dip,-10.29,-0.34,0.156,-69.92,55,67.27,38.18,132.97,6.34,0.463,-27,24,75,20.13,91.79,1.43,0.195,-69.92,79,353307.14,19.53,0.576,0.926,2008.33,0
AAPL,1d,125,12,dip,75.69,1.78,0.219,-70.45,48,72.92,38.27,163.64,7.29,0.524,-26.53,19,84.21,19.78,322.62,3.2,0.254,-70.45,67,353307.14,19.53,0.576,0.926,2008.33,0
AAPL,1d,125,15,dip,260.16,4.08,0.286,-68.66,45,73.33,38.28,151.99,6.94,0.506,-26.53,17,88.24,19.58,726.13,4.72,0.303,-68.66,62,353307.14,19.53,0.576,0.926,2008.33,0
AAPL,1d,125,20,dip,290.55,4.35,0.293,-68.56,43,69.77,38.13,144.79,6.72,0.501,-23.07,14,92.86,19.15,783.56,4.87,0.308,-68.56,57,353307.14,19.53,0.576,0.926,2008.33,0
AAPL,1d,125,25,dip,493.35,5.72,0.333,-65.25,40,75,38.38,118.49,5.84,0.45,-23.07,13,92.31,19.12,1166.66,5.7,0.335,-65.25,53,353307.14,19.53,0.576,0.926,2008.33,0
AAPL,1d,125,30,dip,359.17,4.87,0.309,-62.81,33,72.73,38.37,131.34,6.28,0.484,-23.07,12,91.67,19.12,934.83,5.23,0.32,-62.81,45,353307.14,19.53,0.576,0.926,2008.33,0
AAPL,1d,125,40,dip,517.11,5.85,0.336,-64.17,30,70,38.3,66.38,3.77,0.327,-27.16,8,75,18.89,927.03,5.22,0.319,-64.17,38,353307.14,19.53,0.576,0.926,2008.33,0
AAPL,1d,125,50,dip,515.79,5.84,0.336,-65.51,29,72.41,38.27,47.69,2.87,0.269,-30.81,6,83.33,18.8,801.27,4.92,0.31,-65.51,35,353307.14,19.53,0.576,0.926,2008.33,0
AAPL,1d,125,60,dip,402.76,5.17,0.317,-66.96,30,70,38.13,149.29,6.86,0.547,-25.13,6,100,18.77,1124.86,5.62,0.333,-66.96,36,353307.14,19.53,0.576,0.926,2008.33,0
AAPL,1d,125,75,dip,679.11,6.62,0.359,-68.44,25,76,37.51,122.09,5.97,0.496,-25.13,6,83.33,18.77,1592.53,6.37,0.359,-68.44,31,353307.14,19.53,0.576,0.926,2008.33,0
AAPL,1d,125,100,dip,231.62,3.81,0.276,-68.52,21,66.67,36.63,138.63,6.52,0.572,-25.13,6,83.33,18.42,662.19,4.53,0.298,-68.52,28,353307.14,19.53,0.576,0.926,2008.33,0
AAPL,1d,125,150,trend,4651.94,12.81,0.52,-80.59,14,42.86,61.16,598.71,15.16,0.688,-46.85,8,75,79.44,28491.79,13.14,0.541,-80.59,22,353307.14,19.53,0.576,0.926,2008.33,0
AAPL,1d,125,200,trend,3194.26,11.53,0.49,-78.94,15,33.33,59.95,607.52,15.27,0.718,-43.39,4,100,65.64,28597.81,13.15,0.543,-78.94,20,353307.14,19.53,0.576,0.926,2008.33,0
AAPL,1d,125,250,trend,3119.86,11.45,0.488,-81.02,12,33.33,59.7,666.35,15.94,0.734,-40.21,4,100,67.34,29369.61,13.22,0.543,-81.02,17,353307.14,19.53,0.576,0.926,2008.33,0
AAPL,1d,125,300,trend,2625.5,10.87,0.473,-82.97,10,40,60.05,962.9,18.73,0.822,-38.52,2,100,70.72,33187.84,13.52,0.55,-82.97,13,353307.14,19.53,0.576,0.926,2008.33,0
AAPL,1d,150,2,dip,-60.29,-2.84,0.093,-75.52,88,76.14,36.88,82.12,4.45,0.347,-26.53,36,75,20.16,-32.97,-0.87,0.127,-75.52,124,353307.14,19.53,0.576,0.926,2008.33,0
AAPL,1d,150,3,dip,-57.77,-2.66,0.098,-76.39,75,77.33,36.73,54.23,3.2,0.273,-26.53,27,70.37,19.92,-37.07,-1.01,0.123,-76.39,103,353307.14,19.53,0.576,0.926,2008.33,0
AAPL,1d,150,4,dip,-62.93,-3.05,0.085,-80.32,65,73.85,36.61,100.04,5.16,0.388,-26.53,28,75,19.84,-30.71,-0.8,0.128,-80.32,94,353307.14,19.53,0.576,0.926,2008.33,0
AAPL,1d,150,5,dip,-61.86,-2.97,0.088,-81.78,61,70.49,36.55,111.93,5.61,0.421,-27,25,76,19.49,-25.77,-0.65,0.133,-81.78,86,353307.14,19.53,0.576,0.926,2008.33,0
AAPL,1d,150,7,dip,20.91,0.59,0.181,-62.96,56,69.64,36.31,100.86,5.2,0.398,-27,19,78.95,19.32,121.59,1.75,0.204,-62.96,75,353307.14,19.53,0.576,0.926,2008.33,0
AAPL,1d,150,9,dip,25.35,0.71,0.184,-64.54,51,74.51,36.36,158.05,7.13,0.518,-26.53,19,89.47,19.12,194.45,2.39,0.226,-64.54,70,353307.14,19.53,0.576,0.926,2008.33,0
AAPL,1d,150,12,dip,138.51,2.75,0.244,-63.64,42,76.19,34.36,99.93,5.16,0.403,-26.53,14,78.57,18.63,340.71,3.29,0.255,-63.64,56,353307.14,19.53,0.576,0.926,2008.33,0
AAPL,1d,150,15,dip,329.49,4.66,0.301,-62.57,40,72.5,34.23,131.37,6.28,0.478,-23.07,13,92.31,18.31,870.94,5.09,0.316,-62.57,53,353307.14,19.53,0.576,0.926,2008.33,0
AAPL,1d,150,20,dip,344.46,4.77,0.304,-64.59,35,74.29,34.22,122.4,5.98,0.463,-23.07,13,84.62,18.34,862.97,5.07,0.316,-64.59,48,353307.14,19.53,0.576,0.926,2008.33,0
AAPL,1d,150,25,dip,411.65,5.23,0.318,-64.93,32,75,34.31,125.18,6.07,0.478,-23.07,11,100,17.9,1030.85,5.44,0.329,-64.93,43,353307.14,19.53,0.576,0.926,2008.33,0
AAPL,1d,150,30,dip,757.51,6.94,0.369,-65.27,32,75,34.28,100.78,5.19,0.422,-23.07,9,88.89,18.34,1604.09,6.39,0.361,-65.27,41,353307.14,19.53,0.576,0.926,2008.33,0
AAPL,1d,150,40,dip,492.83,5.71,0.333,-68.44,28,75,34.23,59.79,3.46,0.31,-30.81,6,83.33,18.51,838.77,5.01,0.314,-68.44,34,353307.14,19.53,0.576,0.926,2008.33,0
AAPL,1d,150,50,dip,591.94,6.23,0.349,-68.44,25,76,33.61,140.19,6.57,0.532,-25.13,6,100,18.45,1485.09,6.22,0.357,-68.44,31,353307.14,19.53,0.576,0.926,2008.33,0
AAPL,1d,150,60,dip,827.39,7.2,0.378,-68.44,25,80,33.4,121.1,5.93,0.493,-25.13,6,83.33,18.57,1913.01,6.77,0.376,-68.44,31,353307.14,19.53,0.576,0.926,2008.33,0
AAPL,1d,150,75,dip,650.08,6.49,0.357,-68.44,22,72.73,33,112.53,5.63,0.505,-25.13,6,83.33,18.37,1430.43,6.14,0.355,-68.44,28,353307.14,19.53,0.576,0.926,2008.33,0
AAPL,1d,150,100,dip,280.41,4.26,0.288,-71.77,18,77.78,32.81,182.42,7.83,0.697,-25.13,6,100,17.56,948.81,5.27,0.325,-71.77,25,353307.14,19.53,0.576,0.926,2008.33,0
AAPL,1d,150,125,dip,304.72,4.46,0.294,-69.37,13,84.62,33.06,226.37,8.97,0.848,-19.6,7,100,15.39,1304.96,5.94,0.351,-69.37,21,353307.14,19.53,0.576,0.926,2008.33,0
AAPL,1d,150,200,trend,3513.05,11.85,0.497,-80.57,11,36.36,59.75,625.03,15.47,0.721,-41.81,4,100,66.56,32593.2,13.47,0.55,-80.57,16,353307.14,19.53,0.576,0.926,2008.33,0
AAPL,1d,150,250,trend,2527.18,10.75,0.47,-83.05,10,40,59.84,805.21,17.35,0.778,-38.52,4,100,69.74,25357.87,12.86,0.533,-83.05,15,353307.14,19.53,0.576,0.926,2008.33,0
AAPL,1d,150,300,trend,3001.19,11.32,0.484,-83.39,10,40,59.94,924.55,18.41,0.81,-38.52,2,100,70.86,36798.57,13.77,0.556,-83.39,13,353307.14,19.53,0.576,0.926,2008.33,0
AAPL,1d,200,2,dip,-34.26,-1.3,0.129,-81.96,87,81.61,34.05,89.26,4.74,0.378,-26.7,27,74.07,17.7,21.66,0.43,0.164,-81.96,118,353307.14,19.53,0.576,0.926,2008.33,0
AAPL,1d,200,3,dip,-29.76,-1.1,0.136,-80.01,74,79.73,34.07,73.42,4.08,0.338,-26.53,21,71.43,17.67,25.19,0.49,0.166,-80.01,97,353307.14,19.53,0.576,0.926,2008.33,0
AAPL,1d,200,4,dip,50.59,1.29,0.198,-63.88,60,80,33.96,64.2,3.67,0.311,-26.53,18,61.11,17.73,166.95,2.17,0.217,-63.88,80,353307.14,19.53,0.576,0.926,2008.33,0
AAPL,1d,200,5,dip,89.69,2.02,0.222,-65.44,55,78.18,33.8,61.27,3.53,0.303,-26.53,16,75,17.67,230.02,2.64,0.233,-65.44,72,353307.14,19.53,0.576,0.926,2008.33,0
AAPL,1d,200,7,dip,131.49,2.66,0.241,-67.51,46,78.26,33.68,57.45,3.35,0.292,-25.21,14,85.71,17.5,261.44,2.85,0.24,-67.51,61,353307.14,19.53,0.576,0.926,2008.33,0
AAPL,1d,200,9,dip,252.95,4.02,0.282,-68.44,44,75,33.64,75.55,4.17,0.348,-23.07,13,84.62,17.3,505.39,4.01,0.28,-68.44,57,353307.14,19.53,0.576,0.926,2008.33,0
AAPL,1d,200,12,dip,193.88,3.42,0.263,-68.44,36,69.44,33.53,82.73,4.48,0.372,-23.07,10,90,17.27,423.17,3.68,0.268,-68.44,46,353307.14,19.53,0.576,0.926,2008.33,0
AAPL,1d,200,15,dip,150.7,2.91,0.247,-68.44,32,71.88,33.6,73.74,4.09,0.35,-23.07,10,80,17.15,333.95,3.26,0.253,-68.44,42,353307.14,19.53,0.576,0.926,2008.33,0
AAPL,1d,200,20,dip,228.38,3.78,0.274,-68.44,29,72.41,33.4,101.82,5.23,0.432,-23.07,10,100,16.84,555.96,4.19,0.286,-68.44,39,353307.14,19.53,0.576,0.926,2008.33,0
AAPL,1d,200,25,dip,288.85,4.33,0.291,-68.44,28,75,33.03,111.58,5.59,0.465,-23.82,7,85.71,16.72,713.08,4.68,0.303,-68.44,35,353307.14,19.53,0.576,0.926,2008.33,0
AAPL,1d,200,30,dip,180.36,3.27,0.258,-68.66,24,70.83,32.83,117.62,5.81,0.485,-23.63,7,85.71,17.01,502.58,4,0.279,-68.66,31,353307.14,19.53,0.576,0.926,2008.33,0
AAPL,1d,200,40,dip,573.11,6.13,0.346,-70.1,23,78.26,32.85,115.32,5.73,0.486,-19.6,8,87.5,17.18,1298.06,5.93,0.347,-70.1,31,353307.14,19.53,0.576,0.926,2008.33,0
AAPL,1d,200,50,dip,440.28,5.41,0.324,-69.45,20,80,32.88,137.46,6.48,0.549,-21.63,7,85.71,17.24,1174.5,5.71,0.34,-69.45,27,353307.14,19.53,0.576,0.926,2008.33,0
AAPL,1d,200,60,dip,216.11,3.66,0.269,-70.65,17,70.59,32.9,92.58,4.87,0.456,-20.33,7,85.71,16.66,480.22,3.91,0.277,-70.65,25,353307.14,19.53,0.576,0.926,2008.33,0
AAPL,1d,200,75,dip,132.09,2.66,0.237,-71.87,14,71.43,32.81,167.95,7.42,0.693,-19.6,7,100,15.85,531.04,4.1,0.284,-71.87,22,353307.14,19.53,0.576,0.926,2008.33,0
AAPL,1d,200,100,dip,370.08,4.95,0.309,-70.88,13,84.62,33.49,149.71,6.87,0.692,-19.6,6,100,14.15,1350.98,6.01,0.354,-70.88,20,353307.14,19.53,0.576,0.926,2008.33,0
AAPL,1d,200,125,dip,445.4,5.44,0.324,-67.51,14,78.57,34.17,109.49,5.52,0.62,-19.6,4,100,12.3,1212.43,5.78,0.344,-67.51,19,353307.14,19.53,0.576,0.926,2008.33,0
AAPL,1d,200,150,dip,308.26,4.49,0.295,-63.05,10,80,34.31,101.09,5.2,0.624,-18.92,4,100,11.26,845.8,5.03,0.318,-63.05,15,353307.14,19.53,0.576,0.926,2008.33,0
AAPL,1d,200,250,trend,1922.31,9.84,0.447,-83.97,10,40,59.83,885.45,18.08,0.798,-38.52,2,100,70.75,22688.54,12.58,0.525,-83.97,13,353307.14,19.53,0.576,0.926,2008.33,0
AAPL,1d,200,300,trend,1795.54,9.62,0.442,-81.27,10,40,59.94,1116.98,19.9,0.856,-38.52,2,100,72.37,22816.07,12.6,0.524,-81.27,14,353307.14,19.53,0.576,0.926,2008.33,0
AAPL,1d,250,2,dip,124.69,2.56,0.238,-66.94,81,83.95,33.49,123.64,6.02,0.482,-23.07,24,83.33,15.88,442.87,3.76,0.272,-66.94,107,353307.14,19.53,0.576,0.926,2008.33,0
AAPL,1d,250,3,dip,114.13,2.41,0.233,-66.94,63,80.95,33.43,140.6,6.58,0.524,-23.4,21,80.95,15.8,440.08,3.75,0.271,-66.94,85,353307.14,19.53,0.576,0.926,2008.33,0
AAPL,1d,250,4,dip,87.84,1.99,0.22,-66.94,51,78.43,33.42,130.27,6.24,0.5,-23.08,18,77.78,15.74,356.23,3.37,0.258,-66.94,70,353307.14,19.53,0.576,0.926,2008.33,0
AAPL,1d,250,5,dip,114.38,2.41,0.232,-66.94,49,77.55,33.39,135.21,6.41,0.511,-23.07,17,82.35,15.82,424.8,3.69,0.268,-66.94,65,353307.14,19.53,0.576,0.926,2008.33,0
AAPL,1d,250,7,dip,88.44,2,0.219,-67.51,40,70,33.28,141.6,6.62,0.531,-23.07,13,92.31,15.94,373.59,3.45,0.26,-67.51,54,353307.14,19.53,0.576,0.926,2008.33,0
AAPL,1d,250,9,dip,61.92,1.52,0.204,-68.34,34,67.65,33.21,124.91,6.06,0.495,-23.07,13,84.62,15.88,273.41,2.92,0.241,-68.34,48,353307.14,19.53,0.576,0.926,2008.33,0
AAPL,1d,250,12,dip,89.73,2.02,0.219,-68.44,32,68.75,33.08,128.33,6.18,0.507,-23.07,9,100,15.77,313.4,3.15,0.249,-68.44,41,353307.14,19.53,0.576,0.926,2008.33,0
AAPL,1d,250,15,dip,106.06,2.28,0.227,-68.44,25,68,33,100.61,5.19,0.442,-23.07,9,100,15.88,309.14,3.12,0.248,-68.44,34,353307.14,19.53,0.576,0.926,2008.33,0
AAPL,1d,250,20,dip,179.01,3.26,0.257,-68.44,24,75,32.82,139.11,6.54,0.547,-23.07,8,100,15.88,559.32,4.2,0.287,-68.44,32,353307.14,19.53,0.576,0.926,2008.33,0
AAPL,1d,250,25,dip,259.68,4.08,0.283,-68.44,23,65.22,32.71,101.36,5.21,0.455,-20.08,7,100,15.82,604.1,4.35,0.292,-68.44,30,353307.14,19.53,0.576,0.926,2008.33,0
AAPL,1d,250,30,dip,306.78,4.48,0.295,-71.06,22,68.18,32.66,125.12,6.07,0.519,-19.6,7,100,15.94,794.96,4.9,0.311,-71.06,29,353307.14,19.53,0.576,0.926,2008.33,0
AAPL,1d,250,40,dip,428.38,5.34,0.322,-72.45,19,73.68,32.54,129.06,6.2,0.571,-19.6,7,100,15.19,1116.27,5.61,0.337,-72.45,28,353307.14,19.53,0.576,0.926,2008.33,0
AAPL,1d,250,50,dip,189.7,3.38,0.26,-70.97,16,75,32.83,156.73,7.09,0.657,-19.6,7,100,14.81,613.2,4.38,0.294,-70.97,24,353307.14,19.53,0.576,0.926,2008.33,0
AAPL,1d,250,60,dip,198.98,3.48,0.263,-70.27,15,86.67,33.06,161.88,7.24,0.697,-19.6,6,100,14.15,683.6,4.6,0.301,-70.27,22,353307.14,19.53,0.576,0.926,2008.33,0
AAPL,1d,250,75,dip,336.61,4.71,0.301,-69.58,14,78.57,33.64,150.25,6.89,0.701,-19.6,6,100,13.37,1216.89,5.79,0.345,-69.58,21,353307.14,19.53,0.576,0.926,2008.33,0
AAPL,1d,250,100,dip,395.85,5.13,0.315,-68.74,13,76.92,34.27,99.79,5.16,0.612,-18.92,4,100,11.46,1011.18,5.4,0.331,-68.74,18,353307.14,19.53,0.576,0.926,2008.33,0
AAPL,1d,250,125,dip,367.07,4.93,0.309,-63.05,11,90.91,34.34,100.69,5.19,0.658,-18.92,4,100,10.37,969.77,5.31,0.328,-63.05,16,353307.14,19.53,0.576,0.926,2008.33,0
AAPL,1d,250,150,dip,433.93,5.37,0.323,-63.05,9,88.89,34.15,72.27,4.03,0.61,-18.92,4,100,7.8,1055.05,5.49,0.336,-63.05,14,353307.14,19.53,0.576,0.926,2008.33,0
AAPL,1d,250,200,dip,604.52,6.29,0.352,-63.05,9,77.78,34.02,54.13,3.19,0.581,-18.92,2,100,6.35,1213.66,5.78,0.348,-63.05,12,353307.14,19.53,0.576,0.926,2008.33,0
AAPL,1d,250,300,trend,1366.84,8.75,0.419,-82.05,9,44.44,60.58,1175.92,20.31,0.87,-38.52,1,100,72.62,21167.22,12.41,0.518,-82.05,11,353307.14,19.53,0.576,0.926,2008.33,0
AAPL,1d,300,2,dip,189.47,3.37,0.262,-66.94,69,79.71,33.22,152.77,6.97,0.57,-23.07,26,88.46,14.47,739.02,4.75,0.305,-66.94,97,353307.14,19.53,0.576,0.926,2008.33,0
AAPL,1d,300,3,dip,246.34,3.96,0.279,-66.94,56,80.36,33.18,155.56,7.05,0.575,-23.07,23,91.3,14.52,830.34,4.99,0.313,-66.94,80,353307.14,19.53,0.576,0.926,2008.33,0
AAPL,1d,300,4,dip,289.04,4.33,0.291,-66.94,50,76,33.09,133.72,6.36,0.53,-23.07,20,90,14.55,880.87,5.11,0.318,-66.94,71,353307.14,19.53,0.576,0.926,2008.33,0
AAPL,1d,300,5,dip,229.92,3.8,0.275,-66.94,42,73.81,33.03,153.15,6.98,0.573,-23.07,16,93.75,14.52,800.99,4.92,0.311,-66.94,59,353307.14,19.53,0.576,0.926,2008.33,0
AAPL,1d,300,7,dip,192.3,3.41,0.263,-66.94,35,71.43,32.91,108.61,5.49,0.469,-23.07,11,100,14.47,547.77,4.16,0.285,-66.94,47,353307.14,19.53,0.576,0.926,2008.33,0
AAPL,1d,300,9,dip,108.11,2.31,0.228,-66.94,32,75,32.75,125.08,6.07,0.514,-23.07,11,100,14.47,387.27,3.52,0.262,-66.94,44,353307.14,19.53,0.576,0.926,2008.33,0
AAPL,1d,300,12,dip,101.24,2.21,0.224,-68.44,27,70.37,32.57,138.84,6.53,0.559,-23.07,12,100,14.29,386.78,3.52,0.262,-68.44,39,353307.14,19.53,0.576,0.926,2008.33,0
AAPL,1d,300,15,dip,120.15,2.49,0.233,-68.44,27,66.67,32.44,106.29,5.4,0.481,-23.07,11,100,13.98,360.32,3.39,0.258,-68.44,38,353307.14,19.53,0.576,0.926,2008.33,0
AAPL,1d,300,20,dip,128.67,2.62,0.237,-70.24,22,68.18,32.38,103.39,5.29,0.476,-19.6,8,100,13.83,379.31,3.48,0.261,-70.24,31,353307.14,19.53,0.576,0.926,2008.33,0
AAPL,1d,300,25,dip,207.32,3.57,0.267,-68.66,21,76.19,32.34,112.03,5.61,0.509,-19.6,7,100,13.51,557.86,4.2,0.287,-68.66,29,353307.14,19.53,0.576,0.926,2008.33,0
AAPL,1d,300,30,dip,208.84,3.58,0.267,-72.61,20,75,32.25,99.49,5.14,0.504,-19.6,6,100,13.34,483.71,3.93,0.277,-72.61,27,353307.14,19.53,0.576,0.926,2008.33,0
AAPL,1d,300,40,dip,186.12,3.34,0.259,-69.45,17,70.59,32.83,117.63,5.81,0.57,-19.6,7,100,13.17,607.52,4.36,0.293,-69.45,26,353307.14,19.53,0.576,0.926,2008.33,0
AAPL,1d,300,50,dip,215.18,3.65,0.269,-68.75,15,73.33,33.18,115.15,5.72,0.587,-19.6,6,100,12.85,638.52,4.46,0.296,-68.75,22,353307.14,19.53,0.576,0.926,2008.33,0
AAPL,1d,300,60,dip,293.96,4.37,0.291,-68.44,14,71.43,33.51,145.1,6.73,0.739,-18.92,8,100,11.87,969.91,5.31,0.327,-68.44,22,353307.14,19.53,0.576,0.926,2008.33,0
AAPL,1d,300,75,dip,330.46,4.66,0.3,-68.74,13,69.23,34,99.98,5.16,0.62,-18.92,4,100,10.83,894.68,5.14,0.321,-68.74,18,353307.14,19.53,0.576,0.926,2008.33,0
AAPL,1d,300,100,dip,271.5,4.18,0.285,-63.19,10,80,33.97,94.05,4.93,0.655,-18.92,4,100,9.44,763.6,4.82,0.31,-63.19,15,353307.14,19.53,0.576,0.926,2008.33,0
AAPL,1d,300,125,dip,414.68,5.25,0.319,-63.05,9,88.89,33.94,44.54,2.71,0.469,-18.92,2,100,6.73,785.42,4.88,0.313,-63.05,12,353307.14,19.53,0.576,0.926,2008.33,0
AAPL,1d,300,150,dip,374.31,4.98,0.31,-63.05,9,77.78,33.99,51.09,3.04,0.542,-18.92,2,100,6.35,737.59,4.75,0.309,-63.05,12,353307.14,19.53,0.576,0.926,2008.33,0
AAPL,1d,300,200,dip,607.29,6.3,0.353,-63.8,9,77.78,33.85,27.5,1.78,0.469,-8.34,2,100,3.29,1127.76,5.63,0.343,-63.8,13,353307.14,19.53,0.576,0.926,2008.33,0
AAPL,1d,300,250,dip,895.97,7.44,0.39,-62.65,8,87.5,33.07,18.61,1.25,0.38,-8.34,1,100,2.6,1344.92,6,0.359,-62.65,10,353307.14,19.53,0.576,0.926,2008.33,0
AAPL,1h,2,3,trend,-2.58,-1.84,-0.005,-17.69,284,33.1,54.27,-2.56,-4.3,-0.086,-17.04,126,36.51,57.17,-5.08,-2.58,-0.031,-17.69,410,46.47,21.06,0.562,1.39,23.82,0
AAPL,1h,2,4,trend,7.38,5.2,0.359,-12.09,240,35,54.59,6.34,10.95,0.634,-9.49,109,31.19,57.36,14.19,6.87,0.44,-14.1,349,46.47,21.06,0.562,1.39,23.82,0
AAPL,1h,2,5,trend,0.51,0.37,0.116,-16.78,213,32.39,54.68,3.28,5.61,0.384,-9.82,100,34,57.55,3.09,1.54,0.175,-16.88,314,46.47,21.06,0.562,1.39,23.82,0
AAPL,1h,2,7,trend,-12.48,-9.05,-0.348,-27.27,185,31.35,55.33,7.74,13.43,0.752,-8.04,77,38.96,58.41,-6.38,-3.25,-0.059,-27.27,263,46.47,21.06,0.562,1.39,23.82,0
AAPL,1h,2,9,trend,4.59,3.25,0.26,-19.03,153,33.33,54.96,9.38,16.36,0.865,-9.13,67,35.82,59.08,14.4,6.97,0.438,-19.03,220,46.47,21.06,0.562,1.39,23.82,0
AAPL,1h,2,12,trend,0.54,0.39,0.117,-22.6,129,33.33,55.05,9.92,17.34,0.894,-11.28,55,38.18,60.52,10.52,5.14,0.354,-22.6,184,46.47,21.06,0.562,1.39,23.82,0
AAPL,1h,2,15,trend,-1.11,-0.79,0.054,-20.47,117,32.48,54.76,11.84,20.82,1.031,-9.55,49,32.65,60.61,10.6,5.17,0.357,-20.47,166,46.47,21.06,0.562,1.39,23.82,0
AAPL,1h,2,20,trend,2.02,1.43,0.17,-18.53,107,32.71,55.09,12.59,22.21,1.079,-10.6,43,32.56,61.19,14.86,7.19,0.453,-18.53,150,46.47,21.06,0.562,1.39,23.82,0
AAPL,1h,2,25,trend,5.22,3.69,0.285,-18.41,94,36.17,55.41,16.59,29.62,1.338,-9.3,36,30.56,61.95,22.67,10.78,0.616,-18.41,130,46.47,21.06,0.562,1.39,23.82,0
AAPL,1h,2,30,trend,7.38,5.2,0.365,-18.54,77,32.47,55.41,11.58,20.34,0.991,-9.3,37,32.43,62.33,19.81,9.47,0.565,-18.54,114,46.47,21.06,0.562,1.39,23.82,0
AAPL,1h,2,40,trend,1.43,1.02,0.147,-22.62,64,28.13,52.34,16.21,28.92,1.321,-10.18,28,28.57,63.38,17.66,8.49,0.527,-22.62,92,46.47,21.06,0.562,1.39,23.82,0
AAPL,1h,2,50,trend,13.08,9.14,0.576,-18.6,51,35.29,53.53,19.86,35.83,1.564,-8.81,25,28,63.48,34.71,16.1,0.882,-18.6,77,46.47,21.06,0.562,1.39,23.82,1
AAPL,1h,2,60,trend,6.93,4.89,0.355,-18.57,49,22.45,53.98,0.96,1.63,0.189,-14.52,23,26.09,63.86,7.69,3.78,0.286,-18.57,73,46.47,21.06,0.562,1.39,23.82,0
AAPL,1h,2,75,trend,-2.77,-1.98,-0.018,-21.77,49,22.45,54.63,2.83,4.83,0.318,-14.46,21,23.81,63.38,-0.02,-0.01,0.101,-21.77,70,46.47,21.06,0.562,1.39,23.82,0
AAPL,1h,2,100,trend,-10.88,-7.87,-0.371,-30.14,45,17.78,55.54,10.38,18.16,0.811,-15.63,14,28.57,62.43,-0.46,-0.23,0.089,-30.14,58,46.47,21.06,0.562,1.39,23.82,0
AAPL,1h,2,125,trend,-8.06,-5.8,-0.261,-28.23,38,21.05,53.65,10.53,18.44,0.821,-15.25,13,30.77,61.66,1.22,0.61,0.13,-28.23,52,46.47,21.06,0.562,1.39,23.82,0
AAPL,1h,2,150,trend,-7,-5.03,-0.213,-27.4,36,25,53.49,4.52,7.76,0.429,-14.21,16,25,61.85,-3.22,-1.63,0.016,-27.4,53,46.47,21.06,0.562,1.39,23.82,0
AAPL,1h,2,200,trend,3.17,2.25,0.22,-22.19,31,19.35,53.28,-0.8,-1.34,0.03,-15.38,10,20,35.09,9.6,4.7,0.339,-22.19,43,46.47,21.06,0.562,1.39,23.82,0
AAPL,1h,2,250,trend,13.04,9.12,0.639,-18.63,22,18.18,53.2,-1.33,-2.23,-0.011,-15.33,7,28.57,37.67,19.02,9.11,0.556,-18.63,32,46.47,21.06,0.562,1.39,23.82,0
AAPL,1h,2,300,trend,11.39,7.98,0.586,-13.87,15,20,45.45,-4.15,-6.91,-0.226,-17.28,11,27.27,41.49,7.86,3.86,0.295,-17.48,31,46.47,21.06,0.562,1.39,23.82,0
AAPL,1h,3,2,dip,-13.77,-10,-0.408,-32.25,285,64.56,45.41,9.63,16.82,0.962,-7.79,125,69.6,42.35,-5.36,-2.72,-0.039,-32.25,410,46.47,21.06,0.562,1.39,23.82,0
AAPL,1h,3,4,trend,3.86,2.73,0.235,-16.52,193,33.16,54.43,3.48,5.95,0.399,-9.88,92,32.61,57.55,7.66,3.76,0.287,-16.52,285,46.47,21.06,0.562,1.39,23.82,0
AAPL,1h,3,5,trend,-7.84,-5.64,-0.175,-24.66,174,34.48,55,4.99,8.58,0.53,-8.08,78,35.9,57.46,-3.93,-1.99,0.002,-24.66,253,46.47,21.06,0.562,1.39,23.82,0
AAPL,1h,3,7,trend,-3.7,-2.65,-0.027,-26.31,148,30.41,54.8,12.45,21.94,1.1,-8.42,64,39.06,59.66,8.28,4.07,0.298,-26.31,212,46.47,21.06,0.562,1.39,23.82,0
AAPL,1h,3,9,trend,5.19,3.67,0.282,-20.09,124,33.87,55.17,12.59,22.19,1.107,-9.84,54,37.04,60.33,18.43,8.84,0.528,-20.09,178,46.47,21.06,0.562,1.39,23.82,0
AAPL,1h,3,12,trend,3,2.13,0.206,-20.88,109,32.11,54.76,12.87,22.71,1.11,-9.37,46,32.61,60.99,16.26,7.84,0.484,-20.88,155,46.47,21.06,0.562,1.39,23.82,0
AAPL,1h,3,15,trend,4.2,2.97,0.249,-20.16,97,31.96,54.96,12.58,22.17,1.078,-10.62,41,34.15,60.9,17.34,8.34,0.507,-20.16,138,46.47,21.06,0.562,1.39,23.82,0
AAPL,1h,3,20,trend,6.26,4.42,0.321,-18.07,95,36.84,55.05,10.21,17.87,0.904,-10.93,38,34.21,60.8,17.11,8.23,0.502,-18.07,133,46.47,21.06,0.562,1.39,23.82,0
AAPL,1h,3,25,trend,4.49,3.18,0.261,-17.81,77,32.47,55.54,13.11,23.15,1.098,-9.59,33,33.33,61.76,17.17,8.26,0.507,-17.81,110,46.47,21.06,0.562,1.39,23.82,0
AAPL,1h,3,30,trend,9.97,7,0.453,-20.65,65,35.38,55.13,11.58,20.35,0.986,-8.79,30,30,62.05,22.71,10.79,0.622,-20.65,95,46.47,21.06,0.562,1.39,23.82,0
AAPL,1h,3,40,trend,6.7,4.72,0.344,-21.75,54,29.63,52.42,24.1,44.06,1.851,-8.01,19,31.58,63.48,31.25,14.59,0.808,-21.75,74,46.47,21.06,0.562,1.39,23.82,1
AAPL,1h,3,50,trend,11.26,7.89,0.505,-19.04,41,31.71,53.65,18.81,33.82,1.495,-10.04,24,29.17,63.58,30.44,14.24,0.789,-19.04,66,46.47,21.06,0.562,1.39,23.82,1
AAPL,1h,3,60,trend,17.75,12.34,0.723,-16.55,36,33.33,53.9,4.72,8.11,0.444,-14.44,18,33.33,64.24,23.31,11.07,0.618,-16.55,54,46.47,21.06,0.562,1.39,23.82,0
AAPL,1h,3,75,trend,5.04,3.56,0.282,-22.2,36,27.78,55.05,3.13,5.35,0.338,-14.85,20,25,63.19,8.33,4.09,0.3,-22.2,56,46.47,21.06,0.562,1.39,23.82,0
AAPL,1h,3,100,trend,-6.75,-4.86,-0.191,-26.95,39,20.51,55.58,11.58,20.36,0.889,-15.44,12,33.33,62.14,4.31,2.13,0.207,-26.95,51,46.47,21.06,0.562,1.39,23.82,0
AAPL,1h,3,125,trend,-9.72,-7.02,-0.332,-29.46,33,24.24,53.69,8.68,15.11,0.705,-14.97,12,33.33,61.66,-1.77,-0.89,0.054,-29.46,45,46.47,21.06,0.562,1.39,23.82,0
AAPL,1h,3,150,trend,-8.46,-6.09,-0.279,-28.54,32,25,53.45,4.96,8.54,0.458,-14.95,13,30.77,61.57,-4,-2.02,-0.005,-28.54,45,46.47,21.06,0.562,1.39,23.82,0
AAPL,1h,3,200,trend,3.97,2.81,0.255,-22.37,28,25,52.99,0.72,1.23,0.162,-14.95,7,42.86,34.89,12.42,6.04,0.406,-22.37,37,46.47,21.06,0.562,1.39,23.82,0
AAPL,1h,3,250,trend,10.69,7.5,0.545,-19.24,18,22.22,53.08,-2.4,-4.03,-0.104,-15.43,7,28.57,37.48,13.57,6.58,0.432,-19.24,27,46.47,21.06,0.562,1.39,23.82,0
AAPL,1h,3,300,trend,9.7,6.81,0.515,-13.09,12,25,45.32,-2.52,-4.23,-0.092,-16.47,8,25,41.68,7.52,3.7,0.287,-17.2,25,46.47,21.06,0.562,1.39,23.82,0
AAPL,1h,4,2,dip,-17.52,-12.81,-0.573,-32.33,241,62.66,45.08,2.52,4.3,0.311,-12.27,108,72.22,42.16,-15.35,-8.01,-0.308,-32.33,349,46.47,21.06,0.562,1.39,23.82,0
AAPL,1h,4,3,dip,-9.77,-7.06,-0.258,-28.98,194,64.95,45.24,7.53,13.07,0.695,-11.24,91,72.53,41.97,-3.05,-1.54,0.028,-28.98,285,46.47,21.06,0.562,1.39,23.82,0
AAPL,1h,4,5,trend,-2.14,-1.53,0.028,-26.55,152,32.24,55.13,12.07,21.25,1.081,-8.55,65,41.54,58.32,8.9,4.36,0.312,-26.55,218,46.47,21.06,0.562,1.39,23.82,0
AAPL,1h,4,7,trend,-0.76,-0.54,0.074,-24.96,131,32.06,54.76,10.61,18.59,0.967,-8.07,57,38.6,60.61,9.99,4.88,0.339,-24.96,188,46.47,21.06,0.562,1.39,23.82,0
AAPL,1h,4,9,trend,8.52,5.99,0.399,-20.38,109,36.7,54.76,10.3,18.02,0.931,-11.84,46,32.61,61.09,19.98,9.55,0.567,-20.38,155,46.47,21.06,0.562,1.39,23.82,0
AAPL,1h,4,12,trend,1.84,1.31,0.164,-21.11,98,33.67,54.72,12.77,22.53,1.104,-10.74,37,35.14,60.71,14.68,7.1,0.448,-21.11,135,46.47,21.06,0.562,1.39,23.82,0
AAPL,1h,4,15,trend,9.48,6.66,0.432,-19.44,87,37.93,54.8,9.3,16.22,0.828,-11.17,37,35.14,60.33,20.23,9.67,0.567,-19.44,123,46.47,21.06,0.562,1.39,23.82,0
AAPL,1h,4,20,trend,11.52,8.07,0.5,-17.63,80,38.75,54.8,10.89,19.09,0.947,-8.31,31,38.71,60.8,23.66,11.22,0.64,-17.63,111,46.47,21.06,0.562,1.39,23.82,0
AAPL,1h,4,25,trend,10.34,7.25,0.465,-20.22,65,33.85,55.09,10.3,18.02,0.894,-8.78,31,29.03,61.66,21.7,10.34,0.601,-20.22,96,46.47,21.06,0.562,1.39,23.82,0
AAPL,1h,4,30,trend,13.85,9.67,0.585,-20.27,57,36.84,54.68,11.8,20.74,1.004,-9.17,25,28,62.62,27.28,12.84,0.718,-20.27,82,46.47,21.06,0.562,1.39,23.82,0
AAPL,1h,4,40,trend,9.84,6.91,0.456,-19.78,43,32.56,52.63,25.57,46.94,1.947,-8.43,15,40,63.58,37.5,17.29,0.929,-19.78,59,46.47,21.06,0.562,1.39,23.82,1
AAPL,1h,4,50,trend,12.97,9.07,0.566,-18.11,36,33.33,53.61,22.71,41.34,1.754,-8.35,16,37.5,63.86,37.64,17.35,0.932,-18.11,53,46.47,21.06,0.562,1.39,23.82,1
AAPL,1h,4,60,trend,14.74,10.28,0.623,-17.13,36,33.33,54.1,5.17,8.9,0.474,-13.87,16,31.25,64.44,20.67,9.87,0.565,-17.13,52,46.47,21.06,0.562,1.39,23.82,0
AAPL,1h,4,75,trend,5.55,3.92,0.301,-21.43,33,30.3,54.84,4.47,7.67,0.427,-13.93,17,29.41,63.58,10.63,5.19,0.351,-21.43,49,46.47,21.06,0.562,1.39,23.82,0
AAPL,1h,4,100,trend,-5.96,-4.28,-0.156,-26.35,33,24.24,55.87,11.04,19.36,0.854,-15.14,10,40,62.05,4.54,2.25,0.212,-26.35,43,46.47,21.06,0.562,1.39,23.82,0
AAPL,1h,4,125,trend,-8.72,-6.29,-0.287,-28.54,28,25,53.65,6.56,11.33,0.563,-15.24,10,40,61.47,-1.24,-0.62,0.068,-28.54,37,46.47,21.06,0.562,1.39,23.82,0
AAPL,1h,4,150,trend,-9.33,-6.73,-0.315,-29.16,30,26.67,53.28,6.13,10.58,0.533,-14.95,10,40,61.57,-3.72,-1.88,0.004,-29.16,40,46.47,21.06,0.562,1.39,23.82,0
AAPL,1h,4,200,trend,4.53,3.2,0.279,-21.04,25,24,53.04,0.17,0.28,0.114,-15.24,7,42.86,34.89,11.01,5.37,0.372,-21.04,34,46.47,21.06,0.562,1.39,23.82,0
AAPL,1h,4,250,trend,10.91,7.65,0.553,-18.46,17,23.53,52.99,-2.22,-3.73,-0.088,-15.64,7,28.57,37.19,13.91,6.74,0.44,-18.46,26,46.47,21.06,0.562,1.39,23.82,0
AAPL,1h,4,300,trend,9.72,6.82,0.515,-14.14,11,27.27,45.37,-2.07,-3.47,-0.055,-16.08,7,28.57,41.59,8.77,4.3,0.317,-16.94,24,46.47,21.06,0.562,1.39,23.82,0
AAPL,1h,5,2,dip,-8.98,-6.48,-0.23,-28.48,214,64.49,45,7.32,12.69,0.681,-11.34,100,72,41.68,-2.22,-1.12,0.048,-28.48,314,46.47,21.06,0.562,1.39,23.82,0
AAPL,1h,5,3,dip,4.02,2.85,0.243,-22.32,175,65.14,44.67,8.33,14.49,0.74,-10.1,79,70.89,41.78,12.82,6.23,0.406,-22.32,254,46.47,21.06,0.562,1.39,23.82,0
AAPL,1h,5,4,dip,0.58,0.41,0.117,-21.24,153,64.71,44.54,3.41,5.84,0.376,-12.67,66,68.18,40.82,3.81,1.89,0.194,-21.24,219,46.47,21.06,0.562,1.39,23.82,0
AAPL,1h,5,7,trend,2.04,1.45,0.172,-25.64,114,35.09,54.72,10.53,18.44,0.946,-11.97,50,32,60.8,12.79,6.21,0.403,-25.64,164,46.47,21.06,0.562,1.39,23.82,0
AAPL,1h,5,9,trend,4.92,3.48,0.274,-20.99,98,33.67,54.39,14.25,25.25,1.223,-9.97,40,37.5,60.9,19.98,9.55,0.566,-20.99,138,46.47,21.06,0.562,1.39,23.82,0
AAPL,1h,5,12,trend,4.54,3.21,0.261,-20.4,91,34.07,54.35,7.71,13.38,0.717,-11.07,38,34.21,60.61,12.8,6.22,0.406,-20.4,129,46.47,21.06,0.562,1.39,23.82,0
AAPL,1h,5,15,trend,7.93,5.58,0.379,-19.19,82,40.24,54.72,7.33,12.71,0.688,-10.17,32,37.5,60.13,16.4,7.9,0.487,-19.19,113,46.47,21.06,0.562,1.39,23.82,0
AAPL,1h,5,20,trend,15.14,10.55,0.61,-18.23,71,36.62,54.8,9.04,15.75,0.811,-8.44,30,33.33,60.23,25.54,12.07,0.672,-18.23,101,46.47,21.06,0.562,1.39,23.82,0
AAPL,1h,5,25,trend,12.82,8.97,0.548,-20.15,57,36.84,54.72,12.59,22.19,1.061,-8.8,27,25.93,61.38,27.03,12.73,0.711,-20.15,84,46.47,21.06,0.562,1.39,23.82,0
AAPL,1h,5,30,trend,14.05,9.81,0.59,-16.64,50,34,54.8,12.88,22.73,1.081,-8.83,24,29.17,62.91,28.74,13.49,0.746,-16.64,74,46.47,21.06,0.562,1.39,23.82,0
AAPL,1h,5,40,trend,12,8.4,0.536,-17.44,35,37.14,52.67,24.14,44.12,1.85,-9.22,15,40,63.86,38.39,17.67,0.951,-17.44,50,46.47,21.06,0.562,1.39,23.82,1
AAPL,1h,5,50,trend,17.99,12.5,0.729,-16.73,33,36.36,53.9,10.29,18.02,0.808,-14.16,14,35.71,63.96,30.14,14.1,0.751,-16.73,47,46.47,21.06,0.562,1.39,23.82,0
AAPL,1h,5,60,trend,10.54,7.39,0.476,-19.52,32,34.38,54.18,9.06,15.78,0.724,-14.09,13,38.46,64.44,20.55,9.81,0.56,-19.52,45,46.47,21.06,0.562,1.39,23.82,0
AAPL,1h,5,75,trend,9.14,6.43,0.427,-22.52,30,30,54.96,4.05,6.95,0.4,-13.97,15,33.33,63.67,13.85,6.71,0.42,-22.52,45,46.47,21.06,0.562,1.39,23.82,0
AAPL,1h,5,100,trend,-2.36,-1.68,-0.011,-23.8,28,32.14,55.37,13.04,23.03,0.979,-14.42,10,40,61.85,9.87,4.83,0.34,-23.8,38,46.47,21.06,0.562,1.39,23.82,0
AAPL,1h,5,125,trend,-4.33,-3.1,-0.098,-25.04,26,26.92,53.53,7.41,12.85,0.619,-14.95,9,44.44,61.19,4.18,2.07,0.204,-25.04,34,46.47,21.06,0.562,1.39,23.82,0
AAPL,1h,5,150,trend,-5.07,-3.64,-0.128,-28.24,24,25,53.04,5.67,9.77,0.503,-15.19,10,40,61.47,-0.23,-0.12,0.094,-28.24,34,46.47,21.06,0.562,1.39,23.82,0
AAPL,1h,5,200,trend,7.27,5.12,0.398,-20.18,21,28.57,53.12,-0.44,-0.74,0.062,-15.19,7,28.57,34.7,12.9,6.26,0.417,-20.18,30,46.47,21.06,0.562,1.39,23.82,0
AAPL,1h,5,250,trend,11,7.71,0.556,-19.09,15,26.67,53.2,-4.31,-7.18,-0.253,-15.11,7,28.57,37.38,13.92,6.74,0.44,-19.09,24,46.47,21.06,0.562,1.39,23.82,0
AAPL,1h,5,300,trend,7.67,5.4,0.428,-14.87,11,27.27,45.37,2.04,3.48,0.274,-16.23,6,33.33,34.7,5.78,2.85,0.244,-18.39,22,46.47,21.06,0.562,1.39,23.82,0
AAPL,1h,7,2,dip,8.11,5.71,0.39,-22.03,186,66.67,44.34,5.69,9.81,0.551,-10.31,78,70.51,40.82,14.4,6.97,0.444,-22.03,264,46.47,21.06,0.562,1.39,23.82,0
AAPL,1h,7,3,dip,2.71,1.92,0.195,-21.34,149,68.46,44.87,3.19,5.45,0.361,-10.59,65,67.69,39.48,5.15,2.55,0.227,-21.34,213,46.47,21.06,0.562,1.39,23.82,0
AAPL,1h,7,4,dip,1.72,1.22,0.158,-18.75,132,71.97,44.91,6.27,10.83,0.591,-10.92,58,62.07,38.43,6.55,3.23,0.261,-18.75,189,46.47,21.06,0.562,1.39,23.82,0
AAPL,1h,7,5,dip,0.96,0.69,0.131,-20.8,115,71.3,44.95,7.25,12.56,0.666,-10.1,51,64.71,38.24,6.94,3.42,0.269,-20.8,165,46.47,21.06,0.562,1.39,23.82,0
AAPL,1h,7,9,trend,2.08,1.48,0.173,-20.54,91,34.07,54.22,9.29,16.2,0.839,-10.73,35,37.14,60.71,11.67,5.68,0.38,-20.54,126,46.47,21.06,0.562,1.39,23.82,0
AAPL,1h,7,12,trend,7.66,5.39,0.369,-20.2,81,37.04,54.68,7.15,12.39,0.675,-10.22,31,38.71,59.66,15.36,7.42,0.463,-20.2,112,46.47,21.06,0.562,1.39,23.82,0
AAPL,1h,7,15,trend,16.69,11.61,0.657,-17.97,70,37.14,54.76,7.54,13.08,0.696,-9.73,27,40.74,60.04,25.49,12.04,0.669,-17.97,97,46.47,21.06,0.562,1.39,23.82,0
AAPL,1h,7,20,trend,13.07,9.14,0.546,-20.33,63,36.51,54.59,15.94,28.4,1.297,-7.65,24,41.67,60.13,31.1,14.52,0.78,-20.33,87,46.47,21.06,0.562,1.39,23.82,0
AAPL,1h,7,25,trend,15.4,10.73,0.633,-15.65,49,36.73,54.55,16.88,30.18,1.356,-8.38,24,41.67,62.05,34.58,16.04,0.857,-15.65,73,46.47,21.06,0.562,1.39,23.82,0
AAPL,1h,7,30,trend,14.03,9.8,0.59,-15.82,43,39.53,55.41,17.73,31.78,1.399,-8,23,39.13,63.86,34.26,15.9,0.849,-15.82,66,46.47,21.06,0.562,1.39,23.82,1
AAPL,1h,7,40,trend,18.88,13.1,0.762,-17.73,30,40,53.12,21.76,39.49,1.692,-9.36,14,42.86,63.77,43.98,20.03,1.048,-17.73,45,46.47,21.06,0.562,1.39,23.82,1
AAPL,1h,7,50,trend,8.55,6.01,0.406,-19.85,31,35.48,53.73,7.79,13.51,0.645,-14.23,13,38.46,64.53,17,8.18,0.487,-19.85,44,46.47,21.06,0.562,1.39,23.82,0
AAPL,1h,7,60,trend,7.81,5.5,0.383,-22.4,28,39.29,54.27,9.9,17.3,0.777,-13.82,13,38.46,64.34,19.2,9.2,0.534,-22.4,41,46.47,21.06,0.562,1.39,23.82,0
AAPL,1h,7,75,trend,12.12,8.48,0.547,-16.72,26,34.62,54.27,10.73,18.8,0.832,-13.74,12,33.33,63.67,23.02,10.93,0.621,-16.72,39,46.47,21.06,0.562,1.39,23.82,0
AAPL,1h,7,100,trend,-5.54,-3.98,-0.146,-26.08,24,33.33,54.43,10.77,18.87,0.83,-15.08,9,44.44,61.66,3.75,1.86,0.193,-26.08,34,46.47,21.06,0.562,1.39,23.82,0
AAPL,1h,7,125,trend,-2.52,-1.8,-0.018,-26.84,22,31.82,53.24,8.85,15.41,0.71,-14.51,9,44.44,61.38,6.13,3.02,0.251,-26.84,30,46.47,21.06,0.562,1.39,23.82,0
AAPL,1h,7,150,trend,-3.68,-2.64,-0.073,-26.28,20,30,52.83,8.21,14.26,0.667,-15.1,8,50,61.38,3.68,1.83,0.191,-26.28,28,46.47,21.06,0.562,1.39,23.82,0
AAPL,1h,7,200,trend,7.71,5.43,0.417,-20.92,19,21.05,53.16,-4.84,-8.05,-0.346,-15.43,7,14.29,34.51,8.27,4.06,0.308,-20.92,28,46.47,21.06,0.562,1.39,23.82,0
AAPL,1h,7,250,trend,11.75,8.23,0.584,-19.02,14,28.57,53.16,-5.35,-8.87,-0.34,-15.7,7,28.57,37.48,12.15,5.91,0.396,-19.02,23,46.47,21.06,0.562,1.39,23.82,0
AAPL,1h,7,300,trend,6.28,4.43,0.368,-15.96,10,20,45.2,1.88,3.2,0.261,-16.71,6,33.33,35.09,10.33,5.05,0.356,-16.47,19,46.47,21.06,0.562,1.39,23.82,0
AAPL,1h,9,2,dip,-6.08,-4.36,-0.134,-22.87,153,66.67,44.3,5.3,9.12,0.524,-10.43,67,70.15,39.39,-1.5,-0.75,0.062,-22.87,220,46.47,21.06,0.562,1.39,23.82,0
AAPL,1h,9,3,dip,-3.3,-2.36,-0.028,-21.05,124,70.97,44.09,4.11,7.05,0.431,-11.03,54,62.96,38.05,0.07,0.04,0.102,-21.05,178,46.47,21.06,0.562,1.39,23.82,0
AAPL,1h,9,4,dip,-4.55,-3.26,-0.072,-21.04,109,72.48,44.46,7.3,12.65,0.67,-10.1,46,65.22,37.28,1.55,0.78,0.14,-21.04,155,46.47,21.06,0.562,1.39,23.82,0
AAPL,1h,9,5,dip,-0.41,-0.29,0.083,-21.08,98,72.45,44.79,4.34,7.44,0.451,-10.3,40,60,37.48,3.19,1.59,0.179,-21.08,138,46.47,21.06,0.562,1.39,23.82,0
AAPL,1h,9,7,dip,3.22,2.28,0.213,-20.18,91,73.63,44.95,9.57,16.7,0.854,-9.98,35,62.86,37.57,12.48,6.07,0.395,-20.18,126,46.47,21.06,0.562,1.39,23.82,0
AAPL,1h,9,12,trend,14.48,10.1,0.596,-18.09,65,38.46,54.47,4.33,7.43,0.452,-9.66,28,35.71,59.85,19.44,9.3,0.551,-18.09,93,46.47,21.06,0.562,1.39,23.82,0
AAPL,1h,9,15,trend,9.91,6.96,0.444,-20.78,65,38.46,54.31,11.81,20.78,1.019,-7.32,24,45.83,60.04,22.89,10.88,0.621,-20.78,89,46.47,21.06,0.562,1.39,23.82,0
AAPL,1h,9,20,trend,12.58,8.8,0.54,-16.49,52,38.46,54.92,21.34,38.67,1.66,-6.57,23,43.48,61.19,36.6,16.91,0.896,-16.49,75,46.47,21.06,0.562,1.39,23.82,1
AAPL,1h,9,25,trend,11.9,8.33,0.516,-16.31,44,38.64,55.41,18.72,33.66,1.481,-7.56,20,40,62.43,32.85,15.29,0.822,-16.31,64,46.47,21.06,0.562,1.39,23.82,1
AAPL,1h,9,30,trend,10.81,7.58,0.487,-17.12,39,35.9,55.05,19.85,35.82,1.538,-7.66,17,35.29,64.15,32.81,15.27,0.829,-17.12,56,46.47,21.06,0.562,1.39,23.82,1
AAPL,1h,9,40,trend,14.22,9.92,0.606,-17.83,29,34.48,53.2,8.73,15.19,0.706,-13.03,14,42.86,64.44,24.19,11.46,0.636,-17.83,43,46.47,21.06,0.562,1.39,23.82,0
AAPL,1h,9,50,trend,10.76,7.54,0.487,-16.88,29,34.48,53.77,11.12,19.51,0.853,-13.35,11,45.45,64.91,23.07,10.96,0.613,-16.88,40,46.47,21.06,0.562,1.39,23.82,0
AAPL,1h,9,60,trend,11.6,8.12,0.523,-19.27,24,41.67,54.35,11.18,19.61,0.858,-12.85,11,45.45,64.15,24.07,11.41,0.638,-19.27,35,46.47,21.06,0.562,1.39,23.82,0
AAPL,1h,9,75,trend,-2.52,-1.8,-0.012,-23.41,25,32,54.39,12.84,22.65,0.958,-13.27,11,45.45,63.67,10.37,5.07,0.348,-23.41,36,46.47,21.06,0.562,1.39,23.82,0
AAPL,1h,9,100,trend,-9.41,-6.79,-0.32,-27.19,22,36.36,54.18,11.69,20.55,0.886,-15.11,8,50,61.95,-0.63,-0.32,0.084,-27.19,30,46.47,21.06,0.562,1.39,23.82,0
AAPL,1h,9,125,trend,-8.8,-6.34,-0.292,-30.03,21,33.33,53.08,6.16,10.63,0.541,-15.61,7,42.86,60.99,-2.9,-1.46,0.024,-30.03,28,46.47,21.06,0.562,1.39,23.82,0
AAPL,1h,9,150,trend,-3.97,-2.84,-0.083,-28,19,31.58,52.46,1.53,2.6,0.229,-15.43,8,25,61.57,-1.39,-0.7,0.062,-28,27,46.47,21.06,0.562,1.39,23.82,0
AAPL,1h,9,200,trend,12.23,8.56,0.612,-17.34,18,22.22,52.87,-3.9,-6.5,-0.257,-15.43,6,33.33,34.99,13.49,6.55,0.436,-17.34,27,46.47,21.06,0.562,1.39,23.82,0
AAPL,1h,9,250,trend,13.83,9.66,0.682,-17.29,12,33.33,52.95,-5.74,-9.52,-0.374,-16.07,7,28.57,37.09,16.87,8.12,0.508,-17.29,20,46.47,21.06,0.562,1.39,23.82,0
AAPL,1h,9,300,trend,3.61,2.56,0.246,-15.23,10,20,44.95,4.95,8.51,0.514,-15.44,4,50,35.18,13.38,6.49,0.431,-15.44,16,46.47,21.06,0.562,1.39,23.82,0
AAPL,1h,12,2,dip,0.13,0.09,0.102,-20.34,129,71.32,44.13,6.51,11.25,0.618,-10.1,55,65.45,37.86,6,2.96,0.247,-20.34,184,46.47,21.06,0.562,1.39,23.82,0
AAPL,1h,12,3,dip,0.11,0.08,0.102,-21.57,109,73.39,44.42,4.7,8.07,0.482,-9.98,46,65.22,37.28,4.34,2.15,0.207,-21.57,155,46.47,21.06,0.562,1.39,23.82,0
AAPL,1h,12,4,dip,2.6,1.85,0.191,-20.66,98,73.47,44.46,5.93,10.22,0.575,-9.98,37,59.46,37.57,8.35,4.1,0.302,-20.66,135,46.47,21.06,0.562,1.39,23.82,0
AAPL,1h,12,5,dip,0.79,0.56,0.127,-21.02,91,73.63,44.83,10.61,18.58,0.933,-9.98,38,63.16,37.57,10.95,5.34,0.361,-21.02,129,46.47,21.06,0.562,1.39,23.82,0
AAPL,1h,12,7,dip,-0.22,-0.16,0.09,-21.45,81,71.6,44.46,15.26,27.14,1.285,-9.98,31,74.19,36.14,11.53,5.62,0.374,-21.45,112,46.47,21.06,0.562,1.39,23.82,0
AAPL,1h,12,9,dip,-4.69,-3.36,-0.076,-26.2,65,64.62,44.13,18.81,33.82,1.541,-9.98,28,78.57,35.95,9.81,4.8,0.335,-26.2,93,46.47,21.06,0.562,1.39,23.82,1
AAPL,1h,12,15,trend,12.42,8.69,0.522,-19.43,55,40,54.72,19.89,35.88,1.564,-6.57,22,45.45,60.99,34.78,16.13,0.845,-19.43,77,46.47,21.06,0.562,1.39,23.82,1
AAPL,1h,12,20,trend,9.3,6.54,0.429,-16.76,45,40,55.09,18.49,33.22,1.464,-7.57,20,35,62.24,29.52,13.83,0.758,-16.76,65,46.47,21.06,0.562,1.39,23.82,1
AAPL,1h,12,25,trend,17.51,12.17,0.712,-14.01,38,39.47,55.17,19.79,35.69,1.532,-7.66,17,35.29,63.77,40.76,18.68,0.978,-14.01,55,46.47,21.06,0.562,1.39,23.82,1
AAPL,1h,12,30,trend,18.42,12.79,0.738,-16.51,36,36.11,55.62,22.03,40.02,1.688,-7.7,16,37.5,63.86,44.52,20.25,1.044,-16.51,52,46.47,21.06,0.562,1.39,23.82,1
AAPL,1h,12,40,trend,9.76,6.85,0.452,-17.98,30,36.67,53.69,10.46,18.31,0.811,-14.02,12,41.67,65.01,21.23,10.12,0.575,-17.98,42,46.47,21.06,0.562,1.39,23.82,0
AAPL,1h,12,50,trend,16.24,11.3,0.684,-16.17,23,39.13,54.22,9.96,17.4,0.781,-13.57,11,45.45,64.72,27.55,12.96,0.707,-16.17,34,46.47,21.06,0.562,1.39,23.82,0
AAPL,1h,12,60,trend,7.01,4.94,0.359,-20.45,22,45.45,54.31,14.5,25.72,1.061,-12.79,9,44.44,64.44,21.01,10.02,0.576,-20.45,31,46.47,21.06,0.562,1.39,23.82,0
AAPL,1h,12,75,trend,-1.89,-1.35,0.013,-24.27,22,36.36,54.27,10.87,19.05,0.839,-14.65,11,36.36,63.58,7.42,3.65,0.281,-24.27,33,46.47,21.06,0.562,1.39,23.82,0
AAPL,1h,12,100,trend,-6.18,-4.44,-0.179,-25.9,22,36.36,53.45,9.33,16.28,0.743,-15.62,7,42.86,62.24,1.83,0.91,0.145,-25.9,29,46.47,21.06,0.562,1.39,23.82,0
AAPL,1h,12,125,trend,-5.9,-4.24,-0.165,-29.7,17,35.29,52.91,7.77,13.48,0.646,-15.52,6,33.33,60.9,0.79,0.39,0.119,-29.7,23,46.47,21.06,0.562,1.39,23.82,0
AAPL,1h,12,150,trend,9.02,6.34,0.469,-20.53,16,37.5,52.21,0.34,0.58,0.146,-15.96,9,22.22,61.57,9.53,4.66,0.339,-20.53,25,46.47,21.06,0.562,1.39,23.82,0
AAPL,1h,12,200,trend,7.83,5.51,0.426,-20.28,14,28.57,52.67,-3.22,-5.39,-0.191,-15.62,5,20,35.37,11.9,5.79,0.397,-20.28,21,46.47,21.06,0.562,1.39,23.82,0
AAPL,1h,12,250,trend,10.78,7.56,0.553,-17.32,10,20,53.45,-4.29,-7.14,-0.258,-13.84,6,33.33,37.76,15.2,7.35,0.471,-17.32,17,46.47,21.06,0.562,1.39,23.82,0
AAPL,1h,12,300,trend,2.95,2.09,0.215,-14.51,8,12.5,45.08,3.64,6.22,0.405,-16.52,4,50,35.56,13.76,6.67,0.441,-16.26,13,46.47,21.06,0.562,1.39,23.82,0
AAPL,1h,15,2,dip,3.28,2.32,0.215,-22.5,117,73.5,44.42,5.28,9.1,0.53,-10.6,49,69.39,37.67,8.24,4.05,0.299,-22.5,166,46.47,21.06,0.562,1.39,23.82,0
AAPL,1h,15,3,dip,0.4,0.28,0.113,-21.77,97,74.23,44.22,5.6,9.65,0.554,-9.98,41,65.85,37.38,5.51,2.72,0.235,-21.77,138,46.47,21.06,0.562,1.39,23.82,0
AAPL,1h,15,4,dip,-3.29,-2.35,-0.022,-21.71,87,72.41,44.38,9.13,15.92,0.832,-10.44,37,64.86,37.86,4.84,2.4,0.219,-21.71,123,46.47,21.06,0.562,1.39,23.82,0
AAPL,1h,15,5,dip,-0.59,-0.42,0.077,-22.21,82,70.73,44.42,11.8,20.75,1.018,-10.44,32,68.75,38.05,10.4,5.08,0.348,-22.21,113,46.47,21.06,0.562,1.39,23.82,0
AAPL,1h,15,7,dip,-6.72,-4.83,-0.162,-25.65,70,67.14,44.38,15.4,27.39,1.313,-9.98,27,77.78,35.76,4.39,2.17,0.209,-25.65,97,46.47,21.06,0.562,1.39,23.82,0
AAPL,1h,15,9,dip,-0.83,-0.59,0.066,-24.48,65,66.15,44.26,10.43,18.25,0.938,-9.98,24,75,35.66,7.13,3.51,0.274,-24.48,89,46.47,21.06,0.562,1.39,23.82,0
AAPL,1h,15,12,dip,-1.88,-1.34,0.025,-23.7,55,63.64,43.85,2.7,4.61,0.33,-12.15,22,63.64,34.61,-0.91,-0.46,0.075,-23.7,77,46.47,21.06,0.562,1.39,23.82,0
AAPL,1h,15,20,trend,16.7,11.62,0.684,-16.57,38,42.11,55.13,18.82,33.85,1.468,-6.95,18,38.89,63.1,38.67,17.79,0.938,-16.57,56,46.47,21.06,0.562,1.39,23.82,1
AAPL,1h,15,25,trend,18.44,12.8,0.74,-16.82,32,37.5,55.66,9.93,17.35,0.782,-14.09,16,37.5,63.86,29.83,13.97,0.742,-16.82,48,46.47,21.06,0.562,1.39,23.82,0
AAPL,1h,15,30,trend,17.62,12.24,0.707,-18.13,27,48.15,56.28,11,19.3,0.849,-13.21,12,41.67,63.96,30.56,14.29,0.751,-18.13,39,46.47,21.06,0.562,1.39,23.82,0
AAPL,1h,15,40,trend,14.41,10.06,0.612,-19.55,23,43.48,54.35,9.64,16.83,0.76,-13.97,11,45.45,65.39,23.89,11.33,0.628,-19.55,34,46.47,21.06,0.562,1.39,23.82,0
AAPL,1h,15,50,trend,6.33,4.47,0.332,-20.51,22,36.36,54.43,17.04,30.47,1.207,-13.38,9,55.56,64.82,23.02,10.94,0.614,-20.51,31,46.47,21.06,0.562,1.39,23.82,0
AAPL,1h,15,60,trend,8.36,5.88,0.411,-19.92,21,42.86,54.22,17.03,30.46,1.208,-12.52,9,44.44,64.53,26.72,12.59,0.694,-19.92,30,46.47,21.06,0.562,1.39,23.82,0
AAPL,1h,15,75,trend,0.37,0.26,0.104,-24.95,18,44.44,54.55,13.73,24.3,1.004,-14.54,7,57.14,63.77,12.95,6.29,0.406,-24.95,25,46.47,21.06,0.562,1.39,23.82,0
AAPL,1h,15,100,trend,-3.33,-2.38,-0.057,-24.72,21,38.1,53.12,9.13,15.91,0.732,-15.27,6,33.33,62.43,3.62,1.8,0.19,-24.72,28,46.47,21.06,0.562,1.39,23.82,0
AAPL,1h,15,125,trend,-5.06,-3.62,-0.129,-29.58,17,35.29,52.46,6.64,11.49,0.573,-15.29,6,33.33,61.19,2.5,1.25,0.162,-29.58,23,46.47,21.06,0.562,1.39,23.82,0
AAPL,1h,15,150,trend,12.66,8.85,0.615,-20.49,12,41.67,52.46,3.87,6.63,0.389,-15.59,6,33.33,60.9,17.53,8.43,0.528,-20.49,18,46.47,21.06,0.562,1.39,23.82,0
AAPL,1h,15,200,trend,12.11,8.48,0.6,-18.69,11,27.27,52.5,1.45,2.46,0.225,-14.07,4,50,35.37,20.4,9.75,0.591,-18.69,17,46.47,21.06,0.562,1.39,23.82,0
AAPL,1h,15,250,trend,8.54,6,0.459,-19.75,10,20,53.16,-3.55,-5.92,-0.192,-13.59,5,20,38.34,16.56,7.98,0.505,-19.75,16,46.47,21.06,0.562,1.39,23.82,0
AAPL,1h,15,300,trend,3.39,2.4,0.237,-15,8,12.5,44.83,1.09,1.85,0.194,-15.86,4,50,35.56,10.46,5.11,0.364,-15.93,13,46.47,21.06,0.562,1.39,23.82,0
AAPL,1h,20,2,dip,1.72,1.22,0.16,-23.62,108,73.15,43.97,5.74,9.9,0.567,-9.98,44,68.18,36.81,6.66,3.28,0.262,-23.62,151,46.47,21.06,0.562,1.39,23.82,0
AAPL,1h,20,3,dip,-0.92,-0.66,0.065,-24.05,96,72.92,44.01,8.68,15.1,0.792,-9.98,39,66.67,37.19,6.77,3.33,0.265,-24.05,134,46.47,21.06,0.562,1.39,23.82,0
AAPL,1h,20,4,dip,-3.56,-2.55,-0.032,-27.58,80,70,44.34,8.93,15.55,0.818,-10.32,32,68.75,37.19,4.17,2.06,0.203,-27.58,111,46.47,21.06,0.562,1.39,23.82,0
AAPL,1h,20,5,dip,-5.57,-4,-0.115,-25.97,71,66.2,44.34,12.43,21.9,1.099,-9.98,30,73.33,35.47,3.84,1.91,0.195,-25.97,101,46.47,21.06,0.562,1.39,23.82,0
AAPL,1h,20,7,dip,-2.92,-2.09,-0.012,-24.9,63,66.67,44.54,5.94,10.25,0.598,-11.76,24,70.83,35.47,1.13,0.57,0.128,-24.9,87,46.47,21.06,0.562,1.39,23.82,0
AAPL,1h,20,9,dip,-1.66,-1.18,0.042,-23.72,52,63.46,43.64,1.35,2.3,0.216,-12.15,23,60.87,34.42,-1.99,-1,0.052,-23.72,75,46.47,21.06,0.562,1.39,23.82,0
AAPL,1h,20,12,dip,1.43,1.01,0.151,-23.54,45,66.67,43.44,3.92,6.72,0.436,-12.23,20,70,33.27,3.88,1.93,0.196,-23.54,65,46.47,21.06,0.562,1.39,23.82,0
AAPL,1h,20,15,dip,-3.08,-2.2,-0.008,-22.45,38,63.16,44.01,3.5,5.98,0.399,-12.48,19,63.16,34.8,-0.77,-0.39,0.082,-22.45,56,46.47,21.06,0.562,1.39,23.82,0
AAPL,1h,20,25,trend,15.76,10.98,0.649,-16.91,27,44.44,56.28,6.07,10.47,0.532,-13.09,14,35.71,64.24,25.2,11.91,0.651,-16.91,40,46.47,21.06,0.562,1.39,23.82,0
AAPL,1h,20,30,trend,19.55,13.55,0.773,-14.82,26,34.62,56.93,10.67,18.7,0.823,-13.92,11,45.45,65.11,30.67,14.34,0.754,-14.82,37,46.47,21.06,0.562,1.39,23.82,0
AAPL,1h,20,40,trend,9.01,6.33,0.428,-20.09,19,42.11,54.51,15.39,27.39,1.109,-13.7,10,50,64.91,24.88,11.77,0.65,-20.09,29,46.47,21.06,0.562,1.39,23.82,0
AAPL,1h,20,50,trend,5.86,4.13,0.316,-19.39,20,45,54.27,17.65,31.63,1.243,-12.79,7,57.14,65.11,23.9,11.33,0.635,-19.39,27,46.47,21.06,0.562,1.39,23.82,0
AAPL,1h,20,60,trend,-1.69,-1.2,0.02,-22.66,18,44.44,54.31,13.23,23.38,0.972,-14.51,7,42.86,64.44,11.19,5.46,0.367,-22.66,25,46.47,21.06,0.562,1.39,23.82,0
AAPL,1h,20,75,trend,-3.69,-2.64,-0.067,-25.29,18,44.44,53.61,11.08,19.44,0.849,-15.43,5,60,63.67,7.08,3.49,0.273,-25.29,23,46.47,21.06,0.562,1.39,23.82,0
AAPL,1h,20,100,trend,-9.06,-6.54,-0.32,-25.72,19,36.84,52.79,8.14,14.15,0.668,-14.9,6,33.33,62.52,0.2,0.1,0.103,-25.72,24,46.47,21.06,0.562,1.39,23.82,0
AAPL,1h,20,125,trend,-4.25,-3.04,-0.1,-26.08,14,42.86,52.38,7.2,12.47,0.609,-15.34,7,42.86,61.66,2.32,1.16,0.157,-26.08,21,46.47,21.06,0.562,1.39,23.82,0
AAPL,1h,20,150,trend,6.35,4.48,0.361,-20.52,12,41.67,52.42,9.63,16.82,0.768,-14.17,6,50,60.9,14.87,7.19,0.469,-20.52,18,46.47,21.06,0.562,1.39,23.82,0
AAPL,1h,20,200,trend,2.4,1.7,0.186,-21.89,13,15.38,52.21,-3.97,-6.62,-0.253,-14.6,5,20,34.8,5.92,2.92,0.248,-21.89,20,46.47,21.06,0.562,1.39,23.82,0
AAPL,1h,20,250,trend,0.9,0.64,0.118,-22.44,11,18.18,53.08,-4.74,-7.89,-0.295,-13.87,4,25,38.15,6.56,3.23,0.265,-22.44,16,46.47,21.06,0.562,1.39,23.82,0
AAPL,1h,20,300,trend,-0.7,-0.5,0.035,-14.23,8,25,44.26,2.43,4.14,0.308,-15.22,3,66.67,35.76,5.72,2.83,0.245,-16.9,12,46.47,21.06,0.562,1.39,23.82,0
AAPL,1h,25,2,dip,0.12,0.08,0.103,-27.25,94,68.09,43.36,5.3,9.12,0.544,-9.98,36,75,33.84,2.24,1.11,0.156,-27.25,130,46.47,21.06,0.562,1.39,23.82,0
AAPL,1h,25,3,dip,2.93,2.08,0.202,-27.84,77,71.43,43.07,8.93,15.56,0.836,-10.61,33,78.79,34.03,9.68,4.73,0.331,-27.84,110,46.47,21.06,0.562,1.39,23.82,0
AAPL,1h,25,4,dip,-1.11,-0.79,0.059,-26.46,65,69.23,43.52,11.01,19.31,0.999,-9.98,31,77.42,34.03,7.38,3.63,0.279,-26.46,96,46.47,21.06,0.562,1.39,23.82,0
AAPL,1h,25,5,dip,-2.36,-1.68,0.014,-25.96,57,66.67,43.89,8.7,15.15,0.819,-9.98,27,77.78,34.23,4.37,2.17,0.208,-25.96,84,46.47,21.06,0.562,1.39,23.82,0
AAPL,1h,25,7,dip,-3.71,-2.66,-0.032,-25.2,49,65.31,44.01,5.09,8.75,0.528,-9.98,24,70.83,33.56,-0.28,-0.14,0.095,-25.2,73,46.47,21.06,0.562,1.39,23.82,0
AAPL,1h,25,9,dip,-0.81,-0.58,0.071,-23.96,44,65.91,43.11,3.72,6.38,0.418,-11.92,20,65,33.08,1.39,0.7,0.135,-23.96,64,46.47,21.06,0.562,1.39,23.82,0
AAPL,1h,25,12,dip,-4.86,-3.49,-0.074,-24.97,38,68.42,43.36,3.05,5.22,0.364,-11.91,17,70.59,31.64,-3.27,-1.65,0.018,-24.97,55,46.47,21.06,0.562,1.39,23.82,0
AAPL,1h,25,15,dip,-4.87,-3.49,-0.075,-22.47,31,67.74,42.86,13.17,23.27,1.502,-9.19,16,75,31.36,5.77,2.85,0.243,-22.47,48,46.47,21.06,0.562,1.39,23.82,1
AAPL,1h,25,20,dip,-2.55,-1.83,0.007,-24.53,26,61.54,42.21,18.41,33.06,1.997,-7.43,14,71.43,30.21,10.2,4.98,0.353,-24.53,40,46.47,21.06,0.562,1.39,23.82,1
AAPL,1h,25,30,trend,13.25,9.26,0.572,-18.25,21,47.62,57.47,11.69,20.55,0.884,-13.99,10,50,65.77,25.58,12.08,0.66,-18.25,31,46.47,21.06,0.562,1.39,23.82,0
AAPL,1h,25,40,trend,5.38,3.8,0.298,-19.81,19,42.11,54.14,15.17,26.96,1.096,-13.86,8,50,65.39,20.74,9.9,0.57,-19.81,27,46.47,21.06,0.562,1.39,23.82,0
AAPL,1h,25,50,trend,-11.15,-8.07,-0.388,-27.2,19,42.11,54.18,13.03,23,0.981,-14.51,6,33.33,64.53,0.52,0.26,0.113,-27.2,25,46.47,21.06,0.562,1.39,23.82,0
AAPL,1h,25,60,trend,-5.57,-3.99,-0.146,-28.1,16,50,53.53,8.15,14.15,0.668,-15.43,6,33.33,64.34,2.5,1.24,0.162,-28.1,22,46.47,21.06,0.562,1.39,23.82,0
AAPL,1h,25,75,trend,-1.2,-0.85,0.037,-24.61,14,57.14,53.16,13.26,23.43,0.986,-14.59,4,50,63.67,11.31,5.51,0.373,-24.61,18,46.47,21.06,0.562,1.39,23.82,0
AAPL,1h,25,100,trend,-9.09,-6.56,-0.318,-27.72,16,43.75,52.87,8.55,14.88,0.695,-15,5,40,63,2.19,1.09,0.154,-27.72,20,46.47,21.06,0.562,1.39,23.82,0
AAPL,1h,25,125,trend,-5.52,-3.96,-0.155,-27.38,12,41.67,52.67,10.16,17.78,0.8,-14.72,5,40,61.19,3.29,1.63,0.182,-27.38,17,46.47,21.06,0.562,1.39,23.82,0
AAPL,1h,25,150,trend,1.43,1.02,0.143,-21.72,13,38.46,52.38,10.17,17.8,0.802,-13.56,5,40,60.33,10.57,5.16,0.365,-21.72,18,46.47,21.06,0.562,1.39,23.82,0
AAPL,1h,25,200,trend,1.49,1.06,0.145,-21.88,9,22.22,51.6,-3.19,-5.33,-0.183,-13.09,5,20,34.42,9.22,4.52,0.334,-21.88,15,46.47,21.06,0.562,1.39,23.82,0
AAPL,1h,25,250,trend,2.46,1.74,0.19,-20.87,9,22.22,52.87,2.55,4.35,0.321,-13.43,3,33.33,33.65,9.12,4.47,0.329,-20.87,14,46.47,21.06,0.562,1.39,23.82,0
AAPL,1h,25,300,trend,4.88,3.45,0.315,-13.89,6,16.67,43.97,3.5,5.99,0.399,-14.22,3,66.67,36.42,11.18,5.45,0.385,-16.96,10,46.47,21.06,0.562,1.39,23.82,0
AAPL,1h,30,2,dip,0.16,0.11,0.106,-28.33,77,67.53,43.19,8.95,15.59,0.839,-10.22,37,81.08,33.37,6.75,3.32,0.263,-28.33,114,46.47,21.06,0.562,1.39,23.82,0
AAPL,1h,30,3,dip,-0.78,-0.56,0.072,-27.26,65,61.54,43.48,9.29,16.2,0.867,-10.8,30,80,33.56,6.63,3.27,0.261,-27.26,95,46.47,21.06,0.562,1.39,23.82,0
AAPL,1h,30,4,dip,-3.34,-2.39,-0.02,-26.61,57,61.4,43.89,9.74,17.01,0.901,-9.98,25,72,32.98,4.31,2.14,0.206,-26.61,82,46.47,21.06,0.562,1.39,23.82,0
AAPL,1h,30,5,dip,-2.69,-1.92,0.005,-24.66,50,62,43.77,8.81,15.35,0.829,-9.98,24,75,32.7,4.12,2.04,0.202,-24.66,74,46.47,21.06,0.562,1.39,23.82,0
AAPL,1h,30,7,dip,-2.55,-1.82,0.01,-25.16,43,69.77,43.11,4.22,7.23,0.463,-12.14,23,69.57,31.64,0.09,0.05,0.103,-25.16,66,46.47,21.06,0.562,1.39,23.82,0
AAPL,1h,30,9,dip,0.77,0.55,0.128,-22.66,39,69.23,43.48,3,5.12,0.359,-11.87,17,70.59,31.26,2.41,1.2,0.16,-22.66,56,46.47,21.06,0.562,1.39,23.82,0
AAPL,1h,30,12,dip,-5.83,-4.19,-0.11,-23.76,36,69.44,42.86,1.66,2.82,0.244,-12,16,68.75,31.26,-5.9,-3,-0.05,-23.76,52,46.47,21.06,0.562,1.39,23.82,0
AAPL,1h,30,15,dip,-4.1,-2.93,-0.05,-23.26,26,61.54,42.21,15.5,27.58,1.774,-8.35,12,75,24.95,5.8,2.86,0.244,-23.26,39,46.47,21.06,0.562,1.39,23.82,1
AAPL,1h,30,20,dip,-5.74,-4.12,-0.11,-26.45,25,72,41.51,15.7,27.95,1.829,-8.2,11,72.73,23.71,5.73,2.83,0.242,-26.45,37,46.47,21.06,0.562,1.39,23.82,1
AAPL,1h,30,25,dip,0.05,0.03,0.102,-28.1,20,70,40.94,15.57,27.71,1.841,-7.3,10,70,22.56,10.76,5.25,0.366,-28.1,31,46.47,21.06,0.562,1.39,23.82,1
AAPL,1h,30,40,trend,-1.49,-1.06,0.029,-22.81,18,50,53.81,18.81,33.82,1.305,-12.9,6,66.67,64.91,17.15,8.25,0.496,-22.81,24,46.47,21.06,0.562,1.39,23.82,0
AAPL,1h,30,50,trend,-3.86,-2.76,-0.072,-25.15,19,42.11,54.51,6.95,12.03,0.59,-15.43,7,28.57,64.53,2.75,1.37,0.169,-25.15,26,46.47,21.06,0.562,1.39,23.82,0
AAPL,1h,30,60,trend,-1.67,-1.19,0.017,-24.1,15,53.33,53.36,12.56,22.14,0.942,-15,4,50,63.67,10.09,4.93,0.344,-24.1,19,46.47,21.06,0.562,1.39,23.82,0
AAPL,1h,30,75,trend,-7.71,-5.55,-0.244,-27.26,16,50,53.24,13.22,23.35,0.983,-14.84,4,50,63.77,3.61,1.79,0.19,-27.26,20,46.47,21.06,0.562,1.39,23.82,0
AAPL,1h,30,100,trend,-6.74,-4.84,-0.212,-26.88,14,42.86,52.79,10.31,18.04,0.806,-13.99,5,40,62.81,4.11,2.04,0.202,-26.88,18,46.47,21.06,0.562,1.39,23.82,0
AAPL,1h,30,125,trend,2.09,1.49,0.173,-20.77,12,41.67,52.21,9.38,16.36,0.751,-14.47,5,40,60.23,10.99,5.36,0.376,-20.77,17,46.47,21.06,0.562,1.39,23.82,0
AAPL,1h,30,150,trend,-3.13,-2.24,-0.069,-25.17,11,27.27,52.26,14.16,25.1,1.068,-12.53,4,50,59.46,8.39,4.12,0.312,-25.17,15,46.47,21.06,0.562,1.39,23.82,0
AAPL,1h,30,200,trend,1.28,0.91,0.136,-22.47,8,25,51.52,-5.77,-9.56,-0.398,-13.07,5,20,33.84,7.87,3.87,0.299,-22.47,14,46.47,21.06,0.562,1.39,23.82,0
AAPL,1h,30,250,trend,0.99,0.71,0.122,-22.45,8,25,52.99,2.62,4.46,0.327,-13.46,4,50,33.08,9.36,4.59,0.335,-22.45,13,46.47,21.06,0.562,1.39,23.82,0
AAPL,1h,30,300,trend,4.4,3.11,0.292,-15.08,6,16.67,43.85,3.07,5.25,0.362,-13.83,2,50,37.57,14.42,6.98,0.464,-16.68,9,46.47,21.06,0.562,1.39,23.82,0
AAPL,1h,40,2,dip,5.57,3.94,0.29,-26.31,65,73.85,43.23,5.19,8.92,0.534,-10.99,28,78.57,32.22,9.4,4.6,0.323,-26.31,93,46.47,21.06,0.562,1.39,23.82,0
AAPL,1h,40,3,dip,1.57,1.12,0.156,-24.08,55,70.91,43.15,-0.66,-1.11,0.045,-11.83,19,73.68,32.03,0.21,0.11,0.108,-24.08,75,46.47,21.06,0.562,1.39,23.82,0
AAPL,1h,40,4,dip,-0.02,-0.01,0.101,-24.29,44,72.73,42.95,-1.45,-2.45,-0.024,-11.07,15,66.67,31.84,-2.6,-1.31,0.037,-24.29,60,46.47,21.06,0.562,1.39,23.82,0
AAPL,1h,40,5,dip,-1,-0.71,0.066,-23.7,36,66.67,42.9,-0.32,-0.54,0.073,-10.55,15,66.67,31.55,-2.18,-1.1,0.048,-23.7,51,46.47,21.06,0.562,1.39,23.82,0
AAPL,1h,40,7,dip,-6.17,-4.43,-0.125,-23.87,31,61.29,42.45,5.68,9.79,0.592,-10.94,14,71.43,25.24,-5.41,-2.75,-0.037,-23.87,46,46.47,21.06,0.562,1.39,23.82,0
AAPL,1h,40,9,dip,-2.37,-1.69,0.015,-23.68,30,63.33,42.33,17.63,31.59,1.977,-8.11,14,78.57,24.47,9.76,4.78,0.341,-23.68,44,46.47,21.06,0.562,1.39,23.82,1
AAPL,1h,40,12,dip,2.16,1.54,0.176,-23.67,30,70,41.8,15.79,28.12,1.839,-8.11,12,75,23.8,13.27,6.44,0.427,-23.67,43,46.47,21.06,0.562,1.39,23.82,1
AAPL,1h,40,15,dip,-1.16,-0.83,0.063,-27.39,23,73.91,41.14,17.5,31.35,2.001,-8.11,11,81.82,23.33,11.91,5.8,0.388,-27.39,35,46.47,21.06,0.562,1.39,23.82,1
AAPL,1h,40,20,dip,3.64,2.58,0.227,-25.65,19,68.42,40.89,11.25,19.76,1.362,-7.65,10,60,23.33,11.05,5.39,0.372,-25.65,30,46.47,21.06,0.562,1.39,23.82,0
AAPL,1h,40,25,dip,7.23,5.1,0.345,-26.3,19,57.89,41.22,11.79,20.74,1.438,-7.65,8,62.5,22.66,15.17,7.33,0.466,-26.3,28,46.47,21.06,0.562,1.39,23.82,1
AAPL,1h,40,30,dip,15.02,10.47,0.585,-24.62,18,66.67,41.47,7.88,13.67,1.022,-8.11,6,66.67,22.75,19.3,9.24,0.556,-24.62,25,46.47,21.06,0.562,1.39,23.82,0
AAPL,1h,40,50,trend,-1.4,-1,0.029,-23.52,14,57.14,53.24,13.17,23.26,0.979,-14.41,4,50,63.86,10.99,5.36,0.365,-23.52,18,46.47,21.06,0.562,1.39,23.82,0
AAPL,1h,40,60,trend,-3.09,-2.21,-0.043,-24.9,15,53.33,53.08,16.4,29.27,1.171,-14.84,3,66.67,63.96,11.86,5.77,0.385,-24.9,18,46.47,21.06,0.562,1.39,23.82,0
AAPL,1h,40,75,trend,-11.27,-8.16,-0.42,-28.69,15,46.67,53.16,16.19,28.88,1.158,-13.74,4,50,63.77,1.76,0.88,0.143,-28.69,19,46.47,21.06,0.562,1.39,23.82,0
AAPL,1h,40,100,trend,-4.45,-3.19,-0.106,-26.8,12,41.67,52.63,15.02,26.69,1.104,-12.53,4,50,60.13,8.42,4.13,0.307,-26.8,16,46.47,21.06,0.562,1.39,23.82,0
AAPL,1h,40,125,trend,0.48,0.34,0.1,-22.45,10,40,52.67,15.95,28.42,1.192,-12.53,3,66.67,59.18,10.79,5.26,0.371,-22.45,14,46.47,21.06,0.562,1.39,23.82,0
AAPL,1h,40,150,trend,4.95,3.5,0.301,-20.78,9,22.22,52.87,13.26,23.43,1.021,-13.14,3,66.67,59.27,18.18,8.72,0.553,-20.78,12,46.47,21.06,0.562,1.39,23.82,0
AAPL,1h,40,200,trend,2.47,1.75,0.191,-21.97,8,25,52.01,-2.74,-4.59,-0.13,-12.53,3,33.33,34.51,8.79,4.31,0.321,-21.97,12,46.47,21.06,0.562,1.39,23.82,0
AAPL,1h,40,250,trend,8.17,5.75,0.449,-17.9,7,28.57,53.12,6.12,10.57,0.629,-12.53,2,100,32.41,20.32,9.71,0.593,-17.9,10,46.47,21.06,0.562,1.39,23.82,0
AAPL,1h,40,300,trend,6.57,4.63,0.397,-14.78,6,16.67,43.97,3.36,5.75,0.386,-13.59,2,50,37.86,16.69,8.04,0.518,-16.12,9,46.47,21.06,0.562,1.39,23.82,0
AAPL,1h,50,2,dip,-3.81,-2.73,-0.03,-24.57,52,67.31,42.04,5.95,10.26,0.623,-10.65,25,76,25.53,-2.71,-1.37,0.035,-24.57,78,46.47,21.06,0.562,1.39,23.82,0
AAPL,1h,50,3,dip,-1.06,-0.75,0.064,-23.9,42,66.67,41.92,7.01,12.14,0.715,-10.79,24,75,25.43,1.81,0.9,0.146,-23.9,67,46.47,21.06,0.562,1.39,23.82,0
AAPL,1h,50,4,dip,-1.97,-1.41,0.031,-23.53,37,64.86,41.96,3.97,6.81,0.453,-10.97,16,68.75,25.05,-2,-1.01,0.05,-23.53,54,46.47,21.06,0.562,1.39,23.82,0
AAPL,1h,50,5,dip,-5.81,-4.17,-0.114,-24.5,34,64.71,41.67,15.96,28.44,1.795,-8.11,14,78.57,24.95,4.4,2.18,0.208,-24.5,48,46.47,21.06,0.562,1.39,23.82,1
AAPL,1h,50,7,dip,2.48,1.76,0.187,-22.49,32,65.63,41.8,18.8,33.81,2.099,-8.11,13,76.92,24.38,16.37,7.89,0.498,-22.49,45,46.47,21.06,0.562,1.39,23.82,1
AAPL,1h,50,9,dip,1.37,0.97,0.148,-24.28,29,68.97,41.71,15.24,27.09,1.761,-8.11,11,72.73,23.9,11.85,5.77,0.392,-24.28,41,46.47,21.06,0.562,1.39,23.82,1
AAPL,1h,50,12,dip,-2.72,-1.94,0.006,-27.2,23,69.57,41.26,17.25,30.86,1.965,-8.11,11,81.82,23.61,8.7,4.26,0.314,-27.2,35,46.47,21.06,0.562,1.39,23.82,1
AAPL,1h,50,15,dip,5.97,4.21,0.304,-25.61,22,68.18,41.02,9.82,17.16,1.203,-8.11,9,55.56,23.42,12.56,6.11,0.407,-25.61,32,46.47,21.06,0.562,1.39,23.82,0
AAPL,1h,50,20,dip,6.64,4.68,0.325,-25.17,20,60,41.06,9.64,16.83,1.199,-8.11,7,71.43,22.85,12.24,5.96,0.398,-25.17,28,46.47,21.06,0.562,1.39,23.82,0
AAPL,1h,50,25,dip,26.95,18.51,0.922,-23.28,19,78.95,41.06,13.39,23.67,1.541,-8.11,6,66.67,23.14,38.41,17.68,0.933,-23.28,26,46.47,21.06,0.562,1.39,23.82,1
AAPL,1h,50,30,dip,17.6,12.23,0.657,-22.58,19,73.68,40.61,19.59,35.32,2.227,-8.11,7,85.71,22.94,35.56,16.46,0.879,-22.58,27,46.47,21.06,0.562,1.39,23.82,1
AAPL,1h,50,40,dip,16.01,11.15,0.606,-22.18,14,78.57,40.69,14.31,25.36,1.742,-8.84,4,100,20.55,27.42,12.9,0.717,-22.18,19,46.47,21.06,0.562,1.39,23.82,1
AAPL,1h,50,60,trend,-6.16,-4.43,-0.182,-26.25,15,46.67,53.4,17.69,31.71,1.244,-13.74,3,66.67,63.96,9.01,4.41,0.32,-26.25,18,46.47,21.06,0.562,1.39,23.82,0
AAPL,1h,50,75,trend,-1.21,-0.86,0.034,-25.44,12,41.67,52.87,16.99,30.38,1.216,-12.53,4,50,61.19,13.86,6.72,0.433,-25.44,16,46.47,21.06,0.562,1.39,23.82,0
AAPL,1h,50,100,trend,1.37,0.98,0.14,-21.61,10,40,52.42,12.91,22.78,0.99,-12.53,4,50,59.37,11.56,5.63,0.391,-21.61,14,46.47,21.06,0.562,1.39,23.82,0
AAPL,1h,50,125,trend,0.41,0.29,0.097,-21.61,10,30,52.67,14.32,25.39,1.089,-13.04,3,66.67,59.08,14.9,7.21,0.473,-21.61,13,46.47,21.06,0.562,1.39,23.82,0
AAPL,1h,50,150,trend,-2.4,-1.72,-0.035,-23.53,8,25,52.91,15.4,27.4,1.157,-13.01,3,66.67,59.56,12.43,6.04,0.414,-23.53,11,46.47,21.06,0.562,1.39,23.82,0
AAPL,1h,50,200,trend,-3.8,-2.72,-0.104,-24.8,9,22.22,52.3,1.18,2,0.202,-12.81,2,50,31.07,3.98,1.97,0.199,-24.8,12,46.47,21.06,0.562,1.39,23.82,0
AAPL,1h,50,250,trend,0.52,0.37,0.1,-21.5,7,14.29,53.36,3.92,6.72,0.438,-12.53,2,50,33.46,10.9,5.32,0.371,-21.5,10,46.47,21.06,0.562,1.39,23.82,0
AAPL,1h,50,300,trend,-1.17,-0.84,0.011,-16.84,6,16.67,44.09,3.36,5.74,0.385,-13.67,2,50,38.15,5.52,2.73,0.239,-19.19,9,46.47,21.06,0.562,1.39,23.82,0
AAPL,1h,60,2,dip,1.96,1.39,0.17,-23.58,50,74,41.59,25.32,46.45,2.684,-8.11,23,86.96,25.05,22.28,10.6,0.619,-23.58,74,46.47,21.06,0.562,1.39,23.82,1
AAPL,1h,60,3,dip,-5.95,-4.27,-0.119,-24.31,37,70.27,41.67,21.55,39.08,2.355,-8.11,18,83.33,24.67,9.26,4.53,0.329,-24.31,55,46.47,21.06,0.562,1.39,23.82,1
AAPL,1h,60,4,dip,-3.63,-2.6,-0.032,-23.9,37,70.27,41.43,21.32,38.63,2.346,-8.11,16,81.25,24.47,11.74,5.72,0.389,-23.9,53,46.47,21.06,0.562,1.39,23.82,1
AAPL,1h,60,5,dip,0.52,0.37,0.118,-23.14,33,66.67,41.35,17.13,30.65,1.945,-8.11,13,76.92,24.38,12.81,6.22,0.415,-23.14,46,46.47,21.06,0.562,1.39,23.82,1
AAPL,1h,60,7,dip,4.26,3.02,0.247,-23.83,28,71.43,41.22,16.24,28.96,1.858,-8.11,13,76.92,24.47,15.34,7.41,0.466,-23.83,42,46.47,21.06,0.562,1.39,23.82,1
AAPL,1h,60,9,dip,1.21,0.86,0.144,-26.63,24,70.83,41.14,15.34,27.28,1.767,-8.11,11,72.73,24.09,11.61,5.66,0.383,-26.63,36,46.47,21.06,0.562,1.39,23.82,1
AAPL,1h,60,12,dip,5.19,3.67,0.278,-24.35,22,68.18,41.1,12.31,21.68,1.468,-8.11,9,66.67,23.61,14.33,6.94,0.446,-24.35,32,46.47,21.06,0.562,1.39,23.82,1
AAPL,1h,60,15,dip,4.04,2.86,0.24,-24.22,21,61.9,41.14,9.95,17.4,1.237,-8.11,9,77.78,23.42,9.34,4.57,0.329,-24.22,31,46.47,21.06,0.562,1.39,23.82,0
AAPL,1h,60,20,dip,14.87,10.37,0.577,-24.49,18,72.22,40.94,13.14,23.21,1.629,-8.11,7,71.43,23.14,25.12,11.88,0.677,-24.49,26,46.47,21.06,0.562,1.39,23.82,1
AAPL,1h,60,25,dip,20.42,14.14,0.737,-22.17,16,68.75,40.44,18.42,33.08,2.097,-8.84,6,83.33,23.14,36.85,17.01,0.903,-22.17,23,46.47,21.06,0.562,1.39,23.82,1
AAPL,1h,60,30,dip,16.19,11.27,0.613,-22.03,15,73.33,40.57,14.93,26.52,1.81,-8.84,4,100,20.75,28.31,13.3,0.736,-22.03,20,46.47,21.06,0.562,1.39,23.82,1
AAPL,1h,60,40,dip,18.48,12.83,0.678,-21.97,15,73.33,40.81,11.27,19.78,1.433,-8.84,3,100,20.17,27.07,12.75,0.711,-21.97,19,46.47,21.06,0.562,1.39,23.82,1
AAPL,1h,60,50,dip,22.07,15.25,0.773,-20.95,15,66.67,40.4,9.63,16.81,1.256,-8.84,3,66.67,19.89,30.08,14.08,0.767,-20.95,19,46.47,21.06,0.562,1.39,23.82,0
AAPL,1h,60,75,trend,-5.28,-3.79,-0.142,-28.66,11,36.36,52.71,13.84,24.49,1.033,-12.53,4,50,60.23,6.32,3.12,0.257,-28.66,15,46.47,21.06,0.562,1.39,23.82,0
AAPL,1h,60,100,trend,-0.73,-0.52,0.041,-20.56,10,30,52.54,15.76,28.06,1.181,-13.04,3,66.67,58.89,13.62,6.61,0.446,-20.56,13,46.47,21.06,0.562,1.39,23.82,0
AAPL,1h,60,125,trend,2.66,1.88,0.198,-21.48,8,25,53.32,15.09,26.83,1.137,-13.01,3,66.67,59.37,17.3,8.32,0.532,-21.48,11,46.47,21.06,0.562,1.39,23.82,0
AAPL,1h,60,150,trend,0.95,0.67,0.121,-24.18,8,25,53.4,13.05,23.04,1.004,-12.82,3,66.67,60.04,12.38,6.02,0.413,-24.18,11,46.47,21.06,0.562,1.39,23.82,0
AAPL,1h,60,200,trend,7.17,5.05,0.401,-18.74,8,25,53.32,2.62,4.46,0.33,-12.53,2,50,31.93,15.31,7.4,0.477,-18.74,11,46.47,21.06,0.562,1.39,23.82,0
AAPL,1h,60,250,trend,-1.06,-0.75,0.03,-23.7,7,14.29,53.69,4.67,8.02,0.501,-12.53,2,50,33.94,4.31,2.14,0.207,-23.7,10,46.47,21.06,0.562,1.39,23.82,0
AAPL,1h,60,300,trend,3.08,2.18,0.222,-15.02,5,20,44.67,2.25,3.83,0.292,-14.52,2,50,38.72,6.53,3.22,0.264,-17.28,8,46.47,21.06,0.562,1.39,23.82,0
AAPL,1h,75,2,dip,12.13,8.49,0.502,-23.43,50,78,40.94,23.04,41.97,2.457,-8.11,21,85.71,25.43,32.19,15,0.824,-23.43,71,46.47,21.06,0.562,1.39,23.82,1
AAPL,1h,75,3,dip,5.27,3.72,0.282,-22.62,37,72.97,40.48,22.82,41.56,2.451,-8.11,20,85,25.62,23.87,11.32,0.66,-22.62,57,46.47,21.06,0.562,1.39,23.82,1
AAPL,1h,75,4,dip,5.13,3.63,0.278,-22.62,34,70.59,40.69,21.92,39.8,2.384,-8.11,17,82.35,24.47,22.33,10.62,0.627,-22.62,50,46.47,21.06,0.562,1.39,23.82,1
AAPL,1h,75,5,dip,2.68,1.9,0.194,-22.91,31,70.97,40.53,22.7,41.31,2.451,-8.11,15,80,24.38,20.18,9.64,0.583,-22.91,46,46.47,21.06,0.562,1.39,23.82,1
AAPL,1h,75,7,dip,0.01,0.01,0.103,-24.53,26,69.23,41.18,14.92,26.49,1.716,-8.11,12,75,24,11.49,5.6,0.379,-24.53,40,46.47,21.06,0.562,1.39,23.82,1
AAPL,1h,75,9,dip,15.09,10.52,0.589,-23.97,25,68,40.98,12.9,22.77,1.554,-8.11,11,81.82,24,24.64,11.66,0.67,-23.97,37,46.47,21.06,0.562,1.39,23.82,1
AAPL,1h,75,12,dip,14.93,10.41,0.581,-22.91,22,63.64,41.02,15,26.65,1.755,-8.11,11,72.73,24,28.7,13.47,0.749,-22.91,34,46.47,21.06,0.562,1.39,23.82,1
AAPL,1h,75,15,dip,12.44,8.7,0.507,-23.07,18,72.22,40.65,12.46,21.97,1.542,-8.84,7,85.71,23.71,23.09,10.97,0.637,-23.07,26,46.47,21.06,0.562,1.39,23.82,1
AAPL,1h,75,20,dip,18.2,12.64,0.673,-22.03,18,72.22,40.32,15.63,27.83,1.882,-8.84,5,100,20.84,31.28,14.6,0.796,-22.03,24,46.47,21.06,0.562,1.39,23.82,1
AAPL,1h,75,25,dip,16.35,11.38,0.616,-22.02,14,71.43,40.73,13.76,24.34,1.686,-8.84,4,100,20.55,27.7,13.03,0.721,-22.02,19,46.47,21.06,0.562,1.39,23.82,1
AAPL,1h,75,30,dip,24.26,16.72,0.839,-21.97,16,81.25,40.65,13.72,24.28,1.692,-8.84,4,100,20.27,36.86,17.02,0.9,-21.97,21,46.47,21.06,0.562,1.39,23.82,1
AAPL,1h,75,40,dip,29.53,20.22,0.97,-19.51,15,80,40.61,10.11,17.68,1.311,-8.84,4,75,19.98,39.65,18.21,0.946,-19.51,20,46.47,21.06,0.562,1.39,23.82,0
AAPL,1h,75,50,dip,19.74,13.68,0.708,-22.15,12,66.67,40.81,8.47,14.73,1.099,-8.84,3,100,22.37,28.53,13.39,0.732,-22.15,16,46.47,21.06,0.562,1.39,23.82,0
AAPL,1h,75,60,dip,24.03,16.57,0.824,-21.52,11,63.64,40.89,11.66,20.5,1.43,-8.84,3,100,23.14,36.71,16.95,0.884,-21.52,15,46.47,21.06,0.562,1.39,23.82,1
AAPL,1h,75,100,trend,3.63,2.57,0.242,-21.44,8,25,53.65,14.45,25.63,1.098,-12.74,3,66.67,59.08,17.74,8.52,0.542,-21.44,11,46.47,21.06,0.562,1.39,23.82,0
AAPL,1h,75,125,trend,3.49,2.47,0.235,-24.36,7,28.57,53.94,13.21,23.34,1.015,-12.53,3,66.67,59.94,14.52,7.02,0.463,-24.36,10,46.47,21.06,0.562,1.39,23.82,0
AAPL,1h,75,150,trend,-2.95,-2.11,-0.051,-27.86,7,28.57,53.94,16.53,29.52,1.206,-12.53,4,50,63.29,9.4,4.6,0.334,-27.86,11,46.47,21.06,0.562,1.39,23.82,0
AAPL,1h,75,200,trend,4.13,2.92,0.261,-23.24,6,16.67,54.43,8.26,14.36,0.662,-15.51,3,66.67,67.69,9.46,4.63,0.333,-23.24,9,46.47,21.06,0.562,1.39,23.82,0
AAPL,1h,75,250,trend,9.55,6.71,0.488,-19.85,5,40,53.24,1.82,3.1,0.257,-13.91,2,50,34.42,12.82,6.23,0.411,-19.85,8,46.47,21.06,0.562,1.39,23.82,0
AAPL,1h,75,300,trend,7.55,5.32,0.424,-15.89,4,25,44.71,3.54,6.07,0.399,-14.19,2,50,39.77,14.12,6.84,0.446,-16.29,7,46.47,21.06,0.562,1.39,23.82,0
AAPL,1h,100,2,dip,23.5,16.21,0.833,-17.85,46,80.43,39.95,15.1,26.84,1.728,-8.3,14,71.43,25.14,35.33,16.36,0.881,-17.85,59,46.47,21.06,0.562,1.39,23.82,1
AAPL,1h,100,3,dip,18.89,13.11,0.7,-18.62,40,77.5,39.91,14.13,25.03,1.616,-8.3,12,75,25.43,30.24,14.15,0.779,-18.62,52,46.47,21.06,0.562,1.39,23.82,1
AAPL,1h,100,4,dip,18.11,12.58,0.677,-18.18,34,73.53,39.46,14.78,26.24,1.697,-8.63,10,70,25.43,30.5,14.26,0.785,-18.18,44,46.47,21.06,0.562,1.39,23.82,1
AAPL,1h,100,5,dip,14.66,10.22,0.568,-21.21,28,75,39.91,12.74,22.48,1.487,-8.63,10,70,25.62,25.08,11.86,0.668,-21.21,39,46.47,21.06,0.562,1.39,23.82,1
AAPL,1h,100,7,dip,19.24,13.34,0.704,-21.42,24,79.17,39.54,15.95,28.42,1.917,-8.63,9,88.89,23.14,33.26,15.47,0.836,-21.42,35,46.47,21.06,0.562,1.39,23.82,1
AAPL,1h,100,9,dip,25.06,17.25,0.864,-21.27,22,72.73,39.75,15.18,26.99,1.841,-8.84,8,100,22.66,40.29,18.48,0.966,-21.27,31,46.47,21.06,0.562,1.39,23.82,1
AAPL,1h,100,12,dip,21.36,14.78,0.758,-21.24,22,68.18,40.44,17.2,30.78,2.013,-8.84,7,100,22.28,37.75,17.4,0.913,-21.24,30,46.47,21.06,0.562,1.39,23.82,1
AAPL,1h,100,15,dip,17.93,12.45,0.661,-21.33,21,66.67,40.77,18.26,32.78,2.132,-8.84,6,100,21.7,35.53,16.45,0.871,-21.33,29,46.47,21.06,0.562,1.39,23.82,1
AAPL,1h,100,20,dip,25.67,17.66,0.862,-21.72,19,73.68,41.06,18.88,33.96,2.208,-8.84,6,100,21.32,40.85,18.71,0.958,-21.72,25,46.47,21.06,0.562,1.39,23.82,1
AAPL,1h,100,25,dip,26.27,18.06,0.883,-20.79,16,75,40.89,15.56,27.7,1.888,-8.84,5,80,20.65,38.88,17.88,0.929,-20.79,21,46.47,21.06,0.562,1.39,23.82,1
AAPL,1h,100,30,dip,23.25,16.04,0.801,-21.76,14,78.57,40.94,13.79,24.41,1.706,-8.84,4,100,20.84,36.6,16.91,0.885,-21.76,18,46.47,21.06,0.562,1.39,23.82,1
AAPL,1h,100,40,dip,22.33,15.43,0.777,-21.52,12,75,41.02,10.51,18.41,1.305,-8.84,3,100,23.23,33.38,15.52,0.822,-21.52,16,46.47,21.06,0.562,1.39,23.82,0
AAPL,1h,100,50,dip,16.57,11.53,0.599,-28.14,10,60,41.14,14.38,25.49,1.712,-8.84,3,100,23.71,31.05,14.5,0.756,-28.14,14,46.47,21.06,0.562,1.39,23.82,1
AAPL,1h,100,60,dip,18.96,13.16,0.662,-28.16,10,70,40.89,10.48,18.36,1.318,-8.84,2,100,22.66,28.74,13.49,0.706,-28.16,13,46.47,21.06,0.562,1.39,23.82,0
AAPL,1h,100,75,dip,14.67,10.23,0.548,-28.14,8,75,39.66,10.66,18.67,1.339,-8.84,2,100,22.08,25.01,11.83,0.638,-28.14,11,46.47,21.06,0.562,1.39,23.82,0
AAPL,1h,100,125,trend,-2.24,-1.6,-0.017,-29.61,7,28.57,53.94,17.71,31.73,1.274,-12.53,3,66.67,63.86,12.75,6.19,0.412,-29.61,10,46.47,21.06,0.562,1.39,23.82,0
AAPL,1h,100,150,trend,2.68,1.9,0.198,-25.04,6,33.33,54.39,8.06,14,0.654,-15.58,3,66.67,64.72,10.25,5.01,0.351,-25.04,9,46.47,21.06,0.562,1.39,23.82,0
AAPL,1h,100,200,trend,7.06,4.98,0.384,-22.61,5,20,53.73,6.63,11.46,0.557,-17.06,3,66.67,68.55,7.81,3.84,0.293,-22.61,8,46.47,21.06,0.562,1.39,23.82,0
AAPL,1h,100,250,trend,9.3,6.54,0.476,-19.52,5,40,53.28,4.28,7.34,0.465,-12.53,2,50,36.23,16.75,8.07,0.499,-19.52,8,46.47,21.06,0.562,1.39,23.82,0
AAPL,1h,100,300,trend,6.4,4.51,0.372,-17.58,4,25,44.59,0,0,0,0,0,0,0,25.51,12.05,0.691,-19.42,5,46.47,21.06,0.562,1.39,23.82,0
AAPL,1h,125,2,dip,19.86,13.76,0.716,-17.52,39,74.36,40.44,15.64,27.85,1.822,-8.3,13,76.92,23.14,33.09,15.39,0.823,-17.52,53,46.47,21.06,0.562,1.39,23.82,1
AAPL,1h,125,3,dip,23.35,16.11,0.816,-16.77,34,70.59,40.28,17.75,31.81,2.043,-8.3,12,83.33,23.14,38.91,17.89,0.936,-16.77,46,46.47,21.06,0.562,1.39,23.82,1
AAPL,1h,125,4,dip,22.81,15.75,0.802,-16.98,28,75,40.32,20.06,36.22,2.333,-8.63,10,90,23.23,39.49,18.14,0.95,-16.98,38,46.47,21.06,0.562,1.39,23.82,1
AAPL,1h,125,5,dip,17.85,12.4,0.66,-18.54,26,69.23,40.4,19.25,34.66,2.247,-8.63,9,88.89,23.52,33.17,15.43,0.829,-18.54,35,46.47,21.06,0.562,1.39,23.82,1
AAPL,1h,125,7,dip,16.22,11.29,0.613,-19.22,22,63.64,40.69,17.44,31.22,2.078,-8.67,9,88.89,23.14,31.35,14.64,0.795,-19.22,31,46.47,21.06,0.562,1.39,23.82,1
AAPL,1h,125,9,dip,24.99,17.21,0.861,-19.46,21,80.95,40.81,21.42,38.83,2.408,-8.84,7,100,23.42,44.64,20.3,1.039,-19.46,29,46.47,21.06,0.562,1.39,23.82,1
AAPL,1h,125,12,dip,21.73,15.02,0.772,-20.07,17,70.59,40.98,19.3,34.76,2.223,-8.84,6,100,22.94,40.18,18.43,0.959,-20.07,24,46.47,21.06,0.562,1.39,23.82,1
AAPL,1h,125,15,dip,20.66,14.3,0.736,-19.91,17,76.47,41.39,19.68,35.49,2.269,-8.84,6,100,22.56,37.85,17.44,0.911,-19.91,24,46.47,21.06,0.562,1.39,23.82,1
AAPL,1h,125,20,dip,20.17,13.97,0.718,-21.52,14,78.57,41.39,16.81,30.04,2.01,-8.84,6,100,21.99,38.62,17.77,0.919,-21.52,21,46.47,21.06,0.562,1.39,23.82,1
AAPL,1h,125,25,dip,21.95,15.17,0.768,-21.88,12,75,41.06,15.05,26.75,1.826,-8.84,4,100,22.37,37.84,17.44,0.906,-21.88,17,46.47,21.06,0.562,1.39,23.82,1
AAPL,1h,125,30,dip,15.87,11.05,0.578,-28.14,12,66.67,41.47,16.07,28.66,1.916,-8.84,4,100,23.14,31.7,14.79,0.766,-28.14,17,46.47,21.06,0.562,1.39,23.82,1
AAPL,1h,125,40,dip,17.06,11.86,0.614,-28.14,10,60,40.94,9.51,16.61,1.207,-8.84,2,100,22.56,31.36,14.64,0.763,-28.14,14,46.47,21.06,0.562,1.39,23.82,0
AAPL,1h,125,50,dip,17.09,11.88,0.613,-28.14,10,70,40.85,11.18,19.62,1.396,-8.84,2,100,22.37,26.73,12.6,0.669,-28.14,13,46.47,21.06,0.562,1.39,23.82,1
AAPL,1h,125,60,dip,15.31,10.67,0.565,-28.14,8,75,40.11,10.04,17.55,1.275,-8.84,2,100,21.8,25.01,11.83,0.638,-28.14,11,46.47,21.06,0.562,1.39,23.82,0
AAPL,1h,125,75,dip,14.97,10.44,0.557,-28.14,7,85.71,39.38,11.65,20.48,1.476,-8.84,2,100,20.84,28.69,13.47,0.71,-28.14,10,46.47,21.06,0.562,1.39,23.82,1
AAPL,1h,125,100,dip,21.7,15,0.752,-24.08,7,85.71,39.38,7.99,13.88,1.121,-8.11,2,100,15.87,30.71,14.35,0.764,-24.08,10,46.47,21.06,0.562,1.39,23.82,0
AAPL,1h,125,150,trend,9.17,6.45,0.467,-23.74,5,40,54.55,5.59,9.62,0.494,-15.78,3,66.67,65.2,12.53,6.09,0.404,-23.74,8,46.47,21.06,0.562,1.39,23.82,0
AAPL,1h,125,200,trend,8.87,6.23,0.458,-19.4,5,40,52.95,10.12,17.7,0.768,-14.48,3,66.67,70.84,15.68,7.57,0.475,-19.4,8,46.47,21.06,0.562,1.39,23.82,0
AAPL,1h,125,250,trend,5.33,3.76,0.311,-22.17,5,20,52.71,0,0,0,0,0,0,0,24.7,11.69,0.659,-22.17,6,46.47,21.06,0.562,1.39,23.82,0
AAPL,1h,125,300,trend,7.21,5.08,0.409,-15.27,4,25,43.89,0,0,0,0,0,0,0,27.45,12.92,0.732,-17.82,5,46.47,21.06,0.562,1.39,23.82,0
AAPL,1h,150,2,dip,19.77,13.7,0.719,-16.72,36,80.56,37.45,21.28,38.56,2.483,-8.11,16,93.75,22.66,40.19,18.44,0.966,-16.72,53,46.47,21.06,0.562,1.39,23.82,1
AAPL,1h,150,3,dip,22.34,15.43,0.792,-16.16,31,80.65,37.49,21.2,38.41,2.513,-8.11,13,92.31,22.94,42.69,19.49,1.014,-16.16,45,46.47,21.06,0.562,1.39,23.82,1
AAPL,1h,150,4,dip,23.81,16.42,0.836,-16.16,29,82.76,37.65,21.01,38.05,2.527,-8.11,10,90,22.85,43.14,19.68,1.027,-16.16,40,46.47,21.06,0.562,1.39,23.82,1
AAPL,1h,150,5,dip,19.12,13.26,0.702,-17.85,23,73.91,37.9,21.54,39.06,2.583,-8.11,10,90,22.94,39.13,17.99,0.951,-17.85,34,46.47,21.06,0.562,1.39,23.82,1
AAPL,1h,150,7,dip,17.95,12.47,0.664,-21.72,19,78.95,38.06,17.67,31.66,2.179,-8.11,8,87.5,22.37,34.82,16.14,0.864,-21.72,28,46.47,21.06,0.562,1.39,23.82,1
AAPL,1h,150,9,dip,19.79,13.72,0.717,-21.52,18,83.33,38.35,23.11,42.12,2.615,-8.11,8,100,22.08,43.56,19.85,1.019,-21.52,27,46.47,21.06,0.562,1.39,23.82,1
AAPL,1h,150,12,dip,4.5,3.18,0.253,-28.23,15,80,38.15,24.49,44.82,2.76,-8.11,8,100,22.08,27.91,13.12,0.707,-28.23,24,46.47,21.06,0.562,1.39,23.82,1
AAPL,1h,150,15,dip,2.04,1.45,0.176,-28.14,12,75,41.35,20.7,37.44,2.365,-8.84,5,100,22.75,20.72,9.89,0.562,-28.14,18,46.47,21.06,0.562,1.39,23.82,1
AAPL,1h,150,20,dip,8.34,5.87,0.367,-28.14,12,75,41.3,15.56,27.69,1.854,-8.84,5,100,22.56,23.8,11.28,0.619,-28.14,18,46.47,21.06,0.562,1.39,23.82,1
AAPL,1h,150,25,dip,16.48,11.47,0.599,-28.14,13,76.92,41.3,15.02,26.68,1.809,-8.84,4,100,22.94,32.04,14.93,0.778,-28.14,18,46.47,21.06,0.562,1.39,23.82,1
AAPL,1h,150,30,dip,20.81,14.4,0.714,-28.14,11,72.73,41.39,13.12,23.17,1.585,-8.84,3,100,23.61,33.58,15.6,0.803,-28.14,15,46.47,21.06,0.562,1.39,23.82,1
AAPL,1h,150,40,dip,12.73,8.9,0.493,-28.14,9,66.67,40.69,11.82,20.79,1.477,-8.84,2,100,22.08,24.01,11.38,0.618,-28.14,12,46.47,21.06,0.562,1.39,23.82,1
AAPL,1h,150,50,dip,21.35,14.77,0.724,-28.14,8,75,40.57,9.79,17.1,1.242,-8.84,2,100,21.51,30.48,14.25,0.737,-28.14,11,46.47,21.06,0.562,1.39,23.82,0
AAPL,1h,150,60,dip,17.97,12.48,0.638,-28.14,8,87.5,39.99,11.81,20.78,1.495,-8.84,2,100,20.75,31.25,14.59,0.756,-28.14,11,46.47,21.06,0.562,1.39,23.82,1
AAPL,1h,150,75,dip,22.8,15.74,0.779,-24.63,7,85.71,39.34,9.47,16.53,1.305,-8.11,3,100,16.73,34.77,16.12,0.837,-24.63,11,46.47,21.06,0.562,1.39,23.82,0
AAPL,1h,150,100,dip,15.73,10.96,0.584,-24.08,6,83.33,38.84,15.8,28.15,2.529,-3.26,2,100,14.15,33.51,15.58,0.822,-24.08,9,46.47,21.06,0.562,1.39,23.82,1
AAPL,1h,150,125,dip,8.86,6.23,0.386,-24.08,5,80,38.64,16.91,30.23,2.819,-3.26,2,100,13.19,30.82,14.4,0.775,-24.08,8,46.47,21.06,0.562,1.39,23.82,1
AAPL,1h,150,200,trend,-1.2,-0.86,0.024,-22.76,5,20,52.09,1.82,3.1,0.256,-14.64,4,25,39.1,4.25,2.11,0.205,-22.76,10,46.47,21.06,0.562,1.39,23.82,0
AAPL,1h,150,250,trend,0.37,0.26,0.095,-21.43,5,20,52.13,0,0,0,0,0,0,0,17.6,8.46,0.512,-21.59,6,46.47,21.06,0.562,1.39,23.82,0
AAPL,1h,150,300,trend,5.02,3.55,0.311,-16.38,4,25,43.4,0,0,0,0,0,0,0,24.01,11.38,0.663,-20.51,5,46.47,21.06,0.562,1.39,23.82,0
AAPL,1h,200,2,dip,8.67,6.09,0.379,-24.47,30,83.33,37.61,12.47,21.98,1.693,-7.43,10,90,18.45,25.34,11.98,0.66,-24.47,42,46.47,21.06,0.562,1.39,23.82,1
AAPL,1h,200,3,dip,8.11,5.71,0.363,-24.45,27,74.07,37.41,11.17,19.61,1.546,-7.43,7,85.71,18.64,22.96,10.91,0.614,-24.45,36,46.47,21.06,0.562,1.39,23.82,1
AAPL,1h,200,4,dip,7.92,5.57,0.357,-24.47,24,79.17,37.37,12.16,21.41,1.671,-7.65,7,85.71,18.55,24.97,11.81,0.654,-24.47,33,46.47,21.06,0.562,1.39,23.82,1
AAPL,1h,200,5,dip,5.56,3.93,0.286,-24.6,20,80,37.24,12.85,22.66,1.761,-7.65,7,85.71,18.74,23.35,11.08,0.622,-24.6,29,46.47,21.06,0.562,1.39,23.82,1
AAPL,1h,200,7,dip,5.45,3.85,0.282,-26.01,18,72.22,37.16,18.91,34.01,2.334,-7.31,7,100,18.83,29.01,13.61,0.731,-26.01,27,46.47,21.06,0.562,1.39,23.82,1
AAPL,1h,200,9,dip,1.32,0.94,0.153,-28.14,17,76.47,37.33,17.5,31.34,2.181,-7.31,6,100,18.26,23.21,11.02,0.612,-28.14,26,46.47,21.06,0.562,1.39,23.82,1
AAPL,1h,200,12,dip,5.73,4.05,0.29,-28.14,13,76.92,37.49,16.55,29.54,2.116,-6.97,5,100,17.69,25.6,12.09,0.662,-28.14,20,46.47,21.06,0.562,1.39,23.82,1
AAPL,1h,200,15,dip,1.83,1.3,0.169,-28.14,10,70,37.61,11.86,20.85,1.594,-7.57,4,100,17.5,17.02,8.19,0.489,-28.14,16,46.47,21.06,0.562,1.39,23.82,1
AAPL,1h,200,20,dip,11.92,8.34,0.474,-28.14,12,75,37.78,16.63,29.71,2.342,-4.56,5,100,17.78,33.37,15.51,0.816,-28.14,19,46.47,21.06,0.562,1.39,23.82,1
AAPL,1h,200,25,dip,13.04,9.12,0.504,-28.14,8,62.5,37.82,16.71,29.84,2.337,-4.56,5,100,17.78,29.65,13.89,0.736,-28.14,14,46.47,21.06,0.562,1.39,23.82,1
AAPL,1h,200,30,dip,13.41,9.37,0.515,-28.14,7,57.14,37.82,17.96,32.2,2.607,-4.14,5,100,17.88,31.42,14.66,0.772,-28.14,13,46.47,21.06,0.562,1.39,23.82,1
AAPL,1h,200,40,dip,12.01,8.41,0.475,-28.14,7,71.43,37.16,16.44,29.34,2.482,-4.14,3,100,16.54,30.53,14.27,0.756,-28.14,11,46.47,21.06,0.562,1.39,23.82,1
AAPL,1h,200,50,dip,18.01,12.51,0.644,-28.14,8,87.5,36.71,16.48,29.41,2.519,-4.14,2,100,15.11,35.23,16.32,0.848,-28.14,11,46.47,21.06,0.562,1.39,23.82,1
AAPL,1h,200,60,dip,6.53,4.6,0.314,-28.14,7,85.71,35.56,15.66,27.88,2.449,-3.9,2,100,14.15,22.64,10.76,0.606,-28.14,10,46.47,21.06,0.562,1.39,23.82,1
AAPL,1h,200,75,dip,8.17,5.75,0.367,-24.08,5,80,34.33,16.76,29.95,2.775,-3.26,2,100,13.1,27.46,12.92,0.714,-24.08,8,46.47,21.06,0.562,1.39,23.82,1
AAPL,1h,200,100,dip,5.13,3.63,0.273,-24.08,4,75,34.82,18.95,34.08,3.268,-3.26,2,100,11.85,29.32,13.74,0.754,-24.08,7,46.47,21.06,0.562,1.39,23.82,1
AAPL,1h,200,125,dip,3.32,2.35,0.216,-24.08,4,75,35.36,15.37,27.33,2.9,-3.26,2,100,9.85,20.44,9.76,0.572,-24.08,7,46.47,21.06,0.562,1.39,23.82,1
AAPL,1h,200,150,dip,11.54,8.09,0.467,-24.08,4,75,35.89,11.93,20.99,2.82,-1.29,4,100,4.78,30.63,14.32,0.781,-24.08,9,46.47,21.06,0.562,1.39,23.82,1
AAPL,1h,200,250,trend,-4.51,-3.23,-0.123,-25.66,5,20,51.35,0,0,0,0,0,0,0,12.69,6.17,0.402,-25.66,6,46.47,21.06,0.562,1.39,23.82,0
AAPL,1h,200,300,trend,3.25,2.3,0.229,-15.46,4,25,43.31,0,0,0,0,0,0,0,23.92,11.34,0.663,-18.04,5,46.47,21.06,0.562,1.39,23.82,0
AAPL,1h,250,2,dip,0.13,0.09,0.114,-24.47,21,76.19,36.46,13.86,24.54,2.156,-4.55,7,100,15.77,16.82,8.1,0.491,-24.47,31,46.47,21.06,0.562,1.39,23.82,1
AAPL,1h,250,3,dip,2.51,1.78,0.191,-24.47,17,76.47,36.46,15.94,28.4,2.439,-4.56,7,100,15.87,22.88,10.87,0.618,-24.47,26,46.47,21.06,0.562,1.39,23.82,1
AAPL,1h,250,4,dip,2.44,1.73,0.188,-24.45,16,75,36.55,15.72,28,2.407,-4.56,7,100,16.16,22.66,10.77,0.613,-24.45,25,46.47,21.06,0.562,1.39,23.82,1
AAPL,1h,250,5,dip,2.36,1.67,0.186,-24.45,14,78.57,36.3,17.86,32.03,2.897,-4.14,7,100,15.87,22.65,10.77,0.614,-24.45,23,46.47,21.06,0.562,1.39,23.82,1
AAPL,1h,250,7,dip,1.79,1.27,0.168,-24.97,13,76.92,36.34,18.87,33.94,3.074,-4.14,7,100,15.58,24.74,11.71,0.657,-24.97,22,46.47,21.06,0.562,1.39,23.82,1
AAPL,1h,250,9,dip,0.17,0.12,0.117,-28.14,11,72.73,36.55,19.96,36.01,3.221,-4.14,7,100,15.77,20.13,9.62,0.558,-28.14,19,46.47,21.06,0.562,1.39,23.82,1
AAPL,1h,250,12,dip,3.39,2.4,0.218,-28.14,9,66.67,36.01,16.88,30.18,2.602,-4.14,6,100,14.82,22.56,10.72,0.609,-28.14,16,46.47,21.06,0.562,1.39,23.82,1
AAPL,1h,250,15,dip,5.58,3.94,0.286,-28.14,9,66.67,36.26,17.14,30.66,2.717,-4.14,5,100,13.86,21.34,10.17,0.58,-28.14,15,46.47,21.06,0.562,1.39,23.82,1
AAPL,1h,250,20,dip,13.42,9.38,0.515,-28.14,10,70,36.26,18.91,34.02,3.025,-4.14,4,100,13,32.71,15.23,0.801,-28.14,15,46.47,21.06,0.562,1.39,23.82,1
AAPL,1h,250,25,dip,11.63,8.15,0.463,-28.14,8,75,36.38,15.59,27.75,2.634,-4.14,3,100,12.43,29.51,13.83,0.74,-28.14,13,46.47,21.06,0.562,1.39,23.82,1
AAPL,1h,250,30,dip,13.65,9.53,0.519,-28.14,7,85.71,36.18,16.68,29.8,2.81,-4.14,4,100,12.91,29.69,13.9,0.742,-28.14,12,46.47,21.06,0.562,1.39,23.82,1
AAPL,1h,250,40,dip,5.2,3.68,0.274,-28.14,6,83.33,35.89,13.1,23.13,2.184,-4.14,2,100,13.58,17.15,8.25,0.492,-28.14,9,46.47,21.06,0.562,1.39,23.82,1
AAPL,1h,250,50,dip,13.72,9.58,0.524,-28.14,6,83.33,35.52,13.52,23.9,2.396,-3.26,2,100,12.33,27.68,13.02,0.708,-28.14,9,46.47,21.06,0.562,1.39,23.82,1
AAPL,1h,250,60,dip,13.71,9.58,0.529,-24.53,6,83.33,35.07,13.78,24.39,2.475,-3.26,2,100,11.76,33.59,15.61,0.83,-24.53,9,46.47,21.06,0.562,1.39,23.82,1
AAPL,1h,250,75,dip,2.89,2.05,0.202,-24.08,4,75,35.44,15.99,28.5,2.936,-3.26,2,100,10.99,23.76,11.27,0.642,-24.08,7,46.47,21.06,0.562,1.39,23.82,1
AAPL,1h,250,100,dip,2.83,2,0.2,-24.08,4,75,35.19,12.64,22.29,2.558,-3.26,2,100,8.41,19.24,9.21,0.548,-24.08,7,46.47,21.06,0.562,1.39,23.82,1
AAPL,1h,250,125,dip,6.85,4.83,0.327,-24.08,4,75,35.52,0,0,0,0,0,0,0,12.06,5.87,0.394,-24.08,5,46.47,21.06,0.562,1.39,23.82,0
AAPL,1h,250,150,dip,9.8,6.88,0.416,-24.08,4,75,35.85,0,0,0,0,0,0,0,16.36,7.88,0.491,-24.08,5,46.47,21.06,0.562,1.39,23.82,0
AAPL,1h,250,200,dip,15.19,10.59,0.578,-23.15,4,75,36.67,0,0,0,0,0,0,0,21.2,10.11,0.601,-23.15,5,46.47,21.06,0.562,1.39,23.82,0
AAPL,1h,250,300,trend,-2.69,-1.92,-0.056,-19.66,5,20,44.34,0,0,0,0,0,0,0,13.82,6.7,0.436,-22.39,6,46.47,21.06,0.562,1.39,23.82,0
AAPL,1h,300,2,dip,-3.19,-2.28,0.005,-24.45,15,73.33,35.6,17.1,30.58,3.296,-2.31,11,100,11.76,21.92,10.44,0.604,-24.45,31,46.47,21.06,0.562,1.39,23.82,1
AAPL,1h,300,3,dip,-1.07,-0.77,0.075,-24.47,12,75,35.56,15.86,28.25,3.139,-2.31,8,100,11.19,23.53,11.16,0.636,-24.47,25,46.47,21.06,0.562,1.39,23.82,1
AAPL,1h,300,4,dip,-0.97,-0.69,0.079,-24.45,11,72.73,35.52,15.45,27.49,3.042,-2.31,7,100,11.28,22.26,10.59,0.61,-24.45,24,46.47,21.06,0.562,1.39,23.82,1
AAPL,1h,300,5,dip,0.91,0.65,0.139,-24.45,11,72.73,35.52,14.93,26.53,2.955,-2.31,6,100,11.47,26.02,12.28,0.687,-24.45,22,46.47,21.06,0.562,1.39,23.82,1
AAPL,1h,300,7,dip,4.06,2.87,0.239,-24.69,10,70,35.48,15.11,26.86,2.909,-2.31,6,100,11.09,23.26,11.04,0.634,-24.69,19,46.47,21.06,0.562,1.39,23.82,1
AAPL,1h,300,9,dip,6.74,4.75,0.322,-26.01,10,70,35.73,12.82,22.61,2.599,-2.31,4,100,10.9,20.38,9.73,0.573,-26.01,16,46.47,21.06,0.562,1.39,23.82,1
AAPL,1h,300,12,dip,7.68,5.41,0.349,-28.14,8,87.5,35.6,14.25,25.25,2.952,-2.31,4,100,10.52,20.42,9.75,0.568,-28.14,13,46.47,21.06,0.562,1.39,23.82,1
AAPL,1h,300,15,dip,7.22,5.08,0.335,-28.14,8,87.5,35.85,17.13,30.63,3.019,-2.31,4,100,10.52,24.01,11.38,0.638,-28.14,13,46.47,21.06,0.562,1.39,23.82,1
AAPL,1h,300,20,dip,13.38,9.35,0.512,-28.14,8,87.5,36.38,17.04,30.47,3.096,-2.37,3,100,10.23,31.75,14.81,0.785,-28.14,12,46.47,21.06,0.562,1.39,23.82,1
AAPL,1h,300,25,dip,6.79,4.79,0.321,-28.14,6,83.33,36.63,14.37,25.48,2.753,-2.31,3,100,9.46,24.64,11.66,0.646,-28.14,10,46.47,21.06,0.562,1.39,23.82,1
AAPL,1h,300,30,dip,6.7,4.72,0.318,-28.14,6,83.33,36.67,14.45,25.63,2.822,-2.31,2,100,8.22,20.59,9.83,0.564,-28.14,9,46.47,21.06,0.562,1.39,23.82,1
AAPL,1h,300,40,dip,7.46,5.26,0.342,-28.14,6,83.33,36.42,15.94,28.4,3.164,-1.83,2,100,7.74,21.56,10.27,0.587,-28.14,9,46.47,21.06,0.562,1.39,23.82,1
AAPL,1h,300,50,dip,14.39,10.04,0.544,-24.69,6,83.33,36.18,14.27,25.29,2.956,-1.49,2,100,7.27,32.7,15.22,0.812,-24.69,9,46.47,21.06,0.562,1.39,23.82,1
AAPL,1h,300,60,dip,9.42,6.62,0.402,-24.08,5,80,35.4,15.44,27.47,3.358,-1.05,2,100,6.5,31.14,14.54,0.787,-24.08,8,46.47,21.06,0.562,1.39,23.82,1
AAPL,1h,300,75,dip,3.7,2.62,0.228,-24.08,4,75,35.03,13.44,23.75,3.138,-1.05,2,100,4.88,21.06,10.05,0.59,-24.08,7,46.47,21.06,0.562,1.39,23.82,1
AAPL,1h,300,100,dip,7.46,5.25,0.346,-24.08,4,75,34.7,0,0,0,0,0,0,0,13.1,6.36,0.42,-24.08,5,46.47,21.06,0.562,1.39,23.82,0
AAPL,1h,300,125,dip,11.23,7.87,0.464,-23.15,4,75,35.07,0,0,0,0,0,0,0,16.17,7.8,0.493,-23.15,5,46.47,21.06,0.562,1.39,23.82,0
AAPL,1h,300,150,dip,13.64,9.52,0.534,-23.15,4,75,35.4,0,0,0,0,0,0,0,19.49,9.33,0.565,-23.15,5,46.47,21.06,0.562,1.39,23.82,0
AAPL,1h,300,200,dip,13.76,9.61,0.538,-23.15,4,75,35.03,0,0,0,0,0,0,0,17.68,8.5,0.525,-23.15,5,46.47,21.06,0.562,1.39,23.82,0
AAPL,1h,300,250,dip,18.81,13.05,0.69,-23.15,5,80,33.43,0,0,0,0,0,0,0,26.12,12.32,0.713,-23.15,6,46.47,21.06,0.562,1.39,23.82,0
MSFT,1d,2,3,trend,332.29,5.3,0.335,-75.63,881,37.34,53.81,61.51,4.01,0.302,-29.81,375,42.67,58.06,589.33,4.88,0.324,-75.63,1256,868495.2,25.06,0.82,0.927,1283.25,0
MSFT,1d,2,4,trend,552,6.83,0.394,-66.62,762,36.48,54.4,40.07,2.8,0.24,-38.47,328,40.85,58.94,801.68,5.57,0.352,-68.64,1090,868495.2,25.06,0.82,0.927,1283.25,0
MSFT,1d,2,5,trend,535.08,6.74,0.39,-58.22,698,35.82,54.85,103.75,6.01,0.397,-33.08,290,39.66,60.01,1159.86,6.45,0.387,-59.01,988,868495.2,25.06,0.82,0.927,1283.25,0
MSFT,1d,2,7,trend,760.63,7.88,0.434,-59.23,590,36.78,56.09,86.93,5.27,0.362,-29.57,250,41.2,60.86,1474.36,7.03,0.411,-59.23,840,868495.2,25.06,0.82,0.927,1283.25,0
MSFT,1d,2,9,trend,747.92,7.83,0.431,-59.53,513,35.87,56.85,154.23,7.96,0.497,-33.61,212,38.68,61.38,2017.21,7.82,0.443,-59.53,725,868495.2,25.06,0.82,0.927,1283.25,0
MSFT,1d,2,12,trend,2267.95,11.8,0.575,-55.43,435,34.94,58.13,136.61,7.32,0.463,-33.53,181,38.67,62.82,5366.22,10.37,0.541,-55.43,616,868495.2,25.06,0.82,0.927,1283.25,0
MSFT,1d,2,15,trend,1306.36,9.77,0.501,-61.83,398,32.91,58.86,113.09,6.4,0.419,-36.45,171,34.5,63.18,2951.68,8.79,0.479,-61.83,570,868495.2,25.06,0.82,0.927,1283.25,0
MSFT,1d,2,20,trend,3248.1,13.18,0.621,-53.53,320,32.81,59.56,146.07,7.67,0.482,-36.39,156,33.97,64.32,8271.29,11.54,0.584,-53.53,477,868495.2,25.06,0.82,0.927,1283.25,0
MSFT,1d,2,25,trend,3522.37,13.49,0.626,-58.77,280,30,59.88,219.22,9.99,0.592,-28.38,130,35.38,65.26,11535.41,12.45,0.614,-58.77,412,868495.2,25.06,0.82,0.927,1283.25,0
MSFT,1d,2,30,trend,3774.2,13.76,0.636,-59.02,259,28.19,59.98,194.82,9.28,0.559,-34.64,119,36.13,66.37,11564.4,12.45,0.614,-59.02,379,868495.2,25.06,0.82,0.927,1283.25,0
MSFT,1d,2,40,trend,2919.59,12.77,0.601,-61.74,226,28.76,60.5,229.67,10.28,0.617,-29.67,94,29.79,67.48,9682.45,11.97,0.598,-61.74,320,868495.2,25.06,0.82,0.927,1283.25,0
MSFT,1d,2,50,trend,2527.21,12.21,0.58,-60.28,205,28.78,60.96,240.14,10.57,0.618,-28.85,83,33.73,69.18,8681.44,11.67,0.583,-60.28,288,868495.2,25.06,0.82,0.927,1283.25,0
MSFT,1d,2,60,trend,2122.48,11.55,0.554,-65.72,196,23.98,62.01,229.98,10.29,0.6,-31.3,70,37.14,70.12,6804.06,11.01,0.555,-65.72,266,868495.2,25.06,0.82,0.927,1283.25,0
MSFT,1d,2,75,trend,2784.73,12.59,0.587,-66.31,171,25.73,63.77,167.9,8.42,0.511,-32.25,61,27.87,70.16,7555.07,11.29,0.562,-66.31,233,868495.2,25.06,0.82,0.927,1283.25,0
MSFT,1d,2,100,trend,4171.39,14.15,0.637,-65.76,150,26,65.64,290.14,11.82,0.655,-31.12,47,25.53,72.21,16735.09,13.47,0.637,-65.76,197,868495.2,25.06,0.82,0.927,1283.25,0
MSFT,1d,2,125,trend,8124.26,16.82,0.719,-59.61,121,28.1,66.87,472.77,15.39,0.812,-27.36,41,29.27,72.9,45455.3,16.29,0.73,-59.61,163,868495.2,25.06,0.82,0.927,1283.25,0
MSFT,1d,2,150,trend,1850.7,11.04,0.548,-59.43,117,27.35,64.79,484.44,15.59,0.804,-29.79,40,30,74.56,10896.12,12.29,0.608,-59.43,157,868495.2,25.06,0.82,0.927,1283.25,0
MSFT,1d,2,200,trend,4256.83,14.23,0.657,-51.1,87,26.44,66.13,687.35,18.45,0.908,-26.11,26,34.62,75.86,32523.03,15.34,0.712,-51.1,114,868495.2,25.06,0.82,0.927,1283.25,0
MSFT,1d,2,250,trend,4606.66,14.55,0.663,-55.96,85,24.71,67.67,653.92,18.03,0.861,-34.74,20,40,76.84,31272.3,15.23,0.698,-55.96,109,868495.2,25.06,0.82,0.927,1283.25,0
MSFT,1d,2,300,trend,6551.73,15.95,0.707,-58.78,70,28.57,68.37,631.52,17.73,0.838,-38.22,17,47.06,78.02,41619.94,16.04,0.72,-58.78,95,868495.2,25.06,0.82,0.927,1283.25,0
MSFT,1d,3,2,dip,4970.38,14.85,0.664,-45.41,881,68.44,46.12,460.38,15.19,0.822,-25.6,374,69.52,41.59,27610.28,14.88,0.695,-45.41,1256,868495.2,25.06,0.82,0.927,1283.25,0
MSFT,1d,3,4,trend,548.28,6.81,0.393,-55.57,639,36.46,55.2,66.67,4.28,0.312,-34.61,269,41.26,60.01,957.38,5.99,0.368,-55.79,908,868495.2,25.06,0.82,0.927,1283.25,0
MSFT,1d,3,5,trend,554.11,6.85,0.393,-54.64,569,37.26,55.94,88.17,5.32,0.364,-28.28,242,39.26,60.18,1104.48,6.33,0.382,-54.64,811,868495.2,25.06,0.82,0.927,1283.25,0
MSFT,1d,3,7,trend,879.24,8.38,0.452,-55.23,473,37,56.52,165.38,8.34,0.514,-31.15,198,40.91,61.09,2452.39,8.32,0.463,-55.23,671,868495.2,25.06,0.82,0.927,1283.25,0
MSFT,1d,3,9,trend,1108.97,9.19,0.482,-55.67,421,35.87,57.43,97.63,5.75,0.387,-38.76,182,36.81,62.07,2268.2,8.12,0.455,-55.67,603,868495.2,25.06,0.82,0.927,1283.25,0
MSFT,1d,3,12,trend,1856.8,11.06,0.551,-57.37,368,35.33,58.54,117.95,6.6,0.428,-37.06,158,35.44,63.05,4023.2,9.6,0.513,-57.37,526,868495.2,25.06,0.82,0.927,1283.25,0
MSFT,1d,3,15,trend,3398.49,13.35,0.629,-53.8,313,33.87,59.32,111.24,6.33,0.416,-36.87,150,35.33,63.83,7481.29,11.26,0.575,-53.8,464,868495.2,25.06,0.82,0.927,1283.25,0
MSFT,1d,3,20,trend,2082.4,11.48,0.558,-61.73,272,31.99,59.68,217.37,9.94,0.59,-32.54,128,35.94,64.94,6898.82,11.04,0.563,-61.73,401,868495.2,25.06,0.82,0.927,1283.25,0
MSFT,1d,3,25,trend,4814.4,14.72,0.67,-58.56,232,32.33,60.01,219.83,10.01,0.602,-31.43,108,37.04,65.46,15991.68,13.35,0.65,-58.56,341,868495.2,25.06,0.82,0.927,1283.25,0
MSFT,1d,3,30,trend,3461.88,13.43,0.624,-56.38,214,33.18,59.81,169.73,8.48,0.527,-35.62,99,33.33,66.08,9604.75,11.94,0.597,-56.38,314,868495.2,25.06,0.82,0.927,1283.25,0
MSFT,1d,3,40,trend,2838.18,12.66,0.596,-56.98,184,29.89,60.37,204.99,9.58,0.577,-29.38,77,32.47,67.84,8706.1,11.68,0.584,-56.98,261,868495.2,25.06,0.82,0.927,1283.25,0
MSFT,1d,3,50,trend,2313.46,11.88,0.568,-68.24,171,29.24,60.94,274.84,11.45,0.661,-24.78,66,39.39,69.15,8790.07,11.7,0.584,-68.24,237,868495.2,25.06,0.82,0.927,1283.25,0
MSFT,1d,3,60,trend,2183.01,11.66,0.558,-70.43,160,26.25,62.16,233.65,10.39,0.602,-31.3,59,30.51,70.32,7364.19,11.22,0.563,-70.43,219,868495.2,25.06,0.82,0.927,1283.25,0
MSFT,1d,3,75,trend,3664.92,13.65,0.624,-67.91,141,29.08,63.82,256.73,11,0.629,-29.63,55,30.91,70.58,12586.34,12.69,0.614,-67.91,197,868495.2,25.06,0.82,0.927,1283.25,0
MSFT,1d,3,100,trend,5152.56,14.99,0.664,-60.02,123,30.08,65.85,372.96,13.6,0.735,-25.42,40,30,71.72,24239.25,14.51,0.673,-60.02,164,868495.2,25.06,0.82,0.927,1283.25,0
MSFT,1d,3,125,trend,7968.7,16.74,0.714,-59.91,102,28.43,67.17,426.58,14.6,0.776,-27.94,33,27.27,72.83,40880.53,15.99,0.718,-59.91,135,868495.2,25.06,0.82,0.927,1283.25,0
MSFT,1d,3,150,trend,1949.91,11.24,0.555,-49.8,96,26.04,64.7,405.75,14.22,0.748,-33.02,32,25,74.36,9843.62,12.01,0.598,-49.8,128,868495.2,25.06,0.82,0.927,1283.25,0
MSFT,1d,3,200,trend,4423.97,14.39,0.663,-54.96,73,23.29,66.03,681.32,18.37,0.905,-26.11,23,34.78,76.09,33927.67,15.46,0.718,-54.96,97,868495.2,25.06,0.82,0.927,1283.25,0
MSFT,1d,3,250,trend,5053.02,14.91,0.674,-55.9,68,26.47,67.74,656.81,18.06,0.861,-34.29,17,41.18,76.81,34741.36,15.53,0.707,-55.9,89,868495.2,25.06,0.82,0.927,1283.25,0
MSFT,1d,3,300,trend,6675.41,16.03,0.708,-58.48,58,22.41,68.4,693.44,18.52,0.865,-35.67,14,50,78.08,45524.59,16.3,0.727,-58.48,78,868495.2,25.06,0.82,0.927,1283.25,0
MSFT,1d,4,2,dip,3777.84,13.77,0.628,-50.64,762,70.47,45.53,583.17,17.08,0.911,-30.9,327,70.34,40.67,25754.69,14.68,0.689,-50.64,1090,868495.2,25.06,0.82,0.927,1283.25,0
MSFT,1d,4,3,dip,4504.8,14.46,0.65,-62.31,638,70.85,44.65,519.43,16.14,0.876,-31.65,268,72.76,39.56,27841.63,14.9,0.696,-62.31,907,868495.2,25.06,0.82,0.927,1283.25,0
MSFT,1d,4,5,trend,941.89,8.61,0.462,-55.11,490,37.35,56.03,108.45,6.21,0.409,-31.43,211,40.28,60.53,2025.31,7.83,0.444,-55.11,701,868495.2,25.06,0.82,0.927,1283.25,0
MSFT,1d,4,7,trend,951.04,8.65,0.463,-54.48,418,37.32,57.1,48.44,3.29,0.266,-39.86,178,36.52,61.58,1446.35,6.99,0.41,-54.48,596,868495.2,25.06,0.82,0.927,1283.25,0
MSFT,1d,4,9,trend,2007.38,11.35,0.563,-55.6,362,36.19,57.84,82.4,5.05,0.357,-36.33,163,37.42,62.13,3616.16,9.32,0.505,-55.6,525,868495.2,25.06,0.82,0.927,1283.25,0
MSFT,1d,4,12,trend,3281.07,13.22,0.626,-54.78,310,36.77,58.89,118.27,6.61,0.429,-35.28,142,38.73,63.7,7006.83,11.09,0.569,-54.78,452,868495.2,25.06,0.82,0.927,1283.25,0
MSFT,1d,4,15,trend,5376.4,15.16,0.694,-52.61,273,34.43,59.38,104.89,6.06,0.402,-42.73,125,36,63.83,11197.99,12.36,0.618,-52.61,399,868495.2,25.06,0.82,0.927,1283.25,0
MSFT,1d,4,20,trend,3593.42,13.57,0.631,-57.58,229,31.88,59.94,254.46,10.94,0.635,-34.51,108,36.11,65.43,13128.73,12.8,0.628,-57.58,338,868495.2,25.06,0.82,0.927,1283.25,0
MSFT,1d,4,25,trend,4977.44,14.85,0.673,-53.86,194,35.05,59.94,212.87,9.81,0.591,-35.47,97,34.02,65.75,16049.78,13.36,0.65,-53.86,293,868495.2,25.06,0.82,0.927,1283.25,0
MSFT,1d,4,30,trend,2205.39,11.7,0.562,-64.76,187,29.95,60.15,188.94,9.1,0.561,-31.97,86,33.72,66.21,6693.86,10.96,0.559,-64.76,273,868495.2,25.06,0.82,0.927,1283.25,0
MSFT,1d,4,40,trend,2249.3,11.77,0.565,-66.07,165,30.91,60.22,251.24,10.86,0.64,-26.53,66,34.85,67.97,8008.95,11.45,0.576,-66.07,231,868495.2,25.06,0.82,0.927,1283.25,0
MSFT,1d,4,50,trend,2387.02,12,0.573,-67.72,145,29.66,60.79,384.54,13.82,0.77,-25.15,53,45.28,69.24,11742.13,12.49,0.614,-67.72,198,868495.2,25.06,0.82,0.927,1283.25,0
MSFT,1d,4,60,trend,2551.3,12.25,0.579,-67.51,139,29.5,62.19,255.25,10.96,0.633,-30.66,48,29.17,70.55,9168.42,11.82,0.585,-67.51,187,868495.2,25.06,0.82,0.927,1283.25,0
MSFT,1d,4,75,trend,3483.44,13.45,0.614,-69.82,124,28.23,64.23,275.29,11.46,0.646,-33.01,43,30.23,70.97,12517.49,12.67,0.61,-69.82,168,868495.2,25.06,0.82,0.927,1283.25,0
MSFT,1d,4,100,trend,6596.12,15.98,0.694,-57.99,107,31.78,65.77,364.76,13.43,0.73,-27.15,36,30.56,71.75,30851.78,15.19,0.696,-57.99,143,868495.2,25.06,0.82,0.927,1283.25,0
MSFT,1d,4,125,trend,6888.93,16.15,0.692,-61.37,90,31.11,67.35,364.05,13.42,0.72,-32.94,30,26.67,72.8,31339.61,15.24,0.688,-61.37,120,868495.2,25.06,0.82,0.927,1283.25,0
MSFT,1d,4,150,trend,3261.37,13.19,0.627,-42.82,79,29.11,64.65,448.74,14.99,0.778,-32.41,25,28,74.79,17921.12,13.66,0.66,-42.82,104,868495.2,25.06,0.82,0.927,1283.25,0
MSFT,1d,4,200,trend,4094.08,14.08,0.651,-53.68,63,25.4,66.24,647.79,17.95,0.87,-28.04,21,42.86,76.09,29955.16,15.11,0.701,-53.68,84,868495.2,25.06,0.82,0.927,1283.25,0
MSFT,1d,4,250,trend,5493.42,15.24,0.685,-60.49,58,25.86,67.77,849.93,20.29,0.949,-28.04,13,53.85,76.97,48109.65,16.46,0.739,-60.49,76,868495.2,25.06,0.82,0.927,1283.25,1
MSFT,1d,4,300,trend,5205.1,15.03,0.686,-61.61,51,19.61,65.91,710.88,18.73,0.874,-36.02,12,41.67,78.02,36250.5,15.65,0.714,-61.61,69,868495.2,25.06,0.82,0.927,1283.25,0
MSFT,1d,5,2,dip,4279.18,14.25,0.643,-60.59,697,70.88,45,394.09,14,0.776,-35.22,289,71.28,39.56,21203.92,14.13,0.668,-60.59,987,868495.2,25.06,0.82,0.927,1283.25,0
MSFT,1d,5,3,dip,4863.73,14.76,0.662,-60.94,568,71.65,43.91,458.44,15.16,0.832,-30.07,241,73.44,39.37,27457.73,14.86,0.697,-60.94,810,868495.2,25.06,0.82,0.927,1283.25,0
MSFT,1d,5,4,dip,3357.33,13.31,0.611,-67.64,489,72.39,43.8,423.22,14.54,0.8,-31.73,210,76.19,39.01,17883.89,13.66,0.65,-67.64,700,868495.2,25.06,0.82,0.927,1283.25,0
MSFT,1d,5,7,trend,1434.35,10.11,0.518,-55.71,372,36.83,57.52,75.7,4.73,0.34,-39.28,165,38.79,61.58,2506.29,8.37,0.467,-55.71,537,868495.2,25.06,0.82,0.927,1283.25,0
MSFT,1d,5,9,trend,3610.66,13.59,0.642,-56.36,317,38.17,58.29,80.63,4.97,0.354,-39.49,145,37.24,62.69,6379.81,10.83,0.563,-56.36,462,868495.2,25.06,0.82,0.927,1283.25,0
MSFT,1d,5,12,trend,4940.29,14.82,0.684,-49.69,272,36.03,59.07,95.5,5.65,0.381,-41.92,127,37.01,64.42,9496.75,11.91,0.602,-49.69,399,868495.2,25.06,0.82,0.927,1283.25,0
MSFT,1d,5,15,trend,3185.85,13.1,0.613,-50.35,241,34.02,59.96,218.65,9.97,0.589,-41.03,112,35.71,64.68,10383.79,12.16,0.603,-50.35,354,868495.2,25.06,0.82,0.927,1283.25,0
MSFT,1d,5,20,trend,4160.65,14.14,0.651,-53.84,207,32.85,59.7,229.47,10.28,0.603,-39.99,98,35.71,65.59,14054.74,12.99,0.635,-53.84,306,868495.2,25.06,0.82,0.927,1283.25,0
MSFT,1d,5,25,trend,3269.85,13.2,0.616,-59.13,182,34.07,59.92,212.33,9.79,0.593,-31.88,83,36.14,65.82,10489.43,12.18,0.605,-59.13,266,868495.2,25.06,0.82,0.927,1283.25,0
MSFT,1d,5,30,trend,2426.22,12.06,0.576,-59.87,170,32.35,60.08,255.81,10.97,0.652,-24.18,70,35.71,66.34,8733.11,11.68,0.586,-59.87,240,868495.2,25.06,0.82,0.927,1283.25,0
MSFT,1d,5,40,trend,1346.11,9.88,0.499,-73.76,152,31.58,60.27,321.29,12.52,0.714,-24.78,55,41.82,68.13,5867.36,10.61,0.544,-73.76,207,868495.2,25.06,0.82,0.927,1283.25,0
MSFT,1d,5,50,trend,2085.6,11.49,0.555,-71.2,133,32.33,60.91,342.72,12.98,0.73,-24.06,48,39.58,69.37,9419.41,11.89,0.591,-71.2,181,868495.2,25.06,0.82,0.927,1283.25,0
MSFT,1d,5,60,trend,2509.48,12.19,0.575,-71.43,134,28.36,62.38,323.03,12.56,0.71,-29.55,43,32.56,70.61,10650.67,12.23,0.599,-71.43,178,868495.2,25.06,0.82,0.927,1283.25,0
MSFT,1d,5,75,trend,3201.45,13.12,0.603,-71.84,119,26.05,64.28,259.8,11.08,0.628,-36.51,40,25,71.07,11423.37,12.42,0.601,-71.84,160,868495.2,25.06,0.82,0.927,1283.25,0
MSFT,1d,5,100,trend,5824.43,15.48,0.674,-60.7,102,29.41,65.99,302.29,12.1,0.666,-28.08,32,31.25,72.02,24678.84,14.56,0.669,-60.7,133,868495.2,25.06,0.82,0.927,1283.25,0
MSFT,1d,5,125,trend,8814.4,17.15,0.723,-52.48,76,30.26,67.32,391.37,13.95,0.743,-33.34,25,32,73.06,42148.19,16.08,0.717,-52.48,101,868495.2,25.06,0.82,0.927,1283.25,0
MSFT,1d,5,150,trend,3788.13,13.78,0.648,-48.01,69,28.99,64.79,473.94,15.41,0.798,-32.91,23,30.43,74.89,21817.03,14.21,0.681,-48.01,92,868495.2,25.06,0.82,0.927,1283.25,0
MSFT,1d,5,200,trend,4696.72,14.62,0.671,-51.64,56,25,66.13,645.61,17.92,0.869,-29.4,18,38.89,76.29,33055.78,15.39,0.712,-51.64,74,868495.2,25.06,0.82,0.927,1283.25,0
MSFT,1d,5,250,trend,6006.05,15.6,0.696,-56.18,52,23.08,67.85,776.76,19.5,0.916,-31.24,12,50,77.1,49276.78,16.53,0.74,-56.18,68,868495.2,25.06,0.82,0.927,1283.25,0
MSFT,1d,5,300,trend,4427.42,14.39,0.664,-66.87,48,14.58,65.98,720.95,18.85,0.876,-36.58,10,40,78.11,33392.89,15.42,0.706,-66.87,63,868495.2,25.06,0.82,0.927,1283.25,0
MSFT,1d,7,2,dip,3578.71,13.55,0.62,-70.23,589,72.67,43.76,456.77,15.13,0.827,-25.26,249,73.9,38.68,20262.27,14.01,0.664,-70.23,839,868495.2,25.06,0.82,0.927,1283.25,0
MSFT,1d,7,3,dip,3620.53,13.6,0.622,-64.1,472,72.88,43.27,317.43,12.44,0.704,-35.73,197,76.14,38.45,15283.88,13.22,0.636,-64.1,670,868495.2,25.06,0.82,0.927,1283.25,0
MSFT,1d,7,4,dip,3602.89,13.58,0.621,-65.41,417,72.9,42.69,657.49,18.07,0.943,-23.11,177,77.4,37.93,27684.13,14.88,0.694,-65.41,595,868495.2,25.06,0.82,0.927,1283.25,1
MSFT,1d,7,5,dip,2580.54,12.29,0.579,-67.94,371,71.16,42.26,550.02,16.6,0.874,-25.16,164,76.22,37.93,17594.77,13.61,0.649,-67.94,536,868495.2,25.06,0.82,0.927,1283.25,0
MSFT,1d,7,9,trend,4576.93,14.52,0.676,-50.67,259,37.07,58.86,77.91,4.84,0.345,-47.68,125,34.4,64.02,8003.9,11.45,0.587,-50.67,384,868495.2,25.06,0.82,0.927,1283.25,0
MSFT,1d,7,12,trend,3555.81,13.53,0.627,-48.5,232,36.64,59.64,163.97,8.29,0.51,-42.62,112,37.5,65.53,9246.39,11.84,0.591,-48.5,344,868495.2,25.06,0.82,0.927,1283.25,0
MSFT,1d,7,15,trend,4101.1,14.09,0.646,-47.83,210,37.62,60.1,312.08,12.32,0.703,-38.17,91,39.56,66.28,16799.55,13.48,0.653,-47.83,301,868495.2,25.06,0.82,0.927,1283.25,0
MSFT,1d,7,20,trend,4691.59,14.62,0.666,-51.66,171,34.5,59.88,263.1,11.16,0.647,-36.77,78,35.9,65.39,17537.91,13.6,0.658,-51.66,250,868495.2,25.06,0.82,0.927,1283.25,0
MSFT,1d,7,25,trend,3410.32,13.37,0.623,-53.35,159,33.96,59.77,217.7,9.95,0.599,-31.3,68,35.29,66.14,11274.42,12.38,0.614,-53.35,227,868495.2,25.06,0.82,0.927,1283.25,0
MSFT,1d,7,30,trend,1863.63,11.07,0.543,-65.48,152,31.58,59.67,276.07,11.48,0.671,-24.64,57,40.35,66.73,7156.89,11.14,0.567,-65.48,209,868495.2,25.06,0.82,0.927,1283.25,0
MSFT,1d,7,40,trend,1456.4,10.16,0.509,-73.93,127,35.43,60.12,385.8,13.85,0.779,-23.22,45,44.44,68.49,7338.68,11.21,0.568,-73.93,172,868495.2,25.06,0.82,0.927,1283.25,0
MSFT,1d,7,50,trend,2427.12,12.06,0.574,-74.27,119,35.29,61.15,349.1,13.11,0.734,-26.77,39,33.33,69.86,11065.51,12.33,0.607,-74.27,158,868495.2,25.06,0.82,0.927,1283.25,0
MSFT,1d,7,60,trend,2254.06,11.78,0.56,-74.51,121,29.75,62.72,343.72,13,0.724,-28.03,38,39.47,70.94,10186.63,12.1,0.594,-74.51,160,868495.2,25.06,0.82,0.927,1283.25,0
MSFT,1d,7,75,trend,4544.34,14.49,0.645,-71.64,103,30.1,64.34,302.6,12.1,0.678,-34.85,36,30.56,70.91,17804.62,13.65,0.642,-71.64,140,868495.2,25.06,0.82,0.927,1283.25,0
MSFT,1d,7,100,trend,6644.81,16.01,0.689,-58.7,86,33.72,66.23,365.18,13.44,0.727,-33.36,26,34.62,71.82,30162.53,15.13,0.687,-58.7,112,868495.2,25.06,0.82,0.927,1283.25,0
MSFT,1d,7,125,trend,8945.39,17.21,0.719,-53.21,61,36.07,67.75,380.55,13.74,0.736,-32.01,22,31.82,73.19,40049.41,15.93,0.707,-53.21,83,868495.2,25.06,0.82,0.927,1283.25,0
MSFT,1d,7,150,trend,5107.6,14.95,0.689,-47.29,55,29.09,64.97,471.8,15.38,0.776,-31.81,20,40,75.08,27978.79,14.91,0.703,-47.29,75,868495.2,25.06,0.82,0.927,1283.25,0
MSFT,1d,7,200,trend,3693.41,13.68,0.637,-56.82,53,22.64,66.24,626.85,17.67,0.858,-32.83,16,43.75,76.39,24630.37,14.56,0.681,-56.82,70,868495.2,25.06,0.82,0.927,1283.25,0
MSFT,1d,7,250,trend,9030.44,17.25,0.751,-52.99,42,23.81,67.71,811.29,19.88,0.928,-33.7,10,60,77.2,72446.9,17.64,0.778,-52.99,54,868495.2,25.06,0.82,0.927,1283.25,1
MSFT,1d,7,300,trend,5146.9,14.99,0.683,-66.78,41,19.51,65.98,739.26,19.07,0.884,-35.73,9,44.44,78.05,42256.29,16.09,0.728,-66.78,52,868495.2,25.06,0.82,0.927,1283.25,0
MSFT,1d,9,2,dip,3995.33,13.99,0.635,-69.68,512,72.46,42.95,328.48,12.68,0.709,-34.25,211,75.36,38.16,17281.99,13.56,0.647,-69.68,724,868495.2,25.06,0.82,0.927,1283.25,0
MSFT,1d,9,3,dip,3107.67,13.01,0.604,-66.43,420,72.14,42.34,466.21,15.29,0.831,-27.55,181,76.24,37.44,17890.54,13.66,0.653,-66.43,602,868495.2,25.06,0.82,0.927,1283.25,0
MSFT,1d,9,4,dip,1857.61,11.06,0.537,-65.57,361,71.75,41.9,527.65,16.26,0.863,-21.63,162,77.16,37.38,12377.81,12.64,0.616,-65.57,524,868495.2,25.06,0.82,0.927,1283.25,0
MSFT,1d,9,5,dip,1073.49,9.07,0.468,-63.04,316,71.2,41.45,547.65,16.56,0.865,-22.29,144,76.39,36.82,7618.08,11.31,0.566,-63.04,461,868495.2,25.06,0.82,0.927,1283.25,0
MSFT,1d,9,7,dip,880.63,8.38,0.444,-56.75,258,74.03,40.86,565.94,16.83,0.895,-22.29,124,79.84,35.45,6557.89,10.91,0.554,-56.75,383,868495.2,25.06,0.82,0.927,1283.25,0
MSFT,1d,9,12,trend,3579.94,13.56,0.628,-50.85,205,37.56,60.02,225.67,10.17,0.603,-38.17,92,38.04,65.69,11693.53,12.48,0.615,-50.85,297,868495.2,25.06,0.82,0.927,1283.25,0
MSFT,1d,9,15,trend,3780.25,13.77,0.634,-58.31,178,37.64,60.34,301.28,12.07,0.687,-39.23,79,39.24,66.41,14934.61,13.16,0.639,-58.31,257,868495.2,25.06,0.82,0.927,1283.25,0
MSFT,1d,9,20,trend,3871.48,13.86,0.641,-52.03,153,37.25,59.53,296.52,11.97,0.682,-34.55,66,39.39,65.49,15961.39,13.34,0.648,-52.03,219,868495.2,25.06,0.82,0.927,1283.25,0
MSFT,1d,9,25,trend,2848.49,12.67,0.601,-56.25,146,34.25,59.49,273.83,11.43,0.67,-26.83,57,40.35,66.14,10731.74,12.25,0.611,-56.25,203,868495.2,25.06,0.82,0.927,1283.25,0
MSFT,1d,9,30,trend,1913.71,11.17,0.545,-66.72,129,34.11,59.84,287.75,11.76,0.684,-25.7,47,42.55,67.03,7573.09,11.3,0.572,-66.72,176,868495.2,25.06,0.82,0.927,1283.25,0
MSFT,1d,9,40,trend,1774.58,10.89,0.535,-76.52,118,37.29,60.45,395.71,14.03,0.781,-27.29,38,47.37,68.59,9042.04,11.78,0.588,-76.52,156,868495.2,25.06,0.82,0.927,1283.25,0
MSFT,1d,9,50,trend,3549.04,13.52,0.62,-74.87,108,35.19,61.61,306.75,12.2,0.694,-27.16,39,35.9,69.8,14212.7,13.02,0.628,-74.87,147,868495.2,25.06,0.82,0.927,1283.25,0
MSFT,1d,9,60,trend,3825.82,13.82,0.625,-77.39,105,32.38,62.89,367.12,13.48,0.746,-29.29,35,37.14,71.17,17898.14,13.66,0.646,-77.39,140,868495.2,25.06,0.82,0.927,1283.25,0
MSFT,1d,9,75,trend,4626.98,14.56,0.646,-72.63,89,33.71,64.33,315.1,12.39,0.689,-26.09,33,33.33,71.1,17321.87,13.57,0.637,-72.63,122,868495.2,25.06,0.82,0.927,1283.25,0
MSFT,1d,9,100,trend,8535.71,17.02,0.718,-57.29,73,38.36,66.51,293.16,11.89,0.658,-36.25,25,32,71.92,32647.61,15.35,0.692,-57.29,98,868495.2,25.06,0.82,0.927,1283.25,0
MSFT,1d,9,125,trend,10169.36,17.74,0.735,-55.66,54,35.19,67.88,377.49,13.68,0.715,-29.87,22,31.82,73.35,46449.4,16.36,0.718,-55.66,76,868495.2,25.06,0.82,0.927,1283.25,0
MSFT,1d,9,150,trend,5041.29,14.9,0.687,-49.58,50,32,65.04,481.88,15.54,0.784,-30.56,18,38.89,75.24,28328.31,14.95,0.703,-49.58,68,868495.2,25.06,0.82,0.927,1283.25,0
MSFT,1d,9,200,trend,3976.46,13.97,0.645,-53.74,50,26,66.51,587.38,17.13,0.835,-40.04,14,50,76.58,24985.06,14.6,0.68,-53.74,64,868495.2,25.06,0.82,0.927,1283.25,0
MSFT,1d,9,250,trend,7149.81,16.3,0.719,-58.55,40,20,67.75,860.12,20.39,0.943,-31.82,8,50,77.4,59468.99,17.07,0.757,-58.55,50,868495.2,25.06,0.82,0.927,1283.25,1
MSFT,1d,9,300,trend,5893,15.53,0.702,-66.84,36,22.22,66.14,710.25,18.73,0.869,-33.37,9,44.44,78.15,47108.99,16.4,0.738,-66.84,48,868495.2,25.06,0.82,0.927,1283.25,0
MSFT,1d,12,2,dip,1510.4,10.29,0.512,-67.06,434,72.35,41.64,373.51,13.61,0.753,-27.34,180,73.33,36.69,7573.59,11.3,0.568,-67.06,615,868495.2,25.06,0.82,0.927,1283.25,0
MSFT,1d,12,3,dip,2011.99,11.35,0.549,-64.17,367,74.39,41.24,428.43,14.63,0.801,-24.81,157,75.8,36.46,11233.61,12.37,0.608,-64.17,525,868495.2,25.06,0.82,0.927,1283.25,0
MSFT,1d,12,4,dip,1198.72,9.46,0.484,-59.26,309,73.46,40.85,437.88,14.8,0.808,-22.65,141,76.6,35.81,7021.92,11.09,0.562,-59.26,451,868495.2,25.06,0.82,0.927,1283.25,0
MSFT,1d,12,5,dip,811.85,8.11,0.434,-58.28,271,73.8,40.67,504.58,15.91,0.863,-22.29,126,79.37,35.06,5520.52,10.45,0.538,-58.28,398,868495.2,25.06,0.82,0.927,1283.25,0
MSFT,1d,12,7,dip,1195.86,9.45,0.489,-58.16,231,75.32,40.08,355.9,13.25,0.745,-27.02,111,75.68,33.95,5956.78,10.65,0.552,-58.16,343,868495.2,25.06,0.82,0.927,1283.25,0
MSFT,1d,12,9,dip,1229.72,9.55,0.493,-55.78,204,77.45,39.7,275.47,11.47,0.657,-27.13,91,81.32,33.76,4978.39,10.17,0.533,-55.78,296,868495.2,25.06,0.82,0.927,1283.25,0
MSFT,1d,12,15,trend,6105.04,15.67,0.697,-49.62,151,39.74,60.17,292.54,11.87,0.683,-35.89,68,38.24,65.23,24489.27,14.54,0.689,-49.62,220,868495.2,25.06,0.82,0.927,1283.25,0
MSFT,1d,12,20,trend,3196.36,13.12,0.616,-54.81,137,35.77,59.22,298.37,12.01,0.687,-32.88,57,42.11,65.43,12804.35,12.73,0.627,-54.81,194,868495.2,25.06,0.82,0.927,1283.25,0
MSFT,1d,12,25,trend,2234.7,11.75,0.566,-68.02,133,34.59,59.53,318.73,12.47,0.717,-26.66,45,44.44,66.7,9506.88,11.92,0.596,-68.02,178,868495.2,25.06,0.82,0.927,1283.25,0
MSFT,1d,12,30,trend,2231.36,11.74,0.566,-67.9,116,39.66,60.03,313.54,12.35,0.705,-28.7,42,40.48,67.51,9385.05,11.88,0.593,-67.9,158,868495.2,25.06,0.82,0.927,1283.25,0
MSFT,1d,12,40,trend,2771.72,12.57,0.589,-77.43,105,40,60.61,319.18,12.48,0.71,-27.6,34,38.24,68.98,11508.08,12.44,0.609,-77.43,139,868495.2,25.06,0.82,0.927,1283.25,0
MSFT,1d,12,50,trend,2652.46,12.4,0.579,-79.11,97,32.99,61.82,442.35,14.88,0.812,-24.24,33,42.42,70.32,13959.74,12.97,0.623,-79.11,130,868495.2,25.06,0.82,0.927,1283.25,0
MSFT,1d,12,60,trend,3136.7,13.04,0.598,-76.47,90,31.11,63.15,413.01,14.36,0.783,-25.65,31,35.48,71.36,16159.78,13.38,0.635,-76.47,121,868495.2,25.06,0.82,0.927,1283.25,0
MSFT,1d,12,75,trend,5569.76,15.3,0.667,-69.37,73,36.99,64.58,262.81,11.15,0.63,-32.7,28,28.57,70.91,19120.98,13.85,0.644,-69.37,101,868495.2,25.06,0.82,0.927,1283.25,0
MSFT,1d,12,100,trend,7611.42,16.56,0.702,-62.14,58,37.93,66.49,302.74,12.11,0.652,-33.21,23,34.78,72.02,29854.87,15.1,0.68,-62.14,81,868495.2,25.06,0.82,0.927,1283.25,0
MSFT,1d,12,125,trend,10841,18,0.743,-59.08,45,37.78,67.96,406.66,14.24,0.736,-30.84,20,35,73.68,51459.61,16.65,0.727,-59.08,65,868495.2,25.06,0.82,0.927,1283.25,0
MSFT,1d,12,150,trend,4899.56,14.79,0.681,-54.72,43,32.56,65.24,468.84,15.33,0.771,-32.96,16,43.75,75.57,28069.16,14.92,0.7,-54.72,58,868495.2,25.06,0.82,0.927,1283.25,0
MSFT,1d,12,200,trend,4721.72,14.64,0.666,-60.43,40,30,66.69,572.26,16.92,0.816,-42.61,13,53.85,77.2,30288.05,15.14,0.695,-60.43,54,868495.2,25.06,0.82,0.927,1283.25,0
MSFT,1d,12,250,trend,7079.47,16.26,0.716,-60.05,33,30.3,67.63,730.21,18.96,0.891,-36.17,7,57.14,77.4,51282.04,16.64,0.741,-60.05,42,868495.2,25.06,0.82,0.927,1283.25,0
MSFT,1d,12,300,trend,6570.73,15.96,0.717,-62.13,29,24.14,66.07,677.82,18.33,0.855,-34.02,7,57.14,78.05,53267.39,16.75,0.75,-62.13,36,868495.2,25.06,0.82,0.927,1283.25,0
MSFT,1d,15,2,dip,2734.65,12.52,0.591,-63.5,397,75.82,40.92,407.21,14.25,0.783,-23.71,171,75.44,35.36,14425.23,13.06,0.635,-63.5,569,868495.2,25.06,0.82,0.927,1283.25,0
MSFT,1d,15,3,dip,1150.61,9.32,0.48,-58.12,312,75.32,40.41,420.85,14.5,0.796,-22.65,150,78,34.61,6480.72,10.88,0.556,-58.12,463,868495.2,25.06,0.82,0.927,1283.25,0
MSFT,1d,15,4,dip,738.23,7.78,0.423,-55.29,272,75.37,40.36,453.34,15.07,0.821,-22.7,125,78.4,34.61,4674.23,10,0.522,-55.29,398,868495.2,25.06,0.82,0.927,1283.25,0
MSFT,1d,15,5,dip,1326.28,9.82,0.502,-56.85,240,75.83,39.76,264.87,11.2,0.651,-22.65,112,77.68,33.72,5235.25,10.3,0.538,-56.85,353,868495.2,25.06,0.82,0.927,1283.25,0
MSFT,1d,15,7,dip,1057.8,9.02,0.473,-59.64,209,77.51,39.62,199.49,9.42,0.562,-28.39,90,77.78,33.2,3427.04,9.18,0.494,-59.64,300,868495.2,25.06,0.82,0.927,1283.25,0
MSFT,1d,15,9,dip,1202.57,9.47,0.491,-51.35,177,77.4,39.38,212.02,9.79,0.58,-28.94,78,78.21,33.07,4079.38,9.64,0.513,-51.35,256,868495.2,25.06,0.82,0.927,1283.25,0
MSFT,1d,15,12,dip,741.36,7.8,0.429,-56.94,150,73.33,39.55,214.65,9.86,0.58,-32.12,68,79.41,33.04,2571.43,8.44,0.466,-56.94,219,868495.2,25.06,0.82,0.927,1283.25,0
MSFT,1d,15,20,trend,2340.67,11.92,0.573,-66.53,134,35.82,59.21,313.46,12.35,0.713,-27.6,46,45.65,66.31,9816.66,12,0.6,-66.53,180,868495.2,25.06,0.82,0.927,1283.25,0
MSFT,1d,15,25,trend,2893.79,12.73,0.598,-66.58,113,38.05,59.74,278.48,11.54,0.668,-30.45,43,39.53,67.16,11047.49,12.33,0.608,-66.58,156,868495.2,25.06,0.82,0.927,1283.25,0
MSFT,1d,15,30,trend,1736.06,10.81,0.53,-72.29,104,38.46,59.94,331.11,12.74,0.728,-26.47,37,43.24,68.04,7687.35,11.34,0.571,-72.29,141,868495.2,25.06,0.82,0.927,1283.25,0
MSFT,1d,15,40,trend,2439.1,12.08,0.57,-80.31,91,35.16,61,358.67,13.31,0.748,-27.61,33,45.45,69.24,11159.48,12.35,0.603,-80.31,124,868495.2,25.06,0.82,0.927,1283.25,0
MSFT,1d,15,50,trend,3162.32,13.07,0.601,-76.66,86,33.72,62.3,410.07,14.3,0.783,-27.66,29,37.93,70.48,15819.29,13.32,0.635,-76.66,115,868495.2,25.06,0.82,0.927,1283.25,0
MSFT,1d,15,60,trend,4940.84,14.82,0.653,-73.88,75,34.67,63.63,323.08,12.56,0.698,-28.62,25,40,71.46,20941.61,14.1,0.657,-73.88,100,868495.2,25.06,0.82,0.927,1283.25,0
MSFT,1d,15,75,trend,4840.16,14.74,0.647,-69.41,65,33.85,64.75,275.24,11.46,0.639,-32.49,24,33.33,70.55,18972.31,13.82,0.642,-69.41,89,868495.2,25.06,0.82,0.927,1283.25,0
MSFT,1d,15,100,trend,6695.52,16.04,0.685,-61.39,52,38.46,66.75,342.6,12.98,0.687,-30.51,21,38.1,71.92,27681.13,14.88,0.671,-61.39,73,868495.2,25.06,0.82,0.927,1283.25,0
MSFT,1d,15,125,trend,9862.74,17.61,0.728,-61.88,45,35.56,68.19,434.63,14.74,0.752,-28.04,20,35,73.97,50792,16.61,0.723,-61.88,65,868495.2,25.06,0.82,0.927,1283.25,0
MSFT,1d,15,150,trend,3837.11,13.83,0.646,-58.73,38,28.95,65.38,464.22,15.25,0.767,-34.73,14,50,75.96,20849.14,14.09,0.669,-58.73,51,868495.2,25.06,0.82,0.927,1283.25,0
MSFT,1d,15,200,trend,4691.27,14.62,0.662,-65.15,34,26.47,67.04,681.75,18.38,0.866,-37.04,11,54.55,77.5,33943.99,15.46,0.704,-65.15,46,868495.2,25.06,0.82,0.927,1283.25,0
MSFT,1d,15,250,trend,6525.87,15.94,0.705,-64.4,32,25,67.77,764.7,19.36,0.905,-34.77,6,66.67,77.4,52627.41,16.71,0.744,-64.4,39,868495.2,25.06,0.82,0.927,1283.25,0
MSFT,1d,15,300,trend,6520.69,15.93,0.715,-64.65,29,20.69,66.21,689.32,18.47,0.858,-34.97,6,50,78.18,53826.71,16.78,0.75,-64.65,35,868495.2,25.06,0.82,0.927,1283.25,0
MSFT,1d,20,2,dip,1069.72,9.06,0.471,-57.02,320,76.56,39.76,348.18,13.1,0.732,-26.88,156,76.92,34.08,5196.32,10.28,0.533,-57.02,477,868495.2,25.06,0.82,0.927,1283.25,0
MSFT,1d,20,3,dip,1800.96,10.94,0.542,-56.07,272,78.31,39.63,259.36,11.06,0.639,-23.95,128,78.13,33.46,6840.09,11.02,0.565,-56.07,401,868495.2,25.06,0.82,0.927,1283.25,0
MSFT,1d,20,4,dip,1082.64,9.1,0.476,-56.07,229,77.29,39.37,229.58,10.28,0.607,-21.63,108,78.7,32.97,3859.8,9.5,0.507,-56.07,338,868495.2,25.06,0.82,0.927,1283.25,0
MSFT,1d,20,5,dip,952.63,8.65,0.459,-55.16,207,76.81,39.6,257.69,11.02,0.644,-29.04,98,79.59,32.78,3745.64,9.42,0.504,-55.16,306,868495.2,25.06,0.82,0.927,1283.25,0
MSFT,1d,20,7,dip,877.32,8.37,0.45,-53.25,171,75.44,39.41,231.44,10.33,0.606,-31.18,78,80.77,32.94,3200.77,9.01,0.489,-53.25,250,868495.2,25.06,0.82,0.927,1283.25,0
MSFT,1d,20,9,dip,1085.74,9.11,0.477,-55.27,153,75.16,39.55,212.24,9.79,0.578,-32.63,66,80.3,32.78,3602.39,9.31,0.5,-55.27,219,868495.2,25.06,0.82,0.927,1283.25,0
MSFT,1d,20,12,dip,1356.34,9.9,0.507,-50.72,137,78.1,39.85,226.07,10.18,0.595,-31.1,57,82.46,32.75,4648.7,9.99,0.526,-50.72,194,868495.2,25.06,0.82,0.927,1283.25,0
MSFT,1d,20,15,dip,1874.02,11.09,0.549,-48.19,134,75.37,39.84,218.34,9.97,0.582,-30.97,46,86.96,31.87,6184.1,10.75,0.555,-48.19,180,868495.2,25.06,0.82,0.927,1283.25,0
MSFT,1d,20,25,trend,2244.7,11.77,0.564,-73.36,99,40.4,59.77,330.28,12.72,0.726,-25.51,36,44.44,68,9825.42,12.01,0.596,-73.36,135,868495.2,25.06,0.82,0.927,1283.25,0
MSFT,1d,20,30,trend,3171.73,13.09,0.607,-79.38,92,34.78,60.24,346.86,13.07,0.739,-29.16,32,46.88,68.62,13998.02,12.98,0.63,-79.38,124,868495.2,25.06,0.82,0.927,1283.25,0
MSFT,1d,20,40,trend,2973.25,12.84,0.593,-74.49,85,37.65,61.68,404.25,14.19,0.786,-29.9,27,33.33,69.83,14913.21,13.15,0.629,-74.49,112,868495.2,25.06,0.82,0.927,1283.25,0
MSFT,1d,20,50,trend,4340.23,14.31,0.638,-71.8,75,36,62.82,375.17,13.64,0.746,-28.55,25,40,70.78,20273.87,14.01,0.655,-71.8,100,868495.2,25.06,0.82,0.927,1283.25,0
MSFT,1d,20,60,trend,4783.06,14.69,0.647,-67.36,64,32.81,63.75,258.84,11.05,0.623,-33.41,25,32,71.72,17931.97,13.67,0.638,-67.36,88,868495.2,25.06,0.82,0.927,1283.25,0
MSFT,1d,20,75,trend,4219.21,14.2,0.629,-65.72,54,35.19,64.86,309.39,12.26,0.661,-29.76,22,36.36,70.55,16954.85,13.51,0.628,-65.72,76,868495.2,25.06,0.82,0.927,1283.25,0
MSFT,1d,20,100,trend,10250.37,17.77,0.735,-58.13,44,38.64,67.04,447.72,14.97,0.77,-29.34,15,46.67,72.08,52263.72,16.69,0.728,-58.13,59,868495.2,25.06,0.82,0.927,1283.25,0
MSFT,1d,20,125,trend,9407.72,17.42,0.718,-63.82,40,35,68.45,451.74,15.04,0.763,-32.58,14,50,74.66,47950.8,16.45,0.714,-63.82,54,868495.2,25.06,0.82,0.927,1283.25,0
MSFT,1d,20,150,trend,4230.21,14.21,0.656,-62.68,34,29.41,65.47,649.51,17.97,0.861,-32.17,11,63.64,76.74,30856.43,15.19,0.703,-62.68,45,868495.2,25.06,0.82,0.927,1283.25,0
MSFT,1d,20,200,trend,5445.82,15.21,0.681,-65.47,29,27.59,67.1,784.3,19.58,0.917,-37.58,8,50,76.55,41885.68,16.06,0.723,-65.47,39,868495.2,25.06,0.82,0.927,1283.25,0
MSFT,1d,20,250,trend,5044.79,14.91,0.68,-70.7,28,25,65.54,780.14,19.53,0.91,-30.29,6,66.67,77.23,40852.57,15.99,0.726,-70.7,36,868495.2,25.06,0.82,0.927,1283.25,0
MSFT,1d,20,300,trend,7126.38,16.29,0.726,-65.61,23,26.09,66.27,725.7,18.91,0.876,-32.55,6,50,77.92,60857.36,17.13,0.762,-65.61,29,868495.2,25.06,0.82,0.927,1283.25,0
MSFT,1d,25,2,dip,1034.24,8.94,0.47,-54.51,280,76.79,39.42,255.27,10.96,0.634,-25.43,130,79.23,33.11,4019.44,9.6,0.511,-54.51,412,868495.2,25.06,0.82,0.927,1283.25,0
MSFT,1d,25,3,dip,785.62,7.99,0.435,-50.4,232,76.72,39.28,264.08,11.18,0.642,-24.46,108,79.63,32.91,3143.61,8.96,0.486,-50.4,341,868495.2,25.06,0.82,0.927,1283.25,0
MSFT,1d,25,4,dip,782.94,7.98,0.435,-48.31,194,77.32,39.17,281.27,11.61,0.658,-30.85,97,80.41,32.52,3269.25,9.06,0.49,-48.31,293,868495.2,25.06,0.82,0.927,1283.25,0
MSFT,1d,25,5,dip,1249.66,9.61,0.498,-52.12,182,77.47,39.17,288.4,11.78,0.661,-29.83,83,83.13,32.45,5207.67,10.29,0.539,-52.12,266,868495.2,25.06,0.82,0.927,1283.25,0
MSFT,1d,25,7,dip,1231.92,9.56,0.494,-52.28,159,76.1,39.31,288.78,11.78,0.658,-32.51,68,82.35,32.13,5078.16,10.22,0.534,-52.28,227,868495.2,25.06,0.82,0.927,1283.25,0
MSFT,1d,25,9,dip,1510.66,10.3,0.519,-50.72,146,80.14,39.59,247.47,10.76,0.611,-32.29,57,78.95,32.03,5496.55,10.43,0.541,-50.72,203,868495.2,25.06,0.82,0.927,1283.25,0
MSFT,1d,25,12,dip,1966.12,11.27,0.557,-50.29,133,78.2,39.52,214.71,9.86,0.578,-30.64,45,86.67,31.47,6402.36,10.84,0.56,-50.29,178,868495.2,25.06,0.82,0.927,1283.25,0
MSFT,1d,25,15,dip,1556.96,10.41,0.527,-49.68,113,79.65,39.28,248.62,10.79,0.623,-29.92,43,86.05,30.98,5676.49,10.52,0.548,-49.68,156,868495.2,25.06,0.82,0.927,1283.25,0
MSFT,1d,25,20,dip,2077.55,11.47,0.567,-51.79,99,79.8,39.21,215.5,9.89,0.584,-29.92,36,86.11,30.1,6633.91,10.94,0.566,-51.79,135,868495.2,25.06,0.82,0.927,1283.25,0
MSFT,1d,25,30,trend,2888.52,12.73,0.59,-75.18,84,38.1,60.75,364.11,13.42,0.752,-28.12,32,34.38,69.31,13243.78,12.83,0.619,-75.18,116,868495.2,25.06,0.82,0.927,1283.25,0
MSFT,1d,25,40,trend,4030.18,14.02,0.63,-68.74,76,36.84,62.35,366.86,13.48,0.743,-27.95,27,37.04,70.16,18459.02,13.75,0.648,-68.74,103,868495.2,25.06,0.82,0.927,1283.25,0
MSFT,1d,25,50,trend,4326.62,14.3,0.634,-70.2,62,35.48,63.39,297.43,11.99,0.672,-33.22,23,34.78,69.28,17889.19,13.66,0.639,-70.2,85,868495.2,25.06,0.82,0.927,1283.25,0
MSFT,1d,25,60,trend,3503.62,13.47,0.607,-70.06,61,36.07,63.99,334.63,12.81,0.683,-30.53,21,42.86,71.69,14524.97,13.08,0.614,-70.06,82,868495.2,25.06,0.82,0.927,1283.25,0
MSFT,1d,25,75,trend,3750.91,13.74,0.614,-67.35,52,36.54,65.33,287.04,11.74,0.636,-33.05,18,44.44,70.91,14275.6,13.03,0.61,-67.35,70,868495.2,25.06,0.82,0.927,1283.25,0
MSFT,1d,25,100,trend,7783.45,16.65,0.697,-65.8,41,31.71,67.57,457.76,15.14,0.774,-28.25,14,50,72.21,41129.82,16.01,0.703,-65.8,55,868495.2,25.06,0.82,0.927,1283.25,0
MSFT,1d,25,125,trend,11446.98,18.23,0.742,-65.3,38,31.58,68.72,535.14,16.38,0.811,-29.37,12,58.33,75.11,67078.59,17.41,0.743,-65.3,50,868495.2,25.06,0.82,0.927,1283.25,0
MSFT,1d,25,150,trend,4263.82,14.24,0.653,-62.71,33,33.33,65.89,729.87,18.96,0.893,-33.02,9,66.67,77.04,33909.33,15.46,0.708,-62.71,42,868495.2,25.06,0.82,0.927,1283.25,0
MSFT,1d,25,200,trend,5395.7,15.17,0.679,-67.32,26,30.77,67.46,873.2,20.52,0.954,-28.04,7,57.14,76.35,45417.31,16.29,0.73,-67.32,35,868495.2,25.06,0.82,0.927,1283.25,1
MSFT,1d,25,250,trend,5306.56,15.11,0.686,-71.17,24,25,65.67,824.22,20.01,0.927,-28.04,6,66.67,77.1,46654.35,16.37,0.739,-71.17,30,868495.2,25.06,0.82,0.927,1283.25,1
MSFT,1d,25,300,trend,8685.15,17.09,0.753,-63.33,21,28.57,66.35,647.73,17.95,0.839,-34.36,5,60,77.92,67459.56,17.43,0.771,-63.33,26,868495.2,25.06,0.82,0.927,1283.25,0
MSFT,1d,30,2,dip,970.31,8.72,0.462,-52.66,259,77.99,39.13,289.78,11.81,0.676,-25.92,119,80.67,32,4107.33,9.66,0.514,-52.66,379,868495.2,25.06,0.82,0.927,1283.25,0
MSFT,1d,30,3,dip,1128.79,9.25,0.482,-50.46,214,76.64,39.3,341.18,12.95,0.714,-31.23,99,82.83,32.19,5367.27,10.37,0.54,-50.46,314,868495.2,25.06,0.82,0.927,1283.25,0
MSFT,1d,30,4,dip,1861.02,11.06,0.551,-51.74,187,77.54,38.95,318.34,12.46,0.687,-32.47,86,82.56,32.06,8103.65,11.48,0.584,-51.74,273,868495.2,25.06,0.82,0.927,1283.25,0
MSFT,1d,30,5,dip,1726.49,10.79,0.541,-52.58,170,76.47,39.02,259.41,11.07,0.627,-31.8,70,82.86,31.83,6464.68,10.87,0.561,-52.58,240,868495.2,25.06,0.82,0.927,1283.25,0
MSFT,1d,30,7,dip,2301.14,11.86,0.578,-47.75,152,80.92,39.41,245.4,10.7,0.61,-32.94,57,80.7,31.44,8193.57,11.51,0.584,-47.75,209,868495.2,25.06,0.82,0.927,1283.25,0
MSFT,1d,30,9,dip,2306.99,11.87,0.58,-49.89,129,80.62,39.21,239.04,10.54,0.607,-31.19,47,87.23,31.15,8060.71,11.47,0.584,-49.89,176,868495.2,25.06,0.82,0.927,1283.25,0
MSFT,1d,30,12,dip,2020.13,11.37,0.562,-49.83,116,81.03,38.99,219.45,10,0.587,-29.92,42,83.33,30.63,6672.72,10.95,0.565,-49.83,158,868495.2,25.06,0.82,0.927,1283.25,0
MSFT,1d,30,15,dip,2664.17,12.42,0.602,-50.25,104,81.73,39.04,208.27,9.68,0.573,-29.92,37,83.78,30.1,8421.2,11.58,0.591,-50.25,141,868495.2,25.06,0.82,0.927,1283.25,0
MSFT,1d,30,20,dip,1526.13,10.33,0.528,-49.44,92,78.26,38.72,205.25,9.59,0.569,-29.92,32,90.63,29.48,4863.8,10.11,0.536,-49.44,124,868495.2,25.06,0.82,0.927,1283.25,0
MSFT,1d,30,25,dip,1712.54,10.76,0.549,-46.43,84,78.57,38.2,197.15,9.35,0.558,-29.92,32,84.38,28.77,5239.53,10.31,0.549,-46.43,116,868495.2,25.06,0.82,0.927,1283.25,0
MSFT,1d,30,40,trend,3885.62,13.88,0.621,-66.95,67,34.33,62.87,313.8,12.36,0.69,-33.29,22,36.36,68.92,17102.74,13.53,0.635,-66.95,89,868495.2,25.06,0.82,0.927,1283.25,0
MSFT,1d,30,50,trend,4717.86,14.64,0.645,-63.96,56,39.29,63.46,358.62,13.31,0.71,-30.49,19,42.11,69.73,22987.06,14.36,0.66,-63.96,75,868495.2,25.06,0.82,0.927,1283.25,0
MSFT,1d,30,60,trend,4293.25,14.27,0.631,-67.19,56,37.5,64.45,332.23,12.76,0.682,-31.48,19,42.11,70.09,18215.38,13.71,0.634,-67.19,75,868495.2,25.06,0.82,0.927,1283.25,0
MSFT,1d,30,75,trend,4795.83,14.7,0.641,-62.66,47,29.79,66.19,408.19,14.27,0.743,-28.04,15,53.33,71.3,22881.02,14.35,0.652,-62.66,62,868495.2,25.06,0.82,0.927,1283.25,0
MSFT,1d,30,100,trend,7431.75,16.46,0.691,-69.36,36,30.56,67.79,505,15.91,0.802,-29.44,13,53.85,72.73,41536.39,16.04,0.703,-69.36,49,868495.2,25.06,0.82,0.927,1283.25,0
MSFT,1d,30,125,trend,15566.36,19.51,0.775,-60.06,34,29.41,69.21,690.42,18.48,0.881,-28.04,10,60,75.73,116234.81,19.01,0.789,-60.06,44,868495.2,25.06,0.82,0.927,1283.25,0
MSFT,1d,30,150,trend,4106.46,14.09,0.648,-62.71,30,36.67,66.3,672.37,18.26,0.866,-32.64,9,66.67,77.36,30599.23,15.17,0.697,-62.71,38,868495.2,25.06,0.82,0.927,1283.25,0
MSFT,1d,30,200,trend,5310.92,15.11,0.676,-69.58,26,30.77,67.71,835.64,20.14,0.94,-28.04,5,80,76.16,43414.98,16.16,0.725,-69.58,32,868495.2,25.06,0.82,0.927,1283.25,1
MSFT,1d,30,250,trend,5921.85,15.55,0.701,-69.97,20,30,65.93,841.76,20.2,0.927,-28.04,4,75,77.1,52200.19,16.69,0.748,-69.97,24,868495.2,25.06,0.82,0.927,1283.25,1
MSFT,1d,30,300,trend,7273.65,16.37,0.725,-67.13,20,30,66.37,650.72,17.98,0.84,-31.99,5,60,77.82,59278.64,17.06,0.756,-67.13,24,868495.2,25.06,0.82,0.927,1283.25,0
MSFT,1d,40,2,dip,1328.72,9.83,0.505,-52.5,226,78.76,38.6,276.9,11.5,0.651,-31.01,94,79.79,30.69,5284.9,10.33,0.54,-52.5,320,868495.2,25.06,0.82,0.927,1283.25,0
MSFT,1d,40,3,dip,1444.23,10.13,0.517,-51.78,184,79.35,38.71,315.8,12.4,0.696,-32.73,77,84.42,30.33,6320.89,10.81,0.56,-51.78,261,868495.2,25.06,0.82,0.927,1283.25,0
MSFT,1d,40,4,dip,1875.87,11.09,0.552,-51.06,165,78.18,38.83,265.84,11.23,0.636,-29.92,66,84.85,30.2,7128.6,11.13,0.571,-51.06,231,868495.2,25.06,0.82,0.927,1283.25,0
MSFT,1d,40,5,dip,3186.52,13.1,0.623,-48.09,152,80.92,38.76,209.07,9.7,0.57,-30.48,55,85.45,30.04,10090.87,12.08,0.607,-48.09,207,868495.2,25.06,0.82,0.927,1283.25,0
MSFT,1d,40,7,dip,3021.69,12.9,0.618,-52.81,127,81.89,38.88,170.95,8.52,0.516,-29.92,45,88.89,29.65,8358.26,11.56,0.589,-52.81,172,868495.2,25.06,0.82,0.927,1283.25,0
MSFT,1d,40,9,dip,2562.26,12.27,0.596,-53.17,118,81.36,38.53,167.78,8.42,0.513,-29.92,38,84.21,29.55,7028.98,11.09,0.572,-53.17,156,868495.2,25.06,0.82,0.927,1283.25,0
MSFT,1d,40,12,dip,1724,10.78,0.544,-55.44,105,80,38.36,224.62,10.14,0.598,-29.92,34,85.29,29.13,5821.11,10.59,0.555,-55.44,139,868495.2,25.06,0.82,0.927,1283.25,0
MSFT,1d,40,15,dip,2015.49,11.36,0.57,-47.32,91,81.32,37.95,200.31,9.44,0.564,-29.92,33,90.91,28.83,6167.43,10.74,0.564,-47.32,124,868495.2,25.06,0.82,0.927,1283.25,0
MSFT,1d,40,20,dip,1589.45,10.48,0.541,-44.78,85,83.53,37.23,170.87,8.52,0.52,-29.92,27,85.19,28.21,4476.2,9.89,0.533,-44.78,112,868495.2,25.06,0.82,0.927,1283.25,0
MSFT,1d,40,25,dip,1246.73,9.6,0.508,-47.43,76,76.32,36.51,183.25,8.92,0.552,-29.78,27,81.48,27.76,3865.78,9.5,0.521,-47.43,103,868495.2,25.06,0.82,0.927,1283.25,0
MSFT,1d,40,30,dip,1373.75,9.95,0.526,-46.56,67,80.6,35.98,208.41,9.68,0.597,-28.39,22,81.82,27.14,4445.27,9.87,0.541,-46.56,89,868495.2,25.06,0.82,0.927,1283.25,0
MSFT,1d,40,50,trend,5092.68,14.94,0.651,-70.19,52,34.62,64.35,370.82,13.55,0.717,-30.26,18,44.44,69.8,23480.64,14.42,0.658,-70.19,70,868495.2,25.06,0.82,0.927,1283.25,0
MSFT,1d,40,60,trend,3342.53,13.29,0.596,-65.46,50,30,65.71,377.95,13.69,0.708,-30.15,16,50,73.09,17190.17,13.55,0.625,-65.46,65,868495.2,25.06,0.82,0.927,1283.25,0
MSFT,1d,40,75,trend,6171.74,15.71,0.67,-71.04,37,32.43,67.05,529.8,16.3,0.823,-28.14,13,53.85,71.66,36937,15.7,0.695,-71.04,50,868495.2,25.06,0.82,0.927,1283.25,0
MSFT,1d,40,100,trend,13029.34,18.76,0.755,-67.48,34,32.35,68.68,617.41,17.55,0.85,-28.04,13,46.15,74.07,88388.88,18.21,0.766,-67.48,47,868495.2,25.06,0.82,0.927,1283.25,0
MSFT,1d,40,125,trend,9399.45,17.42,0.709,-63.95,31,35.48,69.88,795.67,19.71,0.925,-28.04,7,85.71,76.45,80115.24,17.93,0.75,-63.95,38,868495.2,25.06,0.82,0.927,1283.25,0
MSFT,1d,40,150,trend,4333.84,14.3,0.651,-67.23,25,32,66.93,810.66,19.87,0.92,-30.65,8,62.5,78.21,37080.37,15.71,0.712,-67.23,33,868495.2,25.06,0.82,0.927,1283.25,0
MSFT,1d,40,200,trend,5224.14,15.04,0.683,-72.74,19,31.58,65.96,829.44,20.07,0.923,-28.04,5,80,79.03,45329.65,16.29,0.736,-72.74,24,868495.2,25.06,0.82,0.927,1283.25,0
MSFT,1d,40,250,trend,6079.93,15.65,0.702,-67.97,17,35.29,65.74,774.7,19.47,0.899,-28.04,4,75,77.2,49791.44,16.55,0.741,-67.97,21,868495.2,25.06,0.82,0.927,1283.25,0
MSFT,1d,40,300,trend,6645.28,16.01,0.714,-68.15,17,35.29,65.98,702.95,18.64,0.863,-28.2,4,75,77.69,57997.81,16.99,0.754,-68.15,20,868495.2,25.06,0.82,0.927,1283.25,0
MSFT,1d,50,2,dip,1611.24,10.53,0.533,-51.02,205,79.02,38.02,270.16,11.33,0.649,-34.04,83,84.34,29,6234.28,10.77,0.56,-51.02,288,868495.2,25.06,0.82,0.927,1283.25,0
MSFT,1d,50,3,dip,1840.37,11.02,0.551,-49.5,171,80.12,38.04,242.81,10.64,0.616,-33.04,66,83.33,29.03,6551.87,10.91,0.565,-49.5,237,868495.2,25.06,0.82,0.927,1283.25,0
MSFT,1d,50,4,dip,1907.41,11.16,0.554,-52.65,145,82.76,38.18,169.06,8.46,0.514,-34.44,53,83.02,28.9,5307.33,10.34,0.542,-52.65,198,868495.2,25.06,0.82,0.927,1283.25,0
MSFT,1d,50,5,dip,2217.42,11.72,0.575,-50.72,133,81.95,38.05,196.25,9.32,0.554,-29.92,48,85.42,28.77,6765.43,10.99,0.567,-50.72,181,868495.2,25.06,0.82,0.927,1283.25,0
MSFT,1d,50,7,dip,1938.22,11.21,0.56,-52.35,119,82.35,37.81,195.21,9.29,0.559,-29.92,39,87.18,28.28,5917.09,10.63,0.557,-52.35,158,868495.2,25.06,0.82,0.927,1283.25,0
MSFT,1d,50,9,dip,1342.29,9.87,0.512,-49.77,108,81.48,37.34,232.54,10.36,0.607,-29.92,39,92.31,28.31,4696.2,10.01,0.534,-49.77,147,868495.2,25.06,0.82,0.927,1283.25,0
MSFT,1d,50,12,dip,1774.5,10.89,0.555,-44.41,97,82.47,37.11,153.98,7.95,0.496,-29.92,33,87.88,27.76,4721.09,10.03,0.539,-44.41,130,868495.2,25.06,0.82,0.927,1283.25,0
MSFT,1d,50,15,dip,1542.56,10.37,0.537,-44.41,86,82.56,36.58,167.14,8.4,0.519,-30.1,29,86.21,27.56,4343.41,9.81,0.531,-44.41,115,868495.2,25.06,0.82,0.927,1283.25,0
MSFT,1d,50,20,dip,1154.2,9.33,0.499,-45.22,75,77.33,36.05,180.6,8.83,0.552,-29.78,25,88,27.2,3525.58,9.26,0.514,-45.22,100,868495.2,25.06,0.82,0.927,1283.25,0
MSFT,1d,50,25,dip,1271.69,9.67,0.516,-47.52,62,77.42,35.45,227.17,10.21,0.626,-27.62,23,86.96,26.74,4387.8,9.83,0.541,-47.52,85,868495.2,25.06,0.82,0.927,1283.25,0
MSFT,1d,50,30,dip,1169.41,9.37,0.505,-50.63,56,78.57,35.37,180.98,8.85,0.574,-27.86,19,89.47,26.22,3439.09,9.19,0.517,-50.63,75,868495.2,25.06,0.82,0.927,1283.25,0
MSFT,1d,50,40,dip,1041.51,8.96,0.492,-51.35,52,84.62,34.44,194.55,9.27,0.603,-27.33,18,77.78,25.99,3262.37,9.06,0.516,-51.35,70,868495.2,25.06,0.82,0.927,1283.25,0
MSFT,1d,50,60,trend,5639.67,15.35,0.66,-71.8,40,35,66.98,426.36,14.6,0.745,-30.17,13,53.85,73.22,32796.27,15.36,0.685,-71.8,52,868495.2,25.06,0.82,0.927,1283.25,0
MSFT,1d,50,75,trend,9917.31,17.64,0.725,-70.62,35,31.43,67.96,588.27,17.15,0.844,-28.04,12,58.33,72.54,63054.06,17.23,0.739,-70.62,47,868495.2,25.06,0.82,0.927,1283.25,0
MSFT,1d,50,100,trend,11861.53,18.38,0.74,-62.63,33,33.33,69.63,777.94,19.51,0.92,-28.04,8,75,75.44,99956.67,18.57,0.773,-62.63,41,868495.2,25.06,0.82,0.927,1283.25,0
MSFT,1d,50,125,trend,9934.79,17.64,0.713,-67.81,27,33.33,70.55,884.6,20.64,0.952,-28.04,7,85.71,77.59,95553.23,18.44,0.763,-67.81,34,868495.2,25.06,0.82,0.927,1283.25,1
MSFT,1d,50,150,trend,8347.94,16.93,0.688,-76.18,23,30.43,71.39,794.39,19.69,0.912,-28.04,6,50,78.25,72283.06,17.63,0.733,-76.18,29,868495.2,25.06,0.82,0.927,1283.25,0
MSFT,1d,50,200,trend,5432.24,15.2,0.687,-70.36,19,31.58,66.09,779.06,19.52,0.895,-28.04,5,60,79.19,49535.23,16.54,0.742,-70.36,23,868495.2,25.06,0.82,0.927,1283.25,0
MSFT,1d,50,250,trend,5003.55,14.87,0.675,-71.26,17,35.29,66.02,708.91,18.71,0.869,-28.04,4,75,77.2,40379.32,15.96,0.72,-71.26,21,868495.2,25.06,0.82,0.927,1283.25,0
MSFT,1d,50,300,trend,5946.43,15.56,0.698,-70.01,15,33.33,66.44,792.38,19.67,0.901,-28.04,4,75,77.79,57778.85,16.98,0.753,-70.01,18,868495.2,25.06,0.82,0.927,1283.25,0
MSFT,1d,60,2,dip,2012.98,11.36,0.566,-45.41,196,82.14,36.96,271.75,11.37,0.659,-33.93,69,79.71,27.72,8447.98,11.59,0.596,-45.41,266,868495.2,25.06,0.82,0.927,1283.25,0
MSFT,1d,60,3,dip,2047.79,11.42,0.567,-47.99,160,85,36.81,272.53,11.39,0.66,-34.58,58,82.76,27.53,8265.31,11.53,0.592,-47.99,219,868495.2,25.06,0.82,0.927,1283.25,0
MSFT,1d,60,4,dip,1796.66,10.93,0.549,-48.05,139,83.45,36.78,254.53,10.94,0.641,-29.92,47,89.36,27.3,6900.59,11.05,0.573,-48.05,187,868495.2,25.06,0.82,0.927,1283.25,0
MSFT,1d,60,5,dip,1854.91,11.05,0.558,-46.71,134,83.58,36.57,199.53,9.42,0.568,-29.92,42,85.71,27.23,6052.15,10.69,0.563,-46.71,178,868495.2,25.06,0.82,0.927,1283.25,0
MSFT,1d,60,7,dip,2101.11,11.52,0.576,-44.41,121,85.12,36.23,186.33,9.01,0.549,-29.92,37,86.49,26.88,6470.12,10.87,0.571,-44.41,160,868495.2,25.06,0.82,0.927,1283.25,0
MSFT,1d,60,9,dip,1234.22,9.57,0.505,-44.41,105,80.95,35.99,169.56,8.48,0.522,-29.92,34,88.24,26.61,3714.18,9.39,0.513,-44.41,140,868495.2,25.06,0.82,0.927,1283.25,0
MSFT,1d,60,12,dip,1589.87,10.48,0.542,-44.41,90,82.22,35.72,146.62,7.69,0.487,-30.23,30,83.33,26.42,4329.86,9.8,0.533,-44.41,121,868495.2,25.06,0.82,0.927,1283.25,0
MSFT,1d,60,15,dip,1054.09,9.01,0.489,-46.19,75,78.67,35.23,201.21,9.47,0.58,-28.13,24,87.5,26.32,3567.28,9.29,0.516,-46.19,100,868495.2,25.06,0.82,0.927,1283.25,0
MSFT,1d,60,20,dip,1140.49,9.28,0.502,-46.39,64,79.69,35.09,282.78,11.64,0.699,-27.62,25,88,26.29,4361.06,9.82,0.542,-46.39,88,868495.2,25.06,0.82,0.927,1283.25,0
MSFT,1d,60,25,dip,1586.96,10.48,0.55,-51.35,61,81.97,34.83,206.45,9.62,0.615,-27.86,21,85.71,26.22,5439.98,10.41,0.571,-51.35,82,868495.2,25.06,0.82,0.927,1283.25,0
MSFT,1d,60,30,dip,1242.77,9.59,0.516,-51.35,56,80.36,34.34,220.46,10.03,0.644,-27.33,19,78.95,25.7,4203.04,9.72,0.543,-51.35,75,868495.2,25.06,0.82,0.927,1283.25,0
MSFT,1d,60,40,dip,1626.07,10.56,0.559,-51.35,50,90,32.9,180.35,8.83,0.582,-27.33,16,81.25,24.82,4513.45,9.91,0.555,-51.35,65,868495.2,25.06,0.82,0.927,1283.25,0
MSFT,1d,60,50,dip,947.74,8.64,0.484,-54.55,40,90,31.56,138.63,7.4,0.51,-27.33,12,83.33,24.4,2362.91,8.22,0.485,-54.55,52,868495.2,25.06,0.82,0.927,1283.25,0
MSFT,1d,60,75,trend,13181.53,18.81,0.755,-64.02,32,37.5,68.76,595.61,17.25,0.843,-28.19,10,60,73.19,86883.71,18.16,0.764,-64.02,42,868495.2,25.06,0.82,0.927,1283.25,0
MSFT,1d,60,100,trend,13198.75,18.82,0.751,-66.78,23,39.13,69.96,843.15,20.21,0.942,-28.04,7,85.71,76.35,120876.72,19.13,0.788,-66.78,30,868495.2,25.06,0.82,0.927,1283.25,1
MSFT,1d,60,125,trend,10238.35,17.77,0.713,-71.67,24,29.17,71.18,866.68,20.46,0.942,-28.04,7,71.43,77.89,100140.68,18.58,0.764,-71.67,31,868495.2,25.06,0.82,0.927,1283.25,1
MSFT,1d,60,150,trend,10753.17,17.97,0.716,-76.44,22,31.82,72.12,805.2,19.81,0.915,-28.04,5,60,78.67,90950.85,18.3,0.751,-76.44,27,868495.2,25.06,0.82,0.927,1283.25,0
MSFT,1d,60,200,trend,4112.97,14.1,0.648,-75.89,18,33.33,65.81,687.17,18.44,0.851,-28.04,5,60,79.35,32678.18,15.35,0.699,-75.89,22,868495.2,25.06,0.82,0.927,1283.25,0
MSFT,1d,60,250,trend,5590.11,15.31,0.691,-69.87,17,29.41,65.82,721.34,18.86,0.873,-28.04,4,75,77.3,50613.64,16.6,0.742,-69.87,20,868495.2,25.06,0.82,0.927,1283.25,0
MSFT,1d,60,300,trend,7367.9,16.43,0.727,-64.12,13,46.15,66.65,709.1,18.71,0.864,-28.81,4,75,78.15,65466.05,17.34,0.765,-64.12,16,868495.2,25.06,0.82,0.927,1283.25,0
MSFT,1d,75,2,dip,1537.54,10.36,0.533,-45.41,170,81.18,35.16,366.41,13.47,0.762,-27.97,61,88.52,26.52,7729.71,11.35,0.591,-45.41,232,868495.2,25.06,0.82,0.927,1283.25,0
MSFT,1d,75,3,dip,1190.19,9.44,0.496,-46.67,140,82.14,35.09,252.8,10.9,0.647,-29.78,55,83.64,26.09,4793.21,10.07,0.539,-46.67,196,868495.2,25.06,0.82,0.927,1283.25,0
MSFT,1d,75,4,dip,1283.47,9.71,0.51,-46.44,123,83.74,34.68,240.21,10.57,0.632,-29.92,43,88.37,25.7,4994.13,10.18,0.547,-46.44,167,868495.2,25.06,0.82,0.927,1283.25,0
MSFT,1d,75,5,dip,1422.97,10.08,0.524,-46.05,118,84.75,34.64,256.14,10.98,0.654,-29.92,40,87.5,25.6,5577.43,10.47,0.559,-46.05,159,868495.2,25.06,0.82,0.927,1283.25,0
MSFT,1d,75,7,dip,1059.47,9.02,0.487,-45.08,103,82.52,34.53,213.34,9.82,0.597,-29.78,36,88.89,25.34,3832.24,9.48,0.521,-45.08,140,868495.2,25.06,0.82,0.927,1283.25,0
MSFT,1d,75,9,dip,1058.5,9.02,0.488,-44.43,89,82.02,34.54,199.98,9.43,0.58,-27.36,33,81.82,25.11,4029.45,9.61,0.529,-44.43,122,868495.2,25.06,0.82,0.927,1283.25,0
MSFT,1d,75,12,dip,928.57,8.57,0.473,-46.32,73,79.45,34.27,256.25,10.99,0.668,-27.36,28,85.71,25.11,3909.89,9.53,0.53,-46.32,101,868495.2,25.06,0.82,0.927,1283.25,0
MSFT,1d,75,15,dip,1091.87,9.13,0.496,-50.92,65,78.46,34.11,246.11,10.72,0.659,-28.13,24,83.33,25.47,3999.78,9.59,0.533,-50.92,89,868495.2,25.06,0.82,0.927,1283.25,0
MSFT,1d,75,20,dip,1319.32,9.8,0.523,-51.35,54,83.33,33.98,237.13,10.48,0.673,-27.33,22,86.36,25.24,4684.94,10.01,0.555,-51.35,76,868495.2,25.06,0.82,0.927,1283.25,0
MSFT,1d,75,25,dip,1474.09,10.21,0.54,-51.35,52,82.69,33.48,258.32,11.04,0.701,-27.33,18,88.89,24.89,5540.21,10.45,0.575,-51.35,70,868495.2,25.06,0.82,0.927,1283.25,0
MSFT,1d,75,30,dip,1086.55,9.11,0.501,-51.35,47,85.11,32.6,185.99,9,0.593,-27.33,15,86.67,24.46,3293.4,9.08,0.52,-51.35,62,868495.2,25.06,0.82,0.927,1283.25,0
MSFT,1d,75,40,dip,862.27,8.31,0.471,-54.55,37,89.19,31.56,127.87,6.99,0.49,-27.33,13,84.62,24.07,2092.7,7.91,0.472,-54.55,50,868495.2,25.06,0.82,0.927,1283.25,0
MSFT,1d,75,50,dip,509.3,6.58,0.402,-53.41,35,85.71,30.63,113.7,6.43,0.466,-27.98,12,83.33,23.16,1202.08,6.53,0.414,-53.41,47,868495.2,25.06,0.82,0.927,1283.25,0
MSFT,1d,75,60,dip,353.12,5.47,0.356,-53.41,32,87.5,29.87,106.65,6.14,0.455,-31.78,10,90,22.47,834.35,5.67,0.377,-53.41,42,868495.2,25.06,0.82,0.927,1283.25,0
MSFT,1d,75,100,trend,7108.71,16.28,0.671,-73.42,23,39.13,70.86,919.47,20.98,0.963,-28.04,6,83.33,77.66,72891.06,17.65,0.737,-73.42,29,868495.2,25.06,0.82,0.927,1283.25,1
MSFT,1d,75,125,trend,11020.19,18.07,0.719,-75.27,22,31.82,71.72,797.12,19.72,0.911,-28.04,5,60,78.8,96310.99,18.46,0.757,-75.27,27,868495.2,25.06,0.82,0.927,1283.25,0
MSFT,1d,75,150,trend,11802.11,18.35,0.724,-75.66,20,40,72.34,750.54,19.2,0.885,-28.04,5,60,78.93,104242.66,18.7,0.759,-75.66,25,868495.2,25.06,0.82,0.927,1283.25,0
MSFT,1d,75,200,trend,4620.51,14.56,0.664,-72.37,15,40,65.74,638.41,17.82,0.826,-28.41,5,60,79.35,35670.84,15.6,0.708,-72.37,19,868495.2,25.06,0.82,0.927,1283.25,0
MSFT,1d,75,250,trend,6234.71,15.75,0.706,-64.7,14,42.86,65.88,719.24,18.83,0.87,-28.04,4,75,77.66,54600.39,16.82,0.748,-64.7,17,868495.2,25.06,0.82,0.927,1283.25,0
MSFT,1d,75,300,trend,8728.27,17.11,0.75,-62.19,12,50,66.62,632.78,17.75,0.825,-30.03,4,75,78.54,68951.2,17.49,0.769,-62.19,15,868495.2,25.06,0.82,0.927,1283.25,0
MSFT,1d,100,2,dip,1043.45,8.97,0.482,-49.01,149,83.22,32.85,225.7,10.17,0.622,-27.33,47,87.23,24.46,3647.82,9.35,0.515,-49.01,196,868495.2,25.06,0.82,0.927,1283.25,0
MSFT,1d,100,3,dip,856.55,8.29,0.457,-47.96,122,83.61,32.62,169.38,8.47,0.538,-27.42,40,87.5,24.3,2586,8.45,0.479,-47.96,163,868495.2,25.06,0.82,0.927,1283.25,0
MSFT,1d,100,4,dip,674.36,7.48,0.427,-47.11,106,83.96,32.69,175.45,8.67,0.549,-27.33,36,83.33,24.27,2092.93,7.91,0.458,-47.11,142,868495.2,25.06,0.82,0.927,1283.25,0
MSFT,1d,100,5,dip,766.18,7.91,0.447,-47.4,101,84.16,32.26,219.75,10.01,0.62,-27.45,32,87.5,24.01,2627.2,8.49,0.486,-47.4,132,868495.2,25.06,0.82,0.927,1283.25,0
MSFT,1d,100,7,dip,645.28,7.34,0.426,-48.42,85,85.88,31.73,195.27,9.29,0.591,-27.88,26,84.62,23.97,2100.59,7.92,0.465,-48.42,111,868495.2,25.06,0.82,0.927,1283.25,0
MSFT,1d,100,9,dip,491.23,6.47,0.392,-50.32,72,81.94,31.45,249.78,10.82,0.67,-27.33,25,84,23.87,1968,7.76,0.46,-50.32,97,868495.2,25.06,0.82,0.927,1283.25,0
MSFT,1d,100,12,dip,553.7,6.84,0.407,-51.35,57,85.96,31.45,242.28,10.62,0.681,-27.33,23,86.96,23.78,2137.51,7.97,0.471,-51.35,80,868495.2,25.06,0.82,0.927,1283.25,0
MSFT,1d,100,15,dip,647.19,7.35,0.429,-51.35,51,84.31,31.2,226.01,10.18,0.661,-27.33,21,90.48,23.84,2335.94,8.19,0.482,-51.35,72,868495.2,25.06,0.82,0.927,1283.25,0
MSFT,1d,100,20,dip,395.25,5.8,0.366,-53.41,43,83.72,30.9,165.35,8.34,0.562,-27.33,15,86.67,23.68,1214.14,6.56,0.412,-53.41,58,868495.2,25.06,0.82,0.927,1283.25,0
MSFT,1d,100,25,dip,524.2,6.67,0.405,-53.41,40,87.5,30.36,156.99,8.05,0.548,-27.33,14,85.71,23.52,1504.13,7.08,0.437,-53.41,54,868495.2,25.06,0.82,0.927,1283.25,0
MSFT,1d,100,30,dip,557.27,6.86,0.414,-53.41,35,88.57,30.14,137.21,7.34,0.514,-27.98,13,92.31,22.99,1499.95,7.08,0.439,-53.41,48,868495.2,25.06,0.82,0.927,1283.25,0
MSFT,1d,100,40,dip,292.17,4.94,0.333,-53.41,33,87.88,29.24,99.65,5.84,0.442,-28.42,13,84.62,21.59,682.97,5.21,0.356,-53.41,46,868495.2,25.06,0.82,0.927,1283.25,0
MSFT,1d,100,50,dip,327.74,5.26,0.35,-51.85,32,90.63,28.28,61.83,4.03,0.333,-31.78,8,87.5,20.16,592.22,4.89,0.343,-51.85,40,868495.2,25.06,0.82,0.927,1283.25,0
MSFT,1d,100,60,dip,272.68,4.75,0.327,-51.35,22,86.36,27.93,48.99,3.33,0.291,-31.78,7,85.71,19.15,455.26,4.32,0.316,-51.35,29,868495.2,25.06,0.82,0.927,1283.25,0
MSFT,1d,100,75,dip,568.43,6.93,0.432,-51.34,22,86.36,27,34.01,2.43,0.236,-31.85,6,83.33,17.58,795.74,5.56,0.382,-51.34,28,868495.2,25.06,0.82,0.927,1283.25,0
MSFT,1d,100,125,trend,10028.09,17.68,0.705,-76.27,19,36.84,72.13,772.42,19.45,0.892,-28.04,5,60,79.29,86779.99,18.16,0.743,-76.27,23,868495.2,25.06,0.82,0.927,1283.25,0
MSFT,1d,100,150,trend,11937.91,18.4,0.726,-75.36,17,41.18,72.1,640.85,17.86,0.828,-28.47,5,60,78.96,90420.41,18.28,0.746,-75.36,21,868495.2,25.06,0.82,0.927,1283.25,0
MSFT,1d,100,200,trend,5173.16,15.01,0.68,-66.04,15,40,65.42,610.28,17.45,0.81,-29.17,5,60,79.32,42861.67,16.13,0.725,-66.04,18,868495.2,25.06,0.82,0.927,1283.25,0
MSFT,1d,100,250,trend,6268.18,15.77,0.708,-66.34,13,46.15,65.7,15.85,1.21,0.166,-33.17,3,66.67,23.32,47039.03,16.39,0.734,-66.34,16,868495.2,25.06,0.82,0.927,1283.25,0
MSFT,1d,100,300,trend,7434.48,16.46,0.727,-67.3,10,60,67.25,27.05,1.98,0.23,-28.78,3,66.67,24.01,64866.2,17.32,0.76,-67.3,13,868495.2,25.06,0.82,0.927,1283.25,0
MSFT,1d,125,2,dip,546.3,6.8,0.4,-49.84,121,81.82,31.35,135.53,7.28,0.484,-27.45,41,75.61,22.9,1416.37,6.93,0.418,-49.84,163,868495.2,25.06,0.82,0.927,1283.25,0
MSFT,1d,125,3,dip,573.95,6.96,0.409,-49.84,102,85.29,31.06,158.66,8.11,0.529,-27.45,33,87.88,22.96,1643.25,7.3,0.436,-49.84,135,868495.2,25.06,0.82,0.927,1283.25,0
MSFT,1d,125,4,dip,657.19,7.4,0.427,-48.47,89,85.39,30.89,194.58,9.27,0.596,-27.33,30,86.67,22.99,2119.26,7.94,0.466,-48.47,119,868495.2,25.06,0.82,0.927,1283.25,0
MSFT,1d,125,5,dip,470.69,6.33,0.385,-51.17,75,85.33,30.64,179.87,8.81,0.572,-27.33,25,88,22.73,1497.21,7.07,0.429,-51.17,100,868495.2,25.06,0.82,0.927,1283.25,0
MSFT,1d,125,7,dip,472.64,6.35,0.389,-53.41,60,85,30.21,187.2,9.04,0.581,-27.33,22,86.36,22.6,1617.38,7.26,0.441,-53.41,82,868495.2,25.06,0.82,0.927,1283.25,0
MSFT,1d,125,9,dip,393.23,5.79,0.365,-53.41,53,84.91,30.07,189.05,9.1,0.604,-27.33,22,86.36,22.44,1348.5,6.81,0.422,-53.41,75,868495.2,25.06,0.82,0.927,1283.25,0
MSFT,1d,125,12,dip,367.96,5.59,0.357,-53.41,44,84.09,29.98,185.13,8.98,0.601,-27.33,20,85,22.08,1225.08,6.58,0.412,-53.41,64,868495.2,25.06,0.82,0.927,1283.25,0
MSFT,1d,125,15,dip,413.91,5.94,0.373,-53.41,44,84.09,29.76,170.22,8.5,0.576,-27.33,20,85,21.79,1242.45,6.61,0.416,-53.41,64,868495.2,25.06,0.82,0.927,1283.25,0
MSFT,1d,125,20,dip,418.18,5.97,0.377,-53.41,39,84.62,29.48,163.74,8.28,0.568,-27.98,14,92.86,21.1,1278.08,6.68,0.423,-53.41,53,868495.2,25.06,0.82,0.927,1283.25,0
MSFT,1d,125,25,dip,327.69,5.26,0.346,-53.41,37,86.49,29.21,126.23,6.93,0.497,-27.39,12,91.67,20.61,890.45,5.82,0.383,-53.41,49,868495.2,25.06,0.82,0.927,1283.25,0
MSFT,1d,125,30,dip,228.63,4.28,0.304,-53.51,33,87.88,28.71,86.52,5.25,0.409,-27.39,10,90,19.96,497.65,4.51,0.323,-53.51,43,868495.2,25.06,0.82,0.927,1283.25,0
MSFT,1d,125,40,dip,439.89,6.13,0.391,-51.35,30,90,28.02,61.07,3.99,0.33,-31.78,7,85.71,19.21,766.56,5.47,0.373,-51.35,37,868495.2,25.06,0.82,0.927,1283.25,0
MSFT,1d,125,50,dip,391.54,5.78,0.377,-51.35,26,88.46,27.34,44.47,3.06,0.277,-33.51,7,85.71,18,598.89,4.91,0.347,-51.35,33,868495.2,25.06,0.82,0.927,1283.25,0
MSFT,1d,125,60,dip,378.74,5.68,0.375,-51.34,23,86.96,26.7,45.35,3.12,0.281,-28.68,7,85.71,17.61,569.14,4.8,0.344,-51.34,30,868495.2,25.06,0.82,0.927,1283.25,0
MSFT,1d,125,75,dip,327.82,5.26,0.358,-51.34,21,90.48,26.12,51.53,3.47,0.307,-26.84,5,100,16.57,570.34,4.8,0.348,-51.34,26,868495.2,25.06,0.82,0.927,1283.25,0
MSFT,1d,125,100,dip,355.82,5.49,0.372,-51.34,18,88.89,25.7,61.78,4.03,0.351,-26.84,5,100,16.18,622.73,5,0.362,-51.34,22,868495.2,25.06,0.82,0.927,1283.25,0
MSFT,1d,125,150,trend,4486.61,14.44,0.66,-72.29,15,40,65.53,650.73,17.98,0.834,-28.14,5,60,77.66,38904.81,15.85,0.715,-72.29,18,868495.2,25.06,0.82,0.927,1283.25,0
MSFT,1d,125,200,trend,4692.19,14.62,0.669,-70.24,15,40,65.25,539.37,16.44,0.773,-32.56,5,60,78.7,34607.87,15.52,0.705,-70.24,18,868495.2,25.06,0.82,0.927,1283.25,0
MSFT,1d,125,250,trend,6092.76,15.66,0.702,-67.68,13,38.46,66.56,19.93,1.5,0.189,-30.89,3,66.67,23.68,48900.55,16.5,0.734,-67.68,16,868495.2,25.06,0.82,0.927,1283.25,0
MSFT,1d,125,300,trend,9146.65,17.31,0.75,-66.45,10,50,69.21,43.48,3.01,0.314,-29.15,2,100,24.33,88450.76,18.22,0.784,-66.45,12,868495.2,25.06,0.82,0.927,1283.25,0
MSFT,1d,150,2,dip,762.92,7.9,0.451,-55,117,88.89,29.53,107.77,6.18,0.451,-26.94,39,76.92,19.24,1894.23,7.66,0.458,-55,157,868495.2,25.06,0.82,0.927,1283.25,0
MSFT,1d,150,3,dip,648.54,7.36,0.431,-53.41,96,87.5,29.6,142.42,7.54,0.522,-26.73,31,83.87,19.44,1929.69,7.71,0.461,-53.41,128,868495.2,25.06,0.82,0.927,1283.25,0
MSFT,1d,150,4,dip,418.51,5.97,0.373,-56.18,79,87.34,29.62,125.31,6.89,0.487,-26.73,24,83.33,19.02,1182.81,6.49,0.408,-56.18,104,868495.2,25.06,0.82,0.927,1283.25,0
MSFT,1d,150,5,dip,417.7,5.97,0.374,-53.41,69,86.96,29.46,115.93,6.52,0.469,-27.33,22,77.27,18.92,1121.1,6.36,0.404,-53.41,92,868495.2,25.06,0.82,0.927,1283.25,0
MSFT,1d,150,7,dip,293.07,4.94,0.33,-53.41,55,83.64,29.28,115.02,6.48,0.478,-27.33,19,84.21,18.69,872.77,5.77,0.377,-53.41,75,868495.2,25.06,0.82,0.927,1283.25,0
MSFT,1d,150,9,dip,308.04,5.08,0.336,-54.65,50,84,29.2,111.81,6.35,0.469,-27.33,17,82.35,18.53,887.07,5.81,0.38,-54.65,68,868495.2,25.06,0.82,0.927,1283.25,0
MSFT,1d,150,12,dip,310.32,5.1,0.338,-53.41,43,83.72,28.99,112.99,6.4,0.476,-27.58,15,86.67,18.17,877.63,5.78,0.379,-53.41,58,868495.2,25.06,0.82,0.927,1283.25,0
MSFT,1d,150,15,dip,338.99,5.35,0.351,-53.41,38,89.47,28.81,115.26,6.49,0.482,-27.39,13,92.31,17.78,1010.21,6.12,0.397,-53.41,51,868495.2,25.06,0.82,0.927,1283.25,0
MSFT,1d,150,20,dip,324.78,5.23,0.347,-54.78,34,85.29,28.64,62.69,4.07,0.342,-27.39,10,90,16.96,701.48,5.27,0.36,-54.78,45,868495.2,25.06,0.82,0.927,1283.25,0
MSFT,1d,150,25,dip,302.54,5.03,0.34,-51.88,33,87.88,28.16,47.65,3.25,0.291,-27.39,8,100,16.63,598.37,4.91,0.345,-51.88,42,868495.2,25.06,0.82,0.927,1283.25,0
MSFT,1d,150,30,dip,349.05,5.44,0.36,-51.34,30,90,27.7,59.33,3.9,0.334,-26.84,8,75,16.28,732.94,5.37,0.369,-51.34,38,868495.2,25.06,0.82,0.927,1283.25,0
MSFT,1d,150,40,dip,338.22,5.35,0.358,-51.35,25,88,26.99,41.43,2.88,0.271,-26.84,7,85.71,15.33,607.38,4.94,0.351,-51.35,33,868495.2,25.06,0.82,0.927,1283.25,0
MSFT,1d,150,50,dip,486.59,6.44,0.412,-51.34,22,86.36,26.5,42.56,2.95,0.277,-26.84,5,80,15.2,828.91,5.65,0.389,-51.34,28,868495.2,25.06,0.82,0.927,1283.25,0
MSFT,1d,150,60,dip,357.13,5.5,0.37,-51.34,21,90.48,25.76,37.56,2.65,0.257,-26.84,4,100,14.71,640.23,5.06,0.361,-51.34,26,868495.2,25.06,0.82,0.927,1283.25,0
MSFT,1d,150,75,dip,306.25,5.07,0.351,-51.34,19,89.47,25.52,46.89,3.2,0.3,-26.84,4,100,14.35,529.51,4.64,0.342,-51.34,24,868495.2,25.06,0.82,0.927,1283.25,0
MSFT,1d,150,100,dip,303.11,5.04,0.349,-51.34,16,87.5,25.76,69.1,4.4,0.395,-26.84,4,100,14.09,629.13,5.02,0.363,-51.34,20,868495.2,25.06,0.82,0.927,1283.25,0
MSFT,1d,150,125,dip,265.08,4.67,0.332,-51.35,15,80,25.46,72.4,4.57,0.409,-26.84,4,100,14.12,484.56,4.45,0.334,-51.35,18,868495.2,25.06,0.82,0.927,1283.25,0
MSFT,1d,150,200,trend,5150.05,14.99,0.682,-67.95,15,46.67,65.4,646.87,17.93,0.82,-29.08,5,60,79.22,44317.26,16.22,0.728,-67.95,18,868495.2,25.06,0.82,0.927,1283.25,0
MSFT,1d,150,250,trend,7083.05,16.27,0.719,-67.36,11,45.45,67.85,26.99,1.98,0.229,-28.78,3,66.67,24.49,62159.9,17.19,0.754,-67.36,14,868495.2,25.06,0.82,0.927,1283.25,0
MSFT,1d,150,300,trend,15.83,0.52,0.103,-42.84,7,42.86,29.93,35.11,2.5,0.274,-30.96,2,100,24.4,866.64,5.75,0.415,-42.84,9,868495.2,25.06,0.82,0.927,1283.25,0
MSFT,1d,200,2,dip,352.14,5.46,0.356,-53.5,87,86.21,28.12,64.51,4.17,0.339,-26.94,26,80.77,16.47,699,5.26,0.357,-53.5,114,868495.2,25.06,0.82,0.927,1283.25,0
MSFT,1d,200,3,dip,342.8,5.39,0.352,-53.5,73,84.93,28.22,66.38,4.27,0.344,-25.76,23,73.91,16.24,681.78,5.2,0.354,-53.5,97,868495.2,25.06,0.82,0.927,1283.25,0
MSFT,1d,200,4,dip,383.39,5.71,0.367,-53.41,63,85.71,28.01,75.24,4.71,0.379,-25.76,21,85.71,16.21,799.05,5.56,0.372,-53.41,84,868495.2,25.06,0.82,0.927,1283.25,0
MSFT,1d,200,5,dip,326.23,5.24,0.346,-53.41,56,82.14,28.12,76.39,4.77,0.383,-25.76,18,83.33,16.01,724.81,5.34,0.362,-53.41,74,868495.2,25.06,0.82,0.927,1283.25,0
MSFT,1d,200,7,dip,451,6.2,0.388,-53.41,53,84.91,28,81.29,5,0.397,-26.02,16,87.5,15.88,1031.88,6.17,0.401,-53.41,70,868495.2,25.06,0.82,0.927,1283.25,0
MSFT,1d,200,9,dip,313.72,5.13,0.344,-53.41,50,84,27.7,94.44,5.61,0.432,-26.42,14,100,15.66,803.63,5.58,0.376,-53.41,64,868495.2,25.06,0.82,0.927,1283.25,0
MSFT,1d,200,12,dip,276.73,4.79,0.33,-51.42,40,90,27.35,97.35,5.74,0.458,-26.42,13,100,15,703.41,5.27,0.365,-51.42,54,868495.2,25.06,0.82,0.927,1283.25,0
MSFT,1d,200,15,dip,269.96,4.72,0.328,-51.34,34,91.18,26.98,68.55,4.38,0.374,-26.42,11,90.91,14.64,601.47,4.92,0.349,-51.34,46,868495.2,25.06,0.82,0.927,1283.25,0
MSFT,1d,200,20,dip,237.25,4.38,0.312,-51.34,29,89.66,26.85,53.77,3.59,0.322,-26.42,8,100,14.45,501.52,4.52,0.33,-51.34,39,868495.2,25.06,0.82,0.927,1283.25,0
MSFT,1d,200,25,dip,261.19,4.63,0.325,-51.34,26,88.46,26.44,38.83,2.73,0.261,-26.42,7,71.43,14.58,489.57,4.47,0.328,-51.34,35,868495.2,25.06,0.82,0.927,1283.25,0
MSFT,1d,200,30,dip,296.47,4.98,0.342,-51.34,26,88.46,26.16,49.53,3.36,0.305,-26.84,5,80,14.74,568.92,4.8,0.345,-51.34,32,868495.2,25.06,0.82,0.927,1283.25,0
MSFT,1d,200,40,dip,230.39,4.3,0.312,-51.34,19,84.21,25.37,37.35,2.64,0.256,-26.84,4,100,14.42,426,4.18,0.315,-51.34,24,868495.2,25.06,0.82,0.927,1283.25,0
MSFT,1d,200,50,dip,205.61,4.02,0.299,-51.34,19,84.21,25.17,39.21,2.75,0.269,-26.84,4,75,14.16,363.29,3.85,0.299,-51.34,23,868495.2,25.06,0.82,0.927,1283.25,0
MSFT,1d,200,60,dip,301.8,5.03,0.349,-51.34,18,88.89,25.41,58.72,3.86,0.353,-26.84,4,100,13.93,602.42,4.92,0.358,-51.34,22,868495.2,25.06,0.82,0.927,1283.25,0
MSFT,1d,200,75,dip,253.04,4.55,0.326,-51.34,15,86.67,25.35,71.84,4.54,0.406,-26.84,4,100,13.8,533.66,4.66,0.344,-51.34,19,868495.2,25.06,0.82,0.927,1283.25,0
MSFT,1d,200,100,dip,230.2,4.3,0.313,-51.34,15,80,25.49,80.69,4.97,0.441,-26.84,4,100,13.54,451.86,4.3,0.326,-51.34,18,868495.2,25.06,0.82,0.927,1283.25,0
MSFT,1d,200,125,dip,242.86,4.44,0.319,-51.34,15,80,25.49,102.43,5.96,0.521,-26.84,4,100,13.08,544.61,4.7,0.347,-51.34,18,868495.2,25.06,0.82,0.927,1283.25,0
MSFT,1d,200,150,dip,258.4,4.6,0.327,-49.4,15,86.67,25.21,73.3,4.61,0.432,-26.84,4,100,12.56,476.84,4.42,0.333,-49.4,18,868495.2,25.06,0.82,0.927,1283.25,0
MSFT,1d,200,250,trend,7.43,0.25,0.081,-48.38,8,25,30.35,24.4,1.81,0.214,-33.91,2,100,24.27,726.99,5.35,0.392,-48.38,10,868495.2,25.06,0.82,0.927,1283.25,0
MSFT,1d,200,300,trend,17.31,0.56,0.107,-45.84,5,20,29.91,30.48,2.21,0.248,-33.91,2,100,24.69,829.72,5.65,0.408,-45.84,7,868495.2,25.06,0.82,0.927,1283.25,0
MSFT,1d,250,2,dip,319.48,5.19,0.346,-53.41,85,85.88,26.58,90.03,5.41,0.437,-20.3,20,85,14.25,735.76,5.38,0.368,-53.41,109,868495.2,25.06,0.82,0.927,1283.25,0
MSFT,1d,250,3,dip,291.05,4.93,0.334,-53.41,68,88.24,26.51,89.99,5.41,0.439,-21.49,17,88.24,14.29,670.84,5.17,0.358,-53.41,89,868495.2,25.06,0.82,0.927,1283.25,0
MSFT,1d,250,4,dip,271.44,4.74,0.326,-53.41,58,87.93,26.47,44.51,3.07,0.282,-25.67,13,76.92,14.09,476.44,4.41,0.321,-53.41,76,868495.2,25.06,0.82,0.927,1283.25,0
MSFT,1d,250,5,dip,232.3,4.33,0.308,-53.41,52,88.46,26.37,56.76,3.76,0.33,-25.67,12,91.67,13.96,450.96,4.3,0.316,-53.41,68,868495.2,25.06,0.82,0.927,1283.25,0
MSFT,1d,250,7,dip,113.26,2.71,0.233,-51.27,42,83.33,26.19,51.18,3.45,0.311,-26.42,10,100,13.86,261.58,3.22,0.263,-51.27,54,868495.2,25.06,0.82,0.927,1283.25,0
MSFT,1d,250,9,dip,164.66,3.49,0.27,-49.49,40,90,26.14,45.74,3.14,0.291,-26.42,8,87.5,13.63,334.95,3.69,0.287,-49.49,50,868495.2,25.06,0.82,0.927,1283.25,0
MSFT,1d,250,12,dip,196.3,3.9,0.291,-51.34,33,87.88,26.25,68.75,4.39,0.378,-26.42,7,100,13.63,459.73,4.34,0.321,-51.34,42,868495.2,25.06,0.82,0.927,1283.25,0
MSFT,1d,250,15,dip,221.44,4.2,0.305,-51.34,32,87.5,26.11,57.64,3.8,0.338,-26.42,6,100,13.6,447.42,4.28,0.318,-51.34,39,868495.2,25.06,0.82,0.927,1283.25,0
MSFT,1d,250,20,dip,217.39,4.16,0.304,-51.34,28,85.71,25.83,58.76,3.87,0.345,-26.42,6,83.33,13.67,439.71,4.24,0.318,-51.34,36,868495.2,25.06,0.82,0.927,1283.25,0
MSFT,1d,250,25,dip,231.79,4.32,0.312,-51.35,24,87.5,25.67,50.51,3.41,0.314,-26.33,6,83.33,13.76,420.58,4.15,0.314,-51.35,30,868495.2,25.06,0.82,0.927,1283.25,0
MSFT,1d,250,30,dip,184.57,3.76,0.285,-51.35,20,85,25.37,44.48,3.07,0.293,-26.84,4,100,13.73,345.64,3.75,0.294,-51.35,24,868495.2,25.06,0.82,0.927,1283.25,0
MSFT,1d,250,40,dip,183.9,3.75,0.286,-51.34,17,88.24,25.49,56.61,3.75,0.346,-26.84,4,100,13.5,378.29,3.93,0.305,-51.34,21,868495.2,25.06,0.82,0.927,1283.25,0
MSFT,1d,250,50,dip,225.76,4.25,0.311,-51.34,17,88.24,25.07,69.07,4.4,0.396,-26.84,4,100,13.41,458.62,4.33,0.327,-51.34,21,868495.2,25.06,0.82,0.927,1283.25,0
MSFT,1d,250,60,dip,199.3,3.94,0.295,-51.34,17,88.24,25.13,63.71,4.13,0.378,-26.84,4,100,13.11,357.27,3.82,0.299,-51.34,20,868495.2,25.06,0.82,0.927,1283.25,0
MSFT,1d,250,75,dip,177.96,3.67,0.282,-51.35,14,78.57,24.99,64.31,4.16,0.383,-26.84,4,100,12.59,338.31,3.71,0.294,-51.35,17,868495.2,25.06,0.82,0.927,1283.25,0
MSFT,1d,250,100,dip,182.51,3.73,0.284,-51.34,13,76.92,24.95,83.95,5.13,0.463,-26.84,3,100,11.84,419.67,4.15,0.317,-51.34,16,868495.2,25.06,0.82,0.927,1283.25,0
MSFT,1d,250,125,dip,192.01,3.85,0.292,-49.4,13,84.62,23.95,72.09,4.55,0.438,-26.84,3,100,11.12,402.51,4.06,0.315,-49.4,16,868495.2,25.06,0.82,0.927,1283.25,0
MSFT,1d,250,150,dip,160.42,3.43,0.272,-49.4,11,81.82,22.54,57.1,3.78,0.381,-23.39,3,100,9.85,309.1,3.54,0.288,-49.4,14,868495.2,25.06,0.82,0.927,1283.25,0
MSFT,1d,250,200,dip,44.67,1.31,0.162,-48.34,8,87.5,19.02,77.1,4.8,0.486,-23.39,2,100,8.58,156.21,2.35,0.222,-48.34,10,868495.2,25.06,0.82,0.927,1283.25,0
MSFT,1d,250,300,trend,53.81,1.53,0.187,-43.02,3,33.33,29.62,743.12,19.11,0.836,-37.15,3,100,83.99,1303.64,6.73,0.463,-43.02,5,868495.2,25.06,0.82,0.927,1283.25,0
MSFT,1d,300,2,dip,205.94,4.02,0.296,-53.41,70,87.14,25.51,73.88,4.64,0.408,-20.3,16,87.5,12.13,546.99,4.71,0.341,-53.41,95,868495.2,25.06,0.82,0.927,1283.25,0
MSFT,1d,300,3,dip,185.19,3.76,0.284,-53.41,58,89.66,25.46,60.89,3.98,0.365,-21.49,13,92.31,12.07,465.11,4.36,0.324,-53.41,78,868495.2,25.06,0.82,0.927,1283.25,0
MSFT,1d,300,4,dip,208.17,4.05,0.298,-51.27,51,90.2,25.56,57.8,3.81,0.352,-21.49,11,100,12.13,501.56,4.52,0.333,-51.27,69,868495.2,25.06,0.82,0.927,1283.25,0
MSFT,1d,300,5,dip,264.19,4.66,0.327,-51.27,48,93.75,25.48,56.23,3.73,0.346,-21.49,9,100,12.04,560.78,4.77,0.346,-51.27,63,868495.2,25.06,0.82,0.927,1283.25,0
MSFT,1d,300,7,dip,212.31,4.1,0.301,-49.49,41,92.68,25.46,51.09,3.44,0.324,-23.39,8,100,12.07,421.78,4.16,0.315,-49.49,52,868495.2,25.06,0.82,0.927,1283.25,0
MSFT,1d,300,9,dip,181.89,3.72,0.283,-49.4,36,91.67,25.27,56.5,3.74,0.348,-23.39,8,87.5,11.97,382.05,3.95,0.304,-49.4,48,868495.2,25.06,0.82,0.927,1283.25,0
MSFT,1d,300,12,dip,144.49,3.2,0.257,-49.4,29,86.21,25.3,60.74,3.97,0.365,-23.39,6,100,12.04,314.15,3.57,0.284,-49.4,36,868495.2,25.06,0.82,0.927,1283.25,0
MSFT,1d,300,15,dip,169.32,3.55,0.275,-51.34,29,86.21,25.13,58.59,3.86,0.358,-23.39,5,100,11.9,348.64,3.77,0.295,-51.34,35,868495.2,25.06,0.82,0.927,1283.25,0
MSFT,1d,300,20,dip,136.28,3.08,0.252,-51.34,23,86.96,25.03,53.36,3.57,0.336,-23.39,5,80,12.13,280.06,3.35,0.273,-51.34,29,868495.2,25.06,0.82,0.927,1283.25,0
MSFT,1d,300,25,dip,98.74,2.45,0.221,-51.35,21,85.71,24.88,69.56,4.43,0.402,-23.39,4,100,12.13,251.08,3.15,0.262,-51.35,26,868495.2,25.06,0.82,0.927,1283.25,0
MSFT,1d,300,30,dip,126.82,2.93,0.245,-51.34,20,90,24.71,68.89,4.39,0.399,-23.39,4,100,12.23,283.07,3.37,0.275,-51.34,24,868495.2,25.06,0.82,0.927,1283.25,0
MSFT,1d,300,40,dip,158.8,3.41,0.269,-51.34,17,88.24,24.92,58.09,3.83,0.358,-26.84,3,100,12.36,309.14,3.54,0.284,-51.34,20,868495.2,25.06,0.82,0.927,1283.25,0
MSFT,1d,300,50,dip,178.27,3.67,0.283,-51.34,15,80,24.39,42.25,2.93,0.29,-26.84,3,100,12.26,295.83,3.45,0.28,-51.34,18,868495.2,25.06,0.82,0.927,1283.25,0
MSFT,1d,300,60,dip,138.46,3.11,0.255,-51.35,13,76.92,24.02,55.09,3.67,0.347,-26.84,3,100,11.94,269.82,3.28,0.271,-51.35,16,868495.2,25.06,0.82,0.927,1283.25,0
MSFT,1d,300,75,dip,110.51,2.66,0.232,-51.35,12,83.33,23.97,74.09,4.65,0.428,-26.84,3,100,11.58,266.48,3.25,0.27,-51.35,15,868495.2,25.06,0.82,0.927,1283.25,0
MSFT,1d,300,100,dip,152.6,3.32,0.266,-49.4,10,80,23.19,57.92,3.82,0.379,-26.84,3,100,10.73,298.9,3.47,0.283,-49.4,13,868495.2,25.06,0.82,0.927,1283.25,0
MSFT,1d,300,125,dip,95.27,2.39,0.219,-49.4,10,80,21,42.36,2.94,0.323,-23.39,2,100,8.84,177.97,2.55,0.234,-49.4,12,868495.2,25.06,0.82,0.927,1283.25,0
MSFT,1d,300,150,dip,45.92,1.34,0.164,-49.4,7,71.43,19.65,63.35,4.11,0.424,-23.39,2,100,8.51,138.36,2.17,0.211,-49.4,9,868495.2,25.06,0.82,0.927,1283.25,0
MSFT,1d,300,200,dip,49.57,1.43,0.168,-45.2,5,80,19.17,72.02,4.55,0.476,-23.39,2,100,7.73,157.29,2.36,0.223,-45.2,7,868495.2,25.06,0.82,0.927,1283.25,0
MSFT,1d,300,250,dip,16.64,0.54,0.12,-45.2,3,66.67,19.1,49.39,3.35,0.41,-23.39,2,100,6,74.25,1.38,0.165,-45.2,5,868495.2,25.06,0.82,0.927,1283.25,0
MSFT,1h,2,3,trend,-19.47,-14.28,-0.724,-29.09,280,32.5,51.19,14.16,25.08,0.965,-13.09,109,35.78,49.52,-8.43,-4.31,-0.098,-34.2,390,22.28,10.6,-0.041,1.434,30.15,0
MSFT,1h,2,4,trend,-20.5,-15.07,-0.776,-29.91,247,34.01,50.78,26.55,48.89,1.599,-11,89,39.33,49.62,0.21,0.11,0.113,-32.37,337,22.28,10.6,-0.041,1.434,30.15,1
MSFT,1h,2,5,trend,-20.93,-15.39,-0.782,-29.52,219,34.7,51.44,21.83,39.63,1.375,-9.38,80,37.5,49.04,-4.04,-2.05,0.013,-31.69,300,22.28,10.6,-0.041,1.434,30.15,0
MSFT,1h,2,7,trend,-22.43,-16.54,-0.83,-26.6,175,34.86,51.44,30.69,57.22,1.873,-6.72,65,40,47.9,0.09,0.04,0.11,-28.23,241,22.28,10.6,-0.041,1.434,30.15,1
MSFT,1h,2,9,trend,-26.59,-19.75,-1.044,-29.26,161,31.06,51.72,29.11,54.03,1.794,-9.22,59,35.59,47.9,-7.15,-3.65,-0.066,-33.33,222,22.28,10.6,-0.041,1.434,30.15,1
MSFT,1h,2,12,trend,-31.5,-23.61,-1.267,-32.51,143,30.07,52.75,19.25,34.67,1.27,-8.77,53,32.08,46.27,-18.43,-9.7,-0.358,-37.94,198,22.28,10.6,-0.041,1.434,30.15,0
MSFT,1h,2,15,trend,-29.95,-22.38,-1.17,-30.6,120,27.5,53.16,24.68,45.2,1.551,-8.19,48,35.42,46.65,-12.77,-6.61,-0.2,-36.37,170,22.28,10.6,-0.041,1.434,30.15,1
MSFT,1h,2,20,trend,-17.77,-13,-0.548,-21.79,93,30.11,53.45,34.86,65.78,1.898,-7.81,39,30.77,47.42,11.29,5.5,0.343,-23.32,133,22.28,10.6,-0.041,1.434,30.15,1
MSFT,1h,2,25,trend,-20.53,-15.09,-0.69,-23.51,81,22.22,52.79,27.04,49.87,1.547,-9.56,42,26.19,48.09,1.07,0.53,0.138,-25.22,124,22.28,10.6,-0.041,1.434,30.15,1
MSFT,1h,2,30,trend,-16.58,-12.1,-0.525,-22.72,70,18.57,52.26,20.51,37.07,1.213,-16.33,36,22.22,48.85,-0.3,-0.15,0.111,-29.57,109,22.28,10.6,-0.041,1.434,30.15,0
MSFT,1h,2,40,trend,-11.06,-8.01,-0.302,-23.21,61,19.67,51.72,15.04,26.72,0.942,-15.91,31,25.81,49.33,1.73,0.86,0.154,-28.85,94,22.28,10.6,-0.041,1.434,30.15,0
MSFT,1h,2,50,trend,-12.63,-9.16,-0.362,-22.04,57,21.05,51.68,10.31,18.03,0.7,-17.11,28,32.14,49.33,-3.81,-1.92,0.036,-31,87,22.28,10.6,-0.041,1.434,30.15,0
MSFT,1h,2,60,trend,-3.7,-2.65,-0.027,-21.5,45,22.22,50.53,14.2,25.17,0.9,-14.44,23,30.43,49.04,8.82,4.33,0.296,-28.55,70,22.28,10.6,-0.041,1.434,30.15,0
MSFT,1h,2,75,trend,-5.33,-3.82,-0.088,-21.71,41,19.51,49.84,13.21,23.33,0.851,-15.03,23,30.43,49.62,5.52,2.73,0.231,-27.47,68,22.28,10.6,-0.041,1.434,30.15,0
MSFT,1h,2,100,trend,6.88,4.85,0.343,-19.05,27,29.63,46.02,25.1,46.01,1.403,-12.37,16,25,54.88,33.58,15.6,0.742,-20.04,44,22.28,10.6,-0.041,1.434,30.15,0
MSFT,1h,2,125,trend,2.26,1.6,0.18,-20.05,31,19.35,45.49,24.3,44.44,1.37,-13.95,18,27.78,56.5,23.01,10.93,0.566,-24.28,53,22.28,10.6,-0.041,1.434,30.15,0
MSFT,1h,2,150,trend,4.14,2.93,0.249,-18.3,29,17.24,44.26,19.09,34.37,1.132,-18.13,13,23.08,58.6,22.07,10.5,0.552,-25.4,42,22.28,10.6,-0.041,1.434,30.15,0
MSFT,1h,2,200,trend,3.84,2.72,0.238,-17.54,20,20,41.71,24.14,44.13,1.368,-14.5,12,25,59.18,32.45,15.11,0.732,-19.64,30,22.28,10.6,-0.041,1.434,30.15,0
MSFT,1h,2,250,trend,5.59,3.95,0.304,-19.22,18,22.22,41.59,28.19,52.17,1.672,-13.48,5,40,45.41,36.28,16.77,0.801,-20.2,25,22.28,10.6,-0.041,1.434,30.15,1
MSFT,1h,2,300,trend,2.43,1.72,0.186,-20.19,14,21.43,37.86,25.21,46.23,1.646,-6.45,4,25,34.42,22.8,10.83,0.576,-26.76,23,22.28,10.6,-0.041,1.434,30.15,1
MSFT,1h,3,2,dip,-16.65,-12.16,-0.587,-25.78,281,59.79,48.65,-0.84,-1.42,0.025,-16.7,110,56.36,49.71,-16.19,-8.46,-0.364,-27.67,391,22.28,10.6,-0.041,1.434,30.15,0
MSFT,1h,3,4,trend,-17.66,-12.92,-0.634,-27.76,203,36.95,51.48,28.51,52.81,1.754,-6.66,75,37.33,49.04,5.4,2.67,0.23,-28.86,279,22.28,10.6,-0.041,1.434,30.15,1
MSFT,1h,3,5,trend,-23.03,-17,-0.88,-27.11,180,34.44,51.48,35.24,66.58,2.086,-7.64,66,42.42,47.9,2.77,1.38,0.171,-29.92,247,22.28,10.6,-0.041,1.434,30.15,1
MSFT,1h,3,7,trend,-26.87,-19.96,-1.053,-30.36,153,33.99,51.97,33.71,63.41,2.001,-9.22,57,40.35,47.99,-3.45,-1.74,0.027,-33.31,211,22.28,10.6,-0.041,1.434,30.15,1
MSFT,1h,3,9,trend,-25.89,-19.21,-0.996,-28.32,136,32.35,51.8,25.32,46.46,1.595,-9.35,52,34.62,48.95,-8.3,-4.25,-0.092,-32.26,189,22.28,10.6,-0.041,1.434,30.15,1
MSFT,1h,3,12,trend,-29.15,-21.75,-1.139,-29.94,111,27.03,53.12,18.45,33.15,1.231,-9.23,48,31.25,46.75,-15.88,-8.29,-0.287,-34.53,161,22.28,10.6,-0.041,1.434,30.15,0
MSFT,1h,3,15,trend,-24.53,-18.15,-0.908,-25.52,97,28.87,53.24,29.11,54.02,1.644,-7.87,41,31.71,47.32,-2.3,-1.16,0.063,-31.2,140,22.28,10.6,-0.041,1.434,30.15,1
MSFT,1h,3,20,trend,-16.59,-12.11,-0.508,-23.59,79,25.32,53.32,33.28,62.52,1.822,-6.56,33,33.33,47.8,11.99,5.83,0.357,-23.59,113,22.28,10.6,-0.041,1.434,30.15,1
MSFT,1h,3,25,trend,-16.36,-11.94,-0.513,-20.72,68,20.59,52.99,29.01,53.82,1.639,-9.62,35,31.43,48.09,7.22,3.55,0.265,-22.95,106,22.28,10.6,-0.041,1.434,30.15,1
MSFT,1h,3,30,trend,-15.58,-11.36,-0.484,-23.72,61,21.31,52.54,19.81,35.73,1.177,-16.71,30,23.33,49.33,1.21,0.6,0.142,-29.13,93,22.28,10.6,-0.041,1.434,30.15,0
MSFT,1h,3,40,trend,-7.18,-5.16,-0.153,-20.24,49,24.49,52.05,17.74,31.8,1.075,-15.08,27,25.93,49.04,9.49,4.65,0.309,-24.64,78,22.28,10.6,-0.041,1.434,30.15,0
MSFT,1h,3,50,trend,-12.06,-8.74,-0.34,-22.37,47,21.28,51.6,10.94,19.19,0.732,-16.44,23,30.43,49.9,-3.07,-1.55,0.052,-31.12,72,22.28,10.6,-0.041,1.434,30.15,0
MSFT,1h,3,60,trend,-6.08,-4.37,-0.115,-22.43,41,24.39,50.49,16.47,29.41,1.014,-14.08,19,31.58,49.52,8.24,4.05,0.285,-27.74,62,22.28,10.6,-0.041,1.434,30.15,0
MSFT,1h,3,75,trend,-3.69,-2.64,-0.028,-21.47,34,23.53,49.67,12.86,22.68,0.83,-14.64,19,26.32,50.38,7.43,3.66,0.269,-26.37,56,22.28,10.6,-0.041,1.434,30.15,0
MSFT,1h,3,100,trend,8.66,6.09,0.406,-19.12,21,33.33,45.9,24.99,45.8,1.399,-12.42,14,28.57,54.78,34.08,15.82,0.752,-21.18,36,22.28,10.6,-0.041,1.434,30.15,0
MSFT,1h,3,125,trend,2.1,1.49,0.174,-19.9,26,26.92,45.45,26.48,48.76,1.466,-13.49,15,33.33,57.27,27.86,13.1,0.65,-22.2,44,22.28,10.6,-0.041,1.434,30.15,1
MSFT,1h,3,150,trend,3.51,2.49,0.226,-17.59,22,22.73,43.89,19.09,34.37,1.131,-18.58,11,27.27,58.89,22.01,10.47,0.552,-24.09,34,22.28,10.6,-0.041,1.434,30.15,0
MSFT,1h,3,200,trend,4.74,3.35,0.272,-17.6,19,21.05,41.63,24.44,44.71,1.382,-14.1,11,45.45,59.18,32.4,15.09,0.733,-20.42,29,22.28,10.6,-0.041,1.434,30.15,0
MSFT,1h,3,250,trend,8.85,6.22,0.423,-17.74,14,28.57,41.51,29.44,54.68,1.733,-12.64,3,66.67,45.32,42.12,19.25,0.896,-17.85,19,22.28,10.6,-0.041,1.434,30.15,1
MSFT,1h,3,300,trend,3.25,2.3,0.218,-20.34,12,16.67,37.86,26.45,48.69,1.712,-6.45,3,33.33,34.61,23.79,11.28,0.595,-26.9,20,22.28,10.6,-0.041,1.434,30.15,1
MSFT,1h,4,2,dip,-12.08,-8.76,-0.389,-24.01,247,61.94,48.65,-8.38,-13.76,-0.658,-18.08,90,55.56,49.62,-18.31,-9.63,-0.433,-30.32,337,22.28,10.6,-0.041,1.434,30.15,0
MSFT,1h,4,3,dip,-10.44,-7.55,-0.328,-20.68,203,60.59,47.83,-7.43,-12.24,-0.541,-22.96,76,63.16,50,-16.67,-8.73,-0.38,-36,279,22.28,10.6,-0.041,1.434,30.15,0
MSFT,1h,4,5,trend,-24.43,-18.07,-0.926,-28.37,154,34.42,51.93,31.06,57.97,1.885,-10.22,60,40,47.42,-2.21,-1.11,0.056,-32.49,215,22.28,10.6,-0.041,1.434,30.15,1
MSFT,1h,4,7,trend,-29.4,-21.95,-1.166,-32.59,138,31.16,51.8,26.47,48.73,1.657,-8.94,53,33.96,48.37,-11.85,-6.12,-0.183,-35.18,192,22.28,10.6,-0.041,1.434,30.15,1
MSFT,1h,4,9,trend,-29.37,-21.92,-1.172,-30.67,118,29.66,52.42,25.69,47.19,1.628,-8.58,47,34.04,48.57,-12.02,-6.21,-0.19,-34.73,166,22.28,10.6,-0.041,1.434,30.15,1
MSFT,1h,4,12,trend,-22.07,-16.26,-0.804,-22.73,92,31.52,53.12,23.63,43.14,1.409,-8.21,37,32.43,47.04,-3.39,-1.71,0.035,-28.36,131,22.28,10.6,-0.041,1.434,30.15,0
MSFT,1h,4,15,trend,-22.38,-16.5,-0.81,-22.56,88,28.41,53.36,29.2,54.21,1.661,-6.95,37,27.03,48.18,-0.22,-0.11,0.108,-28.31,127,22.28,10.6,-0.041,1.434,30.15,1
MSFT,1h,4,20,trend,-15.72,-11.46,-0.483,-20.61,69,24.64,52.87,29.06,53.91,1.645,-7.78,32,31.25,47.99,9.06,4.44,0.301,-25.65,103,22.28,10.6,-0.041,1.434,30.15,1
MSFT,1h,4,25,trend,-13.85,-10.06,-0.411,-20.51,58,20.69,52.71,27.9,51.59,1.595,-10.81,29,24.14,48.28,10.51,5.13,0.33,-22.84,89,22.28,10.6,-0.041,1.434,30.15,1
MSFT,1h,4,30,trend,-10.77,-7.79,-0.286,-21.84,52,21.15,52.26,20.93,37.89,1.23,-16.57,27,29.63,49.52,7.54,3.71,0.271,-27.12,82,22.28,10.6,-0.041,1.434,30.15,0
MSFT,1h,4,40,trend,-10.1,-7.3,-0.264,-20.41,43,27.91,52.17,20.99,38,1.229,-13.21,23,30.43,49.62,8.13,3.99,0.282,-24.19,68,22.28,10.6,-0.041,1.434,30.15,0
MSFT,1h,4,50,trend,-12.16,-8.81,-0.347,-21.5,41,24.39,51.52,18.74,33.69,1.126,-12.39,17,35.29,49.81,3.21,1.59,0.184,-27.17,60,22.28,10.6,-0.041,1.434,30.15,0
MSFT,1h,4,60,trend,-5.44,-3.9,-0.091,-21.42,33,21.21,50.21,19.99,36.08,1.187,-13.54,16,31.25,49.52,12.27,5.97,0.363,-26.49,51,22.28,10.6,-0.041,1.434,30.15,0
MSFT,1h,4,75,trend,-3.55,-2.54,-0.023,-22.62,31,25.81,49.51,13.21,23.33,0.849,-15.33,16,31.25,50.29,8.59,4.22,0.292,-27.58,49,22.28,10.6,-0.041,1.434,30.15,0
MSFT,1h,4,100,trend,5.81,4.1,0.307,-18.49,19,26.32,45.9,29.69,55.2,1.603,-10.25,14,35.71,54.78,35.08,16.25,0.768,-20.59,34,22.28,10.6,-0.041,1.434,30.15,1
MSFT,1h,4,125,trend,3.33,2.36,0.219,-18.78,22,27.27,45.24,26.87,49.54,1.48,-13.64,13,30.77,57.84,28.71,13.47,0.665,-21.9,38,22.28,10.6,-0.041,1.434,30.15,1
MSFT,1h,4,150,trend,1.01,0.72,0.133,-19.33,22,22.73,43.97,18.12,32.51,1.085,-19.14,11,27.27,58.99,18.86,9.04,0.493,-23.97,34,22.28,10.6,-0.041,1.434,30.15,0
MSFT,1h,4,200,trend,5.15,3.64,0.287,-17.49,18,22.22,41.39,26.18,48.16,1.456,-15.08,9,44.44,58.89,33.66,15.64,0.755,-19.87,26,22.28,10.6,-0.041,1.434,30.15,1
MSFT,1h,4,250,trend,10.23,7.18,0.472,-17.44,11,36.36,41.63,28.75,53.29,1.699,-13.1,3,66.67,45.41,45.86,20.81,0.953,-17.55,15,22.28,10.6,-0.041,1.434,30.15,1
MSFT,1h,4,300,trend,5.59,3.95,0.308,-20.58,10,20,37.86,25.47,46.75,1.661,-6.45,2,50,34.61,29.28,13.73,0.694,-25.58,16,22.28,10.6,-0.041,1.434,30.15,1
MSFT,1h,5,2,dip,-8.51,-6.13,-0.25,-21.19,219,63.01,47.87,-2.95,-4.93,-0.152,-19.52,81,59.26,50,-10.75,-5.53,-0.205,-30.89,300,22.28,10.6,-0.041,1.434,30.15,0
MSFT,1h,5,3,dip,-1.51,-1.08,0.035,-22.5,180,62.78,47.83,-11.08,-18.01,-0.845,-23.38,67,61.19,51.15,-11.19,-5.77,-0.209,-37.29,247,22.28,10.6,-0.041,1.434,30.15,0
MSFT,1h,5,4,dip,3.49,2.47,0.224,-22.27,154,62.99,47.37,-7.59,-12.49,-0.517,-20.9,61,67.21,51.63,-3.01,-1.52,0.015,-34.86,215,22.28,10.6,-0.041,1.434,30.15,0
MSFT,1h,5,7,trend,-28.18,-20.99,-1.115,-30.9,122,31.97,51.48,27.12,50.03,1.689,-10.08,49,34.69,49.14,-9.52,-4.89,-0.124,-34.99,172,22.28,10.6,-0.041,1.434,30.15,1
MSFT,1h,5,9,trend,-22.64,-16.7,-0.837,-24.17,100,31,52.75,21.62,39.22,1.409,-9.01,38,36.84,49.43,-6.75,-3.44,-0.054,-28.16,139,22.28,10.6,-0.041,1.434,30.15,0
MSFT,1h,5,12,trend,-24.09,-17.82,-0.898,-24.25,86,30.23,53.16,24.11,44.08,1.433,-8.41,32,34.38,47.42,-6.27,-3.19,-0.032,-29.05,120,22.28,10.6,-0.041,1.434,30.15,0
MSFT,1h,5,15,trend,-27.34,-20.33,-1.084,-28.04,82,29.27,52.95,30.49,56.81,1.733,-7.93,33,27.27,47.23,-5.67,-2.88,-0.02,-32.42,117,22.28,10.6,-0.041,1.434,30.15,1
MSFT,1h,5,20,trend,-14.87,-10.83,-0.452,-19.82,62,19.35,52.63,26.23,48.26,1.515,-9.02,29,34.48,47.9,7.41,3.65,0.269,-24.34,93,22.28,10.6,-0.041,1.434,30.15,1
MSFT,1h,5,25,trend,-10.95,-7.92,-0.29,-20.19,51,21.57,52.95,27.2,50.19,1.566,-10.6,25,32,48.57,14,6.78,0.396,-21.32,77,22.28,10.6,-0.041,1.434,30.15,1
MSFT,1h,5,30,trend,-15.67,-11.43,-0.474,-23.98,50,24,52.91,23.24,42.37,1.34,-16.28,25,36,49.04,3.85,1.91,0.197,-27.62,78,22.28,10.6,-0.041,1.434,30.15,0
MSFT,1h,5,40,trend,-11.98,-8.68,-0.338,-21.15,42,26.19,52.3,24.64,45.11,1.397,-14.07,19,36.84,50.19,10.88,5.31,0.335,-22.35,62,22.28,10.6,-0.041,1.434,30.15,0
MSFT,1h,5,50,trend,-12.51,-9.08,-0.363,-21.44,40,22.5,51.6,19.09,34.36,1.142,-11.4,16,37.5,50.19,3.09,1.54,0.181,-27.28,58,22.28,10.6,-0.041,1.434,30.15,0
MSFT,1h,5,60,trend,-5.04,-3.62,-0.076,-22.91,31,25.81,50.04,20.94,37.91,1.233,-11.71,15,33.33,49.43,13.6,6.6,0.388,-27.23,48,22.28,10.6,-0.041,1.434,30.15,0
MSFT,1h,5,75,trend,-5.32,-3.82,-0.088,-21.87,29,24.14,49.3,13.02,22.98,0.841,-15.21,16,31.25,50.67,7.3,3.59,0.266,-26.17,46,22.28,10.6,-0.041,1.434,30.15,0
MSFT,1h,5,100,trend,6.38,4.5,0.327,-18.49,18,33.33,46.19,28.84,53.47,1.569,-10.38,13,38.46,55.26,34.91,16.18,0.766,-20.59,32,22.28,10.6,-0.041,1.434,30.15,1
MSFT,1h,5,125,trend,4.51,3.19,0.261,-18.34,20,30,45.12,26.03,47.85,1.443,-14.14,12,33.33,58.13,28.26,13.27,0.657,-22.63,35,22.28,10.6,-0.041,1.434,30.15,1
MSFT,1h,5,150,trend,7.74,5.45,0.38,-16.65,17,29.41,43.85,21.13,38.28,1.228,-17.43,10,30,59.75,31.16,14.55,0.713,-22.86,28,22.28,10.6,-0.041,1.434,30.15,0
MSFT,1h,5,200,trend,7.01,4.94,0.354,-17.85,16,18.75,41.39,29.12,54.04,1.584,-15.18,7,57.14,59.27,38.11,17.55,0.827,-18.99,23,22.28,10.6,-0.041,1.434,30.15,1
MSFT,1h,5,250,trend,9.76,6.85,0.455,-17.67,10,40,41.55,27.81,51.41,1.652,-13.74,3,66.67,45.51,41.35,18.93,0.884,-18.85,14,22.28,10.6,-0.041,1.434,30.15,1
MSFT,1h,5,300,trend,6.25,4.41,0.333,-20.62,9,22.22,37.74,25.47,46.75,1.661,-6.45,2,50,34.61,33.04,15.37,0.759,-23.93,13,22.28,10.6,-0.041,1.434,30.15,1
MSFT,1h,7,2,dip,-1.68,-1.2,0.022,-22.58,175,61.71,47.87,-7.88,-12.96,-0.549,-22.75,66,65.15,51.15,-8.15,-4.17,-0.129,-37.13,241,22.28,10.6,-0.041,1.434,30.15,0
MSFT,1h,7,3,dip,7.07,4.98,0.357,-20.97,153,63.4,47.33,-9.09,-14.88,-0.652,-20.83,58,68.97,51.05,-1.29,-0.65,0.061,-34.1,211,22.28,10.6,-0.041,1.434,30.15,0
MSFT,1h,7,4,dip,12.93,9.04,0.564,-22.48,138,66.67,47.5,-3.43,-5.72,-0.168,-20.05,54,66.67,50.67,10.61,5.18,0.357,-33.48,192,22.28,10.6,-0.041,1.434,30.15,0
MSFT,1h,7,5,dip,13.16,9.2,0.572,-21.31,122,67.21,47.83,-3.46,-5.78,-0.17,-20.06,50,66,49.9,10.37,5.07,0.352,-32.1,172,22.28,10.6,-0.041,1.434,30.15,0
MSFT,1h,7,9,trend,-22.49,-16.58,-0.829,-22.99,87,28.74,52.87,26.74,49.27,1.553,-8.41,33,36.36,50.19,-3.4,-1.72,0.035,-27.87,121,22.28,10.6,-0.041,1.434,30.15,1
MSFT,1h,7,12,trend,-27.27,-20.28,-1.086,-27.66,76,27.63,52.63,31.6,59.07,1.777,-8.3,29,34.48,47.71,-4.77,-2.42,0.001,-31.64,107,22.28,10.6,-0.041,1.434,30.15,1
MSFT,1h,7,15,trend,-23.68,-17.5,-0.912,-24.43,63,25.4,52.58,33.88,63.75,1.866,-8.67,27,40.74,47.04,2.12,1.06,0.158,-27.21,92,22.28,10.6,-0.041,1.434,30.15,1
MSFT,1h,7,20,trend,-21.33,-15.7,-0.717,-22.93,52,21.15,53.16,32.99,61.92,1.828,-8.6,23,39.13,48.09,5.84,2.89,0.237,-24.16,76,22.28,10.6,-0.041,1.434,30.15,1
MSFT,1h,7,25,trend,-17.25,-12.61,-0.534,-22.49,48,25,53.2,22.92,41.75,1.336,-15.42,22,31.82,48.09,2.23,1.11,0.164,-25.35,71,22.28,10.6,-0.041,1.434,30.15,0
MSFT,1h,7,30,trend,-17.42,-12.74,-0.548,-25.58,45,26.67,52.91,28.07,51.93,1.559,-15.15,19,36.84,49.04,7.14,3.51,0.263,-27.73,65,22.28,10.6,-0.041,1.434,30.15,1
MSFT,1h,7,40,trend,-14.34,-10.43,-0.429,-23.28,40,25,52.34,22.97,41.84,1.311,-13.26,16,43.75,51.24,6.39,3.15,0.248,-24.51,57,22.28,10.6,-0.041,1.434,30.15,0
MSFT,1h,7,50,trend,-10.25,-7.41,-0.271,-22.03,34,26.47,51.39,15.43,27.44,0.961,-13.88,16,37.5,50.19,4.22,2.09,0.205,-27.03,51,22.28,10.6,-0.041,1.434,30.15,0
MSFT,1h,7,60,trend,-10.63,-7.69,-0.291,-23.78,29,24.14,49.79,13.75,24.34,0.879,-13.5,15,40,50.1,0.67,0.33,0.131,-28.55,46,22.28,10.6,-0.041,1.434,30.15,0
MSFT,1h,7,75,trend,-5.99,-4.3,-0.114,-22.11,25,20,49.1,15.4,27.4,0.956,-15.32,15,40,51.05,8.17,4.01,0.284,-26.66,41,22.28,10.6,-0.041,1.434,30.15,0
MSFT,1h,7,100,trend,6.89,4.85,0.347,-17.72,17,29.41,45.98,25.03,45.89,1.399,-14.23,10,40,55.64,34.49,16,0.762,-19.46,28,22.28,10.6,-0.041,1.434,30.15,0
MSFT,1h,7,125,trend,2.18,1.55,0.177,-18.22,18,27.78,44.95,23.65,43.16,1.337,-14.54,11,36.36,58.41,24.91,11.78,0.601,-21.7,30,22.28,10.6,-0.041,1.434,30.15,0
MSFT,1h,7,150,trend,7.18,5.06,0.359,-17.04,13,30.77,44.01,22.3,40.53,1.28,-16.92,8,25,60.33,31.97,14.91,0.726,-22.46,22,22.28,10.6,-0.041,1.434,30.15,0
MSFT,1h,7,200,trend,8.13,5.72,0.395,-17.14,12,33.33,41.59,30.1,56.02,1.631,-12.59,5,60,58.8,41.8,19.12,0.889,-17.43,17,22.28,10.6,-0.041,1.434,30.15,1
MSFT,1h,7,250,trend,8.3,5.84,0.403,-18.07,9,44.44,41.8,26.04,47.88,1.568,-14.93,3,66.67,45.51,39.45,18.12,0.854,-19.25,13,22.28,10.6,-0.041,1.434,30.15,1
MSFT,1h,7,300,trend,6.12,4.32,0.328,-20.72,8,12.5,37.69,25.66,47.13,1.672,-6.45,2,50,34.61,32.96,15.33,0.757,-23.97,12,22.28,10.6,-0.041,1.434,30.15,1
MSFT,1h,9,2,dip,5.64,3.98,0.303,-22.07,161,64.6,47.58,-6.08,-10.06,-0.386,-20.05,60,68.33,51.15,1.3,0.65,0.129,-33.84,222,22.28,10.6,-0.041,1.434,30.15,0
MSFT,1h,9,3,dip,7.84,5.52,0.383,-23.81,136,66.91,47.5,-2.43,-4.07,-0.086,-20.05,53,69.81,50.1,6.71,3.31,0.264,-34.33,189,22.28,10.6,-0.041,1.434,30.15,0
MSFT,1h,9,4,dip,15.62,10.88,0.656,-19.46,118,68.64,46.88,-2.13,-3.57,-0.059,-20.06,48,68.75,50.48,14.33,6.94,0.442,-30.85,166,22.28,10.6,-0.041,1.434,30.15,0
MSFT,1h,9,5,dip,7.78,5.47,0.381,-20.09,100,64,46.51,2.25,3.83,0.281,-19.76,39,66.67,49.62,11.34,5.53,0.372,-31.93,139,22.28,10.6,-0.041,1.434,30.15,0
MSFT,1h,9,7,dip,9.3,6.53,0.433,-19.35,87,64.37,46.35,-1.29,-2.17,0.006,-19.85,34,61.76,48.85,9.85,4.82,0.338,-29.52,121,22.28,10.6,-0.041,1.434,30.15,0
MSFT,1h,9,12,trend,-25.03,-18.54,-0.977,-25.61,63,26.98,52.54,28.18,52.15,1.615,-9.29,30,33.33,46.94,-4.39,-2.23,0.01,-29.39,95,22.28,10.6,-0.041,1.434,30.15,1
MSFT,1h,9,15,trend,-17.23,-12.59,-0.546,-21.1,52,23.08,52.91,32.41,60.74,1.806,-8.08,23,43.48,46.94,10.88,5.31,0.337,-22.41,76,22.28,10.6,-0.041,1.434,30.15,1
MSFT,1h,9,20,trend,-18.54,-13.58,-0.583,-24.97,47,25.53,53.53,28.3,52.39,1.602,-13.39,21,28.57,47.71,5.15,2.55,0.223,-24.97,69,22.28,10.6,-0.041,1.434,30.15,1
MSFT,1h,9,25,trend,-16.74,-12.22,-0.519,-23.3,42,28.57,53.04,21.5,38.99,1.26,-18.11,19,31.58,48.57,2.59,1.29,0.172,-27.47,62,22.28,10.6,-0.041,1.434,30.15,0
MSFT,1h,9,30,trend,-21.43,-15.77,-0.717,-26.53,41,26.83,53.12,26.78,49.35,1.5,-14.12,17,41.18,49.52,0.68,0.34,0.133,-28.2,59,22.28,10.6,-0.041,1.434,30.15,1
MSFT,1h,9,40,trend,-19.24,-14.11,-0.631,-24.59,39,23.08,52.09,21.54,39.07,1.254,-12.94,14,42.86,51.43,-1.24,-0.62,0.092,-25.82,54,22.28,10.6,-0.041,1.434,30.15,0
MSFT,1h,9,50,trend,-17.8,-13.03,-0.573,-26.69,34,26.47,51.11,18.43,33.09,1.108,-13.26,15,46.67,50.86,-1.98,-0.99,0.076,-27.87,50,22.28,10.6,-0.041,1.434,30.15,0
MSFT,1h,9,60,trend,-12.13,-8.79,-0.348,-24.3,28,21.43,49.67,13.14,23.21,0.849,-13.83,15,40,50.29,-1.35,-0.68,0.088,-29.08,45,22.28,10.6,-0.041,1.434,30.15,0
MSFT,1h,9,75,trend,-3.77,-2.7,-0.035,-21.69,22,22.73,49.3,16.88,30.17,1.026,-13.58,13,46.15,51.24,12.09,5.88,0.36,-24.83,36,22.28,10.6,-0.041,1.434,30.15,0
MSFT,1h,9,100,trend,-0.73,-0.52,0.068,-20.14,16,18.75,45.9,22.98,41.87,1.304,-15.24,10,30,56.02,21.38,10.19,0.537,-23.68,27,22.28,10.6,-0.041,1.434,30.15,0
MSFT,1h,9,125,trend,5.87,4.15,0.312,-18.37,15,20,44.54,24.98,45.78,1.388,-13.64,11,36.36,59.56,30.08,14.08,0.69,-20.46,27,22.28,10.6,-0.041,1.434,30.15,0
MSFT,1h,9,150,trend,4.49,3.18,0.262,-16.42,13,23.08,43.85,18.03,32.35,1.08,-18.02,8,25,60.13,24.64,11.66,0.599,-23.69,22,22.28,10.6,-0.041,1.434,30.15,0
MSFT,1h,9,200,trend,9.52,6.69,0.446,-17.04,9,33.33,40.77,27.01,49.81,1.497,-14.12,4,50,58.89,40.04,18.37,0.864,-18.81,13,22.28,10.6,-0.041,1.434,30.15,1
MSFT,1h,9,250,trend,8.87,6.23,0.423,-17.77,9,44.44,41.76,25.32,46.45,1.653,-6.45,2,50,34.7,40.89,18.73,0.877,-18.55,13,22.28,10.6,-0.041,1.434,30.15,1
MSFT,1h,9,300,trend,5.61,3.96,0.309,-20.52,7,14.29,37.65,25.89,47.58,1.684,-6.45,2,50,34.51,31.86,14.86,0.738,-24.04,11,22.28,10.6,-0.041,1.434,30.15,1
MSFT,1h,12,2,dip,15.7,10.94,0.651,-18.51,143,72.03,46.55,-0.4,-0.68,0.074,-19.63,54,72.22,50.19,18.67,8.95,0.537,-28.88,198,22.28,10.6,-0.041,1.434,30.15,0
MSFT,1h,12,3,dip,16.14,11.24,0.679,-17.91,111,68.47,46.14,0.87,1.48,0.175,-19.6,49,71.43,49.71,20.2,9.65,0.577,-29.04,161,22.28,10.6,-0.041,1.434,30.15,0
MSFT,1h,12,4,dip,8.03,5.65,0.388,-18.72,92,64.13,46.14,-2.1,-3.53,-0.061,-20.11,38,63.16,49.33,8.5,4.17,0.306,-28.12,131,22.28,10.6,-0.041,1.434,30.15,0
MSFT,1h,12,5,dip,11.71,8.2,0.524,-19.57,86,66.28,46.1,-1.89,-3.18,-0.044,-19.14,33,60.61,48.95,13.32,6.46,0.421,-29.09,120,22.28,10.6,-0.041,1.434,30.15,0
MSFT,1h,12,7,dip,18.36,12.75,0.737,-20.38,76,64.47,45.9,-7.09,-11.68,-0.482,-20.24,29,55.17,48.66,13.71,6.65,0.427,-31.14,106,22.28,10.6,-0.041,1.434,30.15,0
MSFT,1h,12,9,dip,16.64,11.58,0.678,-20.3,63,66.67,45.98,-5.54,-9.19,-0.352,-20.38,30,63.33,49.33,14.91,7.21,0.453,-31.36,94,22.28,10.6,-0.041,1.434,30.15,0
MSFT,1h,12,15,trend,-18.57,-13.6,-0.584,-25.27,47,25.53,53.32,31.56,59,1.757,-11.11,19,31.58,47.42,9.96,4.87,0.318,-25.27,66,22.28,10.6,-0.041,1.434,30.15,1
MSFT,1h,12,20,trend,-15.15,-11.04,-0.454,-23.25,42,28.57,53.32,20.44,36.94,1.211,-17.92,20,30,47.8,3.41,1.69,0.188,-25.32,63,22.28,10.6,-0.041,1.434,30.15,0
MSFT,1h,12,25,trend,-17.94,-13.13,-0.569,-24.3,38,26.32,53.36,25.7,47.21,1.448,-15.39,16,43.75,49.52,5.51,2.72,0.231,-25.18,55,22.28,10.6,-0.041,1.434,30.15,1
MSFT,1h,12,30,trend,-19.14,-14.03,-0.62,-26.44,35,28.57,53.2,27.3,50.38,1.521,-13.49,14,50,49.81,5.34,2.64,0.227,-26.94,50,22.28,10.6,-0.041,1.434,30.15,1
MSFT,1h,12,40,trend,-23.8,-17.59,-0.828,-27.27,34,26.47,51.76,20.15,36.39,1.188,-12.56,13,53.85,51.91,-7.72,-3.94,-0.05,-28.43,48,22.28,10.6,-0.041,1.434,30.15,0
MSFT,1h,12,50,trend,-16.15,-11.79,-0.507,-27.34,27,18.52,51.15,20.19,36.46,1.184,-12.39,12,50,52.2,1.55,0.77,0.15,-28.52,40,22.28,10.6,-0.041,1.434,30.15,0
MSFT,1h,12,60,trend,-11.61,-8.41,-0.334,-23.71,25,20,49.47,12.72,22.44,0.824,-14.56,14,42.86,51.24,0.06,0.03,0.118,-27.85,41,22.28,10.6,-0.041,1.434,30.15,0
MSFT,1h,12,75,trend,-2.44,-1.74,0.013,-22.71,18,16.67,49.22,13.36,23.61,0.851,-14.51,13,38.46,52.96,9.78,4.79,0.315,-27.54,32,22.28,10.6,-0.041,1.434,30.15,0
MSFT,1h,12,100,trend,0.27,0.19,0.105,-20.49,14,21.43,45.37,19.72,35.57,1.153,-15.66,10,30,56.21,19.48,9.32,0.503,-24.37,25,22.28,10.6,-0.041,1.434,30.15,0
MSFT,1h,12,125,trend,3.39,2.4,0.222,-17.36,11,27.27,44.46,20.99,38.01,1.21,-15.34,9,44.44,60.61,25.19,11.91,0.606,-21.85,21,22.28,10.6,-0.041,1.434,30.15,0
MSFT,1h,12,150,trend,3.17,2.25,0.213,-16.55,12,33.33,43.77,20.42,36.9,1.195,-16.98,7,28.57,60.23,22.02,10.48,0.553,-24.46,20,22.28,10.6,-0.041,1.434,30.15,0
MSFT,1h,12,200,trend,6.99,4.92,0.355,-17.69,9,22.22,40.77,24.32,44.49,1.372,-15.97,4,50,58.99,33,15.36,0.748,-21.68,13,22.28,10.6,-0.041,1.434,30.15,0
MSFT,1h,12,250,trend,9.91,6.96,0.461,-17.86,7,28.57,41.59,26.36,48.51,1.709,-6.45,2,50,34.7,38.75,17.82,0.846,-20.63,11,22.28,10.6,-0.041,1.434,30.15,1
MSFT,1h,12,300,trend,6.06,4.28,0.326,-20.29,7,14.29,37.49,25.6,47,1.668,-6.45,2,50,34.32,32.28,15.04,0.746,-23.91,11,22.28,10.6,-0.041,1.434,30.15,1
MSFT,1h,15,2,dip,16.2,11.28,0.674,-16.6,120,70.83,46.1,-4.2,-7,-0.241,-19.85,49,69.39,49.71,14.67,7.1,0.452,-26.54,170,22.28,10.6,-0.041,1.434,30.15,0
MSFT,1h,15,3,dip,10.88,7.63,0.498,-18.35,97,69.07,46.02,-6.7,-11.07,-0.467,-19.89,42,64.29,49.04,6.14,3.03,0.252,-27.52,140,22.28,10.6,-0.041,1.434,30.15,0
MSFT,1h,15,4,dip,9.01,6.33,0.43,-20.17,88,67.05,45.86,-6.27,-10.36,-0.421,-19.62,37,62.16,48.18,5.65,2.79,0.239,-28.59,126,22.28,10.6,-0.041,1.434,30.15,0
MSFT,1h,15,5,dip,17.29,12.02,0.705,-20.03,82,64.63,46.27,-6.74,-11.13,-0.453,-19.35,33,60.61,49.14,13.1,6.36,0.414,-30.02,116,22.28,10.6,-0.041,1.434,30.15,0
MSFT,1h,15,7,dip,14.58,10.17,0.608,-19.61,63,65.08,45.94,-8.87,-14.53,-0.648,-22.77,27,70.37,49.14,7.96,3.91,0.293,-33.16,91,22.28,10.6,-0.041,1.434,30.15,0
MSFT,1h,15,9,dip,6.41,4.52,0.345,-17.05,52,63.46,45.57,-7.01,-11.56,-0.489,-19.6,23,69.57,49.14,0.76,0.38,0.112,-28.84,75,22.28,10.6,-0.041,1.434,30.15,0
MSFT,1h,15,12,dip,8.88,6.24,0.459,-13.67,46,65.22,45.16,-5.92,-9.8,-0.413,-16.72,19,68.42,48.57,2.83,1.41,0.167,-23.78,65,22.28,10.6,-0.041,1.434,30.15,0
MSFT,1h,15,20,trend,-18.59,-13.62,-0.598,-24.05,39,28.21,53.32,28.12,52.02,1.558,-15.31,16,43.75,49.33,6.01,2.97,0.241,-25.89,56,22.28,10.6,-0.041,1.434,30.15,1
MSFT,1h,15,25,trend,-21.61,-15.91,-0.721,-26.17,34,29.41,53.57,26.33,48.45,1.482,-13.49,13,53.85,49.52,0.42,0.21,0.127,-27.13,48,22.28,10.6,-0.041,1.434,30.15,1
MSFT,1h,15,30,trend,-21.48,-15.81,-0.716,-28.02,35,25.71,52.54,25.95,47.7,1.461,-13.03,14,50,50.96,-0.17,-0.09,0.115,-28.96,50,22.28,10.6,-0.041,1.434,30.15,1
MSFT,1h,15,40,trend,-22.99,-16.96,-0.796,-29.64,33,21.21,51.76,21.55,39.08,1.245,-12.77,11,54.55,51.91,-5.32,-2.7,0.004,-30.66,45,22.28,10.6,-0.041,1.434,30.15,0
MSFT,1h,15,50,trend,-15.61,-11.38,-0.488,-24.95,25,16,50.45,19.16,34.49,1.135,-14.39,11,54.55,52.87,1.3,0.65,0.145,-26.17,37,22.28,10.6,-0.041,1.434,30.15,0
MSFT,1h,15,60,trend,-5.24,-3.76,-0.089,-23.71,22,9.09,49.14,17.51,31.36,1.057,-14.09,12,50,51.91,11.59,5.65,0.35,-27.02,35,22.28,10.6,-0.041,1.434,30.15,0
MSFT,1h,15,75,trend,-2.01,-1.43,0.028,-22.32,18,22.22,48.93,15.22,27.06,0.945,-15.94,11,36.36,53.44,11.09,5.41,0.341,-28.77,30,22.28,10.6,-0.041,1.434,30.15,0
MSFT,1h,15,100,trend,3.42,2.42,0.223,-18.97,12,25,44.75,16.44,29.35,0.995,-16.3,9,33.33,57.65,18.43,8.84,0.483,-24.42,22,22.28,10.6,-0.041,1.434,30.15,0
MSFT,1h,15,125,trend,3.18,2.25,0.214,-17.38,11,36.36,44.3,14.49,25.71,0.9,-18.98,8,37.5,60.9,19,9.1,0.495,-25.7,20,22.28,10.6,-0.041,1.434,30.15,0
MSFT,1h,15,150,trend,0.83,0.59,0.126,-17.48,12,25,43.81,19.5,35.14,1.144,-19.42,6,33.33,60.42,19.26,9.22,0.501,-25.29,18,22.28,10.6,-0.041,1.434,30.15,0
MSFT,1h,15,200,trend,6.89,4.86,0.352,-18.23,11,27.27,40.73,25.14,46.11,1.41,-15.85,4,50,58.89,33.91,15.75,0.763,-21.59,15,22.28,10.6,-0.041,1.434,30.15,0
MSFT,1h,15,250,trend,11.09,7.78,0.503,-17.42,6,33.33,41.1,26.84,49.48,1.735,-6.45,2,50,34.61,39.13,17.99,0.853,-20.84,10,22.28,10.6,-0.041,1.434,30.15,1
MSFT,1h,15,300,trend,16.19,11.27,0.781,-12.58,6,16.67,37.28,25.49,46.79,1.664,-6.45,2,50,34.03,44.47,20.23,0.997,-16.81,10,22.28,10.6,-0.041,1.434,30.15,1
MSFT,1h,20,2,dip,2.69,1.91,0.198,-20.1,94,69.15,45.69,-10.41,-16.96,-0.826,-23.41,39,74.36,48.95,-5.58,-2.83,-0.078,-33.43,133,22.28,10.6,-0.041,1.434,30.15,0
MSFT,1h,20,3,dip,2.95,2.09,0.208,-22.29,80,66.25,45.82,-8.7,-14.26,-0.658,-20.76,33,72.73,48.57,-3.88,-1.96,-0.023,-33.23,113,22.28,10.6,-0.041,1.434,30.15,0
MSFT,1h,20,4,dip,3.13,2.22,0.214,-17.38,70,62.86,46.27,-5.6,-9.28,-0.367,-20.02,32,71.88,48.37,-0.11,-0.06,0.088,-28.11,103,22.28,10.6,-0.041,1.434,30.15,0
MSFT,1h,20,5,dip,2.96,2.1,0.207,-17.98,63,65.08,46.51,-3.15,-5.27,-0.158,-19.16,29,75.86,48.18,2.64,1.31,0.162,-27.65,93,22.28,10.6,-0.041,1.434,30.15,0
MSFT,1h,20,7,dip,11.96,8.38,0.561,-14.58,52,67.31,45.32,-7.41,-12.2,-0.546,-20.21,23,69.57,47.99,5.56,2.75,0.241,-26.96,75,22.28,10.6,-0.041,1.434,30.15,0
MSFT,1h,20,9,dip,8.84,6.21,0.458,-13.71,46,65.22,44.95,-3.76,-6.27,-0.239,-17,21,76.19,48.28,7.15,3.52,0.288,-20.5,68,22.28,10.6,-0.041,1.434,30.15,0
MSFT,1h,20,12,dip,5.13,3.62,0.3,-14.47,41,60.98,45.16,2.3,3.91,0.296,-17.3,20,75,47.61,9.75,4.77,0.357,-20.62,62,22.28,10.6,-0.041,1.434,30.15,0
MSFT,1h,20,15,dip,10.79,7.57,0.528,-12.06,39,66.67,45.78,-2.97,-4.97,-0.183,-18.29,16,75,45.89,8.77,4.3,0.332,-18.29,56,22.28,10.6,-0.041,1.434,30.15,0
MSFT,1h,20,25,trend,-19.6,-14.39,-0.636,-25.93,35,25.71,52.63,29.4,54.6,1.605,-12.11,11,63.64,50.96,6.63,3.27,0.253,-25.97,46,22.28,10.6,-0.041,1.434,30.15,1
MSFT,1h,20,30,trend,-21.86,-16.1,-0.748,-28.55,29,24.14,52.13,22.1,40.15,1.272,-12.8,12,50,52.01,-2.11,-1.06,0.074,-28.6,41,22.28,10.6,-0.041,1.434,30.15,0
MSFT,1h,20,40,trend,-17.08,-12.48,-0.548,-25.76,26,15.38,50.82,19.18,34.53,1.137,-14.13,11,54.55,52.58,-0.23,-0.11,0.113,-26.83,38,22.28,10.6,-0.041,1.434,30.15,0
MSFT,1h,20,50,trend,-13.69,-9.95,-0.421,-23.55,26,15.38,49.67,18.76,33.73,1.115,-14.25,10,50,51.91,1.75,0.87,0.153,-27.25,38,22.28,10.6,-0.041,1.434,30.15,0
MSFT,1h,20,60,trend,1.1,0.78,0.137,-21.61,14,21.43,45.57,14.37,25.48,0.903,-16.43,11,36.36,52.2,14.57,7.05,0.411,-27.3,26,22.28,10.6,-0.041,1.434,30.15,0
MSFT,1h,20,75,trend,-0.54,-0.38,0.074,-19.82,13,23.08,45.32,16.09,28.7,0.99,-16.63,10,40,53.92,15.39,7.43,0.428,-23.68,24,22.28,10.6,-0.041,1.434,30.15,0
MSFT,1h,20,100,trend,3.12,2.21,0.211,-18.75,12,33.33,44.3,17.17,30.71,1.027,-15.81,8,37.5,58.8,18.99,9.1,0.494,-23.68,21,22.28,10.6,-0.041,1.434,30.15,0
MSFT,1h,20,125,trend,2.64,1.87,0.194,-18.4,11,36.36,44.13,15.3,27.21,0.942,-19.91,6,33.33,61.47,16.88,8.12,0.456,-28.88,18,22.28,10.6,-0.041,1.434,30.15,0
MSFT,1h,20,150,trend,-1.11,-0.79,0.051,-19.42,11,27.27,43.6,20.36,36.78,1.185,-17.7,6,50,59.85,19.77,9.46,0.511,-25.3,17,22.28,10.6,-0.041,1.434,30.15,0
MSFT,1h,20,200,trend,5.02,3.55,0.284,-17.44,7,28.57,40.98,19.64,35.4,1.163,-16.89,4,25,58.89,29.67,13.9,0.694,-21.97,11,22.28,10.6,-0.041,1.434,30.15,0
MSFT,1h,20,250,trend,6.51,4.59,0.339,-17.98,6,16.67,41.06,25.05,45.91,1.636,-6.45,2,50,34.13,33.36,15.51,0.758,-21.4,9,22.28,10.6,-0.041,1.434,30.15,1
MSFT,1h,20,300,trend,17.84,12.4,0.868,-10.52,5,40,36.96,25.83,47.45,1.686,-6.45,2,50,33.56,42.83,19.55,0.977,-17.48,8,22.28,10.6,-0.041,1.434,30.15,1
MSFT,1h,25,2,dip,7.68,5.41,0.396,-16.68,81,67.9,45.73,-5.24,-8.7,-0.353,-19.53,42,78.57,48.28,4.98,2.47,0.225,-26.94,123,22.28,10.6,-0.041,1.434,30.15,0
MSFT,1h,25,3,dip,3.93,2.78,0.246,-17.49,68,64.71,45.53,-5.92,-9.8,-0.418,-20.46,35,77.14,47.99,1.12,0.56,0.121,-28.28,105,22.28,10.6,-0.041,1.434,30.15,0
MSFT,1h,25,4,dip,2.11,1.49,0.172,-17.45,58,62.07,45.82,-4.42,-7.36,-0.28,-18.26,29,72.41,47.8,0.13,0.06,0.094,-25.79,88,22.28,10.6,-0.041,1.434,30.15,0
MSFT,1h,25,5,dip,-0.97,-0.69,0.038,-15.53,51,64.71,45.53,-3.39,-5.67,-0.189,-16.81,25,72,47.42,-2.11,-1.06,0.027,-24.54,76,22.28,10.6,-0.041,1.434,30.15,0
MSFT,1h,25,7,dip,6.96,4.91,0.378,-12.98,48,64.58,45.28,0.06,0.11,0.1,-17.24,22,77.27,47.51,9.95,4.87,0.364,-18.5,70,22.28,10.6,-0.041,1.434,30.15,0
MSFT,1h,25,9,dip,7.13,5.02,0.382,-12.06,41,60.98,45.45,1.7,2.89,0.245,-17.3,19,73.68,46.75,10.75,5.25,0.383,-18.56,61,22.28,10.6,-0.041,1.434,30.15,0
MSFT,1h,25,12,dip,9.36,6.58,0.473,-13.17,37,62.16,45.08,-1.11,-1.87,-0.009,-18.29,16,75,45.7,8.74,4.29,0.331,-18.55,54,22.28,10.6,-0.041,1.434,30.15,0
MSFT,1h,25,15,dip,15.09,10.52,0.699,-9.57,33,72.73,44.83,-1.19,-2,-0.015,-18.29,13,76.92,45.51,15.27,7.38,0.504,-18.29,47,22.28,10.6,-0.041,1.434,30.15,0
MSFT,1h,25,20,dip,12.96,9.06,0.612,-9.31,34,67.65,45.65,-3.01,-5.03,-0.189,-18.29,11,72.73,43.88,9.67,4.73,0.357,-20.07,45,22.28,10.6,-0.041,1.434,30.15,0
MSFT,1h,25,30,trend,-17.2,-12.57,-0.55,-27.76,27,22.22,51.35,20.2,36.48,1.185,-13.72,11,54.55,52.39,0.71,0.36,0.133,-28.7,39,22.28,10.6,-0.041,1.434,30.15,0
MSFT,1h,25,40,trend,-14.95,-10.88,-0.467,-24.36,23,17.39,50.12,22.23,40.4,1.274,-14.25,9,55.56,52.39,4.6,2.28,0.212,-25.59,33,22.28,10.6,-0.041,1.434,30.15,0
MSFT,1h,25,50,trend,-6.03,-4.33,-0.121,-21.12,19,15.79,49.43,15.96,28.45,0.979,-16.73,9,44.44,52.29,8.69,4.26,0.294,-24.82,29,22.28,10.6,-0.041,1.434,30.15,0
MSFT,1h,25,60,trend,0.32,0.23,0.107,-19.36,15,26.67,45.41,15.32,27.25,0.95,-15.8,10,40,52.01,13.35,6.48,0.388,-25.3,26,22.28,10.6,-0.041,1.434,30.15,0
MSFT,1h,25,75,trend,1.94,1.38,0.168,-19.09,12,25,44.87,18.33,32.91,1.094,-16.55,8,37.5,56.02,18.31,8.78,0.482,-24.55,21,22.28,10.6,-0.041,1.434,30.15,0
MSFT,1h,25,100,trend,-1.08,-0.77,0.052,-19.04,10,20,44.3,17.64,31.61,1.051,-14.97,9,33.33,59.56,16.03,7.73,0.439,-23.45,20,22.28,10.6,-0.041,1.434,30.15,0
MSFT,1h,25,125,trend,-2.08,-1.49,0.014,-20.14,10,20,43.81,20.25,36.58,1.172,-17.75,5,40,61.47,15.52,7.49,0.429,-27.89,16,22.28,10.6,-0.041,1.434,30.15,0
MSFT,1h,25,150,trend,-0.42,-0.3,0.077,-19.41,9,22.22,43.81,23.04,41.97,1.313,-16.3,4,50,59.46,23.2,11.01,0.575,-23.68,13,22.28,10.6,-0.041,1.434,30.15,0
MSFT,1h,25,200,trend,5.38,3.8,0.297,-18.15,7,28.57,40.61,21.88,39.73,1.263,-16.47,4,25,59.94,31.3,14.61,0.722,-21.94,10,22.28,10.6,-0.041,1.434,30.15,0
MSFT,1h,25,250,trend,20.75,14.36,0.949,-12.45,6,16.67,41.35,22.32,40.57,1.484,-7.12,2,50,33.84,44.16,20.1,0.984,-19.24,9,22.28,10.6,-0.041,1.434,30.15,1
MSFT,1h,25,300,trend,16.9,11.76,0.826,-10.94,5,20,37.04,21.85,39.67,1.462,-6.73,2,50,33.37,23.11,10.97,0.681,-18.35,8,22.28,10.6,-0.041,1.434,30.15,1
MSFT,1h,30,2,dip,3.94,2.79,0.246,-15.63,70,65.71,46.27,0.6,1.01,0.147,-18.81,36,80.56,47.23,8.35,4.1,0.315,-19.28,108,22.28,10.6,-0.041,1.434,30.15,0
MSFT,1h,30,3,dip,3.83,2.71,0.241,-14.83,61,67.21,45.98,1.96,3.33,0.269,-16.73,30,83.33,46.65,8.81,4.32,0.328,-19.44,92,22.28,10.6,-0.041,1.434,30.15,0
MSFT,1h,30,4,dip,-1.29,-0.92,0.025,-14.02,52,65.38,46.23,1.37,2.33,0.217,-16.73,27,81.48,46.46,3.15,1.57,0.176,-18.83,81,22.28,10.6,-0.041,1.434,30.15,0
MSFT,1h,30,5,dip,4.7,3.32,0.283,-11.22,50,66,45.57,-0.22,-0.37,0.071,-17.16,25,80,46.18,7.33,3.61,0.294,-17.16,77,22.28,10.6,-0.041,1.434,30.15,0
MSFT,1h,30,7,dip,7.77,5.47,0.409,-10.34,44,63.64,45.53,-3.29,-5.5,-0.213,-17.78,19,73.68,46.18,5.81,2.87,0.251,-17.78,64,22.28,10.6,-0.041,1.434,30.15,0
MSFT,1h,30,9,dip,13.81,9.65,0.645,-10.32,40,65,45.32,-2.01,-3.37,-0.092,-18.29,17,76.47,45.51,13.42,6.51,0.454,-18.29,58,22.28,10.6,-0.041,1.434,30.15,0
MSFT,1h,30,12,dip,11.62,8.14,0.561,-9.24,34,67.65,45.16,-1.66,-2.79,-0.06,-18.29,14,71.43,45.12,9.8,4.79,0.36,-18.29,49,22.28,10.6,-0.041,1.434,30.15,0
MSFT,1h,30,15,dip,15.66,10.91,0.716,-9.24,34,67.65,45.73,-0.71,-1.2,0.027,-18.29,14,78.57,43.88,16.58,7.99,0.536,-18.29,49,22.28,10.6,-0.041,1.434,30.15,0
MSFT,1h,30,20,dip,14.75,10.29,0.677,-11.58,28,67.86,45.53,2.52,4.3,0.321,-19.4,12,83.33,42.54,17.81,8.55,0.567,-22.72,40,22.28,10.6,-0.041,1.434,30.15,0
MSFT,1h,30,25,dip,9.67,6.79,0.481,-12.26,26,61.54,46.27,4.47,7.67,0.495,-18.35,11,81.82,41.59,15.97,7.7,0.52,-21.81,38,22.28,10.6,-0.041,1.434,30.15,0
MSFT,1h,30,40,trend,-7.9,-5.69,-0.193,-22.38,19,21.05,48.2,16.53,29.52,1.006,-15.31,9,44.44,51.34,7.6,3.74,0.272,-25.06,29,22.28,10.6,-0.041,1.434,30.15,0
MSFT,1h,30,50,trend,-7.38,-5.31,-0.171,-21.98,15,13.33,49.43,19.58,35.3,1.152,-15.29,9,44.44,52.01,8.84,4.33,0.297,-25.23,25,22.28,10.6,-0.041,1.434,30.15,0
MSFT,1h,30,60,trend,-0.58,-0.41,0.073,-19.24,13,23.08,45.24,19.22,34.6,1.14,-14.88,9,44.44,52.39,16.31,7.86,0.445,-22.92,23,22.28,10.6,-0.041,1.434,30.15,0
MSFT,1h,30,75,trend,-0.59,-0.42,0.072,-20.03,11,27.27,44.83,16.59,29.62,1.01,-17.54,8,37.5,56.6,12.75,6.19,0.376,-26.96,20,22.28,10.6,-0.041,1.434,30.15,0
MSFT,1h,30,100,trend,-1.82,-1.3,0.024,-20.21,10,20,44.09,17.11,30.61,1.022,-16.93,7,42.86,60.52,14.21,6.88,0.404,-25.29,18,22.28,10.6,-0.041,1.434,30.15,0
MSFT,1h,30,125,trend,1.15,0.82,0.138,-19.87,10,20,43.72,21.58,39.15,1.237,-16.35,5,40,60.8,21.01,10.02,0.534,-26.63,18,22.28,10.6,-0.041,1.434,30.15,0
MSFT,1h,30,150,trend,-2.15,-1.53,0.01,-19.09,9,22.22,43.6,19.56,35.26,1.16,-15.97,4,25,59.75,21.8,10.38,0.55,-22.92,13,22.28,10.6,-0.041,1.434,30.15,0
MSFT,1h,30,200,trend,18.44,12.8,0.861,-12.83,5,20,40.57,22.38,40.69,1.283,-17.34,3,33.33,60.04,45.38,20.61,1.003,-17.34,8,22.28,10.6,-0.041,1.434,30.15,0
MSFT,1h,30,250,trend,20.35,14.09,0.933,-12.26,4,25,41.67,21.25,38.51,1.426,-7.24,2,50,33.65,41.05,18.8,0.931,-20.21,7,22.28,10.6,-0.041,1.434,30.15,0
MSFT,1h,30,300,trend,17.41,12.1,0.848,-9.13,5,20,37.28,8.59,14.95,0.957,-6.45,2,50,32.98,25.65,12.11,0.744,-16.65,8,22.28,10.6,-0.041,1.434,30.15,0
MSFT,1h,40,2,dip,-1.12,-0.8,0.034,-12.24,62,66.13,46.51,6.13,10.58,0.637,-18.44,31,90.32,45.89,8.47,4.16,0.322,-18.44,94,22.28,10.6,-0.041,1.434,30.15,0
MSFT,1h,40,3,dip,-3.93,-2.81,-0.088,-15.19,50,62,46.02,4.25,7.29,0.474,-18.44,27,88.89,45.98,2.7,1.34,0.163,-20.74,78,22.28,10.6,-0.041,1.434,30.15,0
MSFT,1h,40,4,dip,-0.09,-0.06,0.08,-14.57,44,61.36,45.9,1.94,3.31,0.269,-18.44,23,86.96,45.41,5.25,2.59,0.234,-19.98,68,22.28,10.6,-0.041,1.434,30.15,0
MSFT,1h,40,5,dip,2.16,1.54,0.175,-13.69,43,62.79,45.78,-0.56,-0.95,0.039,-18.29,19,84.21,44.84,3.38,1.68,0.183,-21.46,62,22.28,10.6,-0.041,1.434,30.15,0
MSFT,1h,40,7,dip,5.23,3.7,0.301,-11.78,41,63.41,45.69,1.55,2.64,0.235,-18.29,16,81.25,43.69,8.39,4.12,0.321,-19.37,57,22.28,10.6,-0.041,1.434,30.15,0
MSFT,1h,40,9,dip,11.65,8.16,0.557,-11.56,39,74.36,45.9,2.99,5.11,0.364,-18.29,14,85.71,43.5,17.01,8.19,0.545,-18.93,54,22.28,10.6,-0.041,1.434,30.15,0
MSFT,1h,40,12,dip,19.06,13.22,0.837,-11.58,34,76.47,46.23,3.95,6.76,0.449,-18.29,13,84.62,42.83,26.14,12.33,0.767,-19.14,48,22.28,10.6,-0.041,1.434,30.15,0
MSFT,1h,40,15,dip,18.11,12.58,0.803,-11.58,33,69.7,46.27,2.85,4.87,0.35,-19.4,11,81.82,42.54,23.56,11.18,0.705,-21.95,45,22.28,10.6,-0.041,1.434,30.15,0
MSFT,1h,40,20,dip,10.7,7.51,0.517,-12.26,25,68,47.46,5.36,9.23,0.577,-17.86,11,81.82,41.4,18.34,8.8,0.577,-20.98,37,22.28,10.6,-0.041,1.434,30.15,0
MSFT,1h,40,25,dip,6.12,4.32,0.334,-13.19,23,60.87,47.54,3.47,5.94,0.413,-17.86,9,77.78,41.3,11.31,5.51,0.397,-21.57,32,22.28,10.6,-0.041,1.434,30.15,0
MSFT,1h,40,30,dip,0.11,0.08,0.091,-12.8,20,65,47.91,9.43,16.45,0.92,-16.92,9,77.78,42.26,10.54,5.15,0.372,-19.84,29,22.28,10.6,-0.041,1.434,30.15,0
MSFT,1h,40,50,trend,-2.24,-1.6,0.018,-20.05,14,21.43,49.22,19.75,35.61,1.166,-14.28,9,44.44,52.39,14.88,7.19,0.414,-23.16,24,22.28,10.6,-0.041,1.434,30.15,0
MSFT,1h,40,60,trend,0.66,0.47,0.12,-19.72,11,18.18,44.95,17.63,31.58,1.06,-16.79,8,37.5,56.21,15.68,7.57,0.433,-25.63,20,22.28,10.6,-0.041,1.434,30.15,0
MSFT,1h,40,75,trend,-1.89,-1.35,0.021,-19.73,11,18.18,44.13,23.36,42.6,1.319,-13.48,7,57.14,58.6,17.57,8.44,0.468,-22.06,19,22.28,10.6,-0.041,1.434,30.15,0
MSFT,1h,40,100,trend,-4.08,-2.92,-0.067,-21.5,11,18.18,43.6,16.8,30.02,1.006,-17.6,6,50,61.47,9.75,4.77,0.317,-29.56,18,22.28,10.6,-0.041,1.434,30.15,0
MSFT,1h,40,125,trend,-0.84,-0.6,0.061,-19.3,9,11.11,43.31,22.56,41.05,1.295,-15.09,5,60,60.52,23.58,11.19,0.581,-23.02,14,22.28,10.6,-0.041,1.434,30.15,0
MSFT,1h,40,150,trend,8.41,5.91,0.441,-14.42,9,22.22,42.86,18.38,33.02,1.099,-17.88,4,25,60.61,32.79,15.26,0.778,-17.88,12,22.28,10.6,-0.041,1.434,30.15,0
MSFT,1h,40,200,trend,21,14.53,0.959,-12.61,4,50,41.14,20.38,36.83,1.192,-18.39,3,33.33,59.75,45.94,20.84,1.013,-18.39,7,22.28,10.6,-0.041,1.434,30.15,0
MSFT,1h,40,250,trend,19.16,13.29,0.887,-13.05,4,25,41.96,24.08,44.02,1.594,-6.83,2,50,32.7,26.05,12.29,0.737,-17.94,7,22.28,10.6,-0.041,1.434,30.15,1
MSFT,1h,40,300,trend,15.67,10.92,0.776,-10.48,4,25,37.98,8.55,14.87,0.971,-6.45,2,50,31.84,22.63,10.76,0.674,-17.71,7,22.28,10.6,-0.041,1.434,30.15,0
MSFT,1h,50,2,dip,1.08,0.77,0.129,-13.93,58,65.52,46.23,10.84,18.99,1.017,-18.44,27,88.89,45.79,15.62,7.54,0.505,-19.07,87,22.28,10.6,-0.041,1.434,30.15,0
MSFT,1h,50,3,dip,1.64,1.16,0.153,-14.37,48,62.5,46.31,11.18,19.61,1.043,-18.29,23,86.96,45.12,16.84,8.1,0.534,-19.33,72,22.28,10.6,-0.041,1.434,30.15,0
MSFT,1h,50,4,dip,2.49,1.76,0.188,-14.9,42,59.52,46.39,5.04,8.68,0.531,-18.29,17,82.35,45.12,11.32,5.52,0.393,-19.23,60,22.28,10.6,-0.041,1.434,30.15,0
MSFT,1h,50,5,dip,3.03,2.14,0.21,-13.83,41,65.85,46.31,4.86,8.36,0.517,-18.29,16,81.25,44.74,11.71,5.7,0.403,-18.29,58,22.28,10.6,-0.041,1.434,30.15,0
MSFT,1h,50,7,dip,1.15,0.82,0.132,-13.7,35,68.57,46.51,8.19,14.24,0.794,-18.29,16,81.25,44.74,11.43,5.57,0.397,-19.09,51,22.28,10.6,-0.041,1.434,30.15,0
MSFT,1h,50,9,dip,10.45,7.33,0.509,-11.58,35,71.43,46.8,5.47,9.42,0.581,-18.29,15,86.67,43.98,18.62,8.93,0.583,-18.29,50,22.28,10.6,-0.041,1.434,30.15,0
MSFT,1h,50,12,dip,9.59,6.74,0.475,-11.58,28,60.71,46.72,4.2,7.2,0.468,-19.5,12,83.33,42.45,16.31,7.86,0.525,-21.02,40,22.28,10.6,-0.041,1.434,30.15,0
MSFT,1h,50,15,dip,8.75,6.15,0.44,-11.82,26,65.38,47.46,5.26,9.06,0.57,-17.97,11,81.82,41.49,16.59,7.99,0.533,-20.5,37,22.28,10.6,-0.041,1.434,30.15,0
MSFT,1h,50,20,dip,4.2,2.97,0.256,-12.57,26,65.38,47.99,5.65,9.74,0.606,-17.86,10,80,41.97,13.74,6.66,0.456,-17.86,37,22.28,10.6,-0.041,1.434,30.15,0
MSFT,1h,50,25,dip,-1.63,-1.16,0.019,-12.81,20,70,48.48,9.06,15.79,0.909,-16.78,9,77.78,41.4,9.71,4.75,0.352,-19.43,29,22.28,10.6,-0.041,1.434,30.15,0
MSFT,1h,50,30,dip,0.31,0.22,0.099,-12.5,16,68.75,48.36,5.76,9.93,0.619,-16.4,9,77.78,41.68,10.11,4.94,0.362,-19.02,25,22.28,10.6,-0.041,1.434,30.15,0
MSFT,1h,50,40,dip,-4.53,-3.24,-0.1,-14.73,15,60,48.65,5.72,9.86,0.608,-15.71,9,77.78,41.4,4.81,2.38,0.221,-21.24,24,22.28,10.6,-0.041,1.434,30.15,0
MSFT,1h,50,60,trend,-1.64,-1.17,0.031,-20.08,11,18.18,44.01,17.8,31.9,1.069,-15.14,9,33.33,57.74,12.14,5.91,0.365,-25.29,21,22.28,10.6,-0.041,1.434,30.15,0
MSFT,1h,50,75,trend,-4.44,-3.18,-0.082,-20.33,11,27.27,43.44,23.34,42.56,1.313,-15.59,6,50,59.66,14.16,6.86,0.404,-25.72,18,22.28,10.6,-0.041,1.434,30.15,0
MSFT,1h,50,100,trend,-3.67,-2.63,-0.051,-20.09,10,20,42.62,26.49,48.77,1.452,-14.86,4,50,62.14,20.43,9.76,0.522,-24.61,15,22.28,10.6,-0.041,1.434,30.15,1
MSFT,1h,50,125,trend,13.04,9.12,0.634,-13.64,8,25,43.11,18.91,34.01,1.121,-17.73,4,25,61.66,37.05,17.1,0.855,-17.73,12,22.28,10.6,-0.041,1.434,30.15,0
MSFT,1h,50,150,trend,16.79,11.68,0.785,-13.28,7,28.57,42.66,20.61,37.27,1.2,-17.88,3,33.33,60.99,42.76,19.52,0.953,-17.43,10,22.28,10.6,-0.041,1.434,30.15,0
MSFT,1h,50,200,trend,20.25,14.02,0.93,-13.1,4,25,41.06,21.94,39.83,1.27,-16.74,3,33.33,59.27,45.41,20.62,1.006,-16.74,7,22.28,10.6,-0.041,1.434,30.15,0
MSFT,1h,50,250,trend,14.41,10.06,0.698,-14.33,4,25,42.17,7.25,12.56,0.837,-7.12,2,50,31.93,17.54,8.43,0.541,-19.71,7,22.28,10.6,-0.041,1.434,30.15,0
MSFT,1h,50,300,trend,4.54,3.21,0.321,-10.25,3,33.33,37.82,10.55,18.47,1.184,-6.45,2,50,31.26,7.57,3.72,0.31,-19.92,6,22.28,10.6,-0.041,1.434,30.15,0
MSFT,1h,60,2,dip,-6.5,-4.67,-0.206,-15.84,46,63.04,46.55,17.29,30.95,1.624,-18.29,22,90.91,35.76,4.83,2.39,0.223,-20.15,70,22.28,10.6,-0.041,1.434,30.15,1
MSFT,1h,60,3,dip,-3.67,-2.62,-0.076,-14.65,42,64.29,46.6,15.59,27.74,1.525,-18.29,18,88.89,34.32,6.41,3.16,0.266,-19.03,62,22.28,10.6,-0.041,1.434,30.15,1
MSFT,1h,60,4,dip,-3.4,-2.43,-0.064,-13.77,34,64.71,46.88,12.39,21.84,1.243,-18.29,15,86.67,34.23,3.95,1.96,0.198,-18.29,51,22.28,10.6,-0.041,1.434,30.15,0
MSFT,1h,60,5,dip,-3.57,-2.55,-0.07,-13.25,32,65.63,47.05,11.65,20.47,1.178,-18.29,14,85.71,34.32,3.1,1.54,0.175,-18.29,48,22.28,10.6,-0.041,1.434,30.15,0
MSFT,1h,60,7,dip,2.19,1.55,0.176,-13.6,30,66.67,47.25,18.88,33.95,1.819,-18.29,14,92.86,33.56,16.05,7.74,0.515,-18.29,46,22.28,10.6,-0.041,1.434,30.15,1
MSFT,1h,60,9,dip,4.15,2.94,0.257,-12.28,29,68.97,47.33,19.66,35.45,1.875,-18.29,14,92.86,33.08,18.68,8.95,0.581,-18.29,45,22.28,10.6,-0.041,1.434,30.15,1
MSFT,1h,60,12,dip,3.99,2.82,0.249,-12.12,26,65.38,47.5,20.21,36.51,1.941,-17.97,13,92.31,31.93,17.65,8.48,0.553,-17.97,41,22.28,10.6,-0.041,1.434,30.15,1
MSFT,1h,60,15,dip,-2.92,-2.08,-0.038,-13.96,23,65.22,47.79,13.66,24.16,1.402,-17.94,11,90.91,30.4,5.96,2.94,0.253,-18.8,35,22.28,10.6,-0.041,1.434,30.15,0
MSFT,1h,60,20,dip,-6.56,-4.71,-0.191,-15.23,15,53.33,48.24,17.3,30.96,1.756,-17.03,10,90,30.02,6.11,3.02,0.256,-20.48,26,22.28,10.6,-0.041,1.434,30.15,1
MSFT,1h,60,25,dip,-5.88,-4.22,-0.158,-16.44,16,68.75,48.36,9.02,15.72,0.9,-16.4,10,80,41.97,7.33,3.6,0.288,-20.74,26,22.28,10.6,-0.041,1.434,30.15,0
MSFT,1h,60,30,dip,-4.8,-3.44,-0.112,-14.67,14,50,48.52,5.37,9.25,0.577,-16.09,9,77.78,41.49,4.97,2.46,0.225,-21.02,23,22.28,10.6,-0.041,1.434,30.15,0
MSFT,1h,60,40,dip,-5.84,-4.19,-0.158,-13.83,12,58.33,48.73,13.28,23.46,1.448,-14.86,7,85.71,23.9,5.82,2.87,0.248,-17.83,20,22.28,10.6,-0.041,1.434,30.15,1
MSFT,1h,60,50,dip,-4.32,-3.09,-0.09,-14.87,12,58.33,49.63,12.86,22.7,1.41,-14.72,8,87.5,22.18,8.26,4.06,0.312,-17.18,21,22.28,10.6,-0.041,1.434,30.15,0
MSFT,1h,60,75,trend,-5.18,-3.71,-0.112,-21.85,10,20,43.23,26.81,49.4,1.466,-13.25,5,60,60.13,15.65,7.55,0.433,-27.15,16,22.28,10.6,-0.041,1.434,30.15,1
MSFT,1h,60,100,trend,5.31,3.75,0.31,-15.9,10,20,42.33,27.77,51.34,1.509,-14.7,3,66.67,62.24,36.48,16.85,0.834,-16.58,13,22.28,10.6,-0.041,1.434,30.15,1
MSFT,1h,60,125,trend,12.23,8.56,0.601,-13.5,8,25,42.9,26.37,48.53,1.45,-16.9,3,33.33,62.43,42.45,19.39,0.942,-16.9,11,22.28,10.6,-0.041,1.434,30.15,1
MSFT,1h,60,150,trend,19.93,13.81,0.906,-12.73,5,40,42.86,16.96,30.33,1.027,-19.9,3,33.33,60.71,41.1,18.82,0.925,-19.9,8,22.28,10.6,-0.041,1.434,30.15,0
MSFT,1h,60,200,trend,16.59,11.55,0.787,-13.77,4,25,41.06,18.28,32.82,1.099,-18.48,3,33.33,58.03,38.28,17.62,0.886,-18.45,7,22.28,10.6,-0.041,1.434,30.15,0
MSFT,1h,60,250,trend,17.33,12.05,0.815,-13.1,5,20,42.37,11.36,19.95,1.266,-6.45,2,50,31.26,21.23,10.12,0.631,-18.52,8,22.28,10.6,-0.041,1.434,30.15,0
MSFT,1h,60,300,trend,2.66,1.88,0.214,-10.85,3,33.33,37.98,13.92,24.64,1.541,-6.45,1,100,30.11,9.52,4.66,0.367,-17.33,5,22.28,10.6,-0.041,1.434,30.15,1
MSFT,1h,75,2,dip,-5.4,-3.87,-0.152,-14.9,41,63.41,46.96,16.43,29.32,1.632,-18.29,22,95.45,32.7,7.29,3.58,0.289,-18.6,67,22.28,10.6,-0.041,1.434,30.15,1
MSFT,1h,75,3,dip,-6.22,-4.47,-0.189,-14.93,34,67.65,47.13,17.35,31.06,1.721,-18.29,18,94.44,31.93,6.9,3.4,0.279,-18.7,55,22.28,10.6,-0.041,1.434,30.15,1
MSFT,1h,75,4,dip,-6.02,-4.32,-0.178,-14.41,31,61.29,47.29,17.41,31.17,1.727,-18.29,15,93.33,32.03,6.65,3.28,0.272,-18.61,48,22.28,10.6,-0.041,1.434,30.15,1
MSFT,1h,75,5,dip,-4.03,-2.89,-0.091,-14.24,29,65.52,47.5,17.61,31.55,1.748,-18.29,15,93.33,31.64,8.33,4.09,0.317,-19.17,45,22.28,10.6,-0.041,1.434,30.15,1
MSFT,1h,75,7,dip,-2.86,-2.04,-0.039,-13.96,25,72,47.66,15.69,27.94,1.606,-18.29,14,92.86,31.17,8.13,3.99,0.312,-18.38,40,22.28,10.6,-0.041,1.434,30.15,1
MSFT,1h,75,9,dip,-4.75,-3.4,-0.118,-13.13,22,63.64,47.46,14.51,25.73,1.48,-17.97,12,91.67,30.98,4.98,2.46,0.226,-19.68,35,22.28,10.6,-0.041,1.434,30.15,1
MSFT,1h,75,12,dip,-5.6,-4.02,-0.153,-14.47,18,61.11,47.54,17.89,32.07,1.798,-17.94,12,91.67,29.16,7.7,3.78,0.299,-19.89,31,22.28,10.6,-0.041,1.434,30.15,1
MSFT,1h,75,15,dip,-5.65,-4.05,-0.152,-14.92,19,63.16,47.95,16.66,29.75,1.698,-17.03,10,90,28.59,7.11,3.5,0.283,-19.88,30,22.28,10.6,-0.041,1.434,30.15,1
MSFT,1h,75,20,dip,-4.91,-3.52,-0.117,-14.69,14,64.29,48.48,14.81,26.3,1.564,-16.4,9,88.89,26.29,5.61,2.77,0.242,-21.59,24,22.28,10.6,-0.041,1.434,30.15,1
MSFT,1h,75,25,dip,-7.04,-5.06,-0.209,-15,13,61.54,48.89,12.61,22.23,1.379,-16.09,7,85.71,24.09,3.45,1.71,0.184,-19.96,21,22.28,10.6,-0.041,1.434,30.15,0
MSFT,1h,75,30,dip,-4.88,-3.5,-0.115,-13.4,12,58.33,48.89,14.21,25.18,1.54,-15.26,7,85.71,23.42,8.33,4.09,0.314,-16.98,20,22.28,10.6,-0.041,1.434,30.15,1
MSFT,1h,75,40,dip,-4.08,-2.92,-0.08,-14.26,12,58.33,49.51,7.89,13.69,0.928,-14.72,6,83.33,21.22,3.51,1.74,0.186,-20.39,19,22.28,10.6,-0.041,1.434,30.15,0
MSFT,1h,75,50,dip,-1.99,-1.42,0.008,-12.47,12,66.67,50.12,5.23,8.99,0.677,-14.72,5,80,19.98,6.22,3.07,0.259,-18.03,18,22.28,10.6,-0.041,1.434,30.15,0
MSFT,1h,75,60,dip,-0.66,-0.47,0.063,-12.92,11,72.73,50.25,2.01,3.42,0.308,-15.2,4,75,19.31,5.58,2.76,0.242,-16.64,16,22.28,10.6,-0.041,1.434,30.15,0
MSFT,1h,75,100,trend,13.15,9.19,0.639,-13.57,8,25,42.21,27.54,50.86,1.501,-16.88,2,50,62.81,44.75,20.35,0.98,-16.88,10,22.28,10.6,-0.041,1.434,30.15,1
MSFT,1h,75,125,trend,19.66,13.63,0.897,-12.13,5,40,42.62,20.39,36.85,1.179,-19.5,3,33.33,61.85,46.7,21.16,1.014,-19.5,8,22.28,10.6,-0.041,1.434,30.15,0
MSFT,1h,75,150,trend,18.64,12.93,0.868,-13.43,4,25,40.53,21.1,38.21,1.229,-16.21,3,33.33,60.13,45.15,20.51,1.001,-16.21,7,22.28,10.6,-0.041,1.434,30.15,0
MSFT,1h,75,200,trend,16,11.14,0.764,-13.47,4,25,41.18,12.07,21.24,0.794,-20.38,3,33.33,56.98,31.91,14.88,0.771,-21.47,7,22.28,10.6,-0.041,1.434,30.15,0
MSFT,1h,75,250,trend,5.47,3.86,0.357,-14.97,4,25,42.9,13.92,24.64,1.541,-6.45,1,100,30.11,9.89,4.84,0.371,-17.44,6,22.28,10.6,-0.041,1.434,30.15,1
MSFT,1h,75,300,trend,4.39,3.1,0.312,-10.44,3,33.33,38.35,15.3,27.22,1.687,-6.45,1,100,30.02,11.24,5.48,0.417,-17.23,5,22.28,10.6,-0.041,1.434,30.15,1
MSFT,1h,100,2,dip,-12.73,-9.24,-0.481,-18.56,28,64.29,47.91,6.25,10.8,0.73,-17.86,15,93.33,27.44,-10.68,-5.5,-0.238,-26.71,44,22.28,10.6,-0.041,1.434,30.15,0
MSFT,1h,100,3,dip,-13.54,-9.84,-0.519,-19.49,22,59.09,48.03,6.95,12.02,0.8,-17.86,13,92.31,27.44,-10.16,-5.22,-0.221,-25.99,36,22.28,10.6,-0.041,1.434,30.15,0
MSFT,1h,100,4,dip,-11,-7.96,-0.397,-18.26,20,60,48.03,2.92,4.98,0.385,-18.84,13,84.62,27.34,-10.6,-5.46,-0.234,-26.61,34,22.28,10.6,-0.041,1.434,30.15,0
MSFT,1h,100,5,dip,-11.42,-8.27,-0.418,-19.41,19,57.89,47.7,3.72,6.37,0.471,-17.86,12,91.67,26.86,-10.33,-5.31,-0.226,-26.87,32,22.28,10.6,-0.041,1.434,30.15,0
MSFT,1h,100,7,dip,-11.73,-8.5,-0.426,-19.64,18,55.56,47.91,6.31,10.9,0.761,-16.93,9,88.89,24.47,-9.62,-4.94,-0.201,-27.55,28,22.28,10.6,-0.041,1.434,30.15,0
MSFT,1h,100,9,dip,-5.07,-3.64,-0.128,-15.44,17,58.82,47.95,8.08,14.04,0.954,-17.03,9,88.89,24.09,0.03,0.02,0.088,-21.82,27,22.28,10.6,-0.041,1.434,30.15,0
MSFT,1h,100,12,dip,-5.79,-4.16,-0.155,-16.1,15,53.33,48.44,10.95,19.2,1.232,-16.88,9,88.89,23.8,1.88,0.94,0.141,-23.27,25,22.28,10.6,-0.041,1.434,30.15,0
MSFT,1h,100,15,dip,-8.44,-6.08,-0.27,-17.92,13,46.15,49.06,14.21,25.18,1.575,-16.37,8,87.5,22.37,3.15,1.56,0.176,-24.95,22,22.28,10.6,-0.041,1.434,30.15,1
MSFT,1h,100,20,dip,-8.1,-5.84,-0.254,-16.69,13,61.54,49.47,13.61,24.07,1.534,-15.62,7,85.71,21.13,2.86,1.42,0.168,-23.63,21,22.28,10.6,-0.041,1.434,30.15,1
MSFT,1h,100,25,dip,-4.08,-2.92,-0.08,-13.78,11,54.55,49.38,11.26,19.76,1.301,-14.86,8,87.5,20.17,5.49,2.71,0.24,-20.16,20,22.28,10.6,-0.041,1.434,30.15,0
MSFT,1h,100,30,dip,-3.36,-2.4,-0.049,-14.15,11,54.55,49.59,10.69,18.72,1.279,-14.72,6,83.33,19.12,7.43,3.66,0.292,-20.48,18,22.28,10.6,-0.041,1.434,30.15,0
MSFT,1h,100,40,dip,-2.51,-1.8,-0.013,-12.97,12,75,49.92,10.61,18.59,1.276,-14.78,5,80,17.97,10.32,5.04,0.366,-17.57,18,22.28,10.6,-0.041,1.434,30.15,0
MSFT,1h,100,50,dip,-2.11,-1.51,0.003,-15.66,11,72.73,50.82,3.18,5.44,0.446,-14.19,3,66.67,17.11,1.61,0.8,0.134,-19.65,15,22.28,10.6,-0.041,1.434,30.15,0
MSFT,1h,100,60,dip,-10.07,-7.28,-0.296,-20.99,11,63.64,51.03,0.58,0.98,0.139,-12.96,2,50,16.83,-9.72,-4.99,-0.179,-26.48,13,22.28,10.6,-0.041,1.434,30.15,0
MSFT,1h,100,75,dip,-15.55,-11.33,-0.491,-26.67,9,66.67,51.07,-1.91,-3.2,-0.172,-12.97,1,0,15.97,-14.02,-7.28,-0.286,-32.1,10,22.28,10.6,-0.041,1.434,30.15,0
MSFT,1h,100,125,trend,16.15,11.25,0.772,-13.98,4,25,40.53,20.1,36.29,1.183,-17.22,3,33.33,59.66,39.83,18.28,0.912,-17.22,7,22.28,10.6,-0.041,1.434,30.15,0
MSFT,1h,100,150,trend,13.3,9.29,0.655,-14.85,4,25,40.98,14.06,24.9,0.892,-20.72,3,33.33,57.55,31.2,14.57,0.758,-20.72,7,22.28,10.6,-0.041,1.434,30.15,0
MSFT,1h,100,200,trend,5.41,3.82,0.356,-14.25,4,25,42.08,5.2,8.95,0.496,-17.48,2,50,55.16,10.08,4.93,0.377,-17.94,6,22.28,10.6,-0.041,1.434,30.15,0
MSFT,1h,100,250,trend,5.46,3.86,0.351,-13.84,4,50,44.42,12.56,22.15,1.443,-6.45,1,100,29.92,10.93,5.33,0.399,-17.29,6,22.28,10.6,-0.041,1.434,30.15,1
MSFT,1h,100,300,trend,4.79,3.39,0.338,-9.68,3,33.33,39.46,12.56,22.15,1.443,-6.45,1,100,29.92,7.41,3.65,0.307,-18.35,5,22.28,10.6,-0.041,1.434,30.15,1
MSFT,1h,125,2,dip,-9.22,-6.65,-0.313,-15.1,32,62.5,48.44,6.21,10.72,0.75,-16.93,17,94.12,23.71,-4.05,-2.05,-0.031,-22.17,53,22.28,10.6,-0.041,1.434,30.15,0
MSFT,1h,125,3,dip,-8.53,-6.15,-0.279,-16.11,27,59.26,48.48,4.47,7.66,0.566,-16.93,14,92.86,22.85,-6.68,-3.4,-0.109,-24.27,44,22.28,10.6,-0.041,1.434,30.15,0
MSFT,1h,125,4,dip,-9.24,-6.67,-0.311,-17.03,23,60.87,48.65,4.39,7.54,0.559,-16.93,12,91.67,22.28,-6.68,-3.41,-0.109,-24.16,38,22.28,10.6,-0.041,1.434,30.15,0
MSFT,1h,125,5,dip,-10.05,-7.26,-0.347,-18.08,21,57.14,48.77,5.15,8.86,0.638,-16.78,11,90.91,21.89,-6.02,-3.06,-0.089,-24.78,35,22.28,10.6,-0.041,1.434,30.15,0
MSFT,1h,125,7,dip,-7.99,-5.76,-0.253,-17.6,19,57.89,48.89,7.3,12.65,0.864,-16.78,10,90,21.61,-3.14,-1.59,-0.003,-24.1,30,22.28,10.6,-0.041,1.434,30.15,0
MSFT,1h,125,9,dip,-10.88,-7.87,-0.376,-19.92,16,56.25,49.3,6.12,10.57,0.754,-16.3,10,80,20.36,-6.66,-3.39,-0.107,-28.48,27,22.28,10.6,-0.041,1.434,30.15,0
MSFT,1h,125,12,dip,-8.3,-5.98,-0.262,-16.79,12,50,49.34,8.17,14.2,0.984,-16.27,8,87.5,19.12,-2.31,-1.16,0.022,-24.81,21,22.28,10.6,-0.041,1.434,30.15,0
MSFT,1h,125,15,dip,-8.05,-5.8,-0.25,-16.85,12,58.33,49.47,13.08,23.1,1.507,-15.99,7,85.71,18.74,2.97,1.48,0.171,-23.61,20,22.28,10.6,-0.041,1.434,30.15,1
MSFT,1h,125,20,dip,-7.67,-5.52,-0.234,-16.46,12,58.33,49.55,12.56,22.15,1.436,-14.86,5,80,18.16,4.98,2.47,0.226,-21.38,18,22.28,10.6,-0.041,1.434,30.15,1
MSFT,1h,125,25,dip,-3.77,-2.7,-0.067,-14.86,11,63.64,49.84,8.29,14.42,1.017,-14.72,4,75,18.07,5.73,2.83,0.246,-18.11,16,22.28,10.6,-0.041,1.434,30.15,0
MSFT,1h,125,30,dip,-7.44,-5.36,-0.22,-15.01,11,63.64,49.79,6.43,11.12,0.805,-14.72,4,75,18.55,0.05,0.03,0.091,-19.35,18,22.28,10.6,-0.041,1.434,30.15,0
MSFT,1h,125,40,dip,-4.39,-3.15,-0.092,-15.71,10,70,50.08,4.6,7.9,0.593,-14.13,4,75,18.55,-0.44,-0.22,0.077,-22.11,14,22.28,10.6,-0.041,1.434,30.15,0
MSFT,1h,125,50,dip,-15.47,-11.27,-0.487,-25.08,9,66.67,50.16,5.28,9.09,0.676,-12.89,3,66.67,17.21,-9.4,-4.83,-0.15,-30.29,12,22.28,10.6,-0.041,1.434,30.15,0
MSFT,1h,125,60,dip,-15.01,-10.93,-0.469,-26.3,9,66.67,50.29,-1.26,-2.11,-0.089,-12.97,2,50,16.25,-12.9,-6.68,-0.253,-31.75,11,22.28,10.6,-0.041,1.434,30.15,0
MSFT,1h,125,75,dip,-20.67,-15.2,-0.709,-29.88,6,66.67,50.29,1.12,1.9,0.205,-12.75,2,50,16.54,-15.83,-8.27,-0.338,-34.76,8,22.28,10.6,-0.041,1.434,30.15,0
MSFT,1h,125,100,dip,-18.77,-13.75,-0.632,-26.89,5,60,49.26,1.97,3.35,0.298,-12.44,2,50,18.26,-12.22,-6.32,-0.23,-31.97,7,22.28,10.6,-0.041,1.434,30.15,0
MSFT,1h,125,150,trend,4.19,2.96,0.291,-14.73,4,25,41.39,5.83,10.05,0.542,-17.41,2,50,54.59,6.83,3.37,0.285,-19.6,6,22.28,10.6,-0.041,1.434,30.15,0
MSFT,1h,125,200,trend,4.28,3.03,0.29,-14.58,5,40,44.75,1.75,2.98,0.243,-17.93,2,50,54.59,7.51,3.69,0.303,-17.93,7,22.28,10.6,-0.041,1.434,30.15,0
MSFT,1h,125,250,trend,3.53,2.5,0.253,-13.37,4,50,45.73,12.39,21.84,1.426,-6.45,1,100,29.83,5.93,2.93,0.259,-19.79,6,22.28,10.6,-0.041,1.434,30.15,0
MSFT,1h,125,300,trend,7.81,5.5,0.504,-9.3,2,50,40.03,11.85,20.84,1.371,-6.45,1,100,29.73,12.39,6.02,0.456,-17.19,4,22.28,10.6,-0.041,1.434,30.15,0
MSFT,1h,150,2,dip,-13,-9.43,-0.488,-20.1,29,75.86,48.36,11.13,19.54,1.225,-16.78,12,91.67,21.41,-4.59,-2.33,-0.045,-27.31,41,22.28,10.6,-0.041,1.434,30.15,0
MSFT,1h,150,3,dip,-11.85,-8.59,-0.431,-20.31,22,68.18,48.69,11.37,19.96,1.25,-16.78,10,90,21.03,-3.75,-1.9,-0.019,-27.36,33,22.28,10.6,-0.041,1.434,30.15,0
MSFT,1h,150,4,dip,-9.66,-6.98,-0.334,-18.26,22,68.18,48.61,12.13,21.36,1.325,-16.3,10,90,20.84,-1.2,-0.6,0.054,-25.04,33,22.28,10.6,-0.041,1.434,30.15,0
MSFT,1h,150,5,dip,-14.8,-10.77,-0.569,-20.94,17,58.82,48.73,7.92,13.75,0.918,-16.3,9,88.89,19.98,-9.82,-5.05,-0.203,-27.98,27,22.28,10.6,-0.041,1.434,30.15,0
MSFT,1h,150,7,dip,-14.27,-10.38,-0.541,-20.04,13,53.85,48.52,5.87,10.12,0.712,-16.3,7,85.71,19.31,-10.08,-5.18,-0.211,-28.29,21,22.28,10.6,-0.041,1.434,30.15,0
MSFT,1h,150,9,dip,-9.49,-6.85,-0.313,-18.68,14,57.14,49.96,9.69,16.93,1.12,-16.27,7,85.71,19.5,-1.99,-1,0.033,-26.23,22,22.28,10.6,-0.041,1.434,30.15,0
MSFT,1h,150,12,dip,-8.15,-5.87,-0.254,-18.43,13,53.85,50,7.88,13.69,0.927,-15.62,6,83.33,19.31,0.42,0.21,0.101,-23.9,20,22.28,10.6,-0.041,1.434,30.15,0
MSFT,1h,150,15,dip,-6.32,-4.54,-0.175,-15.68,13,53.85,49.92,8.11,14.1,0.984,-15.16,5,80,19.02,2.66,1.32,0.163,-23.06,18,22.28,10.6,-0.041,1.434,30.15,0
MSFT,1h,150,20,dip,-4.83,-3.46,-0.112,-15.69,12,75,50.04,7.39,12.81,0.881,-14.72,5,80,19.5,1.86,0.93,0.141,-20.75,17,22.28,10.6,-0.041,1.434,30.15,0
MSFT,1h,150,25,dip,-5.29,-3.79,-0.13,-15.66,10,70,49.67,5.81,10.01,0.71,-14.72,3,66.67,19.69,-0.53,-0.27,0.075,-21.98,13,22.28,10.6,-0.041,1.434,30.15,0
MSFT,1h,150,30,dip,-3.11,-2.23,-0.039,-15.74,10,70,49.79,5.18,8.91,0.644,-14.77,3,66.67,19.22,1.13,0.57,0.121,-22.23,13,22.28,10.6,-0.041,1.434,30.15,0
MSFT,1h,150,40,dip,-11.96,-8.67,-0.373,-23.85,10,60,50.41,5.43,9.35,0.683,-12.95,3,66.67,18.16,-6.5,-3.31,-0.08,-29.77,12,22.28,10.6,-0.041,1.434,30.15,0
MSFT,1h,150,50,dip,-18.15,-13.29,-0.599,-28.8,8,75,50.49,2.78,4.75,0.396,-12.89,2,50,17.59,-12.89,-6.68,-0.249,-33.87,10,22.28,10.6,-0.041,1.434,30.15,0
MSFT,1h,150,60,dip,-20.94,-15.4,-0.722,-29.91,6,66.67,50.08,5.37,9.25,0.686,-12.75,2,100,17.59,-12.58,-6.51,-0.24,-34.78,8,22.28,10.6,-0.041,1.434,30.15,0
MSFT,1h,150,75,dip,-20.26,-14.89,-0.699,-28.37,5,60,49.34,0.74,1.25,0.158,-12.7,2,50,17.88,-15.22,-7.93,-0.318,-33.34,7,22.28,10.6,-0.041,1.434,30.15,0
MSFT,1h,150,100,dip,-16.71,-12.21,-0.546,-26.28,5,60,48.56,5.76,9.92,0.718,-12.44,2,100,19.79,-6.44,-3.28,-0.069,-31.4,7,22.28,10.6,-0.041,1.434,30.15,0
MSFT,1h,150,125,dip,-9.5,-6.85,-0.218,-25.1,5,80,47.79,15.91,28.34,1.136,-12.44,1,100,21.89,14.96,7.23,0.413,-30.3,6,22.28,10.6,-0.041,1.434,30.15,0
MSFT,1h,150,200,trend,2.46,1.74,0.197,-14.61,4,25,44.01,2.66,4.53,0.311,-17.19,2,50,54.59,5,2.47,0.231,-18.84,6,22.28,10.6,-0.041,1.434,30.15,0
MSFT,1h,150,250,trend,4.31,3.05,0.292,-15.07,3,33.33,47.29,11.85,20.84,1.371,-6.45,1,100,29.73,11.05,5.39,0.405,-17.19,5,22.28,10.6,-0.041,1.434,30.15,0
MSFT,1h,150,300,trend,8.35,5.87,0.531,-9.3,2,50,40.44,12.2,21.49,1.407,-6.45,1,100,29.64,15.02,7.26,0.53,-17.19,4,22.28,10.6,-0.041,1.434,30.15,0
MSFT,1h,200,2,dip,-11.98,-8.68,-0.438,-18.55,20,75,49.88,3.8,6.5,0.489,-16.3,11,90.91,20.46,-10.97,-5.65,-0.244,-27.99,29,22.28,10.6,-0.041,1.434,30.15,0
MSFT,1h,200,3,dip,-12.89,-9.36,-0.478,-19.39,19,68.42,49.92,3.67,6.29,0.476,-16.27,10,90,20.46,-11.1,-5.72,-0.245,-27.72,28,22.28,10.6,-0.041,1.434,30.15,0
MSFT,1h,200,4,dip,-13.13,-9.53,-0.489,-19.55,18,72.22,50.16,2.48,4.23,0.353,-16.26,8,87.5,20.75,-11.62,-6,-0.262,-28.91,25,22.28,10.6,-0.041,1.434,30.15,0
MSFT,1h,200,5,dip,-14.03,-10.2,-0.527,-19.94,17,70.59,50.33,0.39,0.66,0.118,-15.97,6,83.33,20.36,-13.76,-7.15,-0.33,-30.1,23,22.28,10.6,-0.041,1.434,30.15,0
MSFT,1h,200,7,dip,-14.39,-10.47,-0.544,-19.88,13,76.92,50.08,0.09,0.16,0.087,-15.62,4,75,20.75,-15.28,-7.97,-0.375,-28.85,17,22.28,10.6,-0.041,1.434,30.15,0
MSFT,1h,200,9,dip,-14.52,-10.57,-0.55,-19.73,10,70,49.88,1.97,3.34,0.292,-15.15,3,66.67,20.55,-13.14,-6.81,-0.305,-27.79,13,22.28,10.6,-0.041,1.434,30.15,0
MSFT,1h,200,12,dip,-12.27,-8.9,-0.444,-17.48,10,60,49.84,4.21,7.22,0.538,-14.86,3,66.67,20.36,-8.31,-4.25,-0.154,-25.03,13,22.28,10.6,-0.041,1.434,30.15,0
MSFT,1h,200,15,dip,-12.56,-9.11,-0.457,-17.91,12,75,49.84,4.02,6.9,0.518,-14.72,3,66.67,20.27,-9.31,-4.78,-0.185,-25.65,15,22.28,10.6,-0.041,1.434,30.15,0
MSFT,1h,200,20,dip,-11.14,-8.06,-0.388,-17.84,8,62.5,49.51,5.11,8.79,0.638,-14.72,3,66.67,20.08,-6.49,-3.31,-0.098,-25.18,11,22.28,10.6,-0.041,1.434,30.15,0
MSFT,1h,200,25,dip,-10.95,-7.92,-0.378,-17.72,8,62.5,49.79,2.71,4.62,0.382,-14.13,3,66.67,18.93,-7.02,-3.58,-0.113,-25.11,10,22.28,10.6,-0.041,1.434,30.15,0
MSFT,1h,200,30,dip,-20.7,-15.22,-0.715,-28.12,6,66.67,49.79,2.11,3.59,0.317,-12.93,2,50,18.74,-15.96,-8.34,-0.341,-33.4,8,22.28,10.6,-0.041,1.434,30.15,0
MSFT,1h,200,40,dip,-22.35,-16.48,-0.791,-29.21,5,60,49.18,2.79,4.75,0.393,-12.97,2,50,18.74,-16.25,-8.5,-0.35,-34.13,7,22.28,10.6,-0.041,1.434,30.15,0
MSFT,1h,200,50,dip,-21.41,-15.76,-0.748,-28.87,5,60,49.18,0.67,1.14,0.15,-12.77,2,50,18.93,-15.45,-8.06,-0.323,-33.82,7,22.28,10.6,-0.041,1.434,30.15,0
MSFT,1h,200,60,dip,-18.84,-13.81,-0.634,-27.09,5,60,49.14,3.54,6.06,0.469,-12.5,2,50,19.89,-10.98,-5.66,-0.193,-32.15,7,22.28,10.6,-0.041,1.434,30.15,0
MSFT,1h,200,75,dip,-18.83,-13.8,-0.634,-26.65,5,60,48.93,6.02,10.38,0.739,-12.44,2,100,20.55,-7.14,-3.64,-0.087,-31.74,7,22.28,10.6,-0.041,1.434,30.15,0
MSFT,1h,200,100,dip,-9.83,-7.1,-0.228,-25.1,5,80,47.83,16,28.52,1.142,-12.44,1,100,21.8,12.46,6.06,0.366,-30.3,6,22.28,10.6,-0.041,1.434,30.15,0
MSFT,1h,200,125,dip,-10.48,-7.58,-0.254,-25.1,6,83.33,46.92,18.47,33.18,1.281,-12.44,1,100,21.61,13.09,6.36,0.378,-30.3,7,22.28,10.6,-0.041,1.434,30.15,0
MSFT,1h,200,150,dip,-11.37,-8.24,-0.294,-25.1,4,75,43.89,17.4,31.14,1.221,-12.44,1,100,21.41,12.64,6.14,0.37,-30.3,5,22.28,10.6,-0.041,1.434,30.15,0
MSFT,1h,200,250,trend,4.12,2.92,0.281,-15.84,3,33.33,48.32,13.04,23.02,1.502,-6.45,1,100,29.45,7.37,3.63,0.3,-17.19,5,22.28,10.6,-0.041,1.434,30.15,1
MSFT,1h,200,300,trend,17.01,11.83,1.12,-9.3,1,100,38.84,11.94,21.01,1.393,-6.45,1,100,29.35,21.78,10.37,0.775,-17.19,3,22.28,10.6,-0.041,1.434,30.15,0
MSFT,1h,250,2,dip,-14.25,-10.36,-0.548,-18.64,18,61.11,47.17,-1.36,-2.28,-0.081,-15.62,5,80,20.17,-13.98,-7.26,-0.339,-27.72,24,22.28,10.6,-0.041,1.434,30.15,0
MSFT,1h,250,3,dip,-16.42,-11.98,-0.648,-20.62,14,50,47.25,-2.11,-3.54,-0.168,-15.62,3,66.67,20.17,-16.92,-8.86,-0.435,-29.32,18,22.28,10.6,-0.041,1.434,30.15,0
MSFT,1h,250,4,dip,-17.16,-12.54,-0.686,-20.69,11,54.55,47.13,-1.59,-2.66,-0.108,-15.16,3,66.67,20.08,-18.66,-9.83,-0.496,-30.24,14,22.28,10.6,-0.041,1.434,30.15,0
MSFT,1h,250,5,dip,-16.71,-12.2,-0.663,-19.49,10,60,47.21,-1.06,-1.79,-0.048,-14.87,3,66.67,19.79,-15.96,-8.34,-0.403,-28.33,13,22.28,10.6,-0.041,1.434,30.15,0
MSFT,1h,250,7,dip,-15.48,-11.28,-0.603,-18.85,9,66.67,46.96,0.2,0.33,0.096,-14.87,3,66.67,19.6,-14.71,-7.66,-0.361,-27.95,12,22.28,10.6,-0.041,1.434,30.15,0
MSFT,1h,250,9,dip,-16.05,-11.71,-0.63,-19.78,9,66.67,46.96,-0.77,-1.3,-0.015,-14.72,2,50,19.41,-15.72,-8.21,-0.394,-28.91,12,22.28,10.6,-0.041,1.434,30.15,0
MSFT,1h,250,12,dip,-16.66,-12.16,-0.658,-19.55,7,57.14,47.09,-1.37,-2.3,-0.083,-14.72,2,50,19.31,-14.22,-7.39,-0.339,-26.45,10,22.28,10.6,-0.041,1.434,30.15,0
MSFT,1h,250,15,dip,-17.45,-12.76,-0.696,-19.97,6,33.33,47.58,-2.16,-3.62,-0.176,-14.73,2,50,19.22,-14.35,-7.47,-0.344,-26.28,9,22.28,10.6,-0.041,1.434,30.15,0
MSFT,1h,250,20,dip,-14.03,-10.2,-0.527,-19.31,6,50,47.58,-0.08,-0.14,0.064,-14.15,2,50,19.41,-10.68,-5.5,-0.226,-26,8,22.28,10.6,-0.041,1.434,30.15,0
MSFT,1h,250,25,dip,-24.21,-17.91,-0.885,-28.95,6,66.67,47.25,4.29,7.36,0.561,-12.89,2,50,19.5,-17.42,-9.14,-0.388,-33.89,8,22.28,10.6,-0.041,1.434,30.15,0
MSFT,1h,250,30,dip,-24.12,-17.84,-0.882,-28.87,4,50,46.88,4.46,7.66,0.58,-12.97,2,50,19.5,-15.77,-8.24,-0.338,-33.82,6,22.28,10.6,-0.041,1.434,30.15,0
MSFT,1h,250,40,dip,-22.87,-16.87,-0.824,-28.06,4,50,46.51,2.64,4.51,0.371,-12.68,2,50,20.08,-5.15,-2.61,-0.008,-33.06,6,22.28,10.6,-0.041,1.434,30.15,0
MSFT,1h,250,50,dip,-19.47,-14.29,-0.672,-25.62,4,50,46.27,18.92,34.03,1.322,-12.44,2,100,20.55,1.97,0.98,0.154,-30.78,6,22.28,10.6,-0.041,1.434,30.15,0
MSFT,1h,250,60,dip,-21.42,-15.77,-0.758,-27.57,5,60,45.98,17.88,32.05,1.259,-12.44,2,100,20.94,-1.07,-0.54,0.087,-32.6,7,22.28,10.6,-0.041,1.434,30.15,0
MSFT,1h,250,75,dip,-12.6,-9.14,-0.335,-25.1,4,75,45.41,16,28.52,1.142,-12.44,1,100,21.8,9.25,4.53,0.305,-30.3,5,22.28,10.6,-0.041,1.434,30.15,0
MSFT,1h,250,100,dip,-11.7,-8.48,-0.306,-25.1,4,75,43.81,17.01,30.42,1.198,-12.44,1,100,21.51,9.34,4.57,0.306,-30.3,5,22.28,10.6,-0.041,1.434,30.15,0
MSFT,1h,250,125,dip,-10.38,-7.5,-0.257,-25.1,4,75,42.33,14.42,25.56,1.048,-12.44,1,100,21.03,14.09,6.82,0.397,-30.3,5,22.28,10.6,-0.041,1.434,30.15,0
MSFT,1h,250,150,dip,-12.84,-9.32,-0.351,-25.1,3,66.67,40.61,16.86,30.13,1.2,-10.74,1,100,20.27,6.63,3.27,0.253,-30.3,4,22.28,10.6,-0.041,1.434,30.15,0
MSFT,1h,250,200,dip,-12.69,-9.2,-0.347,-25.1,3,66.67,39.58,20.77,37.58,1.436,-7.4,1,100,19.31,10.28,5.02,0.325,-30.3,4,22.28,10.6,-0.041,1.434,30.15,1
MSFT,1h,250,300,trend,12.9,9.02,0.856,-10.4,1,100,38.93,11.94,21.01,1.393,-6.45,1,100,29.35,11.56,5.63,0.478,-19.06,3,22.28,10.6,-0.041,1.434,30.15,0
MSFT,1h,300,2,dip,-11.95,-8.66,-0.438,-17.1,15,80,45.12,-1.24,-2.09,-0.069,-14.84,4,75,19.79,-5.14,-2.61,-0.059,-22.86,23,22.28,10.6,-0.041,1.434,30.15,0
MSFT,1h,300,3,dip,-12.73,-9.24,-0.474,-16.84,13,69.23,45.08,-1.77,-2.98,-0.132,-14.72,3,66.67,19.5,-5.88,-2.99,-0.08,-22.62,20,22.28,10.6,-0.041,1.434,30.15,0
MSFT,1h,300,4,dip,-13.89,-10.1,-0.53,-17.18,11,63.64,45.04,-0.89,-1.5,-0.028,-14.72,2,50,19.5,-8.84,-4.53,-0.171,-22.94,16,22.28,10.6,-0.041,1.434,30.15,0
MSFT,1h,300,5,dip,-14.32,-10.42,-0.55,-17.74,10,70,45.16,-0.67,-1.12,-0.003,-14.72,2,50,19.41,-11.09,-5.72,-0.241,-24.32,13,22.28,10.6,-0.041,1.434,30.15,0
MSFT,1h,300,7,dip,-14.4,-10.48,-0.554,-17.54,9,66.67,45.16,-0.7,-1.18,-0.007,-14.72,2,50,19.31,-11.23,-5.79,-0.245,-24.32,12,22.28,10.6,-0.041,1.434,30.15,0
MSFT,1h,300,9,dip,-14.21,-10.33,-0.545,-17.44,8,62.5,45.16,-1.42,-2.38,-0.089,-14.73,2,50,19.31,-10.72,-5.52,-0.229,-23.91,11,22.28,10.6,-0.041,1.434,30.15,0
MSFT,1h,300,12,dip,-13.81,-10.04,-0.528,-17.2,8,62.5,45.24,-0.52,-0.88,0.014,-14.15,2,50,19.22,-10.2,-5.25,-0.214,-23.87,11,22.28,10.6,-0.041,1.434,30.15,0
MSFT,1h,300,15,dip,-20.72,-15.23,-0.789,-24.31,7,57.14,45.41,0.99,1.68,0.186,-12.93,2,50,19.41,-17.15,-8.99,-0.405,-30.15,10,22.28,10.6,-0.041,1.434,30.15,0
MSFT,1h,300,20,dip,-22.33,-16.46,-0.803,-26.89,6,66.67,45.65,1.22,2.06,0.212,-12.89,2,50,19.69,-16.64,-8.71,-0.364,-31.97,8,22.28,10.6,-0.041,1.434,30.15,0
MSFT,1h,300,25,dip,-21.7,-15.98,-0.775,-25.9,6,66.67,45.49,4.24,7.28,0.553,-12.77,2,100,19.69,-3.28,-1.66,0.035,-31.05,8,22.28,10.6,-0.041,1.434,30.15,0
MSFT,1h,300,30,dip,-21.96,-16.18,-0.787,-26.84,6,66.67,45.16,17.29,30.94,1.233,-12.68,2,50,19.79,-5.13,-2.6,-0.008,-31.93,8,22.28,10.6,-0.041,1.434,30.15,0
MSFT,1h,300,40,dip,-19.92,-14.62,-0.696,-25.89,5,60,44.26,18.32,32.89,1.285,-12.44,2,100,20.55,-1.73,-0.87,0.071,-31.04,7,22.28,10.6,-0.041,1.434,30.15,0
MSFT,1h,300,50,dip,-11.17,-8.09,-0.283,-25.1,4,75,44.26,19.29,34.73,1.343,-12.44,2,100,20.84,12.29,5.98,0.363,-30.3,6,22.28,10.6,-0.041,1.434,30.15,0
MSFT,1h,300,60,dip,-8.56,-6.17,-0.188,-25.1,4,75,43.97,15.64,27.84,1.12,-12.44,1,100,21.7,11.63,5.66,0.351,-30.3,5,22.28,10.6,-0.041,1.434,30.15,0
MSFT,1h,300,75,dip,-11.49,-8.32,-0.296,-25.1,4,75,43.31,14.23,25.22,1.039,-12.44,1,100,21.41,8.18,4.01,0.284,-30.3,5,22.28,10.6,-0.041,1.434,30.15,0
MSFT,1h,300,100,dip,-12.13,-8.79,-0.323,-25.1,4,75,41.35,13.32,23.53,0.982,-12.47,1,100,20.75,11.66,5.68,0.352,-30.3,5,22.28,10.6,-0.041,1.434,30.15,0
MSFT,1h,300,125,dip,-12.47,-9.04,-0.337,-25.1,3,66.67,40.4,16.49,29.43,1.178,-10.74,1,100,19.98,9.36,4.58,0.307,-30.3,4,22.28,10.6,-0.041,1.434,30.15,0
MSFT,1h,300,150,dip,-13.1,-9.51,-0.362,-25.14,3,66.67,39.75,20.44,36.94,1.418,-7.4,1,100,19.41,6.62,3.26,0.253,-30.34,4,22.28,10.6,-0.041,1.434,30.15,0
MSFT,1h,300,200,dip,-18.44,-13.5,-0.589,-25.53,2,50,37.16,24,43.86,1.628,-6.55,1,100,18.55,2.07,1.03,0.16,-30.71,3,22.28,10.6,-0.041,1.434,30.15,1
MSFT,1h,300,250,dip,-15.88,-11.58,-0.488,-22.82,2,50,36.79,23.36,42.61,1.608,-6.3,1,100,17.21,10.89,5.31,0.334,-28.18,3,22.28,10.6,-0.041,1.434,30.15,1
