family,strategy,coin,period,from,to,cagr,vol,sharpe,max_dd,exposure,trades,years
Buy and hold,Buy and hold,BTC-USD,in,2016-07-19,2021-12-31,117.013,78.906,1.38,-83.802,100.0,1,5.454
Buy and hold,Buy and hold,BTC-USD,out,2022-01-01,2026-10-02,13.541,50.804,0.504,-66.983,100.0,1,4.753
Buy and hold,Buy and hold,BTC-USD,post_paper,2025-04-01,2026-10-02,1.579,42.262,0.248,-53.076,100.0,1,1.506
Buy and hold,Buy and hold,ETH-USD,in,2017-05-18,2021-12-31,124.76,106.531,1.296,-94.012,100.0,1,4.624
Buy and hold,Buy and hold,ETH-USD,out,2022-01-01,2026-10-02,-6.519,68.875,0.245,-74.049,100.0,1,4.753
Buy and hold,Buy and hold,ETH-USD,post_paper,2025-04-01,2026-10-02,28.827,68.554,0.707,-67.603,100.0,1,1.506
Buy and hold,Buy and hold,LTC-USD,in,2017-08-17,2021-12-31,31.709,115.812,0.803,-93.645,100.0,1,4.375
Buy and hold,Buy and hold,LTC-USD,out,2022-01-01,2026-10-02,-14.382,74.005,0.161,-72.983,100.0,1,4.753
Buy and hold,Buy and hold,LTC-USD,post_paper,2025-04-01,2026-10-02,-10.763,63.212,0.138,-68.803,100.0,1,1.506
Buy and hold,Buy and hold,BCH-USD,in,2018-12-20,2021-12-31,49.757,120.382,0.922,-74.294,100.0,1,3.034
Buy and hold,Buy and hold,BCH-USD,out,2022-01-01,2026-10-02,-6.559,85.194,0.326,-80.097,100.0,1,4.753
Buy and hold,Buy and hold,BCH-USD,post_paper,2025-04-01,2026-10-02,1.782,75.773,0.391,-70.921,100.0,1,1.506
Buy and hold,Buy and hold,LINK-USD,in,2020-06-26,2021-12-31,151.71,138.289,1.359,-73.741,100.0,1,1.517
Buy and hold,Buy and hold,LINK-USD,out,2022-01-01,2026-10-02,-7.037,86.391,0.346,-81.655,100.0,1,4.753
Buy and hold,Buy and hold,LINK-USD,post_paper,2025-04-01,2026-10-02,1.416,76.983,0.402,-73.145,100.0,1,1.506
Buy and hold,Buy and hold,SOL-USD,out,2022-06-17,2026-10-02,37.61,89.712,0.806,-79.327,100.0,1,4.296
Buy and hold,Buy and hold,SOL-USD,post_paper,2025-04-01,2026-10-02,-3.183,70.318,0.305,-74.895,100.0,1,1.506
Buy and hold,Buy and hold,ADA-USD,out,2022-03-18,2026-10-02,-23.711,88.174,0.113,-88.326,100.0,1,4.545
Buy and hold,Buy and hold,ADA-USD,post_paper,2025-04-01,2026-10-02,-48.37,76.86,-0.476,-85.071,100.0,1,1.506
Buy and hold,Buy and hold,DOGE-USD,out,2022-06-03,2026-10-02,2.723,89.11,0.465,-85.215,100.0,1,4.334
Buy and hold,Buy and hold,DOGE-USD,post_paper,2025-04-01,2026-10-02,-32.148,79.201,-0.097,-76.16,100.0,1,1.506
Buy and hold,Buy and hold,AVAX-USD,out,2022-09-30,2026-10-02,-11.171,87.253,0.298,-90.293,100.0,1,4.008
Buy and hold,Buy and hold,AVAX-USD,post_paper,2025-04-01,2026-10-02,-30.781,80.696,-0.05,-83.267,100.0,1,1.506
Time-series momentum,TSMOM 10d,BTC-USD,in,2016-07-19,2021-12-31,129.991,55.538,1.773,-46.807,57.53,132,5.454
Time-series momentum,TSMOM 10d,BTC-USD,out,2022-01-01,2026-10-02,0.881,33.427,0.192,-52.86,52.535,141,4.753
Time-series momentum,TSMOM 10d,BTC-USD,post_paper,2025-04-01,2026-10-02,-1.878,26.682,0.061,-31.209,52.182,39,1.506
Time-series momentum,TSMOM 10d,ETH-USD,in,2017-05-18,2021-12-31,203.534,78.129,1.804,-61.822,56.72,108,4.624
Time-series momentum,TSMOM 10d,ETH-USD,out,2022-01-01,2026-10-02,-2.26,46.398,0.179,-64.139,49.078,133,4.753
Time-series momentum,TSMOM 10d,ETH-USD,post_paper,2025-04-01,2026-10-02,4.015,47.897,0.314,-64.139,52.0,51,1.506
Time-series momentum,TSMOM 10d,LTC-USD,in,2017-08-17,2021-12-31,85.02,83.959,1.123,-64.672,51.001,102,4.375
Time-series momentum,TSMOM 10d,LTC-USD,out,2022-01-01,2026-10-02,-20.608,52.291,-0.181,-73.969,49.309,133,4.753
Time-series momentum,TSMOM 10d,LTC-USD,post_paper,2025-04-01,2026-10-02,-19.574,43.279,-0.284,-64.235,48.727,40,1.506
Time-series momentum,TSMOM 10d,BCH-USD,in,2018-12-20,2021-12-31,102.367,93.84,1.18,-52.206,51.444,81,3.034
Time-series momentum,TSMOM 10d,BCH-USD,out,2022-01-01,2026-10-02,-26.006,64.417,-0.172,-83.652,47.869,151,4.753
Time-series momentum,TSMOM 10d,BCH-USD,post_paper,2025-04-01,2026-10-02,-28.837,55.437,-0.351,-65.505,53.091,46,1.506
Time-series momentum,TSMOM 10d,LINK-USD,in,2020-06-26,2021-12-31,113.131,95.66,1.259,-57.993,56.318,39,1.517
Time-series momentum,TSMOM 10d,LINK-USD,out,2022-01-01,2026-10-02,-15.087,61.261,0.036,-75.674,48.906,135,4.753
Time-series momentum,TSMOM 10d,LINK-USD,post_paper,2025-04-01,2026-10-02,-14.655,54.928,-0.012,-71.19,49.818,44,1.506
Time-series momentum,TSMOM 10d,SOL-USD,out,2022-06-17,2026-10-02,28.127,62.904,0.701,-65.058,51.37,112,4.296
Time-series momentum,TSMOM 10d,SOL-USD,post_paper,2025-04-01,2026-10-02,-10.516,44.447,-0.028,-54.267,51.636,39,1.506
Time-series momentum,TSMOM 10d,ADA-USD,out,2022-03-18,2026-10-02,-18.213,55.777,-0.083,-86.078,45.06,122,4.545
Time-series momentum,TSMOM 10d,ADA-USD,post_paper,2025-04-01,2026-10-02,-47.03,46.786,-1.121,-78.205,42.909,43,1.506
Time-series momentum,TSMOM 10d,DOGE-USD,out,2022-06-03,2026-10-02,-5.34,66.375,0.235,-73.122,47.063,139,4.334
Time-series momentum,TSMOM 10d,DOGE-USD,post_paper,2025-04-01,2026-10-02,-37.139,52.418,-0.623,-69.518,43.273,50,1.506
Time-series momentum,TSMOM 10d,AVAX-USD,out,2022-09-30,2026-10-02,25.408,61.842,0.667,-73.524,45.56,108,4.008
Time-series momentum,TSMOM 10d,AVAX-USD,post_paper,2025-04-01,2026-10-02,-31.149,53.324,-0.438,-62.063,44.545,47,1.506
Time-series momentum,TSMOM 20d,BTC-USD,in,2016-07-19,2021-12-31,148.841,55.95,1.906,-44.596,59.237,79,5.454
Time-series momentum,TSMOM 20d,BTC-USD,out,2022-01-01,2026-10-02,10.635,33.531,0.468,-50.297,51.671,100,4.753
Time-series momentum,TSMOM 20d,BTC-USD,post_paper,2025-04-01,2026-10-02,3.226,26.396,0.251,-33.024,50.182,36,1.506
Time-series momentum,TSMOM 20d,ETH-USD,in,2017-05-18,2021-12-31,199.602,78.807,1.781,-58.333,56.602,78,4.624
Time-series momentum,TSMOM 20d,ETH-USD,out,2022-01-01,2026-10-02,-5.017,45.084,0.109,-66.014,46.429,103,4.753
Time-series momentum,TSMOM 20d,ETH-USD,post_paper,2025-04-01,2026-10-02,47.378,47.791,1.041,-43.206,51.818,38,1.506
Time-series momentum,TSMOM 20d,LTC-USD,in,2017-08-17,2021-12-31,76.059,89.297,1.06,-71.475,51.314,59,4.375
Time-series momentum,TSMOM 20d,LTC-USD,out,2022-01-01,2026-10-02,-17.545,51.458,-0.117,-74.064,48.157,88,4.753
Time-series momentum,TSMOM 20d,LTC-USD,post_paper,2025-04-01,2026-10-02,4.62,44.067,0.324,-56.561,47.455,32,1.506
Time-series momentum,TSMOM 20d,BCH-USD,in,2018-12-20,2021-12-31,12.419,90.608,0.562,-59.604,51.625,62,3.034
Time-series momentum,TSMOM 20d,BCH-USD,out,2022-01-01,2026-10-02,-3.982,63.032,0.224,-63.237,46.774,95,4.753
Time-series momentum,TSMOM 20d,BCH-USD,post_paper,2025-04-01,2026-10-02,9.394,56.802,0.426,-42.835,54.364,29,1.506
Time-series momentum,TSMOM 20d,LINK-USD,in,2020-06-26,2021-12-31,174.888,105.529,1.493,-52.064,60.83,24,1.517
Time-series momentum,TSMOM 20d,LINK-USD,out,2022-01-01,2026-10-02,-23.202,60.344,-0.14,-85.471,48.099,107,4.753
Time-series momentum,TSMOM 20d,LINK-USD,post_paper,2025-04-01,2026-10-02,-8.768,51.619,0.075,-64.83,47.636,32,1.506
Time-series momentum,TSMOM 20d,SOL-USD,out,2022-06-17,2026-10-02,40.741,62.1,0.851,-58.948,50.159,86,4.296
Time-series momentum,TSMOM 20d,SOL-USD,post_paper,2025-04-01,2026-10-02,1.316,43.107,0.244,-56.321,49.273,30,1.506
Time-series momentum,TSMOM 20d,ADA-USD,out,2022-03-18,2026-10-02,-6.953,55.307,0.145,-78.674,43.253,73,4.545
Time-series momentum,TSMOM 20d,ADA-USD,post_paper,2025-04-01,2026-10-02,-21.112,45.799,-0.292,-68.636,42.182,21,1.506
Time-series momentum,TSMOM 20d,DOGE-USD,out,2022-06-03,2026-10-02,33.026,67.947,0.744,-58.595,44.093,73,4.334
Time-series momentum,TSMOM 20d,DOGE-USD,post_paper,2025-04-01,2026-10-02,-6.716,53.015,0.127,-57.273,38.0,25,1.506
Time-series momentum,TSMOM 20d,AVAX-USD,out,2022-09-30,2026-10-02,18.864,62.227,0.582,-68.901,45.697,77,4.008
Time-series momentum,TSMOM 20d,AVAX-USD,post_paper,2025-04-01,2026-10-02,-12.267,53.851,0.019,-65.558,46.0,41,1.506
Time-series momentum,TSMOM 30d,BTC-USD,in,2016-07-19,2021-12-31,118.891,57.552,1.647,-70.871,59.287,72,5.454
Time-series momentum,TSMOM 30d,BTC-USD,out,2022-01-01,2026-10-02,15.991,33.675,0.607,-42.912,53.399,81,4.753
Time-series momentum,TSMOM 30d,BTC-USD,post_paper,2025-04-01,2026-10-02,7.47,26.58,0.403,-31.934,54.182,28,1.506
Time-series momentum,TSMOM 30d,ETH-USD,in,2017-05-18,2021-12-31,155.745,80.96,1.56,-73.171,57.845,53,4.624
Time-series momentum,TSMOM 30d,ETH-USD,out,2022-01-01,2026-10-02,26.25,46.283,0.731,-45.367,48.099,66,4.753
Time-series momentum,TSMOM 30d,ETH-USD,post_paper,2025-04-01,2026-10-02,88.449,48.702,1.537,-41.96,54.545,20,1.506
Time-series momentum,TSMOM 30d,LTC-USD,in,2017-08-17,2021-12-31,53.571,89.268,0.908,-79.219,53.379,62,4.375
Time-series momentum,TSMOM 30d,LTC-USD,out,2022-01-01,2026-10-02,-31.063,51.296,-0.467,-88.67,47.235,103,4.753
Time-series momentum,TSMOM 30d,LTC-USD,post_paper,2025-04-01,2026-10-02,-20.118,43.021,-0.305,-63.465,42.727,32,1.506
Time-series momentum,TSMOM 30d,BCH-USD,in,2018-12-20,2021-12-31,43.158,92.506,0.831,-55.154,54.693,49,3.034
Time-series momentum,TSMOM 30d,BCH-USD,out,2022-01-01,2026-10-02,-13.289,61.804,0.055,-79.883,48.041,86,4.753
Time-series momentum,TSMOM 30d,BCH-USD,post_paper,2025-04-01,2026-10-02,-10.997,45.442,-0.031,-52.21,54.727,24,1.506
Time-series momentum,TSMOM 30d,LINK-USD,in,2020-06-26,2021-12-31,222.979,107.871,1.634,-51.109,60.83,13,1.517
Time-series momentum,TSMOM 30d,LINK-USD,out,2022-01-01,2026-10-02,-20.319,60.09,-0.083,-88.924,47.235,86,4.753
Time-series momentum,TSMOM 30d,LINK-USD,post_paper,2025-04-01,2026-10-02,7.253,52.323,0.39,-54.919,48.909,29,1.506
Time-series momentum,TSMOM 30d,SOL-USD,out,2022-06-17,2026-10-02,66.611,61.483,1.128,-57.587,50.223,54,4.296
Time-series momentum,TSMOM 30d,SOL-USD,post_paper,2025-04-01,2026-10-02,-8.297,46.383,0.045,-57.025,50.182,26,1.506
Time-series momentum,TSMOM 30d,ADA-USD,out,2022-03-18,2026-10-02,-17.324,53.408,-0.092,-87.479,41.446,68,4.545
Time-series momentum,TSMOM 30d,ADA-USD,post_paper,2025-04-01,2026-10-02,-24.237,44.728,-0.399,-63.277,41.455,23,1.506
Time-series momentum,TSMOM 30d,DOGE-USD,out,2022-06-03,2026-10-02,15.152,68.401,0.534,-68.269,44.662,68,4.334
Time-series momentum,TSMOM 30d,DOGE-USD,post_paper,2025-04-01,2026-10-02,-26.191,53.591,-0.299,-56.684,41.818,27,1.506
Time-series momentum,TSMOM 30d,AVAX-USD,out,2022-09-30,2026-10-02,27.703,62.266,0.701,-74.142,43.784,59,4.008
Time-series momentum,TSMOM 30d,AVAX-USD,post_paper,2025-04-01,2026-10-02,-18.742,58.563,-0.058,-68.577,46.182,28,1.506
Time-series momentum,TSMOM 60d,BTC-USD,in,2016-07-19,2021-12-31,143.883,62.644,1.733,-65.087,63.755,45,5.454
Time-series momentum,TSMOM 60d,BTC-USD,out,2022-01-01,2026-10-02,18.794,33.686,0.679,-49.286,50.346,42,4.753
Time-series momentum,TSMOM 60d,BTC-USD,post_paper,2025-04-01,2026-10-02,14.928,25.962,0.665,-27.662,49.455,9,1.506
Time-series momentum,TSMOM 60d,ETH-USD,in,2017-05-18,2021-12-31,129.971,88.605,1.387,-69.116,61.042,30,4.624
Time-series momentum,TSMOM 60d,ETH-USD,out,2022-01-01,2026-10-02,26.382,43.343,0.755,-45.113,50.691,38,4.753
Time-series momentum,TSMOM 60d,ETH-USD,post_paper,2025-04-01,2026-10-02,57.331,44.907,1.229,-36.98,49.636,7,1.506
Time-series momentum,TSMOM 60d,LTC-USD,in,2017-08-17,2021-12-31,65.962,93.165,0.99,-72.288,51.314,27,4.375
Time-series momentum,TSMOM 60d,LTC-USD,out,2022-01-01,2026-10-02,-10.835,51.357,0.034,-73.543,43.433,65,4.753
Time-series momentum,TSMOM 60d,LTC-USD,post_paper,2025-04-01,2026-10-02,13.745,42.081,0.518,-32.438,38.182,17,1.506
Time-series momentum,TSMOM 60d,BCH-USD,in,2018-12-20,2021-12-31,7.025,98.286,0.555,-79.004,52.798,31,3.034
Time-series momentum,TSMOM 60d,BCH-USD,out,2022-01-01,2026-10-02,2.017,63.007,0.321,-57.195,45.68,57,4.753
Time-series momentum,TSMOM 60d,BCH-USD,post_paper,2025-04-01,2026-10-02,9.86,56.453,0.434,-50.98,52.0,20,1.506
Time-series momentum,TSMOM 60d,LINK-USD,in,2020-06-26,2021-12-31,34.029,118.343,0.845,-73.625,71.48,17,1.517
Time-series momentum,TSMOM 60d,LINK-USD,out,2022-01-01,2026-10-02,14.911,57.857,0.522,-68.186,44.585,61,4.753
Time-series momentum,TSMOM 60d,LINK-USD,post_paper,2025-04-01,2026-10-02,38.449,51.41,0.885,-28.761,44.909,13,1.506
Time-series momentum,TSMOM 60d,SOL-USD,out,2022-06-17,2026-10-02,16.348,62.887,0.547,-79.918,49.904,65,4.296
Time-series momentum,TSMOM 60d,SOL-USD,post_paper,2025-04-01,2026-10-02,-0.529,47.121,0.224,-49.457,46.0,22,1.506
Time-series momentum,TSMOM 60d,ADA-USD,out,2022-03-18,2026-10-02,3.676,52.998,0.332,-60.994,37.229,47,4.545
Time-series momentum,TSMOM 60d,ADA-USD,post_paper,2025-04-01,2026-10-02,-3.659,44.768,0.142,-37.529,35.455,9,1.506
Time-series momentum,TSMOM 60d,DOGE-USD,out,2022-06-03,2026-10-02,1.812,67.611,0.352,-68.669,40.619,43,4.334
Time-series momentum,TSMOM 60d,DOGE-USD,post_paper,2025-04-01,2026-10-02,-32.877,53.376,-0.479,-62.608,38.182,12,1.506
Time-series momentum,TSMOM 60d,AVAX-USD,out,2022-09-30,2026-10-02,31.104,62.331,0.744,-60.298,40.096,37,4.008
Time-series momentum,TSMOM 60d,AVAX-USD,post_paper,2025-04-01,2026-10-02,-0.707,56.289,0.273,-50.604,38.727,19,1.506
Time-series momentum,TSMOM 90d,BTC-USD,in,2016-07-19,2021-12-31,109.301,66.47,1.448,-65.769,66.315,31,5.454
Time-series momentum,TSMOM 90d,BTC-USD,out,2022-01-01,2026-10-02,16.93,33.014,0.638,-34.651,50.173,33,4.753
Time-series momentum,TSMOM 90d,BTC-USD,post_paper,2025-04-01,2026-10-02,2.898,22.254,0.239,-27.447,41.636,4,1.506
Time-series momentum,TSMOM 90d,ETH-USD,in,2017-05-18,2021-12-31,121.112,88.638,1.342,-75.381,64.772,30,4.624
Time-series momentum,TSMOM 90d,ETH-USD,out,2022-01-01,2026-10-02,7.207,42.458,0.374,-45.477,46.889,30,4.753
Time-series momentum,TSMOM 90d,ETH-USD,post_paper,2025-04-01,2026-10-02,16.336,40.886,0.573,-40.775,42.727,7,1.506
Time-series momentum,TSMOM 90d,LTC-USD,in,2017-08-17,2021-12-31,51.369,95.631,0.898,-80.207,55.131,28,4.375
Time-series momentum,TSMOM 90d,LTC-USD,out,2022-01-01,2026-10-02,7.002,50.099,0.386,-54.471,39.862,36,4.753
Time-series momentum,TSMOM 90d,LTC-USD,post_paper,2025-04-01,2026-10-02,22.433,38.534,0.72,-34.331,28.727,7,1.506
Time-series momentum,TSMOM 90d,BCH-USD,in,2018-12-20,2021-12-31,-18.208,98.047,0.284,-88.006,54.332,32,3.034
Time-series momentum,TSMOM 90d,BCH-USD,out,2022-01-01,2026-10-02,7.566,62.515,0.405,-67.864,46.429,38,4.753
Time-series momentum,TSMOM 90d,BCH-USD,post_paper,2025-04-01,2026-10-02,-2.975,51.327,0.19,-60.241,47.636,17,1.506
Time-series momentum,TSMOM 90d,LINK-USD,in,2020-06-26,2021-12-31,39.158,119.035,0.876,-78.504,72.744,14,1.517
Time-series momentum,TSMOM 90d,LINK-USD,out,2022-01-01,2026-10-02,-12.777,57.308,0.045,-76.918,41.359,42,4.753
Time-series momentum,TSMOM 90d,LINK-USD,post_paper,2025-04-01,2026-10-02,-0.415,52.985,0.259,-54.389,36.182,8,1.506
Time-series momentum,TSMOM 90d,SOL-USD,out,2022-06-17,2026-10-02,21.222,59.66,0.616,-62.255,49.586,38,4.296
Time-series momentum,TSMOM 90d,SOL-USD,post_paper,2025-04-01,2026-10-02,-9.852,45.267,-0.002,-43.853,40.545,13,1.506
Time-series momentum,TSMOM 90d,ADA-USD,out,2022-03-18,2026-10-02,8.009,49.944,0.4,-52.284,32.289,35,4.545
Time-series momentum,TSMOM 90d,ADA-USD,post_paper,2025-04-01,2026-10-02,-1.671,38.928,0.155,-39.424,25.455,11,1.506
Time-series momentum,TSMOM 90d,DOGE-USD,out,2022-06-03,2026-10-02,-3.534,68.015,0.275,-76.179,41.061,47,4.334
Time-series momentum,TSMOM 90d,DOGE-USD,post_paper,2025-04-01,2026-10-02,-39.6,46.042,-0.858,-56.018,29.818,18,1.506
Time-series momentum,TSMOM 90d,AVAX-USD,out,2022-09-30,2026-10-02,4.597,61.22,0.379,-78.555,38.046,33,4.008
Time-series momentum,TSMOM 90d,AVAX-USD,post_paper,2025-04-01,2026-10-02,-6.807,49.546,0.112,-42.073,28.727,15,1.506
Time-series momentum,TSMOM 120d,BTC-USD,in,2016-07-19,2021-12-31,110.42,66.61,1.447,-68.158,67.319,32,5.454
Time-series momentum,TSMOM 120d,BTC-USD,out,2022-01-01,2026-10-02,26.738,31.958,0.899,-28.495,48.906,26,4.753
Time-series momentum,TSMOM 120d,BTC-USD,post_paper,2025-04-01,2026-10-02,0.652,20.676,0.135,-21.307,37.273,11,1.506
Time-series momentum,TSMOM 120d,ETH-USD,in,2017-05-18,2021-12-31,138.281,90.966,1.413,-83.057,66.903,18,4.624
Time-series momentum,TSMOM 120d,ETH-USD,out,2022-01-01,2026-10-02,10.5,42.425,0.447,-49.482,43.433,19,4.753
Time-series momentum,TSMOM 120d,ETH-USD,post_paper,2025-04-01,2026-10-02,27.226,38.078,0.821,-36.562,33.455,4,1.506
Time-series momentum,TSMOM 120d,LTC-USD,in,2017-08-17,2021-12-31,52.926,96.296,0.902,-72.711,53.317,18,4.375
Time-series momentum,TSMOM 120d,LTC-USD,out,2022-01-01,2026-10-02,-0.024,52.282,0.261,-53.425,41.417,26,4.753
Time-series momentum,TSMOM 120d,LTC-USD,post_paper,2025-04-01,2026-10-02,-0.872,39.33,0.178,-40.21,26.0,6,1.506
Time-series momentum,TSMOM 120d,BCH-USD,in,2018-12-20,2021-12-31,6.6,91.97,0.516,-66.591,53.61,25,3.034
Time-series momentum,TSMOM 120d,BCH-USD,out,2022-01-01,2026-10-02,0.786,58.42,0.287,-66.341,45.565,29,4.753
Time-series momentum,TSMOM 120d,BCH-USD,post_paper,2025-04-01,2026-10-02,-20.24,40.475,-0.356,-51.026,39.636,17,1.506
Time-series momentum,TSMOM 120d,LINK-USD,in,2020-06-26,2021-12-31,58.87,118.795,0.985,-80.52,68.953,8,1.517
Time-series momentum,TSMOM 120d,LINK-USD,out,2022-01-01,2026-10-02,9.823,59.073,0.45,-60.466,38.594,37,4.753
Time-series momentum,TSMOM 120d,LINK-USD,post_paper,2025-04-01,2026-10-02,32.179,52.768,0.793,-45.886,31.636,3,1.506
Time-series momentum,TSMOM 120d,SOL-USD,out,2022-06-17,2026-10-02,62.746,59.631,1.11,-59.348,46.017,21,4.296
Time-series momentum,TSMOM 120d,SOL-USD,post_paper,2025-04-01,2026-10-02,23.748,44.089,0.704,-42.299,32.727,7,1.506
Time-series momentum,TSMOM 120d,ADA-USD,out,2022-03-18,2026-10-02,9.225,60.462,0.418,-65.448,30.422,23,4.545
Time-series momentum,TSMOM 120d,ADA-USD,post_paper,2025-04-01,2026-10-02,-25.515,35.65,-0.641,-50.257,22.182,7,1.506
Time-series momentum,TSMOM 120d,DOGE-USD,out,2022-06-03,2026-10-02,15.055,68.274,0.535,-62.64,42.009,15,4.334
Time-series momentum,TSMOM 120d,DOGE-USD,post_paper,2025-04-01,2026-10-02,-6.235,43.841,0.077,-43.294,21.636,3,1.506
Time-series momentum,TSMOM 120d,AVAX-USD,out,2022-09-30,2026-10-02,5.589,60.12,0.392,-70.828,34.904,21,4.008
Time-series momentum,TSMOM 120d,AVAX-USD,post_paper,2025-04-01,2026-10-02,-4.655,46.577,0.142,-54.339,23.455,4,1.506
Time-series momentum,TSMOM 180d,BTC-USD,in,2016-07-19,2021-12-31,96.195,67.737,1.331,-66.315,70.08,16,5.454
Time-series momentum,TSMOM 180d,BTC-USD,out,2022-01-01,2026-10-02,24.889,36.094,0.795,-33.914,57.258,15,4.753
Time-series momentum,TSMOM 180d,BTC-USD,post_paper,2025-04-01,2026-10-02,26.339,27.152,0.995,-22.214,48.0,6,1.506
Time-series momentum,TSMOM 180d,ETH-USD,in,2017-05-18,2021-12-31,137.635,93.617,1.397,-83.705,72.351,7,4.624
Time-series momentum,TSMOM 180d,ETH-USD,out,2022-01-01,2026-10-02,-12.113,41.952,-0.098,-77.406,48.329,39,4.753
Time-series momentum,TSMOM 180d,ETH-USD,post_paper,2025-04-01,2026-10-02,5.267,40.339,0.328,-42.789,40.545,3,1.506
Time-series momentum,TSMOM 180d,LTC-USD,in,2017-08-17,2021-12-31,14.548,96.839,0.605,-84.778,54.819,26,4.375
Time-series momentum,TSMOM 180d,LTC-USD,out,2022-01-01,2026-10-02,-15.722,53.584,-0.051,-71.895,41.532,29,4.753
Time-series momentum,TSMOM 180d,LTC-USD,post_paper,2025-04-01,2026-10-02,-19.147,42.825,-0.276,-52.347,29.636,17,1.506
Time-series momentum,TSMOM 180d,BCH-USD,in,2018-12-20,2021-12-31,-11.92,89.366,0.296,-73.474,55.235,18,3.034
Time-series momentum,TSMOM 180d,BCH-USD,out,2022-01-01,2026-10-02,0.597,63.521,0.303,-77.973,49.539,39,4.753
Time-series momentum,TSMOM 180d,BCH-USD,post_paper,2025-04-01,2026-10-02,-2.365,45.663,0.175,-34.12,43.818,8,1.506
Time-series momentum,TSMOM 180d,LINK-USD,in,2020-06-26,2021-12-31,9.737,128.793,0.715,-89.814,75.812,13,1.517
Time-series momentum,TSMOM 180d,LINK-USD,out,2022-01-01,2026-10-02,-15.133,61.017,0.033,-80.762,41.59,44,4.753
Time-series momentum,TSMOM 180d,LINK-USD,post_paper,2025-04-01,2026-10-02,18.272,56.658,0.579,-51.487,36.545,8,1.506
Time-series momentum,TSMOM 180d,SOL-USD,out,2022-06-17,2026-10-02,43.032,61.826,0.883,-65.898,44.487,16,4.296
Time-series momentum,TSMOM 180d,SOL-USD,post_paper,2025-04-01,2026-10-02,5.307,38.175,0.327,-37.437,22.727,3,1.506
Time-series momentum,TSMOM 180d,ADA-USD,out,2022-03-18,2026-10-02,-0.834,61.72,0.266,-59.278,32.59,18,4.545
Time-series momentum,TSMOM 180d,ADA-USD,post_paper,2025-04-01,2026-10-02,-14.289,38.897,-0.199,-42.245,22.545,7,1.506
Time-series momentum,TSMOM 180d,DOGE-USD,out,2022-06-03,2026-10-02,-21.207,66.423,-0.029,-77.162,45.925,20,4.334
Time-series momentum,TSMOM 180d,DOGE-USD,post_paper,2025-04-01,2026-10-02,-25.546,40.584,-0.518,-48.368,21.455,5,1.506
Time-series momentum,TSMOM 180d,AVAX-USD,out,2022-09-30,2026-10-02,-20.732,55.817,-0.133,-85.159,31.284,21,4.008
Time-series momentum,TSMOM 180d,AVAX-USD,post_paper,2025-04-01,2026-10-02,-12.927,37.741,-0.164,-43.295,12.909,4,1.506
Time-series momentum long/short,TSMOM 20d L/S,BTC-USD,in,2016-07-19,2021-12-31,108.44,78.909,1.323,-52.447,100.0,1,5.454
Time-series momentum long/short,TSMOM 20d L/S,BTC-USD,out,2022-01-01,2026-10-02,-6.876,50.818,0.114,-64.184,100.0,1,4.753
Time-series momentum long/short,TSMOM 20d L/S,BTC-USD,post_paper,2025-04-01,2026-10-02,-5.969,42.278,0.065,-38.7,100.0,1,1.506
Time-series momentum long/short,TSMOM 20d L/S,ETH-USD,in,2017-05-18,2021-12-31,136.873,106.517,1.338,-78.309,100.0,1,4.624
Time-series momentum long/short,TSMOM 20d L/S,ETH-USD,out,2022-01-01,2026-10-02,-26.534,68.898,-0.103,-95.447,100.0,1,4.753
Time-series momentum long/short,TSMOM 20d L/S,ETH-USD,post_paper,2025-04-01,2026-10-02,32.243,68.577,0.744,-44.269,100.0,1,1.506
Time-series momentum long/short,TSMOM 20d L/S,LTC-USD,in,2017-08-17,2021-12-31,35.427,115.802,0.831,-86.308,100.0,1,4.375
Time-series momentum long/short,TSMOM 20d L/S,LTC-USD,out,2022-01-01,2026-10-02,-40.285,73.984,-0.323,-95.601,100.0,1,4.753
Time-series momentum long/short,TSMOM 20d L/S,LTC-USD,post_paper,2025-04-01,2026-10-02,-0.203,63.174,0.314,-62.781,100.0,1,1.506
Time-series momentum long/short,TSMOM 20d L/S,BCH-USD,in,2018-12-20,2021-12-31,-56.385,120.497,-0.076,-93.584,100.0,1,3.034
Time-series momentum long/short,TSMOM 20d L/S,BCH-USD,out,2022-01-01,2026-10-02,-29.133,85.206,0.006,-94.254,100.0,1,4.753
Time-series momentum long/short,TSMOM 20d L/S,BCH-USD,post_paper,2025-04-01,2026-10-02,-8.685,75.76,0.248,-62.44,100.0,1,1.506
Time-series momentum long/short,TSMOM 20d L/S,LINK-USD,in,2020-06-26,2021-12-31,32.866,138.481,0.918,-83.662,100.0,1,1.517
Time-series momentum long/short,TSMOM 20d L/S,LINK-USD,out,2022-01-01,2026-10-02,-56.825,86.379,-0.541,-98.918,100.0,1,4.753
Time-series momentum long/short,TSMOM 20d L/S,LINK-USD,post_paper,2025-04-01,2026-10-02,-40.943,77.058,-0.301,-74.79,100.0,1,1.506
Time-series momentum long/short,TSMOM 20d L/S,SOL-USD,out,2022-06-17,2026-10-02,-6.117,89.797,0.371,-85.865,100.0,1,4.296
Time-series momentum long/short,TSMOM 20d L/S,SOL-USD,post_paper,2025-04-01,2026-10-02,-22.286,70.392,-0.006,-65.844,100.0,1,1.506
Time-series momentum long/short,TSMOM 20d L/S,ADA-USD,out,2022-03-18,2026-10-02,-32.668,88.174,0.069,-92.368,100.0,1,4.545
Time-series momentum long/short,TSMOM 20d L/S,ADA-USD,post_paper,2025-04-01,2026-10-02,-17.841,76.865,0.128,-67.203,100.0,1,1.506
Time-series momentum long/short,TSMOM 20d L/S,DOGE-USD,out,2022-06-03,2026-10-02,23.331,89.095,0.67,-74.775,100.0,1,4.334
Time-series momentum long/short,TSMOM 20d L/S,DOGE-USD,post_paper,2025-04-01,2026-10-02,-9.488,79.216,0.267,-63.08,100.0,1,1.506
Time-series momentum long/short,TSMOM 20d L/S,AVAX-USD,out,2022-09-30,2026-10-02,9.143,87.244,0.531,-77.918,100.0,1,4.008
Time-series momentum long/short,TSMOM 20d L/S,AVAX-USD,post_paper,2025-04-01,2026-10-02,-22.789,80.737,0.076,-72.206,100.0,1,1.506
Time-series momentum long/short,TSMOM 30d L/S,BTC-USD,in,2016-07-19,2021-12-31,64.105,79.011,1.02,-85.209,100.0,1,5.454
Time-series momentum long/short,TSMOM 30d L/S,BTC-USD,out,2022-01-01,2026-10-02,2.451,50.835,0.301,-58.457,100.0,1,4.753
Time-series momentum long/short,TSMOM 30d L/S,BTC-USD,post_paper,2025-04-01,2026-10-02,2.009,42.304,0.258,-37.232,100.0,1,1.506
Time-series momentum long/short,TSMOM 30d L/S,ETH-USD,in,2017-05-18,2021-12-31,78.468,106.611,1.074,-79.674,100.0,1,4.624
Time-series momentum long/short,TSMOM 30d L/S,ETH-USD,out,2022-01-01,2026-10-02,31.298,68.843,0.738,-73.467,100.0,1,4.753
Time-series momentum long/short,TSMOM 30d L/S,ETH-USD,post_paper,2025-04-01,2026-10-02,118.385,68.389,1.48,-41.706,100.0,1,1.506
Time-series momentum long/short,TSMOM 30d L/S,LTC-USD,in,2017-08-17,2021-12-31,2.788,115.889,0.596,-87.091,100.0,1,4.375
Time-series momentum long/short,TSMOM 30d L/S,LTC-USD,out,2022-01-01,2026-10-02,-58.339,73.982,-0.808,-99.145,100.0,1,4.753
Time-series momentum long/short,TSMOM 30d L/S,LTC-USD,post_paper,2025-04-01,2026-10-02,-42.368,63.214,-0.553,-74.829,100.0,1,1.506
Time-series momentum long/short,TSMOM 30d L/S,BCH-USD,in,2018-12-20,2021-12-31,-26.731,120.519,0.354,-88.582,100.0,1,3.034
Time-series momentum long/short,TSMOM 30d L/S,BCH-USD,out,2022-01-01,2026-10-02,-43.183,85.221,-0.246,-97.666,100.0,1,4.753
Time-series momentum long/short,TSMOM 30d L/S,BCH-USD,post_paper,2025-04-01,2026-10-02,-46.501,75.819,-0.428,-77.111,100.0,1,1.506
Time-series momentum long/short,TSMOM 30d L/S,LINK-USD,in,2020-06-26,2021-12-31,93.215,138.411,1.19,-72.981,100.0,1,1.517
Time-series momentum long/short,TSMOM 30d L/S,LINK-USD,out,2022-01-01,2026-10-02,-53.676,86.423,-0.461,-98.492,100.0,1,4.753
Time-series momentum long/short,TSMOM 30d L/S,LINK-USD,post_paper,2025-04-01,2026-10-02,-17.78,77.082,0.128,-63.905,100.0,1,1.506
Time-series momentum long/short,TSMOM 30d L/S,SOL-USD,out,2022-06-17,2026-10-02,30.669,89.72,0.739,-80.625,100.0,1,4.296
Time-series momentum long/short,TSMOM 30d L/S,SOL-USD,post_paper,2025-04-01,2026-10-02,-34.426,70.383,-0.245,-70.594,100.0,1,1.506
Time-series momentum long/short,TSMOM 30d L/S,ADA-USD,out,2022-03-18,2026-10-02,-47.928,88.193,-0.224,-97.524,100.0,1,4.545
Time-series momentum long/short,TSMOM 30d L/S,ADA-USD,post_paper,2025-04-01,2026-10-02,-24.988,76.929,0.011,-62.886,100.0,1,1.506
Time-series momentum long/short,TSMOM 30d L/S,DOGE-USD,out,2022-06-03,2026-10-02,-7.029,89.139,0.355,-77.622,100.0,1,4.334
Time-series momentum long/short,TSMOM 30d L/S,DOGE-USD,post_paper,2025-04-01,2026-10-02,-42.976,79.24,-0.308,-69.351,100.0,1,1.506
Time-series momentum long/short,TSMOM 30d L/S,AVAX-USD,out,2022-09-30,2026-10-02,26.07,87.217,0.702,-74.353,100.0,1,4.008
Time-series momentum long/short,TSMOM 30d L/S,AVAX-USD,post_paper,2025-04-01,2026-10-02,-30.03,80.73,-0.034,-69.903,100.0,1,1.506
Time-series momentum long/short,TSMOM 60d L/S,BTC-USD,in,2016-07-19,2021-12-31,116.987,78.906,1.371,-68.042,100.0,1,5.454
Time-series momentum long/short,TSMOM 60d L/S,BTC-USD,out,2022-01-01,2026-10-02,7.489,50.809,0.396,-57.428,100.0,1,4.753
Time-series momentum long/short,TSMOM 60d L/S,BTC-USD,post_paper,2025-04-01,2026-10-02,16.32,42.225,0.569,-24.41,100.0,1,1.506
Time-series momentum long/short,TSMOM 60d L/S,ETH-USD,in,2017-05-18,2021-12-31,65.191,106.636,1.009,-86.176,100.0,1,4.624
Time-series momentum long/short,TSMOM 60d L/S,ETH-USD,out,2022-01-01,2026-10-02,28.09,68.819,0.706,-69.805,100.0,1,4.753
Time-series momentum long/short,TSMOM 60d L/S,ETH-USD,post_paper,2025-04-01,2026-10-02,46.696,68.507,0.904,-39.38,100.0,1,1.506
Time-series momentum long/short,TSMOM 60d L/S,LTC-USD,in,2017-08-17,2021-12-31,29.244,115.813,0.79,-84.058,100.0,1,4.375
Time-series momentum long/short,TSMOM 60d L/S,LTC-USD,out,2022-01-01,2026-10-02,-30.256,74.025,-0.113,-95.686,100.0,1,4.753
Time-series momentum long/short,TSMOM 60d L/S,LTC-USD,post_paper,2025-04-01,2026-10-02,15.946,63.193,0.553,-65.521,100.0,1,1.506
Time-series momentum long/short,TSMOM 60d L/S,BCH-USD,in,2018-12-20,2021-12-31,-53.838,120.542,-0.015,-96.602,100.0,1,3.034
Time-series momentum long/short,TSMOM 60d L/S,BCH-USD,out,2022-01-01,2026-10-02,-20.04,85.21,0.149,-91.184,100.0,1,4.753
Time-series momentum long/short,TSMOM 60d L/S,BCH-USD,post_paper,2025-04-01,2026-10-02,-8.287,75.792,0.255,-70.06,100.0,1,1.506
Time-series momentum long/short,TSMOM 60d L/S,LINK-USD,in,2020-06-26,2021-12-31,-57.967,138.672,0.088,-94.452,100.0,1,1.517
Time-series momentum long/short,TSMOM 60d L/S,LINK-USD,out,2022-01-01,2026-10-02,-6.132,86.387,0.353,-94.284,100.0,1,4.753
Time-series momentum long/short,TSMOM 60d L/S,LINK-USD,post_paper,2025-04-01,2026-10-02,35.897,76.885,0.782,-64.174,100.0,1,1.506
Time-series momentum long/short,TSMOM 60d L/S,SOL-USD,out,2022-06-17,2026-10-02,-35.231,89.796,-0.039,-96.658,100.0,1,4.296
Time-series momentum long/short,TSMOM 60d L/S,SOL-USD,post_paper,2025-04-01,2026-10-02,-22.273,70.334,-0.005,-73.667,100.0,1,1.506
Time-series momentum long/short,TSMOM 60d L/S,ADA-USD,out,2022-03-18,2026-10-02,-18.468,88.175,0.287,-91.41,100.0,1,4.545
Time-series momentum long/short,TSMOM 60d L/S,ADA-USD,post_paper,2025-04-01,2026-10-02,21.435,76.816,0.642,-69.262,100.0,1,1.506
Time-series momentum long/short,TSMOM 60d L/S,DOGE-USD,out,2022-06-03,2026-10-02,-28.106,89.121,0.069,-89.502,100.0,1,4.334
Time-series momentum long/short,TSMOM 60d L/S,DOGE-USD,post_paper,2025-04-01,2026-10-02,-52.925,79.171,-0.549,-81.035,100.0,1,1.506
Time-series momentum long/short,TSMOM 60d L/S,AVAX-USD,out,2022-09-30,2026-10-02,33.027,87.182,0.765,-74.292,100.0,1,4.008
Time-series momentum long/short,TSMOM 60d L/S,AVAX-USD,post_paper,2025-04-01,2026-10-02,1.815,80.666,0.431,-72.823,100.0,1,1.506
Time-series momentum long/short,TSMOM 90d L/S,BTC-USD,in,2016-07-19,2021-12-31,68.202,78.992,1.059,-88.799,100.0,1,5.454
Time-series momentum long/short,TSMOM 90d L/S,BTC-USD,out,2022-01-01,2026-10-02,3.673,50.812,0.325,-57.929,100.0,1,4.753
Time-series momentum long/short,TSMOM 90d L/S,BTC-USD,post_paper,2025-04-01,2026-10-02,-8.425,42.258,0.004,-51.423,100.0,1,1.506
Time-series momentum long/short,TSMOM 90d L/S,ETH-USD,in,2017-05-18,2021-12-31,52.692,106.678,0.936,-93.115,100.0,1,4.624
Time-series momentum long/short,TSMOM 90d L/S,ETH-USD,out,2022-01-01,2026-10-02,-8.554,68.869,0.216,-80.526,100.0,1,4.753
Time-series momentum long/short,TSMOM 90d L/S,ETH-USD,post_paper,2025-04-01,2026-10-02,-22.601,68.598,-0.024,-60.039,100.0,1,1.506
Time-series momentum long/short,TSMOM 90d L/S,LTC-USD,in,2017-08-17,2021-12-31,12.934,115.85,0.68,-94.263,100.0,1,4.375
Time-series momentum long/short,TSMOM 90d L/S,LTC-USD,out,2022-01-01,2026-10-02,-0.804,73.981,0.362,-90.713,100.0,1,4.753
Time-series momentum long/short,TSMOM 90d L/S,LTC-USD,post_paper,2025-04-01,2026-10-02,30.556,63.159,0.741,-45.849,100.0,1,1.506
Time-series momentum long/short,TSMOM 90d L/S,BCH-USD,in,2018-12-20,2021-12-31,-73.229,120.523,-0.46,-99.247,100.0,1,3.034
Time-series momentum long/short,TSMOM 90d L/S,BCH-USD,out,2022-01-01,2026-10-02,-11.698,85.2,0.268,-87.162,100.0,1,4.753
Time-series momentum long/short,TSMOM 90d L/S,BCH-USD,post_paper,2025-04-01,2026-10-02,-32.488,75.805,-0.133,-73.974,100.0,1,1.506
Time-series momentum long/short,TSMOM 90d L/S,LINK-USD,in,2020-06-26,2021-12-31,-53.874,138.686,0.15,-94.161,100.0,1,1.517
Time-series momentum long/short,TSMOM 90d L/S,LINK-USD,out,2022-01-01,2026-10-02,-46.28,86.413,-0.286,-97.608,100.0,1,4.753
Time-series momentum long/short,TSMOM 90d L/S,LINK-USD,post_paper,2025-04-01,2026-10-02,-28.533,76.997,-0.046,-61.704,100.0,1,1.506
Time-series momentum long/short,TSMOM 90d L/S,SOL-USD,out,2022-06-17,2026-10-02,-32.526,89.804,0.014,-93.037,100.0,1,4.296
Time-series momentum long/short,TSMOM 90d L/S,SOL-USD,post_paper,2025-04-01,2026-10-02,-37.257,70.34,-0.307,-73.982,100.0,1,1.506
Time-series momentum long/short,TSMOM 90d L/S,ADA-USD,out,2022-03-18,2026-10-02,-14.286,88.162,0.341,-86.249,100.0,1,4.545
Time-series momentum long/short,TSMOM 90d L/S,ADA-USD,post_paper,2025-04-01,2026-10-02,20.425,76.825,0.634,-54.649,100.0,1,1.506
Time-series momentum long/short,TSMOM 90d L/S,DOGE-USD,out,2022-06-03,2026-10-02,-35.126,89.15,-0.045,-90.641,100.0,1,4.334
Time-series momentum long/short,TSMOM 90d L/S,DOGE-USD,post_paper,2025-04-01,2026-10-02,-64.592,79.124,-0.902,-83.605,100.0,1,1.506
Time-series momentum long/short,TSMOM 90d L/S,AVAX-USD,out,2022-09-30,2026-10-02,-16.555,87.287,0.233,-93.019,100.0,1,4.008
Time-series momentum long/short,TSMOM 90d L/S,AVAX-USD,post_paper,2025-04-01,2026-10-02,-16.53,80.702,0.187,-75.685,100.0,1,1.506
Price above SMA,Close > SMA 10,BTC-USD,in,2016-07-19,2021-12-31,115.985,55.876,1.651,-47.852,57.53,156,5.454
Price above SMA,Close > SMA 10,BTC-USD,out,2022-01-01,2026-10-02,0.808,32.995,0.188,-54.617,50.691,160,4.753
Price above SMA,Close > SMA 10,BTC-USD,post_paper,2025-04-01,2026-10-02,6.053,26.231,0.354,-33.359,50.545,48,1.506
Price above SMA,Close > SMA 10,ETH-USD,in,2017-05-18,2021-12-31,134.707,74.902,1.504,-56.11,54.47,147,4.624
Price above SMA,Close > SMA 10,ETH-USD,out,2022-01-01,2026-10-02,-5.999,43.619,0.073,-53.985,48.79,163,4.753
Price above SMA,Close > SMA 10,ETH-USD,post_paper,2025-04-01,2026-10-02,4.558,41.871,0.311,-43.474,49.455,54,1.506
Price above SMA,Close > SMA 10,LTC-USD,in,2017-08-17,2021-12-31,117.069,85.502,1.301,-65.104,49.687,129,4.375
Price above SMA,Close > SMA 10,LTC-USD,out,2022-01-01,2026-10-02,-33.102,50.712,-0.537,-90.961,47.293,170,4.753
Price above SMA,Close > SMA 10,LTC-USD,post_paper,2025-04-01,2026-10-02,-14.229,43.737,-0.13,-58.076,47.455,51,1.506
Price above SMA,Close > SMA 10,BCH-USD,in,2018-12-20,2021-12-31,50.221,92.375,0.862,-61.574,50.903,91,3.034
Price above SMA,Close > SMA 10,BCH-USD,out,2022-01-01,2026-10-02,1.17,65.654,0.317,-69.303,46.659,163,4.753
Price above SMA,Close > SMA 10,BCH-USD,post_paper,2025-04-01,2026-10-02,-7.079,55.999,0.132,-59.6,51.091,52,1.506
Price above SMA,Close > SMA 10,LINK-USD,in,2020-06-26,2021-12-31,117.385,93.765,1.285,-57.53,55.235,48,1.517
Price above SMA,Close > SMA 10,LINK-USD,out,2022-01-01,2026-10-02,3.159,58.854,0.342,-72.482,47.753,159,4.753
Price above SMA,Close > SMA 10,LINK-USD,post_paper,2025-04-01,2026-10-02,-2.151,51.373,0.211,-62.813,47.636,53,1.506
Price above SMA,Close > SMA 10,SOL-USD,out,2022-06-17,2026-10-02,44.514,62.633,0.892,-57.269,49.14,139,4.296
Price above SMA,Close > SMA 10,SOL-USD,post_paper,2025-04-01,2026-10-02,11.437,44.672,0.463,-47.439,49.455,52,1.506
Price above SMA,Close > SMA 10,ADA-USD,out,2022-03-18,2026-10-02,-9.024,55.633,0.105,-74.32,42.229,146,4.545
Price above SMA,Close > SMA 10,ADA-USD,post_paper,2025-04-01,2026-10-02,-20.665,46.452,-0.269,-59.627,39.273,47,1.506
Price above SMA,Close > SMA 10,DOGE-USD,out,2022-06-03,2026-10-02,19.151,66.138,0.578,-72.04,44.22,152,4.334
Price above SMA,Close > SMA 10,DOGE-USD,post_paper,2025-04-01,2026-10-02,-30.189,52.68,-0.426,-66.038,40.182,58,1.506
Price above SMA,Close > SMA 10,AVAX-USD,out,2022-09-30,2026-10-02,24.134,60.763,0.652,-81.239,45.082,133,4.008
Price above SMA,Close > SMA 10,AVAX-USD,post_paper,2025-04-01,2026-10-02,-33.775,51.295,-0.552,-71.853,45.455,58,1.506
Price above SMA,Close > SMA 20,BTC-USD,in,2016-07-19,2021-12-31,127.983,54.311,1.785,-54.817,58.032,97,5.454
Price above SMA,Close > SMA 20,BTC-USD,out,2022-01-01,2026-10-02,8.258,33.235,0.404,-48.119,50.691,99,4.753
Price above SMA,Close > SMA 20,BTC-USD,post_paper,2025-04-01,2026-10-02,17.467,26.725,0.734,-27.354,51.273,32,1.506
Price above SMA,Close > SMA 20,ETH-USD,in,2017-05-18,2021-12-31,197.643,75.846,1.807,-58.246,54.47,85,4.624
Price above SMA,Close > SMA 20,ETH-USD,out,2022-01-01,2026-10-02,7.783,46.674,0.39,-46.582,46.371,91,4.753
Price above SMA,Close > SMA 20,ETH-USD,post_paper,2025-04-01,2026-10-02,42.904,49.076,0.965,-38.818,51.818,29,1.506
Price above SMA,Close > SMA 20,LTC-USD,in,2017-08-17,2021-12-31,157.98,86.023,1.5,-42.718,49.124,71,4.375
Price above SMA,Close > SMA 20,LTC-USD,out,2022-01-01,2026-10-02,-23.324,52.422,-0.245,-82.375,46.832,114,4.753
Price above SMA,Close > SMA 20,LTC-USD,post_paper,2025-04-01,2026-10-02,-12.777,44.705,-0.08,-63.185,46.364,34,1.506
Price above SMA,Close > SMA 20,BCH-USD,in,2018-12-20,2021-12-31,128.48,94.06,1.309,-38.804,49.458,49,3.034
Price above SMA,Close > SMA 20,BCH-USD,out,2022-01-01,2026-10-02,9.517,64.724,0.436,-58.07,44.643,101,4.753
Price above SMA,Close > SMA 20,BCH-USD,post_paper,2025-04-01,2026-10-02,9.428,56.251,0.425,-54.295,53.636,30,1.506
Price above SMA,Close > SMA 20,LINK-USD,in,2020-06-26,2021-12-31,74.762,95.718,1.051,-64.597,54.874,33,1.517
Price above SMA,Close > SMA 20,LINK-USD,out,2022-01-01,2026-10-02,-5.286,61.317,0.214,-72.694,46.544,106,4.753
Price above SMA,Close > SMA 20,LINK-USD,post_paper,2025-04-01,2026-10-02,-5.006,53.177,0.17,-61.363,46.909,33,1.506
Price above SMA,Close > SMA 20,SOL-USD,out,2022-06-17,2026-10-02,21.873,63.125,0.621,-64.232,50.924,92,4.296
Price above SMA,Close > SMA 20,SOL-USD,post_paper,2025-04-01,2026-10-02,1.595,44.234,0.256,-58.897,50.909,28,1.506
Price above SMA,Close > SMA 20,ADA-USD,out,2022-03-18,2026-10-02,-2.193,56.09,0.237,-84.569,40.783,99,4.545
Price above SMA,Close > SMA 20,ADA-USD,post_paper,2025-04-01,2026-10-02,-27.616,45.558,-0.484,-63.472,38.909,38,1.506
Price above SMA,Close > SMA 20,DOGE-USD,out,2022-06-03,2026-10-02,32.536,66.647,0.741,-69.774,42.514,84,4.334
Price above SMA,Close > SMA 20,DOGE-USD,post_paper,2025-04-01,2026-10-02,-15.806,52.921,-0.062,-69.774,36.727,30,1.506
Price above SMA,Close > SMA 20,AVAX-USD,out,2022-09-30,2026-10-02,24.086,61.707,0.651,-80.246,44.604,81,4.008
Price above SMA,Close > SMA 20,AVAX-USD,post_paper,2025-04-01,2026-10-02,-30.672,51.397,-0.461,-66.07,43.818,42,1.506
Price above SMA,Close > SMA 30,BTC-USD,in,2016-07-19,2021-12-31,130.93,56.014,1.771,-62.661,59.287,68,5.454
Price above SMA,Close > SMA 30,BTC-USD,out,2022-01-01,2026-10-02,10.771,32.789,0.475,-44.779,50.23,79,4.753
Price above SMA,Close > SMA 30,BTC-USD,post_paper,2025-04-01,2026-10-02,4.402,25.658,0.295,-33.017,51.273,27,1.506
Price above SMA,Close > SMA 30,ETH-USD,in,2017-05-18,2021-12-31,197.087,77.139,1.791,-55.513,55.003,67,4.624
Price above SMA,Close > SMA 30,ETH-USD,out,2022-01-01,2026-10-02,17.503,44.322,0.582,-49.943,45.795,66,4.753
Price above SMA,Close > SMA 30,ETH-USD,post_paper,2025-04-01,2026-10-02,72.315,47.636,1.371,-34.969,53.455,21,1.506
Price above SMA,Close > SMA 30,LTC-USD,in,2017-08-17,2021-12-31,100.037,87.989,1.205,-70.867,49.437,50,4.375
Price above SMA,Close > SMA 30,LTC-USD,out,2022-01-01,2026-10-02,-22.548,51.29,-0.24,-81.058,46.947,88,4.753
Price above SMA,Close > SMA 30,LTC-USD,post_paper,2025-04-01,2026-10-02,4.003,43.425,0.309,-56.274,45.455,25,1.506
Price above SMA,Close > SMA 30,BCH-USD,in,2018-12-20,2021-12-31,23.804,92.603,0.672,-56.618,49.007,53,3.034
Price above SMA,Close > SMA 30,BCH-USD,out,2022-01-01,2026-10-02,-5.021,62.312,0.202,-60.103,45.276,83,4.753
Price above SMA,Close > SMA 30,BCH-USD,post_paper,2025-04-01,2026-10-02,-7.341,56.494,0.132,-57.751,55.091,25,1.506
Price above SMA,Close > SMA 30,LINK-USD,in,2020-06-26,2021-12-31,71.643,102.802,1.046,-68.005,58.303,26,1.517
Price above SMA,Close > SMA 30,LINK-USD,out,2022-01-01,2026-10-02,-3.027,58.944,0.236,-70.527,45.968,91,4.753
Price above SMA,Close > SMA 30,LINK-USD,post_paper,2025-04-01,2026-10-02,-3.544,50.944,0.179,-55.406,46.909,33,1.506
Price above SMA,Close > SMA 30,SOL-USD,out,2022-06-17,2026-10-02,27.763,62.214,0.695,-65.716,49.649,81,4.296
Price above SMA,Close > SMA 30,SOL-USD,post_paper,2025-04-01,2026-10-02,19.85,43.605,0.63,-43.182,49.273,24,1.506
Price above SMA,Close > SMA 30,ADA-USD,out,2022-03-18,2026-10-02,-7.325,54.46,0.129,-83.07,39.94,79,4.545
Price above SMA,Close > SMA 30,ADA-USD,post_paper,2025-04-01,2026-10-02,-40.143,44.893,-0.92,-72.431,40.0,33,1.506
Price above SMA,Close > SMA 30,DOGE-USD,out,2022-06-03,2026-10-02,21.548,65.809,0.61,-64.874,41.44,68,4.334
Price above SMA,Close > SMA 30,DOGE-USD,post_paper,2025-04-01,2026-10-02,-1.925,50.383,0.206,-54.653,36.0,22,1.506
Price above SMA,Close > SMA 30,AVAX-USD,out,2022-09-30,2026-10-02,10.476,61.738,0.463,-78.458,43.511,74,4.008
Price above SMA,Close > SMA 30,AVAX-USD,post_paper,2025-04-01,2026-10-02,-24.464,51.711,-0.289,-61.644,44.182,36,1.506
Price above SMA,Close > SMA 50,BTC-USD,in,2016-07-19,2021-12-31,148.217,57.252,1.871,-57.287,59.137,40,5.454
Price above SMA,Close > SMA 50,BTC-USD,out,2022-01-01,2026-10-02,22.67,33.409,0.778,-51.092,51.613,53,4.753
Price above SMA,Close > SMA 50,BTC-USD,post_paper,2025-04-01,2026-10-02,21.911,26.314,0.883,-25.088,54.182,20,1.506
Price above SMA,Close > SMA 50,ETH-USD,in,2017-05-18,2021-12-31,138.052,78.148,1.496,-62.052,56.009,48,4.624
Price above SMA,Close > SMA 50,ETH-USD,out,2022-01-01,2026-10-02,27.932,43.535,0.78,-41.363,48.214,42,4.753
Price above SMA,Close > SMA 50,ETH-USD,post_paper,2025-04-01,2026-10-02,94.513,47.641,1.626,-29.354,54.545,9,1.506
Price above SMA,Close > SMA 50,LTC-USD,in,2017-08-17,2021-12-31,63.217,90.258,0.974,-78.945,50.501,51,4.375
Price above SMA,Close > SMA 50,LTC-USD,out,2022-01-01,2026-10-02,-31.453,51.405,-0.475,-89.084,44.988,81,4.753
Price above SMA,Close > SMA 50,LTC-USD,post_paper,2025-04-01,2026-10-02,-16.211,41.646,-0.214,-57.038,40.364,24,1.506
Price above SMA,Close > SMA 50,BCH-USD,in,2018-12-20,2021-12-31,37.934,91.836,0.788,-62.094,50.812,42,3.034
Price above SMA,Close > SMA 50,BCH-USD,out,2022-01-01,2026-10-02,-11.037,61.918,0.094,-67.796,42.454,75,4.753
Price above SMA,Close > SMA 50,BCH-USD,post_paper,2025-04-01,2026-10-02,10.529,55.951,0.442,-47.862,50.727,24,1.506
Price above SMA,Close > SMA 50,LINK-USD,in,2020-06-26,2021-12-31,85.937,107.533,1.122,-57.047,60.83,19,1.517
Price above SMA,Close > SMA 50,LINK-USD,out,2022-01-01,2026-10-02,-0.806,59.001,0.275,-76.658,45.737,62,4.753
Price above SMA,Close > SMA 50,LINK-USD,post_paper,2025-04-01,2026-10-02,38.206,51.835,0.878,-46.669,48.182,15,1.506
Price above SMA,Close > SMA 50,SOL-USD,out,2022-06-17,2026-10-02,44.244,62.702,0.888,-59.593,50.032,48,4.296
Price above SMA,Close > SMA 50,SOL-USD,post_paper,2025-04-01,2026-10-02,5.065,46.451,0.338,-59.593,48.909,19,1.506
Price above SMA,Close > SMA 50,ADA-USD,out,2022-03-18,2026-10-02,-7.813,51.896,0.101,-74.589,36.807,57,4.545
Price above SMA,Close > SMA 50,ADA-USD,post_paper,2025-04-01,2026-10-02,-10.377,44.212,-0.03,-55.577,36.364,19,1.506
Price above SMA,Close > SMA 50,DOGE-USD,out,2022-06-03,2026-10-02,12.106,67.627,0.493,-74.292,40.935,49,4.334
Price above SMA,Close > SMA 50,DOGE-USD,post_paper,2025-04-01,2026-10-02,-25.797,54.246,-0.28,-68.318,38.545,18,1.506
Price above SMA,Close > SMA 50,AVAX-USD,out,2022-09-30,2026-10-02,19.171,62.244,0.588,-76.497,40.915,53,4.008
Price above SMA,Close > SMA 50,AVAX-USD,post_paper,2025-04-01,2026-10-02,-23.761,57.037,-0.186,-64.393,42.909,24,1.506
Price above SMA,Close > SMA 100,BTC-USD,in,2016-07-19,2021-12-31,120.972,62.181,1.583,-65.316,63.855,35,5.454
Price above SMA,Close > SMA 100,BTC-USD,out,2022-01-01,2026-10-02,24.36,32.444,0.833,-35.714,49.885,33,4.753
Price above SMA,Close > SMA 100,BTC-USD,post_paper,2025-04-01,2026-10-02,13.379,23.089,0.658,-24.816,43.818,10,1.506
Price above SMA,Close > SMA 100,ETH-USD,in,2017-05-18,2021-12-31,107.34,85.594,1.285,-63.723,62.522,32,4.624
Price above SMA,Close > SMA 100,ETH-USD,out,2022-01-01,2026-10-02,9.686,42.716,0.429,-52.039,48.214,40,4.753
Price above SMA,Close > SMA 100,ETH-USD,post_paper,2025-04-01,2026-10-02,55.098,42.998,1.231,-37.819,44.545,9,1.506
Price above SMA,Close > SMA 100,LTC-USD,in,2017-08-17,2021-12-31,59.815,88.505,0.954,-64.149,48.561,25,4.375
Price above SMA,Close > SMA 100,LTC-USD,out,2022-01-01,2026-10-02,-22.311,51.735,-0.228,-81.261,40.15,55,4.753
Price above SMA,Close > SMA 100,LTC-USD,post_paper,2025-04-01,2026-10-02,5.337,39.907,0.332,-36.652,30.364,13,1.506
Price above SMA,Close > SMA 100,BCH-USD,in,2018-12-20,2021-12-31,16.86,92.053,0.609,-80.043,48.466,29,3.034
Price above SMA,Close > SMA 100,BCH-USD,out,2022-01-01,2026-10-02,-8.976,60.246,0.121,-70.597,43.952,55,4.753
Price above SMA,Close > SMA 100,BCH-USD,post_paper,2025-04-01,2026-10-02,2.592,51.536,0.299,-54.733,48.909,12,1.506
Price above SMA,Close > SMA 100,LINK-USD,in,2020-06-26,2021-12-31,40.843,113.062,0.875,-69.862,69.134,16,1.517
Price above SMA,Close > SMA 100,LINK-USD,out,2022-01-01,2026-10-02,-0.941,58.419,0.271,-73.6,40.783,43,4.753
Price above SMA,Close > SMA 100,LINK-USD,post_paper,2025-04-01,2026-10-02,29.24,51.955,0.754,-42.006,35.455,7,1.506
Price above SMA,Close > SMA 100,SOL-USD,out,2022-06-17,2026-10-02,8.19,59.122,0.423,-70.055,46.399,45,4.296
Price above SMA,Close > SMA 100,SOL-USD,post_paper,2025-04-01,2026-10-02,14.949,43.944,0.536,-35.256,37.455,12,1.506
Price above SMA,Close > SMA 100,ADA-USD,out,2022-03-18,2026-10-02,-3.918,51.961,0.182,-67.344,34.819,35,4.545
Price above SMA,Close > SMA 100,ADA-USD,post_paper,2025-04-01,2026-10-02,-6.795,42.93,0.053,-41.716,30.727,9,1.506
Price above SMA,Close > SMA 100,DOGE-USD,out,2022-06-03,2026-10-02,7.246,68.061,0.43,-69.18,40.303,29,4.334
Price above SMA,Close > SMA 100,DOGE-USD,post_paper,2025-04-01,2026-10-02,-20.74,53.066,-0.172,-50.244,36.0,6,1.506
Price above SMA,Close > SMA 100,AVAX-USD,out,2022-09-30,2026-10-02,38.989,60.85,0.843,-52.326,37.705,19,4.008
Price above SMA,Close > SMA 100,AVAX-USD,post_paper,2025-04-01,2026-10-02,8.897,53.388,0.431,-46.463,31.818,9,1.506
Price above SMA,Close > SMA 150,BTC-USD,in,2016-07-19,2021-12-31,128.359,63.479,1.615,-62.119,66.114,15,5.454
Price above SMA,Close > SMA 150,BTC-USD,out,2022-01-01,2026-10-02,30.278,32.613,0.972,-26.34,50.806,23,4.753
Price above SMA,Close > SMA 150,BTC-USD,post_paper,2025-04-01,2026-10-02,13.221,23.051,0.653,-24.974,43.455,8,1.506
Price above SMA,Close > SMA 150,ETH-USD,in,2017-05-18,2021-12-31,123.622,89.469,1.351,-71.413,64.002,24,4.624
Price above SMA,Close > SMA 150,ETH-USD,out,2022-01-01,2026-10-02,20.7,40.304,0.666,-43.06,44.931,16,4.753
Price above SMA,Close > SMA 150,ETH-USD,post_paper,2025-04-01,2026-10-02,25.651,39.694,0.772,-25.478,39.455,5,1.506
Price above SMA,Close > SMA 150,LTC-USD,in,2017-08-17,2021-12-31,66.373,92.652,0.993,-68.698,48.06,20,4.375
Price above SMA,Close > SMA 150,LTC-USD,out,2022-01-01,2026-10-02,-2.458,50.057,0.201,-61.475,38.479,33,4.753
Price above SMA,Close > SMA 150,LTC-USD,post_paper,2025-04-01,2026-10-02,12.464,37.118,0.505,-32.041,24.545,7,1.506
Price above SMA,Close > SMA 150,BCH-USD,in,2018-12-20,2021-12-31,-9.901,88.689,0.314,-78.432,44.043,27,3.034
Price above SMA,Close > SMA 150,BCH-USD,out,2022-01-01,2026-10-02,9.603,59.126,0.427,-60.303,45.046,25,4.753
Price above SMA,Close > SMA 150,BCH-USD,post_paper,2025-04-01,2026-10-02,-21.273,41.317,-0.372,-57.884,44.182,11,1.506
Price above SMA,Close > SMA 150,LINK-USD,in,2020-06-26,2021-12-31,-11.062,114.883,0.481,-85.973,72.202,15,1.517
Price above SMA,Close > SMA 150,LINK-USD,out,2022-01-01,2026-10-02,4.051,56.683,0.348,-69.525,37.154,35,4.753
Price above SMA,Close > SMA 150,LINK-USD,post_paper,2025-04-01,2026-10-02,29.863,48.536,0.781,-45.6,27.818,7,1.506
Price above SMA,Close > SMA 150,SOL-USD,out,2022-06-17,2026-10-02,19.59,59.621,0.593,-63.39,47.546,37,4.296
Price above SMA,Close > SMA 150,SOL-USD,post_paper,2025-04-01,2026-10-02,0.315,42.402,0.22,-45.853,32.727,13,1.506
Price above SMA,Close > SMA 150,ADA-USD,out,2022-03-18,2026-10-02,-5.98,50.723,0.132,-79.883,32.048,21,4.545
Price above SMA,Close > SMA 150,ADA-USD,post_paper,2025-04-01,2026-10-02,-16.359,37.551,-0.283,-46.563,23.636,6,1.506
Price above SMA,Close > SMA 150,DOGE-USD,out,2022-06-03,2026-10-02,17.697,66.781,0.566,-63.703,38.913,22,4.334
Price above SMA,Close > SMA 150,DOGE-USD,post_paper,2025-04-01,2026-10-02,-22.239,44.488,-0.338,-48.707,23.818,11,1.506
Price above SMA,Close > SMA 150,AVAX-USD,out,2022-09-30,2026-10-02,28.299,59.426,0.715,-58.944,33.402,16,4.008
Price above SMA,Close > SMA 150,AVAX-USD,post_paper,2025-04-01,2026-10-02,17.253,47.577,0.578,-47.299,20.0,4,1.506
Price above SMA,Close > SMA 200,BTC-USD,in,2016-07-19,2021-12-31,84.991,64.576,1.273,-70.686,66.767,19,5.454
Price above SMA,Close > SMA 200,BTC-USD,out,2022-01-01,2026-10-02,30.798,33.606,0.965,-31.652,51.728,17,4.753
Price above SMA,Close > SMA 200,BTC-USD,post_paper,2025-04-01,2026-10-02,19.455,23.296,0.878,-19.55,42.727,5,1.506
Price above SMA,Close > SMA 200,ETH-USD,in,2017-05-18,2021-12-31,134.929,90.774,1.399,-80.452,66.548,14,4.624
Price above SMA,Close > SMA 200,ETH-USD,out,2022-01-01,2026-10-02,19.251,39.558,0.641,-38.144,43.606,15,4.753
Price above SMA,Close > SMA 200,ETH-USD,post_paper,2025-04-01,2026-10-02,21.934,37.506,0.715,-38.144,31.818,7,1.506
Price above SMA,Close > SMA 200,LTC-USD,in,2017-08-17,2021-12-31,32.052,93.739,0.746,-77.858,48.561,20,4.375
Price above SMA,Close > SMA 200,LTC-USD,out,2022-01-01,2026-10-02,-8.396,49.624,0.072,-65.017,35.714,25,4.753
Price above SMA,Close > SMA 200,LTC-USD,post_paper,2025-04-01,2026-10-02,3.203,37.923,0.275,-38.253,24.0,8,1.506
Price above SMA,Close > SMA 200,BCH-USD,in,2018-12-20,2021-12-31,-17.215,86.472,0.206,-79.553,45.397,18,3.034
Price above SMA,Close > SMA 200,BCH-USD,out,2022-01-01,2026-10-02,-1.923,60.134,0.245,-78.058,47.235,30,4.753
Price above SMA,Close > SMA 200,BCH-USD,post_paper,2025-04-01,2026-10-02,-30.314,44.166,-0.596,-53.536,45.818,15,1.506
Price above SMA,Close > SMA 200,LINK-USD,in,2020-06-26,2021-12-31,57.317,121.231,0.981,-81.727,71.119,13,1.517
Price above SMA,Close > SMA 200,LINK-USD,out,2022-01-01,2026-10-02,-8.54,56.815,0.123,-70.192,35.426,31,4.753
Price above SMA,Close > SMA 200,LINK-USD,post_paper,2025-04-01,2026-10-02,14.574,48.553,0.523,-48.512,26.364,7,1.506
Price above SMA,Close > SMA 200,SOL-USD,out,2022-06-17,2026-10-02,35.749,58.294,0.81,-58.339,44.359,21,4.296
Price above SMA,Close > SMA 200,SOL-USD,post_paper,2025-04-01,2026-10-02,16.455,41.834,0.573,-32.988,28.0,4,1.506
Price above SMA,Close > SMA 200,ADA-USD,out,2022-03-18,2026-10-02,-17.236,50.081,-0.126,-82.869,29.88,24,4.545
Price above SMA,Close > SMA 200,ADA-USD,post_paper,2025-04-01,2026-10-02,-22.364,34.202,-0.563,-41.334,19.636,8,1.506
Price above SMA,Close > SMA 200,DOGE-USD,out,2022-06-03,2026-10-02,-9.919,65.189,0.155,-74.885,38.219,23,4.334
Price above SMA,Close > SMA 200,DOGE-USD,post_paper,2025-04-01,2026-10-02,-30.147,38.878,-0.721,-49.872,18.182,8,1.506
Price above SMA,Close > SMA 200,AVAX-USD,out,2022-09-30,2026-10-02,6.447,59.07,0.4,-69.789,31.762,18,4.008
Price above SMA,Close > SMA 200,AVAX-USD,post_paper,2025-04-01,2026-10-02,-4.201,45.352,0.138,-44.377,17.091,7,1.506
SMA crossover,SMA 10/50 cross,BTC-USD,in,2016-07-19,2021-12-31,122.143,59.073,1.644,-72.081,59.086,23,5.454
SMA crossover,SMA 10/50 cross,BTC-USD,out,2022-01-01,2026-10-02,15.606,33.805,0.597,-43.136,50.634,23,4.753
SMA crossover,SMA 10/50 cross,BTC-USD,post_paper,2025-04-01,2026-10-02,8.962,26.439,0.456,-36.651,53.818,9,1.506
SMA crossover,SMA 10/50 cross,ETH-USD,in,2017-05-18,2021-12-31,147.295,82.313,1.507,-69.893,57.194,20,4.624
SMA crossover,SMA 10/50 cross,ETH-USD,out,2022-01-01,2026-10-02,16.556,44.219,0.565,-49.222,47.235,21,4.753
SMA crossover,SMA 10/50 cross,ETH-USD,post_paper,2025-04-01,2026-10-02,48.454,48.335,1.051,-45.745,54.182,6,1.506
SMA crossover,SMA 10/50 cross,LTC-USD,in,2017-08-17,2021-12-31,110.323,91.127,1.252,-70.325,51.189,18,4.375
SMA crossover,SMA 10/50 cross,LTC-USD,out,2022-01-01,2026-10-02,-8.331,53.176,0.1,-64.809,44.528,28,4.753
SMA crossover,SMA 10/50 cross,LTC-USD,post_paper,2025-04-01,2026-10-02,-5.505,41.737,0.075,-54.584,40.364,10,1.506
SMA crossover,SMA 10/50 cross,BCH-USD,in,2018-12-20,2021-12-31,46.548,93.89,0.857,-64.341,52.256,13,3.034
SMA crossover,SMA 10/50 cross,BCH-USD,out,2022-01-01,2026-10-02,-3.328,58.237,0.211,-63.417,43.088,29,4.753
SMA crossover,SMA 10/50 cross,BCH-USD,post_paper,2025-04-01,2026-10-02,4.572,49.739,0.329,-53.728,50.182,8,1.506
SMA crossover,SMA 10/50 cross,LINK-USD,in,2020-06-26,2021-12-31,137.543,111.166,1.342,-52.585,61.011,7,1.517
SMA crossover,SMA 10/50 cross,LINK-USD,out,2022-01-01,2026-10-02,-4.403,59.757,0.217,-76.801,45.968,25,4.753
SMA crossover,SMA 10/50 cross,LINK-USD,post_paper,2025-04-01,2026-10-02,38.297,51.313,0.883,-42.384,48.182,6,1.506
SMA crossover,SMA 10/50 cross,SOL-USD,out,2022-06-17,2026-10-02,23.738,66.004,0.659,-66.654,49.14,21,4.296
SMA crossover,SMA 10/50 cross,SOL-USD,post_paper,2025-04-01,2026-10-02,8.58,46.663,0.409,-50.592,47.636,9,1.506
SMA crossover,SMA 10/50 cross,ADA-USD,out,2022-03-18,2026-10-02,17.646,49.133,0.571,-59.977,36.265,21,4.545
SMA crossover,SMA 10/50 cross,ADA-USD,post_paper,2025-04-01,2026-10-02,6.425,44.621,0.358,-43.19,36.909,6,1.506
SMA crossover,SMA 10/50 cross,DOGE-USD,out,2022-06-03,2026-10-02,16.632,67.569,0.552,-60.433,41.883,20,4.334
SMA crossover,SMA 10/50 cross,DOGE-USD,post_paper,2025-04-01,2026-10-02,-15.716,55.607,-0.031,-51.615,38.909,7,1.506
SMA crossover,SMA 10/50 cross,AVAX-USD,out,2022-09-30,2026-10-02,17.012,61.984,0.561,-64.741,41.393,19,4.008
SMA crossover,SMA 10/50 cross,AVAX-USD,post_paper,2025-04-01,2026-10-02,-6.045,57.418,0.182,-64.741,42.364,7,1.506
SMA crossover,SMA 20/50 cross,BTC-USD,in,2016-07-19,2021-12-31,112.208,58.931,1.569,-70.022,59.187,19,5.454
SMA crossover,SMA 20/50 cross,BTC-USD,out,2022-01-01,2026-10-02,6.049,34.835,0.342,-53.751,52.247,23,4.753
SMA crossover,SMA 20/50 cross,BTC-USD,post_paper,2025-04-01,2026-10-02,13.782,27.494,0.606,-31.674,55.273,8,1.506
SMA crossover,SMA 20/50 cross,ETH-USD,in,2017-05-18,2021-12-31,136.604,85.692,1.438,-68.716,56.602,15,4.624
SMA crossover,SMA 20/50 cross,ETH-USD,out,2022-01-01,2026-10-02,10.677,43.587,0.449,-47.036,46.486,18,4.753
SMA crossover,SMA 20/50 cross,ETH-USD,post_paper,2025-04-01,2026-10-02,29.63,44.913,0.798,-47.036,52.364,5,1.506
SMA crossover,SMA 20/50 cross,LTC-USD,in,2017-08-17,2021-12-31,78.971,92.385,1.073,-68.632,52.503,17,4.375
SMA crossover,SMA 20/50 cross,LTC-USD,out,2022-01-01,2026-10-02,-4.119,50.109,0.166,-57.102,44.182,19,4.753
SMA crossover,SMA 20/50 cross,LTC-USD,post_paper,2025-04-01,2026-10-02,17.679,35.372,0.633,-35.923,37.818,6,1.506
SMA crossover,SMA 20/50 cross,BCH-USD,in,2018-12-20,2021-12-31,54.476,96.888,0.91,-64.316,54.693,11,3.034
SMA crossover,SMA 20/50 cross,BCH-USD,out,2022-01-01,2026-10-02,5.004,57.996,0.352,-60.159,44.585,18,4.753
SMA crossover,SMA 20/50 cross,BCH-USD,post_paper,2025-04-01,2026-10-02,42.409,50.288,0.944,-38.608,52.545,5,1.506
SMA crossover,SMA 20/50 cross,LINK-USD,in,2020-06-26,2021-12-31,101.422,115.571,1.185,-62.02,63.177,6,1.517
SMA crossover,SMA 20/50 cross,LINK-USD,out,2022-01-01,2026-10-02,-5.898,59.223,0.187,-81.349,46.083,23,4.753
SMA crossover,SMA 20/50 cross,LINK-USD,post_paper,2025-04-01,2026-10-02,49.823,50.989,1.042,-34.769,46.727,6,1.506
SMA crossover,SMA 20/50 cross,SOL-USD,out,2022-06-17,2026-10-02,4.19,59.306,0.361,-78.342,49.076,18,4.296
SMA crossover,SMA 20/50 cross,SOL-USD,post_paper,2025-04-01,2026-10-02,-16.885,46.788,-0.161,-61.596,48.182,7,1.506
SMA crossover,SMA 20/50 cross,ADA-USD,out,2022-03-18,2026-10-02,0.592,48.939,0.252,-63.244,37.771,18,4.545
SMA crossover,SMA 20/50 cross,ADA-USD,post_paper,2025-04-01,2026-10-02,11.564,43.712,0.465,-40.864,37.636,5,1.506
SMA crossover,SMA 20/50 cross,DOGE-USD,out,2022-06-03,2026-10-02,12.018,67.907,0.494,-67.591,42.009,17,4.334
SMA crossover,SMA 20/50 cross,DOGE-USD,post_paper,2025-04-01,2026-10-02,-22.523,54.731,-0.193,-57.478,38.545,6,1.506
SMA crossover,SMA 20/50 cross,AVAX-USD,out,2022-09-30,2026-10-02,1.807,63.496,0.344,-73.226,43.306,17,4.008
SMA crossover,SMA 20/50 cross,AVAX-USD,post_paper,2025-04-01,2026-10-02,-9.377,57.671,0.122,-59.413,44.727,7,1.506
SMA crossover,SMA 20/100 cross,BTC-USD,in,2016-07-19,2021-12-31,110.682,65.604,1.468,-69.898,64.157,8,5.454
SMA crossover,SMA 20/100 cross,BTC-USD,out,2022-01-01,2026-10-02,14.597,32.164,0.583,-40.344,49.309,11,4.753
SMA crossover,SMA 20/100 cross,BTC-USD,post_paper,2025-04-01,2026-10-02,-6.164,23.533,-0.153,-36.803,44.0,4,1.506
SMA crossover,SMA 20/100 cross,ETH-USD,in,2017-05-18,2021-12-31,140.653,90.639,1.425,-65.677,63.766,9,4.624
SMA crossover,SMA 20/100 cross,ETH-USD,out,2022-01-01,2026-10-02,9.49,41.894,0.425,-50.436,47.293,10,4.753
SMA crossover,SMA 20/100 cross,ETH-USD,post_paper,2025-04-01,2026-10-02,49.519,42.327,1.157,-32.329,44.727,3,1.506
SMA crossover,SMA 20/100 cross,LTC-USD,in,2017-08-17,2021-12-31,60.771,96.475,0.961,-68.718,50.313,9,4.375
SMA crossover,SMA 20/100 cross,LTC-USD,out,2022-01-01,2026-10-02,-5.88,53.407,0.154,-55.734,42.684,14,4.753
SMA crossover,SMA 20/100 cross,LTC-USD,post_paper,2025-04-01,2026-10-02,2.339,39.588,0.259,-39.953,32.909,4,1.506
SMA crossover,SMA 20/100 cross,BCH-USD,in,2018-12-20,2021-12-31,-5.587,99.437,0.434,-84.915,50.542,10,3.034
SMA crossover,SMA 20/100 cross,BCH-USD,out,2022-01-01,2026-10-02,23.237,58.309,0.628,-43.571,43.376,9,4.753
SMA crossover,SMA 20/100 cross,BCH-USD,post_paper,2025-04-01,2026-10-02,24.073,51.173,0.669,-43.571,47.455,3,1.506
SMA crossover,SMA 20/100 cross,LINK-USD,in,2020-06-26,2021-12-31,165.907,125.588,1.404,-62.02,71.48,3,1.517
SMA crossover,SMA 20/100 cross,LINK-USD,out,2022-01-01,2026-10-02,3.254,59.394,0.346,-60.619,42.224,12,4.753
SMA crossover,SMA 20/100 cross,LINK-USD,post_paper,2025-04-01,2026-10-02,4.699,52.878,0.352,-40.786,36.909,4,1.506
SMA crossover,SMA 20/100 cross,SOL-USD,out,2022-06-17,2026-10-02,4.641,58.159,0.365,-72.529,47.355,13,4.296
SMA crossover,SMA 20/100 cross,SOL-USD,post_paper,2025-04-01,2026-10-02,7.565,45.071,0.386,-33.653,39.455,4,1.506
SMA crossover,SMA 20/100 cross,ADA-USD,out,2022-03-18,2026-10-02,1.369,50.252,0.275,-65.734,33.675,10,4.545
SMA crossover,SMA 20/100 cross,ADA-USD,post_paper,2025-04-01,2026-10-02,-16.455,41.652,-0.22,-40.748,29.091,4,1.506
SMA crossover,SMA 20/100 cross,DOGE-USD,out,2022-06-03,2026-10-02,-10.0,62.673,0.142,-74.87,40.24,13,4.334
SMA crossover,SMA 20/100 cross,DOGE-USD,post_paper,2025-04-01,2026-10-02,-34.124,50.35,-0.573,-60.179,35.091,4,1.506
SMA crossover,SMA 20/100 cross,AVAX-USD,out,2022-09-30,2026-10-02,32.403,62.171,0.76,-64.802,39.549,7,4.008
SMA crossover,SMA 20/100 cross,AVAX-USD,post_paper,2025-04-01,2026-10-02,-12.366,52.988,0.021,-48.674,33.455,4,1.506
SMA crossover,SMA 50/200 cross,BTC-USD,in,2016-07-19,2021-12-31,98.495,69.616,1.337,-72.273,67.47,5,5.454
SMA crossover,SMA 50/200 cross,BTC-USD,out,2022-01-01,2026-10-02,14.063,34.058,0.555,-39.619,50.634,6,4.753
SMA crossover,SMA 50/200 cross,BTC-USD,post_paper,2025-04-01,2026-10-02,-8.951,22.334,-0.308,-27.342,38.0,3,1.506
SMA crossover,SMA 50/200 cross,ETH-USD,in,2017-05-18,2021-12-31,128.588,91.751,1.363,-87.233,65.897,5,4.624
SMA crossover,SMA 50/200 cross,ETH-USD,out,2022-01-01,2026-10-02,-4.792,40.864,0.084,-61.471,43.952,6,4.753
SMA crossover,SMA 50/200 cross,ETH-USD,post_paper,2025-04-01,2026-10-02,21.594,38.371,0.7,-42.789,33.455,2,1.506
SMA crossover,SMA 50/200 cross,LTC-USD,in,2017-08-17,2021-12-31,19.701,98.355,0.66,-85.291,51.564,6,4.375
SMA crossover,SMA 50/200 cross,LTC-USD,out,2022-01-01,2026-10-02,-15.524,49.704,-0.089,-72.161,37.27,7,4.753
SMA crossover,SMA 50/200 cross,LTC-USD,post_paper,2025-04-01,2026-10-02,-10.454,40.995,-0.06,-35.68,21.455,3,1.506
SMA crossover,SMA 50/200 cross,BCH-USD,in,2018-12-20,2021-12-31,1.714,93.555,0.489,-75.579,44.404,5,3.034
SMA crossover,SMA 50/200 cross,BCH-USD,out,2022-01-01,2026-10-02,-1.974,57.906,0.236,-65.541,48.272,5,4.753
SMA crossover,SMA 50/200 cross,BCH-USD,post_paper,2025-04-01,2026-10-02,-1.446,48.301,0.21,-34.711,44.727,2,1.506
SMA crossover,SMA 50/200 cross,LINK-USD,in,2020-06-26,2021-12-31,85.424,127.978,1.121,-79.498,76.895,2,1.517
SMA crossover,SMA 50/200 cross,LINK-USD,out,2022-01-01,2026-10-02,-8.974,53.872,0.091,-72.977,33.986,6,4.753
SMA crossover,SMA 50/200 cross,LINK-USD,post_paper,2025-04-01,2026-10-02,-19.685,46.45,-0.236,-53.458,24.909,2,1.506
SMA crossover,SMA 50/200 cross,SOL-USD,out,2022-06-17,2026-10-02,9.416,60.897,0.448,-68.311,45.061,6,4.296
SMA crossover,SMA 50/200 cross,SOL-USD,post_paper,2025-04-01,2026-10-02,-5.634,40.528,0.061,-50.394,25.273,2,1.506
SMA crossover,SMA 50/200 cross,ADA-USD,out,2022-03-18,2026-10-02,-17.657,59.024,-0.062,-73.224,30.602,5,4.545
SMA crossover,SMA 50/200 cross,ADA-USD,post_paper,2025-04-01,2026-10-02,-36.508,33.603,-1.174,-50.697,16.545,3,1.506
SMA crossover,SMA 50/200 cross,DOGE-USD,out,2022-06-03,2026-10-02,-1.307,59.579,0.272,-74.794,37.334,4,4.334
SMA crossover,SMA 50/200 cross,DOGE-USD,post_paper,2025-04-01,2026-10-02,-15.953,37.851,-0.264,-44.188,16.364,1,1.506
SMA crossover,SMA 50/200 cross,AVAX-USD,out,2022-09-30,2026-10-02,-11.413,54.863,0.056,-72.657,32.923,5,4.008
SMA crossover,SMA 50/200 cross,AVAX-USD,post_paper,2025-04-01,2026-10-02,-21.056,40.694,-0.363,-54.574,16.727,2,1.506
Donchian trend (single),Donchian 10d,BTC-USD,in,2016-07-19,2021-12-31,113.842,48.765,1.798,-43.98,42.721,77,5.454
Donchian trend (single),Donchian 10d,BTC-USD,out,2022-01-01,2026-10-02,4.36,27.855,0.291,-47.551,37.097,84,4.753
Donchian trend (single),Donchian 10d,BTC-USD,post_paper,2025-04-01,2026-10-02,11.223,22.444,0.585,-19.997,36.545,25,1.506
Donchian trend (single),Donchian 10d,ETH-USD,in,2017-05-18,2021-12-31,176.619,67.245,1.838,-41.003,39.609,69,4.624
Donchian trend (single),Donchian 10d,ETH-USD,out,2022-01-01,2026-10-02,9.999,37.605,0.437,-45.322,34.217,77,4.753
Donchian trend (single),Donchian 10d,ETH-USD,post_paper,2025-04-01,2026-10-02,18.219,35.741,0.642,-45.322,33.091,25,1.506
Donchian trend (single),Donchian 10d,LTC-USD,in,2017-08-17,2021-12-31,127.681,76.846,1.422,-55.98,36.108,61,4.375
Donchian trend (single),Donchian 10d,LTC-USD,out,2022-01-01,2026-10-02,-28.937,43.65,-0.563,-83.791,32.085,87,4.753
Donchian trend (single),Donchian 10d,LTC-USD,post_paper,2025-04-01,2026-10-02,-28.208,38.756,-0.657,-57.55,33.273,28,1.506
Donchian trend (single),Donchian 10d,BCH-USD,in,2018-12-20,2021-12-31,83.33,87.185,1.087,-47.842,37.004,46,3.034
Donchian trend (single),Donchian 10d,BCH-USD,out,2022-01-01,2026-10-02,-4.442,58.495,0.185,-78.474,31.912,81,4.753
Donchian trend (single),Donchian 10d,BCH-USD,post_paper,2025-04-01,2026-10-02,-30.462,48.718,-0.519,-68.091,34.182,28,1.506
Donchian trend (single),Donchian 10d,LINK-USD,in,2020-06-26,2021-12-31,60.931,81.625,0.978,-43.344,37.726,26,1.517
Donchian trend (single),Donchian 10d,LINK-USD,out,2022-01-01,2026-10-02,11.839,51.367,0.468,-48.065,33.583,78,4.753
Donchian trend (single),Donchian 10d,LINK-USD,post_paper,2025-04-01,2026-10-02,28.083,46.094,0.762,-43.458,34.545,25,1.506
Donchian trend (single),Donchian 10d,SOL-USD,out,2022-06-17,2026-10-02,47.229,55.872,0.963,-53.909,36.902,71,4.296
Donchian trend (single),Donchian 10d,SOL-USD,post_paper,2025-04-01,2026-10-02,-3.994,36.606,0.07,-49.697,35.636,26,1.506
Donchian trend (single),Donchian 10d,ADA-USD,out,2022-03-18,2026-10-02,1.023,47.974,0.258,-67.021,28.373,71,4.545
Donchian trend (single),Donchian 10d,ADA-USD,post_paper,2025-04-01,2026-10-02,-22.319,37.884,-0.479,-59.319,26.545,24,1.506
Donchian trend (single),Donchian 10d,DOGE-USD,out,2022-06-03,2026-10-02,31.137,58.466,0.736,-52.3,27.606,70,4.334
Donchian trend (single),Donchian 10d,DOGE-USD,post_paper,2025-04-01,2026-10-02,-4.899,43.074,0.092,-41.687,23.273,24,1.506
Donchian trend (single),Donchian 10d,AVAX-USD,out,2022-09-30,2026-10-02,55.87,55.149,1.072,-59.316,32.172,57,4.008
Donchian trend (single),Donchian 10d,AVAX-USD,post_paper,2025-04-01,2026-10-02,-16.736,42.68,-0.222,-42.185,28.545,26,1.506
Donchian trend (single),Donchian 20d,BTC-USD,in,2016-07-19,2021-12-31,119.526,50.707,1.8,-46.216,45.08,38,5.454
Donchian trend (single),Donchian 20d,BTC-USD,out,2022-01-01,2026-10-02,10.468,28.089,0.494,-45.322,36.636,44,4.753
Donchian trend (single),Donchian 20d,BTC-USD,post_paper,2025-04-01,2026-10-02,8.999,21.211,0.511,-28.747,34.182,13,1.506
Donchian trend (single),Donchian 20d,ETH-USD,in,2017-05-18,2021-12-31,230.601,70.07,2.047,-33.328,40.675,34,4.624
Donchian trend (single),Donchian 20d,ETH-USD,out,2022-01-01,2026-10-02,7.057,39.287,0.367,-49.148,34.274,40,4.753
Donchian trend (single),Donchian 20d,ETH-USD,post_paper,2025-04-01,2026-10-02,12.067,42.078,0.474,-49.148,37.091,15,1.506
Donchian trend (single),Donchian 20d,LTC-USD,in,2017-08-17,2021-12-31,72.875,77.556,1.063,-59.561,35.857,36,4.375
Donchian trend (single),Donchian 20d,LTC-USD,out,2022-01-01,2026-10-02,-16.656,41.989,-0.223,-68.707,28.859,42,4.753
Donchian trend (single),Donchian 20d,LTC-USD,post_paper,2025-04-01,2026-10-02,-20.213,39.568,-0.369,-60.09,33.636,18,1.506
Donchian trend (single),Donchian 20d,BCH-USD,in,2018-12-20,2021-12-31,18.565,76.191,0.587,-49.106,35.018,26,3.034
Donchian trend (single),Donchian 20d,BCH-USD,out,2022-01-01,2026-10-02,-0.207,57.279,0.254,-63.8,30.415,40,4.753
Donchian trend (single),Donchian 20d,BCH-USD,post_paper,2025-04-01,2026-10-02,-8.769,48.62,0.037,-51.843,35.273,16,1.506
Donchian trend (single),Donchian 20d,LINK-USD,in,2020-06-26,2021-12-31,93.45,85.808,1.187,-41.618,39.531,13,1.517
Donchian trend (single),Donchian 20d,LINK-USD,out,2022-01-01,2026-10-02,2.155,50.216,0.286,-57.181,29.896,44,4.753
Donchian trend (single),Donchian 20d,LINK-USD,post_paper,2025-04-01,2026-10-02,10.726,43.206,0.447,-41.71,29.818,14,1.506
Donchian trend (single),Donchian 20d,SOL-USD,out,2022-06-17,2026-10-02,63.159,54.371,1.161,-44.045,33.525,34,4.296
Donchian trend (single),Donchian 20d,SOL-USD,post_paper,2025-04-01,2026-10-02,28.948,36.465,0.877,-35.861,34.182,13,1.506
Donchian trend (single),Donchian 20d,ADA-USD,out,2022-03-18,2026-10-02,7.012,46.381,0.376,-72.643,27.169,34,4.545
Donchian trend (single),Donchian 20d,ADA-USD,post_paper,2025-04-01,2026-10-02,-26.475,32.736,-0.775,-57.521,23.273,13,1.506
Donchian trend (single),Donchian 20d,DOGE-USD,out,2022-06-03,2026-10-02,40.233,59.454,0.848,-44.356,28.111,30,4.334
Donchian trend (single),Donchian 20d,DOGE-USD,post_paper,2025-04-01,2026-10-02,9.785,44.202,0.425,-42.629,26.545,10,1.506
Donchian trend (single),Donchian 20d,AVAX-USD,out,2022-09-30,2026-10-02,41.66,51.511,0.925,-51.682,27.322,28,4.008
Donchian trend (single),Donchian 20d,AVAX-USD,post_paper,2025-04-01,2026-10-02,2.354,40.322,0.253,-39.507,24.909,12,1.506
Donchian trend (single),Donchian 30d,BTC-USD,in,2016-07-19,2021-12-31,113.402,49.518,1.775,-53.784,42.118,25,5.454
Donchian trend (single),Donchian 30d,BTC-USD,out,2022-01-01,2026-10-02,11.534,28.346,0.526,-43.896,36.694,29,4.753
Donchian trend (single),Donchian 30d,BTC-USD,post_paper,2025-04-01,2026-10-02,3.053,21.744,0.246,-28.675,34.727,10,1.506
Donchian trend (single),Donchian 30d,ETH-USD,in,2017-05-18,2021-12-31,219.749,71.221,1.982,-41.571,40.32,19,4.624
Donchian trend (single),Donchian 30d,ETH-USD,out,2022-01-01,2026-10-02,14.846,38.127,0.55,-44.811,32.892,26,4.753
Donchian trend (single),Donchian 30d,ETH-USD,post_paper,2025-04-01,2026-10-02,47.141,40.241,1.153,-29.831,37.091,8,1.506
Donchian trend (single),Donchian 30d,LTC-USD,in,2017-08-17,2021-12-31,59.717,77.522,0.962,-69.701,34.606,21,4.375
Donchian trend (single),Donchian 30d,LTC-USD,out,2022-01-01,2026-10-02,-19.0,41.271,-0.302,-75.984,25.864,30,4.753
Donchian trend (single),Donchian 30d,LTC-USD,post_paper,2025-04-01,2026-10-02,-0.829,37.301,0.166,-49.882,27.636,9,1.506
Donchian trend (single),Donchian 30d,BCH-USD,in,2018-12-20,2021-12-31,1.929,72.571,0.371,-61.606,29.964,20,3.034
Donchian trend (single),Donchian 30d,BCH-USD,out,2022-01-01,2026-10-02,-21.508,51.738,-0.235,-82.134,25.749,32,4.753
Donchian trend (single),Donchian 30d,BCH-USD,post_paper,2025-04-01,2026-10-02,-39.792,31.925,-1.428,-67.492,30.364,13,1.506
Donchian trend (single),Donchian 30d,LINK-USD,in,2020-06-26,2021-12-31,104.488,89.691,1.237,-49.388,43.321,10,1.517
Donchian trend (single),Donchian 30d,LINK-USD,out,2022-01-01,2026-10-02,-1.858,48.46,0.196,-62.178,27.707,31,4.753
Donchian trend (single),Donchian 30d,LINK-USD,post_paper,2025-04-01,2026-10-02,8.141,42.052,0.392,-33.653,27.818,10,1.506
Donchian trend (single),Donchian 30d,SOL-USD,out,2022-06-17,2026-10-02,49.189,53.485,1.005,-41.765,32.76,24,4.296
Donchian trend (single),Donchian 30d,SOL-USD,post_paper,2025-04-01,2026-10-02,11.834,34.591,0.494,-32.29,30.909,8,1.506
Donchian trend (single),Donchian 30d,ADA-USD,out,2022-03-18,2026-10-02,-2.412,44.251,0.165,-74.382,24.277,24,4.545
Donchian trend (single),Donchian 30d,ADA-USD,post_paper,2025-04-01,2026-10-02,-35.862,28.798,-1.395,-59.57,18.545,9,1.506
Donchian trend (single),Donchian 30d,DOGE-USD,out,2022-06-03,2026-10-02,15.747,58.572,0.526,-56.223,25.837,23,4.334
Donchian trend (single),Donchian 30d,DOGE-USD,post_paper,2025-04-01,2026-10-02,-13.577,41.25,-0.153,-39.7,23.273,8,1.506
Donchian trend (single),Donchian 30d,AVAX-USD,out,2022-09-30,2026-10-02,34.024,51.612,0.818,-48.793,25.546,20,4.008
Donchian trend (single),Donchian 30d,AVAX-USD,post_paper,2025-04-01,2026-10-02,6.524,41.501,0.352,-43.08,22.182,8,1.506
Donchian trend (single),Donchian 60d,BTC-USD,in,2016-07-19,2021-12-31,92.194,52.99,1.495,-42.907,43.725,15,5.454
Donchian trend (single),Donchian 60d,BTC-USD,out,2022-01-01,2026-10-02,18.253,28.562,0.728,-32.262,37.27,15,4.753
Donchian trend (single),Donchian 60d,BTC-USD,post_paper,2025-04-01,2026-10-02,2.052,21.369,0.201,-28.225,35.636,6,1.506
Donchian trend (single),Donchian 60d,ETH-USD,in,2017-05-18,2021-12-31,124.77,71.865,1.481,-58.637,39.609,12,4.624
Donchian trend (single),Donchian 60d,ETH-USD,out,2022-01-01,2026-10-02,10.228,35.645,0.45,-35.647,35.657,14,4.753
Donchian trend (single),Donchian 60d,ETH-USD,post_paper,2025-04-01,2026-10-02,16.402,36.6,0.595,-35.647,37.273,5,1.506
Donchian trend (single),Donchian 60d,LTC-USD,in,2017-08-17,2021-12-31,32.195,77.207,0.726,-73.699,29.036,12,4.375
Donchian trend (single),Donchian 60d,LTC-USD,out,2022-01-01,2026-10-02,-17.932,37.591,-0.338,-71.332,21.198,18,4.753
Donchian trend (single),Donchian 60d,LTC-USD,post_paper,2025-04-01,2026-10-02,5.745,32.08,0.33,-31.203,22.364,5,1.506
Donchian trend (single),Donchian 60d,BCH-USD,in,2018-12-20,2021-12-31,-10.203,71.37,0.199,-80.949,26.895,10,3.034
Donchian trend (single),Donchian 60d,BCH-USD,out,2022-01-01,2026-10-02,-7.542,50.597,0.072,-65.599,26.613,16,4.753
Donchian trend (single),Donchian 60d,BCH-USD,post_paper,2025-04-01,2026-10-02,-9.164,34.232,-0.111,-42.014,31.818,5,1.506
Donchian trend (single),Donchian 60d,LINK-USD,in,2020-06-26,2021-12-31,28.357,93.627,0.727,-63.455,45.487,8,1.517
Donchian trend (single),Donchian 60d,LINK-USD,out,2022-01-01,2026-10-02,7.526,47.899,0.383,-59.247,24.366,13,4.753
Donchian trend (single),Donchian 60d,LINK-USD,post_paper,2025-04-01,2026-10-02,8.847,43.547,0.408,-33.085,26.727,5,1.506
Donchian trend (single),Donchian 60d,SOL-USD,out,2022-06-17,2026-10-02,23.997,52.159,0.664,-68.02,29.063,14,4.296
Donchian trend (single),Donchian 60d,SOL-USD,post_paper,2025-04-01,2026-10-02,-14.692,32.853,-0.319,-49.249,23.455,6,1.506
Donchian trend (single),Donchian 60d,ADA-USD,out,2022-03-18,2026-10-02,6.615,45.539,0.366,-63.196,23.313,12,4.545
Donchian trend (single),Donchian 60d,ADA-USD,post_paper,2025-04-01,2026-10-02,-7.194,35.888,-0.031,-41.73,24.909,4,1.506
Donchian trend (single),Donchian 60d,DOGE-USD,out,2022-06-03,2026-10-02,-3.78,55.911,0.196,-62.674,21.984,16,4.334
Donchian trend (single),Donchian 60d,DOGE-USD,post_paper,2025-04-01,2026-10-02,-35.999,34.348,-1.129,-59.686,18.727,6,1.506
Donchian trend (single),Donchian 60d,AVAX-USD,out,2022-09-30,2026-10-02,31.777,52.021,0.783,-55.766,23.224,10,4.008
Donchian trend (single),Donchian 60d,AVAX-USD,post_paper,2025-04-01,2026-10-02,8.76,42.499,0.404,-42.353,22.0,4,1.506
Donchian trend (single),Donchian 90d,BTC-USD,in,2016-07-19,2021-12-31,66.072,54.791,1.198,-42.583,44.729,12,5.454
Donchian trend (single),Donchian 90d,BTC-USD,out,2022-01-01,2026-10-02,14.062,28.538,0.602,-26.886,38.479,10,4.753
Donchian trend (single),Donchian 90d,BTC-USD,post_paper,2025-04-01,2026-10-02,-1.429,19.406,0.023,-26.692,33.091,4,1.506
Donchian trend (single),Donchian 90d,ETH-USD,in,2017-05-18,2021-12-31,113.445,71.41,1.414,-57.288,38.958,8,4.624
Donchian trend (single),Donchian 90d,ETH-USD,out,2022-01-01,2026-10-02,23.732,34.128,0.793,-35.062,31.279,6,4.753
Donchian trend (single),Donchian 90d,ETH-USD,post_paper,2025-04-01,2026-10-02,41.758,36.961,1.127,-20.878,32.545,2,1.506
Donchian trend (single),Donchian 90d,LTC-USD,in,2017-08-17,2021-12-31,36.168,79.228,0.767,-72.49,30.163,9,4.375
Donchian trend (single),Donchian 90d,LTC-USD,out,2022-01-01,2026-10-02,-16.859,37.014,-0.314,-70.221,19.124,13,4.753
Donchian trend (single),Donchian 90d,LTC-USD,post_paper,2025-04-01,2026-10-02,4.806,28.296,0.304,-31.905,18.0,3,1.506
Donchian trend (single),Donchian 90d,BCH-USD,in,2018-12-20,2021-12-31,-12.343,73.264,0.174,-66.734,24.278,8,3.034
Donchian trend (single),Donchian 90d,BCH-USD,out,2022-01-01,2026-10-02,-1.396,50.178,0.197,-63.273,26.037,11,4.753
Donchian trend (single),Donchian 90d,BCH-USD,post_paper,2025-04-01,2026-10-02,0.971,34.254,0.198,-32.602,34.727,3,1.506
Donchian trend (single),Donchian 90d,LINK-USD,in,2020-06-26,2021-12-31,85.58,91.15,1.126,-55.465,38.087,4,1.517
Donchian trend (single),Donchian 90d,LINK-USD,out,2022-01-01,2026-10-02,-4.978,46.244,0.115,-60.844,22.984,11,4.753
Donchian trend (single),Donchian 90d,LINK-USD,post_paper,2025-04-01,2026-10-02,-4.598,44.858,0.121,-38.864,24.727,4,1.506
Donchian trend (single),Donchian 90d,SOL-USD,out,2022-06-17,2026-10-02,18.726,44.683,0.603,-60.304,24.92,9,4.296
Donchian trend (single),Donchian 90d,SOL-USD,post_paper,2025-04-01,2026-10-02,-4.07,28.405,-0.004,-33.873,16.727,4,1.506
Donchian trend (single),Donchian 90d,ADA-USD,out,2022-03-18,2026-10-02,4.078,40.698,0.296,-57.604,18.795,8,4.545
Donchian trend (single),Donchian 90d,ADA-USD,post_paper,2025-04-01,2026-10-02,-17.721,25.194,-0.646,-33.381,14.545,3,1.506
Donchian trend (single),Donchian 90d,DOGE-USD,out,2022-06-03,2026-10-02,-16.653,46.331,-0.165,-67.468,17.246,11,4.334
Donchian trend (single),Donchian 90d,DOGE-USD,post_paper,2025-04-01,2026-10-02,-35.964,20.317,-2.086,-48.999,9.455,4,1.506
Donchian trend (single),Donchian 90d,AVAX-USD,out,2022-09-30,2026-10-02,21.379,52.115,0.63,-59.602,22.131,6,4.008
Donchian trend (single),Donchian 90d,AVAX-USD,post_paper,2025-04-01,2026-10-02,-9.068,43.141,0.002,-45.872,15.455,3,1.506
Donchian trend (single),Donchian 150d,BTC-USD,in,2016-07-19,2021-12-31,61.689,55.368,1.143,-53.176,44.127,9,5.454
Donchian trend (single),Donchian 150d,BTC-USD,out,2022-01-01,2026-10-02,8.807,29.999,0.43,-29.435,42.454,7,4.753
Donchian trend (single),Donchian 150d,BTC-USD,post_paper,2025-04-01,2026-10-02,0.868,16.969,0.136,-14.525,28.545,2,1.506
Donchian trend (single),Donchian 150d,ETH-USD,in,2017-05-18,2021-12-31,91.552,69.477,1.278,-52.158,32.208,7,4.624
Donchian trend (single),Donchian 150d,ETH-USD,out,2022-01-01,2026-10-02,8.176,32.236,0.404,-38.579,28.571,5,4.753
Donchian trend (single),Donchian 150d,ETH-USD,post_paper,2025-04-01,2026-10-02,11.519,35.175,0.485,-35.451,28.909,2,1.506
Donchian trend (single),Donchian 150d,LTC-USD,in,2017-08-17,2021-12-31,32.962,78.229,0.735,-65.806,27.66,7,4.375
Donchian trend (single),Donchian 150d,LTC-USD,out,2022-01-01,2026-10-02,-15.427,40.173,-0.216,-64.085,18.491,9,4.753
Donchian trend (single),Donchian 150d,LTC-USD,post_paper,2025-04-01,2026-10-02,-1.367,23.096,0.053,-19.687,11.273,2,1.506
Donchian trend (single),Donchian 150d,BCH-USD,in,2018-12-20,2021-12-31,-25.602,67.401,-0.11,-69.958,17.238,6,3.034
Donchian trend (single),Donchian 150d,BCH-USD,out,2022-01-01,2026-10-02,-8.173,46.168,0.024,-54.256,21.659,8,4.753
Donchian trend (single),Donchian 150d,BCH-USD,post_paper,2025-04-01,2026-10-02,-10.277,29.356,-0.222,-32.354,25.455,2,1.506
Donchian trend (single),Donchian 150d,LINK-USD,in,2020-06-26,2021-12-31,116.322,90.895,1.313,-49.765,35.56,2,1.517
Donchian trend (single),Donchian 150d,LINK-USD,out,2022-01-01,2026-10-02,19.004,45.029,0.605,-43.842,20.622,5,4.753
Donchian trend (single),Donchian 150d,LINK-USD,post_paper,2025-04-01,2026-10-02,5.501,44.8,0.345,-41.183,22.727,2,1.506
Donchian trend (single),Donchian 150d,SOL-USD,out,2022-06-17,2026-10-02,26.828,46.719,0.738,-63.341,26.386,6,4.296
Donchian trend (single),Donchian 150d,SOL-USD,post_paper,2025-04-01,2026-10-02,9.931,36.379,0.442,-25.667,21.818,2,1.506
Donchian trend (single),Donchian 150d,ADA-USD,out,2022-03-18,2026-10-02,4.903,42.414,0.322,-56.052,21.446,4,4.545
Donchian trend (single),Donchian 150d,ADA-USD,post_paper,2025-04-01,2026-10-02,-19.105,26.524,-0.658,-31.571,10.545,1,1.506
Donchian trend (single),Donchian 150d,DOGE-USD,out,2022-06-03,2026-10-02,-14.225,47.791,-0.084,-70.051,15.287,7,4.334
Donchian trend (single),Donchian 150d,DOGE-USD,post_paper,2025-04-01,2026-10-02,-35.061,26.983,-1.452,-47.8,7.273,2,1.506
Donchian trend (single),Donchian 150d,AVAX-USD,out,2022-09-30,2026-10-02,9.613,46.967,0.431,-62.143,18.101,5,4.008
Donchian trend (single),Donchian 150d,AVAX-USD,post_paper,2025-04-01,2026-10-02,-28.362,36.277,-0.722,-46.915,12.909,3,1.506
Donchian ensemble,Donchian ensemble (average),BTC-USD,in,2016-07-19,2021-12-31,101.275,45.49,1.762,-42.47,44.166,52,5.454
Donchian ensemble,Donchian ensemble (average),BTC-USD,out,2022-01-01,2026-10-02,13.049,23.824,0.633,-25.169,39.939,47,4.753
Donchian ensemble,Donchian ensemble (average),BTC-USD,post_paper,2025-04-01,2026-10-02,4.237,15.548,0.345,-19.547,33.818,18,1.506
Donchian ensemble,Donchian ensemble (average),ETH-USD,in,2017-05-18,2021-12-31,143.828,60.693,1.763,-39.329,37.03,55,4.624
Donchian ensemble,Donchian ensemble (average),ETH-USD,out,2022-01-01,2026-10-02,7.646,26.7,0.408,-34.484,31.74,61,4.753
Donchian ensemble,Donchian ensemble (average),ETH-USD,post_paper,2025-04-01,2026-10-02,14.282,27.482,0.621,-34.484,30.424,17,1.506
Donchian ensemble,Donchian ensemble (average),LTC-USD,in,2017-08-17,2021-12-31,59.612,66.399,1.006,-52.94,29.975,67,4.375
Donchian ensemble,Donchian ensemble (average),LTC-USD,out,2022-01-01,2026-10-02,-18.784,29.816,-0.547,-69.269,22.337,102,4.753
Donchian ensemble,Donchian ensemble (average),LTC-USD,post_paper,2025-04-01,2026-10-02,-4.561,21.607,-0.109,-35.102,20.242,31,1.506
Donchian ensemble,Donchian ensemble (average),BCH-USD,in,2018-12-20,2021-12-31,9.176,56.865,0.431,-47.004,25.411,54,3.034
Donchian ensemble,Donchian ensemble (average),BCH-USD,out,2022-01-01,2026-10-02,-1.901,43.66,0.148,-53.863,25.179,85,4.753
Donchian ensemble,Donchian ensemble (average),BCH-USD,post_paper,2025-04-01,2026-10-02,-12.793,26.157,-0.393,-37.94,30.424,20,1.506
Donchian ensemble,Donchian ensemble (average),LINK-USD,in,2020-06-26,2021-12-31,93.26,76.664,1.232,-42.576,39.31,18,1.517
Donchian ensemble,Donchian ensemble (average),LINK-USD,out,2022-01-01,2026-10-02,6.418,36.329,0.348,-40.121,24.334,94,4.753
Donchian ensemble,Donchian ensemble (average),LINK-USD,post_paper,2025-04-01,2026-10-02,7.428,29.508,0.388,-31.351,22.162,30,1.506
Donchian ensemble,Donchian ensemble (average),SOL-USD,out,2022-06-17,2026-10-02,41.092,41.471,1.031,-43.3,30.161,58,4.296
Donchian ensemble,Donchian ensemble (average),SOL-USD,post_paper,2025-04-01,2026-10-02,4.917,21.448,0.331,-26.961,21.596,25,1.506
Donchian ensemble,Donchian ensemble (average),ADA-USD,out,2022-03-18,2026-10-02,7.779,34.446,0.385,-54.261,22.162,77,4.545
Donchian ensemble,Donchian ensemble (average),ADA-USD,post_paper,2025-04-01,2026-10-02,-13.005,18.544,-0.658,-32.456,16.323,26,1.506
Donchian ensemble,Donchian ensemble (average),DOGE-USD,out,2022-06-03,2026-10-02,10.063,42.784,0.43,-49.028,21.043,93,4.334
Donchian ensemble,Donchian ensemble (average),DOGE-USD,post_paper,2025-04-01,2026-10-02,-15.072,22.259,-0.623,-36.008,15.192,38,1.506
Donchian ensemble,Donchian ensemble (average),AVAX-USD,out,2022-09-30,2026-10-02,27.16,39.371,0.803,-49.502,22.579,82,4.008
Donchian ensemble,Donchian ensemble (average),AVAX-USD,post_paper,2025-04-01,2026-10-02,-4.014,26.455,-0.025,-32.19,17.232,35,1.506
Donchian ensemble,"Donchian ensemble, 25% vol target (paper)",BTC-USD,in,2016-07-19,2021-12-31,35.555,16.559,1.919,-12.874,16.847,52,5.454
Donchian ensemble,"Donchian ensemble, 25% vol target (paper)",BTC-USD,out,2022-01-01,2026-10-02,8.747,13.286,0.697,-15.316,22.209,47,4.753
Donchian ensemble,"Donchian ensemble, 25% vol target (paper)",BTC-USD,post_paper,2025-04-01,2026-10-02,1.246,10.625,0.17,-15.316,21.835,18,1.506
Donchian ensemble,"Donchian ensemble, 25% vol target (paper)",ETH-USD,in,2017-05-18,2021-12-31,29.475,15.287,1.765,-10.228,9.717,55,4.624
Donchian ensemble,"Donchian ensemble, 25% vol target (paper)",ETH-USD,out,2022-01-01,2026-10-02,5.184,11.303,0.503,-14.049,13.2,61,4.753
Donchian ensemble,"Donchian ensemble, 25% vol target (paper)",ETH-USD,post_paper,2025-04-01,2026-10-02,6.168,10.243,0.635,-14.049,11.241,17,1.506
Donchian ensemble,"Donchian ensemble, 25% vol target (paper)",LTC-USD,in,2017-08-17,2021-12-31,15.155,13.824,1.088,-11.027,7.052,67,4.375
Donchian ensemble,"Donchian ensemble, 25% vol target (paper)",LTC-USD,out,2022-01-01,2026-10-02,-4.303,10.85,-0.351,-27.212,8.252,102,4.753
Donchian ensemble,"Donchian ensemble, 25% vol target (paper)",LTC-USD,post_paper,2025-04-01,2026-10-02,0.713,9.787,0.121,-15.532,8.907,31,1.506
Donchian ensemble,"Donchian ensemble, 25% vol target (paper)",BCH-USD,in,2018-12-20,2021-12-31,6.665,12.604,0.574,-10.321,5.879,54,3.034
Donchian ensemble,"Donchian ensemble, 25% vol target (paper)",BCH-USD,out,2022-01-01,2026-10-02,2.237,13.845,0.225,-17.712,8.05,85,4.753
Donchian ensemble,"Donchian ensemble, 25% vol target (paper)",BCH-USD,post_paper,2025-04-01,2026-10-02,-4.001,9.173,-0.399,-15.754,10.638,20,1.506
Donchian ensemble,"Donchian ensemble, 25% vol target (paper)",LINK-USD,in,2020-06-26,2021-12-31,26.36,17.238,1.442,-9.226,8.187,18,1.517
Donchian ensemble,"Donchian ensemble, 25% vol target (paper)",LINK-USD,out,2022-01-01,2026-10-02,5.794,11.393,0.55,-11.676,7.623,94,4.753
Donchian ensemble,"Donchian ensemble, 25% vol target (paper)",LINK-USD,post_paper,2025-04-01,2026-10-02,6.411,10.487,0.644,-10.714,7.794,30,1.506
Donchian ensemble,"Donchian ensemble, 25% vol target (paper)",SOL-USD,out,2022-06-17,2026-10-02,13.813,12.229,1.118,-16.351,9.145,58,4.296
Donchian ensemble,"Donchian ensemble, 25% vol target (paper)",SOL-USD,post_paper,2025-04-01,2026-10-02,3.36,8.278,0.44,-10.689,7.909,25,1.506
Donchian ensemble,"Donchian ensemble, 25% vol target (paper)",ADA-USD,out,2022-03-18,2026-10-02,7.919,11.6,0.714,-15.184,7.323,77,4.545
Donchian ensemble,"Donchian ensemble, 25% vol target (paper)",ADA-USD,post_paper,2025-04-01,2026-10-02,-3.346,6.15,-0.522,-11.575,5.179,26,1.506
Donchian ensemble,"Donchian ensemble, 25% vol target (paper)",DOGE-USD,out,2022-06-03,2026-10-02,6.755,12.445,0.586,-15.545,6.504,93,4.334
Donchian ensemble,"Donchian ensemble, 25% vol target (paper)",DOGE-USD,post_paper,2025-04-01,2026-10-02,-4.029,7.198,-0.535,-13.11,5.039,38,1.506
Donchian ensemble,"Donchian ensemble, 25% vol target (paper)",AVAX-USD,out,2022-09-30,2026-10-02,11.235,11.864,0.956,-16.582,6.653,82,4.008
Donchian ensemble,"Donchian ensemble, 25% vol target (paper)",AVAX-USD,post_paper,2025-04-01,2026-10-02,1.248,9.392,0.178,-11.817,5.647,35,1.506
Donchian ensemble vote,Donchian ensemble vote >= 34%,BTC-USD,in,2016-07-19,2021-12-31,106.249,58.1,1.534,-53.757,53.313,41,5.454
Donchian ensemble vote,Donchian ensemble vote >= 34%,BTC-USD,out,2022-01-01,2026-10-02,12.087,31.93,0.516,-33.795,49.078,49,4.753
Donchian ensemble vote,Donchian ensemble vote >= 34%,BTC-USD,post_paper,2025-04-01,2026-10-02,7.632,22.239,0.441,-25.853,41.273,15,1.506
Donchian ensemble vote,Donchian ensemble vote >= 34%,ETH-USD,in,2017-05-18,2021-12-31,170.181,73.743,1.711,-48.985,42.57,37,4.624
Donchian ensemble vote,Donchian ensemble vote >= 34%,ETH-USD,out,2022-01-01,2026-10-02,17.601,38.833,0.608,-38.354,37.097,47,4.753
Donchian ensemble vote,Donchian ensemble vote >= 34%,ETH-USD,post_paper,2025-04-01,2026-10-02,19.611,38.186,0.657,-38.354,34.0,17,1.506
Donchian ensemble vote,Donchian ensemble vote >= 34%,LTC-USD,in,2017-08-17,2021-12-31,52.191,83.675,0.901,-63.829,35.92,33,4.375
Donchian ensemble vote,Donchian ensemble vote >= 34%,LTC-USD,out,2022-01-01,2026-10-02,-18.282,41.904,-0.271,-73.998,24.021,44,4.753
Donchian ensemble vote,Donchian ensemble vote >= 34%,LTC-USD,post_paper,2025-04-01,2026-10-02,-18.553,33.693,-0.436,-55.143,21.455,17,1.506
Donchian ensemble vote,Donchian ensemble vote >= 34%,BCH-USD,in,2018-12-20,2021-12-31,18.94,81.538,0.598,-64.237,27.798,25,3.034
Donchian ensemble vote,Donchian ensemble vote >= 34%,BCH-USD,out,2022-01-01,2026-10-02,-25.809,51.825,-0.342,-84.979,28.859,47,4.753
Donchian ensemble vote,Donchian ensemble vote >= 34%,BCH-USD,post_paper,2025-04-01,2026-10-02,-46.983,35.473,-1.609,-70.48,38.545,22,1.506
Donchian ensemble vote,Donchian ensemble vote >= 34%,LINK-USD,in,2020-06-26,2021-12-31,99.86,94.311,1.198,-53.128,47.112,13,1.517
Donchian ensemble vote,Donchian ensemble vote >= 34%,LINK-USD,out,2022-01-01,2026-10-02,15.001,50.247,0.521,-58.816,27.995,43,4.753
Donchian ensemble vote,Donchian ensemble vote >= 34%,LINK-USD,post_paper,2025-04-01,2026-10-02,14.013,42.374,0.517,-36.886,25.091,15,1.506
Donchian ensemble vote,Donchian ensemble vote >= 34%,SOL-USD,out,2022-06-17,2026-10-02,49.298,54.191,1.0,-60.677,32.887,37,4.296
Donchian ensemble vote,Donchian ensemble vote >= 34%,SOL-USD,post_paper,2025-04-01,2026-10-02,16.596,31.525,0.643,-25.795,24.545,13,1.506
Donchian ensemble vote,Donchian ensemble vote >= 34%,ADA-USD,out,2022-03-18,2026-10-02,-0.885,46.069,0.209,-71.818,25.361,41,4.545
Donchian ensemble vote,Donchian ensemble vote >= 34%,ADA-USD,post_paper,2025-04-01,2026-10-02,-23.098,27.941,-0.799,-49.662,17.273,13,1.506
Donchian ensemble vote,Donchian ensemble vote >= 34%,DOGE-USD,out,2022-06-03,2026-10-02,14.513,59.153,0.509,-58.828,23.752,35,4.334
Donchian ensemble vote,Donchian ensemble vote >= 34%,DOGE-USD,post_paper,2025-04-01,2026-10-02,-3.16,36.841,0.091,-30.04,16.545,11,1.506
Donchian ensemble vote,Donchian ensemble vote >= 34%,AVAX-USD,out,2022-09-30,2026-10-02,44.629,53.228,0.953,-48.95,26.025,28,4.008
Donchian ensemble vote,Donchian ensemble vote >= 34%,AVAX-USD,post_paper,2025-04-01,2026-10-02,15.282,39.967,0.548,-29.757,17.636,13,1.506
Donchian ensemble vote,Donchian ensemble vote >= 50%,BTC-USD,in,2016-07-19,2021-12-31,99.942,53.841,1.553,-44.572,42.319,35,5.454
Donchian ensemble vote,Donchian ensemble vote >= 50%,BTC-USD,out,2022-01-01,2026-10-02,23.63,27.638,0.904,-23.442,38.076,40,4.753
Donchian ensemble vote,Donchian ensemble vote >= 50%,BTC-USD,post_paper,2025-04-01,2026-10-02,4.749,19.269,0.336,-17.595,33.273,15,1.506
Donchian ensemble vote,Donchian ensemble vote >= 50%,ETH-USD,in,2017-05-18,2021-12-31,161.016,69.21,1.726,-50.946,34.577,23,4.624
Donchian ensemble vote,Donchian ensemble vote >= 50%,ETH-USD,out,2022-01-01,2026-10-02,3.764,31.658,0.274,-35.744,26.786,41,4.753
Donchian ensemble vote,Donchian ensemble vote >= 50%,ETH-USD,post_paper,2025-04-01,2026-10-02,0.298,33.473,0.174,-32.845,26.364,12,1.506
Donchian ensemble vote,Donchian ensemble vote >= 50%,LTC-USD,in,2017-08-17,2021-12-31,36.943,76.462,0.771,-65.7,26.158,28,4.375
Donchian ensemble vote,Donchian ensemble vote >= 50%,LTC-USD,out,2022-01-01,2026-10-02,-13.64,36.161,-0.225,-61.606,15.783,29,4.753
Donchian ensemble vote,Donchian ensemble vote >= 50%,LTC-USD,post_paper,2025-04-01,2026-10-02,4.467,24.34,0.296,-28.789,11.273,9,1.506
Donchian ensemble vote,Donchian ensemble vote >= 50%,BCH-USD,in,2018-12-20,2021-12-31,-9.248,70.037,0.2,-62.0,18.592,20,3.034
Donchian ensemble vote,Donchian ensemble vote >= 50%,BCH-USD,out,2022-01-01,2026-10-02,-13.189,48.159,-0.08,-77.08,20.104,36,4.753
Donchian ensemble vote,Donchian ensemble vote >= 50%,BCH-USD,post_paper,2025-04-01,2026-10-02,-43.468,27.068,-1.969,-63.231,23.636,20,1.506
Donchian ensemble vote,Donchian ensemble vote >= 50%,LINK-USD,in,2020-06-26,2021-12-31,84.957,88.384,1.129,-50.283,38.448,12,1.517
Donchian ensemble vote,Donchian ensemble vote >= 50%,LINK-USD,out,2022-01-01,2026-10-02,11.257,44.417,0.454,-40.317,18.606,25,4.753
Donchian ensemble vote,Donchian ensemble vote >= 50%,LINK-USD,post_paper,2025-04-01,2026-10-02,31.479,38.537,0.898,-20.396,16.909,9,1.506
Donchian ensemble vote,Donchian ensemble vote >= 50%,SOL-USD,out,2022-06-17,2026-10-02,44.777,49.48,0.985,-38.491,25.494,27,4.296
Donchian ensemble vote,Donchian ensemble vote >= 50%,SOL-USD,post_paper,2025-04-01,2026-10-02,12.547,26.65,0.576,-19.619,16.182,8,1.506
Donchian ensemble vote,Donchian ensemble vote >= 50%,ADA-USD,out,2022-03-18,2026-10-02,16.613,40.961,0.578,-52.099,16.446,23,4.545
Donchian ensemble vote,Donchian ensemble vote >= 50%,ADA-USD,post_paper,2025-04-01,2026-10-02,-8.827,22.282,-0.302,-26.073,9.091,7,1.506
Donchian ensemble vote,Donchian ensemble vote >= 50%,DOGE-USD,out,2022-06-03,2026-10-02,0.625,54.291,0.268,-63.764,16.425,25,4.334
Donchian ensemble vote,Donchian ensemble vote >= 50%,DOGE-USD,post_paper,2025-04-01,2026-10-02,-24.181,28.567,-0.829,-48.453,9.818,9,1.506
Donchian ensemble vote,Donchian ensemble vote >= 50%,AVAX-USD,out,2022-09-30,2026-10-02,52.191,48.823,1.096,-32.687,18.238,18,4.008
Donchian ensemble vote,Donchian ensemble vote >= 50%,AVAX-USD,post_paper,2025-04-01,2026-10-02,19.248,35.659,0.664,-21.488,10.182,7,1.506
Donchian ensemble vote,Donchian ensemble vote >= 67%,BTC-USD,in,2016-07-19,2021-12-31,77.809,42.112,1.573,-38.506,23.896,31,5.454
Donchian ensemble vote,Donchian ensemble vote >= 67%,BTC-USD,out,2022-01-01,2026-10-02,6.696,21.148,0.411,-25.244,18.606,35,4.753
Donchian ensemble vote,Donchian ensemble vote >= 67%,BTC-USD,post_paper,2025-04-01,2026-10-02,-7.426,11.141,-0.635,-15.092,10.545,8,1.506
Donchian ensemble vote,Donchian ensemble vote >= 67%,ETH-USD,in,2017-05-18,2021-12-31,126.858,57.248,1.705,-37.245,20.426,20,4.624
Donchian ensemble vote,Donchian ensemble vote >= 67%,ETH-USD,out,2022-01-01,2026-10-02,-0.999,20.733,0.054,-32.423,11.694,30,4.753
Donchian ensemble vote,Donchian ensemble vote >= 67%,ETH-USD,post_paper,2025-04-01,2026-10-02,10.377,23.58,0.533,-23.752,10.364,11,1.506
Donchian ensemble vote,Donchian ensemble vote >= 67%,LTC-USD,in,2017-08-17,2021-12-31,32.639,60.545,0.735,-47.176,12.453,19,4.375
Donchian ensemble vote,Donchian ensemble vote >= 67%,LTC-USD,out,2022-01-01,2026-10-02,-21.229,26.072,-0.783,-71.069,6.394,23,4.753
Donchian ensemble vote,Donchian ensemble vote >= 67%,LTC-USD,post_paper,2025-04-01,2026-10-02,-0.238,15.663,0.058,-10.091,2.909,3,1.506
Donchian ensemble vote,Donchian ensemble vote >= 67%,BCH-USD,in,2018-12-20,2021-12-31,-23.486,46.757,-0.341,-61.003,8.484,12,3.034
Donchian ensemble vote,Donchian ensemble vote >= 67%,BCH-USD,out,2022-01-01,2026-10-02,-1.631,38.57,0.123,-52.106,7.892,24,4.753
Donchian ensemble vote,Donchian ensemble vote >= 67%,BCH-USD,post_paper,2025-04-01,2026-10-02,-23.368,12.943,-1.988,-33.02,6.364,10,1.506
Donchian ensemble vote,Donchian ensemble vote >= 67%,LINK-USD,in,2020-06-26,2021-12-31,118.07,72.731,1.422,-36.857,23.105,7,1.517
Donchian ensemble vote,Donchian ensemble vote >= 67%,LINK-USD,out,2022-01-01,2026-10-02,-4.519,32.907,0.016,-54.288,8.065,23,4.753
Donchian ensemble vote,Donchian ensemble vote >= 67%,LINK-USD,post_paper,2025-04-01,2026-10-02,-19.094,24.944,-0.725,-38.876,5.818,9,1.506
Donchian ensemble vote,Donchian ensemble vote >= 67%,SOL-USD,out,2022-06-17,2026-10-02,28.344,36.214,0.864,-46.222,12.556,20,4.296
Donchian ensemble vote,Donchian ensemble vote >= 67%,SOL-USD,post_paper,2025-04-01,2026-10-02,-3.238,17.807,-0.095,-21.162,5.455,7,1.506
Donchian ensemble vote,Donchian ensemble vote >= 67%,ADA-USD,out,2022-03-18,2026-10-02,18.731,29.174,0.728,-29.783,6.506,12,4.545
Donchian ensemble vote,Donchian ensemble vote >= 67%,ADA-USD,post_paper,2025-04-01,2026-10-02,1.312,5.771,0.254,-3.969,0.909,1,1.506
Donchian ensemble vote,Donchian ensemble vote >= 67%,DOGE-USD,out,2022-06-03,2026-10-02,9.483,36.958,0.422,-36.103,6.759,12,4.334
Donchian ensemble vote,Donchian ensemble vote >= 67%,DOGE-USD,post_paper,2025-04-01,2026-10-02,-9.957,10.8,-0.913,-14.61,1.091,2,1.506
Donchian ensemble vote,Donchian ensemble vote >= 67%,AVAX-USD,out,2022-09-30,2026-10-02,13.647,34.736,0.537,-42.769,8.265,15,4.008
Donchian ensemble vote,Donchian ensemble vote >= 67%,AVAX-USD,post_paper,2025-04-01,2026-10-02,-22.113,16.887,-1.392,-31.362,3.091,7,1.506
N-day high hold,10d high hold,BTC-USD,in,2016-07-19,2021-12-31,65.917,36.891,1.551,-33.618,21.988,196,5.454
N-day high hold,10d high hold,BTC-USD,out,2022-01-01,2026-10-02,6.125,20.74,0.389,-23.346,18.26,170,4.753
N-day high hold,10d high hold,BTC-USD,post_paper,2025-04-01,2026-10-02,9.545,15.815,0.654,-9.2,17.636,51,1.506
N-day high hold,10d high hold,ETH-USD,in,2017-05-18,2021-12-31,110.668,50.343,1.718,-29.247,19.42,152,4.624
N-day high hold,10d high hold,ETH-USD,out,2022-01-01,2026-10-02,7.375,25.035,0.407,-42.169,17.051,154,4.753
N-day high hold,10d high hold,ETH-USD,post_paper,2025-04-01,2026-10-02,51.251,28.407,1.592,-15.046,16.182,42,1.506
N-day high hold,10d high hold,LTC-USD,in,2017-08-17,2021-12-31,4.664,51.505,0.318,-72.47,16.834,152,4.375
N-day high hold,10d high hold,LTC-USD,out,2022-01-01,2026-10-02,-11.707,29.4,-0.275,-54.674,16.302,153,4.753
N-day high hold,10d high hold,LTC-USD,post_paper,2025-04-01,2026-10-02,-13.048,28.75,-0.335,-45.219,16.182,45,1.506
N-day high hold,10d high hold,BCH-USD,in,2018-12-20,2021-12-31,-23.956,57.272,-0.21,-73.774,17.78,107,3.034
N-day high hold,10d high hold,BCH-USD,out,2022-01-01,2026-10-02,-0.517,46.212,0.19,-61.086,14.113,144,4.753
N-day high hold,10d high hold,BCH-USD,post_paper,2025-04-01,2026-10-02,-5.516,42.957,0.063,-54.641,12.727,45,1.506
N-day high hold,10d high hold,LINK-USD,in,2020-06-26,2021-12-31,-17.839,51.943,-0.121,-44.177,18.953,59,1.517
N-day high hold,10d high hold,LINK-USD,out,2022-01-01,2026-10-02,-11.545,35.03,-0.175,-64.829,17.569,154,4.753
N-day high hold,10d high hold,LINK-USD,post_paper,2025-04-01,2026-10-02,29.548,32.843,0.949,-33.951,16.909,43,1.506
N-day high hold,10d high hold,SOL-USD,out,2022-06-17,2026-10-02,29.402,43.102,0.805,-35.238,18.483,141,4.296
N-day high hold,10d high hold,SOL-USD,post_paper,2025-04-01,2026-10-02,11.886,26.38,0.556,-21.613,16.182,44,1.506
N-day high hold,10d high hold,ADA-USD,out,2022-03-18,2026-10-02,27.813,37.614,0.837,-40.783,15.301,128,4.545
N-day high hold,10d high hold,ADA-USD,post_paper,2025-04-01,2026-10-02,31.042,30.454,1.035,-26.073,13.818,39,1.506
N-day high hold,10d high hold,DOGE-USD,out,2022-06-03,2026-10-02,53.504,49.079,1.097,-42.971,14.087,116,4.334
N-day high hold,10d high hold,DOGE-USD,post_paper,2025-04-01,2026-10-02,33.364,35.573,0.979,-24.361,12.364,31,1.506
N-day high hold,10d high hold,AVAX-USD,out,2022-09-30,2026-10-02,34.629,44.01,0.887,-33.357,16.667,118,4.008
N-day high hold,10d high hold,AVAX-USD,post_paper,2025-04-01,2026-10-02,38.266,35.306,1.084,-19.382,14.727,38,1.506
N-day high hold,20d high hold,BTC-USD,in,2016-07-19,2021-12-31,54.449,34.11,1.439,-25.431,17.52,152,5.454
N-day high hold,20d high hold,BTC-USD,out,2022-01-01,2026-10-02,8.121,19.366,0.498,-18.839,13.882,124,4.753
N-day high hold,20d high hold,BTC-USD,post_paper,2025-04-01,2026-10-02,7.821,15.11,0.572,-11.221,12.909,37,1.506
N-day high hold,20d high hold,ETH-USD,in,2017-05-18,2021-12-31,101.625,47.185,1.708,-25.801,15.157,116,4.624
N-day high hold,20d high hold,ETH-USD,out,2022-01-01,2026-10-02,-2.533,20.771,-0.02,-35.798,12.385,114,4.753
N-day high hold,20d high hold,ETH-USD,post_paper,2025-04-01,2026-10-02,16.227,22.676,0.773,-28.045,11.818,32,1.506
N-day high hold,20d high hold,LTC-USD,in,2017-08-17,2021-12-31,7.028,48.028,0.352,-51.7,12.078,108,4.375
N-day high hold,20d high hold,LTC-USD,out,2022-01-01,2026-10-02,-9.708,25.193,-0.278,-54.577,9.447,92,4.753
N-day high hold,20d high hold,LTC-USD,post_paper,2025-04-01,2026-10-02,-15.041,27.548,-0.446,-48.03,11.636,32,1.506
N-day high hold,20d high hold,BCH-USD,in,2018-12-20,2021-12-31,-32.647,44.393,-0.665,-73.163,12.094,73,3.034
N-day high hold,20d high hold,BCH-USD,out,2022-01-01,2026-10-02,-4.166,41.927,0.077,-66.809,9.044,96,4.753
N-day high hold,20d high hold,BCH-USD,post_paper,2025-04-01,2026-10-02,-18.465,40.056,-0.33,-56.891,8.545,33,1.506
N-day high hold,20d high hold,LINK-USD,in,2020-06-26,2021-12-31,-33.806,48.011,-0.619,-60.317,14.26,47,1.517
N-day high hold,20d high hold,LINK-USD,out,2022-01-01,2026-10-02,-12.04,28.814,-0.3,-59.673,11.982,103,4.753
N-day high hold,20d high hold,LINK-USD,post_paper,2025-04-01,2026-10-02,19.568,28.195,0.771,-31.888,11.636,28,1.506
N-day high hold,20d high hold,SOL-USD,out,2022-06-17,2026-10-02,35.453,38.712,0.966,-32.414,12.556,93,4.296
N-day high hold,20d high hold,SOL-USD,post_paper,2025-04-01,2026-10-02,16.21,23.72,0.751,-20.5,11.455,29,1.506
N-day high hold,20d high hold,ADA-USD,out,2022-03-18,2026-10-02,14.309,32.161,0.575,-35.376,10.422,86,4.545
N-day high hold,20d high hold,ADA-USD,post_paper,2025-04-01,2026-10-02,18.455,21.227,0.902,-16.947,8.0,22,1.506
N-day high hold,20d high hold,DOGE-USD,out,2022-06-03,2026-10-02,57.775,45.646,1.204,-34.325,8.718,66,4.334
N-day high hold,20d high hold,DOGE-USD,post_paper,2025-04-01,2026-10-02,59.078,31.555,1.619,-10.603,7.636,15,1.506
N-day high hold,20d high hold,AVAX-USD,out,2022-09-30,2026-10-02,28.684,40.005,0.821,-36.26,10.861,77,4.008
N-day high hold,20d high hold,AVAX-USD,post_paper,2025-04-01,2026-10-02,47.093,30.224,1.417,-15.32,9.636,21,1.506
N-day high hold,30d high hold,BTC-USD,in,2016-07-19,2021-12-31,53.86,33.251,1.456,-25.666,14.859,124,5.454
N-day high hold,30d high hold,BTC-USD,out,2022-01-01,2026-10-02,9.844,17.357,0.625,-16.518,10.772,99,4.753
N-day high hold,30d high hold,BTC-USD,post_paper,2025-04-01,2026-10-02,7.275,13.352,0.591,-6.567,10.0,28,1.506
N-day high hold,30d high hold,ETH-USD,in,2017-05-18,2021-12-31,97.208,45.738,1.7,-25.801,13.203,97,4.624
N-day high hold,30d high hold,ETH-USD,out,2022-01-01,2026-10-02,3.093,17.465,0.261,-24.519,9.505,88,4.753
N-day high hold,30d high hold,ETH-USD,post_paper,2025-04-01,2026-10-02,23.846,19.752,1.178,-16.615,8.727,23,1.506
N-day high hold,30d high hold,LTC-USD,in,2017-08-17,2021-12-31,10.371,46.1,0.414,-39.239,9.825,88,4.375
N-day high hold,30d high hold,LTC-USD,out,2022-01-01,2026-10-02,-10.439,23.305,-0.354,-50.805,7.258,73,4.753
N-day high hold,30d high hold,LTC-USD,post_paper,2025-04-01,2026-10-02,-19.634,24.654,-0.753,-45.319,8.182,24,1.506
N-day high hold,30d high hold,BCH-USD,in,2018-12-20,2021-12-31,-27.883,42.358,-0.557,-64.043,9.477,56,3.034
N-day high hold,30d high hold,BCH-USD,out,2022-01-01,2026-10-02,-5.811,37.973,0.001,-53.262,6.912,75,4.753
N-day high hold,30d high hold,BCH-USD,post_paper,2025-04-01,2026-10-02,-20.64,30.094,-0.632,-45.321,6.909,27,1.506
N-day high hold,30d high hold,LINK-USD,in,2020-06-26,2021-12-31,-27.857,46.78,-0.465,-54.176,13.357,44,1.517
N-day high hold,30d high hold,LINK-USD,out,2022-01-01,2026-10-02,-10.978,26.604,-0.303,-56.079,9.562,83,4.753
N-day high hold,30d high hold,LINK-USD,post_paper,2025-04-01,2026-10-02,13.748,26.557,0.614,-27.337,9.636,23,1.506
N-day high hold,30d high hold,SOL-USD,out,2022-06-17,2026-10-02,56.474,36.388,1.4,-21.013,10.134,67,4.296
N-day high hold,30d high hold,SOL-USD,post_paper,2025-04-01,2026-10-02,12.327,20.315,0.673,-19.488,8.909,21,1.506
N-day high hold,30d high hold,ADA-USD,out,2022-03-18,2026-10-02,11.036,29.702,0.499,-29.325,7.952,69,4.545
N-day high hold,30d high hold,ADA-USD,post_paper,2025-04-01,2026-10-02,0.888,16.792,0.136,-19.765,5.091,17,1.506
N-day high hold,30d high hold,DOGE-USD,out,2022-06-03,2026-10-02,51.218,44.385,1.13,-35.568,6.949,52,4.334
N-day high hold,30d high hold,DOGE-USD,post_paper,2025-04-01,2026-10-02,49.467,29.577,1.496,-10.604,6.0,12,1.506
N-day high hold,30d high hold,AVAX-USD,out,2022-09-30,2026-10-02,17.847,36.467,0.625,-28.154,8.743,65,4.008
N-day high hold,30d high hold,AVAX-USD,post_paper,2025-04-01,2026-10-02,35.538,29.574,1.165,-15.32,7.273,19,1.506
N-day high hold,50d high hold,BTC-USD,in,2016-07-19,2021-12-31,40.176,30.943,1.24,-34.425,11.898,106,5.454
N-day high hold,50d high hold,BTC-USD,out,2022-01-01,2026-10-02,8.995,16.361,0.606,-19.661,9.101,83,4.753
N-day high hold,50d high hold,BTC-USD,post_paper,2025-04-01,2026-10-02,2.1,12.431,0.228,-9.508,8.545,25,1.506
N-day high hold,50d high hold,ETH-USD,in,2017-05-18,2021-12-31,77.391,43.477,1.521,-25.801,10.776,78,4.624
N-day high hold,50d high hold,ETH-USD,out,2022-01-01,2026-10-02,3.747,15.114,0.318,-24.198,7.834,71,4.753
N-day high hold,50d high hold,ETH-USD,post_paper,2025-04-01,2026-10-02,22.696,18.338,1.204,-16.734,7.091,18,1.506
N-day high hold,50d high hold,LTC-USD,in,2017-08-17,2021-12-31,15.188,44.076,0.509,-36.555,8.01,71,4.375
N-day high hold,50d high hold,LTC-USD,out,2022-01-01,2026-10-02,-7.695,21.622,-0.26,-45.912,5.127,51,4.753
N-day high hold,50d high hold,LTC-USD,post_paper,2025-04-01,2026-10-02,-13.853,23.886,-0.495,-41.353,5.636,15,1.506
N-day high hold,50d high hold,BCH-USD,in,2018-12-20,2021-12-31,-21.091,36.986,-0.454,-62.032,6.227,37,3.034
N-day high hold,50d high hold,BCH-USD,out,2022-01-01,2026-10-02,-5.748,34.402,-0.03,-48.934,5.357,58,4.753
N-day high hold,50d high hold,BCH-USD,post_paper,2025-04-01,2026-10-02,-29.739,16.448,-2.061,-43.493,4.909,21,1.506
N-day high hold,50d high hold,LINK-USD,in,2020-06-26,2021-12-31,-34.375,42.202,-0.785,-59.756,10.83,39,1.517
N-day high hold,50d high hold,LINK-USD,out,2022-01-01,2026-10-02,-3.391,23.504,-0.03,-41.388,6.336,55,4.753
N-day high hold,50d high hold,LINK-USD,post_paper,2025-04-01,2026-10-02,12.262,25.796,0.574,-27.485,7.091,18,1.506
N-day high hold,50d high hold,SOL-USD,out,2022-06-17,2026-10-02,33.961,32.749,1.045,-25.455,7.776,53,4.296
N-day high hold,50d high hold,SOL-USD,post_paper,2025-04-01,2026-10-02,8.444,19.336,0.516,-20.245,7.091,16,1.506
N-day high hold,50d high hold,ADA-USD,out,2022-03-18,2026-10-02,16.682,27.731,0.693,-28.463,5.843,44,4.545
N-day high hold,50d high hold,ADA-USD,post_paper,2025-04-01,2026-10-02,-1.733,15.327,-0.037,-19.61,3.818,12,1.506
N-day high hold,50d high hold,DOGE-USD,out,2022-06-03,2026-10-02,61.892,43.652,1.298,-24.451,5.243,34,4.334
N-day high hold,50d high hold,DOGE-USD,post_paper,2025-04-01,2026-10-02,45.929,28.372,1.463,-10.603,4.364,8,1.506
N-day high hold,50d high hold,AVAX-USD,out,2022-09-30,2026-10-02,14.371,35.24,0.55,-27.912,6.216,48,4.008
N-day high hold,50d high hold,AVAX-USD,post_paper,2025-04-01,2026-10-02,23.304,27.349,0.891,-15.657,4.364,13,1.506
Volatility breakout,Vol breakout k=0.3,BTC-USD,in,2016-07-19,2021-12-31,84.55,52.065,1.434,-50.064,57.38,520,5.454
Volatility breakout,Vol breakout k=0.3,BTC-USD,out,2022-01-01,2026-10-02,-14.987,34.764,-0.294,-61.233,59.505,442,4.753
Volatility breakout,Vol breakout k=0.3,BTC-USD,post_paper,2025-04-01,2026-10-02,-10.501,27.597,-0.265,-39.736,59.273,138,1.506
Volatility breakout,Vol breakout k=0.3,ETH-USD,in,2017-05-18,2021-12-31,212.653,66.642,2.037,-51.545,56.542,442,4.624
Volatility breakout,Vol breakout k=0.3,ETH-USD,out,2022-01-01,2026-10-02,9.229,45.425,0.417,-39.517,58.813,443,4.753
Volatility breakout,Vol breakout k=0.3,ETH-USD,post_paper,2025-04-01,2026-10-02,36.179,47.097,0.883,-33.109,58.182,147,1.506
Volatility breakout,Vol breakout k=0.3,LTC-USD,in,2017-08-17,2021-12-31,68.885,77.979,1.043,-67.526,56.946,419,4.375
Volatility breakout,Vol breakout k=0.3,LTC-USD,out,2022-01-01,2026-10-02,-27.292,49.61,-0.396,-84.812,60.599,430,4.753
Volatility breakout,Vol breakout k=0.3,LTC-USD,post_paper,2025-04-01,2026-10-02,-57.683,46.652,-1.602,-78.832,62.909,128,1.506
Volatility breakout,Vol breakout k=0.3,BCH-USD,in,2018-12-20,2021-12-31,71.169,83.638,1.031,-50.28,57.04,279,3.034
Volatility breakout,Vol breakout k=0.3,BCH-USD,out,2022-01-01,2026-10-02,-20.629,63.342,-0.067,-80.767,59.274,439,4.753
Volatility breakout,Vol breakout k=0.3,BCH-USD,post_paper,2025-04-01,2026-10-02,7.52,55.786,0.4,-45.776,58.0,139,1.506
Volatility breakout,Vol breakout k=0.3,LINK-USD,in,2020-06-26,2021-12-31,270.367,82.068,1.997,-30.024,59.025,146,1.517
Volatility breakout,Vol breakout k=0.3,LINK-USD,out,2022-01-01,2026-10-02,-30.091,60.885,-0.284,-88.137,61.118,415,4.753
Volatility breakout,Vol breakout k=0.3,LINK-USD,post_paper,2025-04-01,2026-10-02,-25.174,56.616,-0.225,-66.126,61.091,131,1.506
Volatility breakout,Vol breakout k=0.3,SOL-USD,out,2022-06-17,2026-10-02,-22.787,62.062,-0.11,-77.093,62.014,370,4.296
Volatility breakout,Vol breakout k=0.3,SOL-USD,post_paper,2025-04-01,2026-10-02,-24.364,47.676,-0.347,-56.344,60.909,134,1.506
Volatility breakout,Vol breakout k=0.3,ADA-USD,out,2022-03-18,2026-10-02,-42.362,64.281,-0.561,-93.404,60.241,404,4.545
Volatility breakout,Vol breakout k=0.3,ADA-USD,post_paper,2025-04-01,2026-10-02,-56.168,53.882,-1.26,-71.278,60.727,130,1.506
Volatility breakout,Vol breakout k=0.3,DOGE-USD,out,2022-06-03,2026-10-02,-31.06,63.972,-0.265,-83.341,59.065,405,4.334
Volatility breakout,Vol breakout k=0.3,DOGE-USD,post_paper,2025-04-01,2026-10-02,-35.839,59.386,-0.448,-60.983,57.273,142,1.506
Volatility breakout,Vol breakout k=0.3,AVAX-USD,out,2022-09-30,2026-10-02,-4.619,57.953,0.204,-78.741,59.563,348,4.008
Volatility breakout,Vol breakout k=0.3,AVAX-USD,post_paper,2025-04-01,2026-10-02,-8.797,53.183,0.089,-49.759,59.273,132,1.506
Volatility breakout + trend,"Vol breakout k=0.3, close > SMA 50",BTC-USD,in,2016-07-19,2021-12-31,68.338,40.436,1.488,-38.43,34.89,296,5.454
Volatility breakout + trend,"Vol breakout k=0.3, close > SMA 50",BTC-USD,out,2022-01-01,2026-10-02,-2.031,24.034,0.034,-43.3,30.876,241,4.753
Volatility breakout + trend,"Vol breakout k=0.3, close > SMA 50",BTC-USD,post_paper,2025-04-01,2026-10-02,4.908,19.11,0.345,-14.275,31.273,77,1.506
Volatility breakout + trend,"Vol breakout k=0.3, close > SMA 50",ETH-USD,in,2017-05-18,2021-12-31,101.542,52.819,1.584,-35.606,32.8,243,4.624
Volatility breakout + trend,"Vol breakout k=0.3, close > SMA 50",ETH-USD,out,2022-01-01,2026-10-02,10.193,30.765,0.465,-28.032,29.09,226,4.753
Volatility breakout + trend,"Vol breakout k=0.3, close > SMA 50",ETH-USD,post_paper,2025-04-01,2026-10-02,31.79,37.117,0.921,-23.253,33.273,86,1.506
Volatility breakout + trend,"Vol breakout k=0.3, close > SMA 50",LTC-USD,in,2017-08-17,2021-12-31,52.98,64.502,0.961,-52.911,29.412,219,4.375
Volatility breakout + trend,"Vol breakout k=0.3, close > SMA 50",LTC-USD,out,2022-01-01,2026-10-02,-25.512,36.046,-0.635,-79.849,26.613,221,4.753
Volatility breakout + trend,"Vol breakout k=0.3, close > SMA 50",LTC-USD,post_paper,2025-04-01,2026-10-02,-51.287,36.002,-1.805,-72.336,26.182,63,1.506
Volatility breakout + trend,"Vol breakout k=0.3, close > SMA 50",BCH-USD,in,2018-12-20,2021-12-31,39.453,70.028,0.797,-50.44,28.881,148,3.034
Volatility breakout + trend,"Vol breakout k=0.3, close > SMA 50",BCH-USD,out,2022-01-01,2026-10-02,-20.578,48.942,-0.25,-79.539,25.518,194,4.753
Volatility breakout + trend,"Vol breakout k=0.3, close > SMA 50",BCH-USD,post_paper,2025-04-01,2026-10-02,-3.752,44.369,0.122,-47.337,30.545,76,1.506
Volatility breakout + trend,"Vol breakout k=0.3, close > SMA 50",LINK-USD,in,2020-06-26,2021-12-31,121.532,66.087,1.526,-27.012,36.462,89,1.517
Volatility breakout + trend,"Vol breakout k=0.3, close > SMA 50",LINK-USD,out,2022-01-01,2026-10-02,-18.12,44.969,-0.223,-72.552,28.399,199,4.753
Volatility breakout + trend,"Vol breakout k=0.3, close > SMA 50",LINK-USD,post_paper,2025-04-01,2026-10-02,3.88,39.765,0.292,-34.003,30.182,61,1.506
Volatility breakout + trend,"Vol breakout k=0.3, close > SMA 50",SOL-USD,out,2022-06-17,2026-10-02,-5.799,46.46,0.098,-56.293,31.358,189,4.296
Volatility breakout + trend,"Vol breakout k=0.3, close > SMA 50",SOL-USD,post_paper,2025-04-01,2026-10-02,-0.879,31.97,0.131,-24.653,29.091,69,1.506
Volatility breakout + trend,"Vol breakout k=0.3, close > SMA 50",ADA-USD,out,2022-03-18,2026-10-02,-33.47,37.117,-0.913,-85.838,22.952,155,4.545
Volatility breakout + trend,"Vol breakout k=0.3, close > SMA 50",ADA-USD,post_paper,2025-04-01,2026-10-02,-49.797,35.897,-1.737,-65.116,23.818,47,1.506
Volatility breakout + trend,"Vol breakout k=0.3, close > SMA 50",DOGE-USD,out,2022-06-03,2026-10-02,-11.981,49.797,-0.013,-60.05,25.205,174,4.334
Volatility breakout + trend,"Vol breakout k=0.3, close > SMA 50",DOGE-USD,post_paper,2025-04-01,2026-10-02,-28.749,42.937,-0.571,-53.313,22.0,58,1.506
Volatility breakout + trend,"Vol breakout k=0.3, close > SMA 50",AVAX-USD,out,2022-09-30,2026-10-02,11.632,41.991,0.466,-44.926,24.658,148,4.008
Volatility breakout + trend,"Vol breakout k=0.3, close > SMA 50",AVAX-USD,post_paper,2025-04-01,2026-10-02,-2.028,37.588,0.129,-37.793,24.909,60,1.506
Volatility breakout,Vol breakout k=0.5,BTC-USD,in,2016-07-19,2021-12-31,103.795,41.485,1.92,-38.448,38.353,503,5.454
Volatility breakout,Vol breakout k=0.5,BTC-USD,out,2022-01-01,2026-10-02,4.364,27.814,0.291,-41.744,40.611,457,4.753
Volatility breakout,Vol breakout k=0.5,BTC-USD,post_paper,2025-04-01,2026-10-02,-5.448,22.207,-0.142,-26.577,41.455,145,1.506
Volatility breakout,Vol breakout k=0.5,ETH-USD,in,2017-05-18,2021-12-31,219.884,52.355,2.478,-23.327,36.945,427,4.624
Volatility breakout,Vol breakout k=0.5,ETH-USD,out,2022-01-01,2026-10-02,0.412,37.654,0.195,-41.316,41.878,455,4.753
Volatility breakout,Vol breakout k=0.5,ETH-USD,post_paper,2025-04-01,2026-10-02,21.665,39.906,0.684,-40.139,42.545,142,1.506
Volatility breakout,Vol breakout k=0.5,LTC-USD,in,2017-08-17,2021-12-31,113.431,62.261,1.512,-41.409,37.61,398,4.375
Volatility breakout,Vol breakout k=0.5,LTC-USD,out,2022-01-01,2026-10-02,-30.324,42.23,-0.643,-85.113,41.532,442,4.753
Volatility breakout,Vol breakout k=0.5,LTC-USD,post_paper,2025-04-01,2026-10-02,-51.291,40.336,-1.57,-73.453,43.091,140,1.506
Volatility breakout,Vol breakout k=0.5,BCH-USD,in,2018-12-20,2021-12-31,82.453,70.913,1.174,-35.537,38.087,275,3.034
Volatility breakout,Vol breakout k=0.5,BCH-USD,out,2022-01-01,2026-10-02,8.406,52.958,0.398,-63.898,39.228,429,4.753
Volatility breakout,Vol breakout k=0.5,BCH-USD,post_paper,2025-04-01,2026-10-02,40.536,44.961,0.972,-30.436,40.182,133,1.506
Volatility breakout,Vol breakout k=0.5,LINK-USD,in,2020-06-26,2021-12-31,69.113,65.312,1.126,-33.696,41.877,146,1.517
Volatility breakout,Vol breakout k=0.5,LINK-USD,out,2022-01-01,2026-10-02,-5.095,47.465,0.125,-70.523,41.705,452,4.753
Volatility breakout,Vol breakout k=0.5,LINK-USD,post_paper,2025-04-01,2026-10-02,12.872,44.403,0.5,-53.846,41.455,140,1.506
Volatility breakout,Vol breakout k=0.5,SOL-USD,out,2022-06-17,2026-10-02,-6.421,49.58,0.111,-66.411,42.575,408,4.296
Volatility breakout,Vol breakout k=0.5,SOL-USD,post_paper,2025-04-01,2026-10-02,-26.036,39.295,-0.569,-54.65,42.182,144,1.506
Volatility breakout,Vol breakout k=0.5,ADA-USD,out,2022-03-18,2026-10-02,-35.11,54.799,-0.542,-88.517,40.904,419,4.545
Volatility breakout,Vol breakout k=0.5,ADA-USD,post_paper,2025-04-01,2026-10-02,-41.654,42.932,-1.039,-57.392,41.455,139,1.506
Volatility breakout,Vol breakout k=0.5,DOGE-USD,out,2022-06-03,2026-10-02,-9.868,50.193,0.04,-59.896,39.924,395,4.334
Volatility breakout,Vol breakout k=0.5,DOGE-USD,post_paper,2025-04-01,2026-10-02,-18.443,46.991,-0.201,-49.985,40.0,138,1.506
Volatility breakout,Vol breakout k=0.5,AVAX-USD,out,2022-09-30,2026-10-02,-14.748,46.606,-0.112,-70.368,42.077,364,4.008
Volatility breakout,Vol breakout k=0.5,AVAX-USD,post_paper,2025-04-01,2026-10-02,-14.124,43.038,-0.142,-58.403,42.727,141,1.506
Volatility breakout + trend,"Vol breakout k=0.5, close > SMA 50",BTC-USD,in,2016-07-19,2021-12-31,69.215,32.472,1.78,-34.063,23.946,289,5.454
Volatility breakout + trend,"Vol breakout k=0.5, close > SMA 50",BTC-USD,out,2022-01-01,2026-10-02,8.525,19.085,0.523,-28.509,21.717,251,4.753
Volatility breakout + trend,"Vol breakout k=0.5, close > SMA 50",BTC-USD,post_paper,2025-04-01,2026-10-02,5.737,16.442,0.42,-11.635,22.0,78,1.506
Volatility breakout + trend,"Vol breakout k=0.5, close > SMA 50",ETH-USD,in,2017-05-18,2021-12-31,92.884,42.888,1.74,-23.327,21.374,235,4.624
Volatility breakout + trend,"Vol breakout k=0.5, close > SMA 50",ETH-USD,out,2022-01-01,2026-10-02,9.298,25.431,0.472,-29.869,20.91,231,4.753
Volatility breakout + trend,"Vol breakout k=0.5, close > SMA 50",ETH-USD,post_paper,2025-04-01,2026-10-02,31.357,31.725,1.009,-13.452,24.364,83,1.506
Volatility breakout + trend,"Vol breakout k=0.5, close > SMA 50",LTC-USD,in,2017-08-17,2021-12-31,79.238,52.41,1.357,-26.944,19.9,208,4.375
Volatility breakout + trend,"Vol breakout k=0.5, close > SMA 50",LTC-USD,out,2022-01-01,2026-10-02,-19.255,30.566,-0.543,-73.406,18.548,213,4.753
Volatility breakout + trend,"Vol breakout k=0.5, close > SMA 50",LTC-USD,post_paper,2025-04-01,2026-10-02,-39.073,31.678,-1.39,-60.648,17.818,60,1.506
Volatility breakout + trend,"Vol breakout k=0.5, close > SMA 50",BCH-USD,in,2018-12-20,2021-12-31,44.76,61.347,0.882,-38.022,20.126,136,3.034
Volatility breakout + trend,"Vol breakout k=0.5, close > SMA 50",BCH-USD,out,2022-01-01,2026-10-02,3.786,42.044,0.275,-39.379,16.532,179,4.753
Volatility breakout + trend,"Vol breakout k=0.5, close > SMA 50",BCH-USD,post_paper,2025-04-01,2026-10-02,19.898,37.396,0.66,-28.732,20.727,71,1.506
Volatility breakout + trend,"Vol breakout k=0.5, close > SMA 50",LINK-USD,in,2020-06-26,2021-12-31,35.678,54.237,0.829,-38.846,26.534,91,1.517
Volatility breakout + trend,"Vol breakout k=0.5, close > SMA 50",LINK-USD,out,2022-01-01,2026-10-02,1.554,35.395,0.214,-53.863,19.297,222,4.753
Volatility breakout + trend,"Vol breakout k=0.5, close > SMA 50",LINK-USD,post_paper,2025-04-01,2026-10-02,32.684,30.323,1.081,-27.776,20.182,69,1.506
Volatility breakout + trend,"Vol breakout k=0.5, close > SMA 50",SOL-USD,out,2022-06-17,2026-10-02,13.901,37.848,0.529,-35.271,20.459,209,4.296
Volatility breakout + trend,"Vol breakout k=0.5, close > SMA 50",SOL-USD,post_paper,2025-04-01,2026-10-02,6.85,26.894,0.38,-19.963,18.909,73,1.506
Volatility breakout + trend,"Vol breakout k=0.5, close > SMA 50",ADA-USD,out,2022-03-18,2026-10-02,-34.922,31.299,-1.216,-87.354,16.386,165,4.545
Volatility breakout + trend,"Vol breakout k=0.5, close > SMA 50",ADA-USD,post_paper,2025-04-01,2026-10-02,-42.474,29.948,-1.693,-59.549,16.182,54,1.506
Volatility breakout + trend,"Vol breakout k=0.5, close > SMA 50",DOGE-USD,out,2022-06-03,2026-10-02,-8.678,40.697,-0.023,-57.499,17.562,166,4.334
Volatility breakout + trend,"Vol breakout k=0.5, close > SMA 50",DOGE-USD,post_paper,2025-04-01,2026-10-02,-16.645,34.251,-0.361,-46.757,15.636,54,1.506
Volatility breakout + trend,"Vol breakout k=0.5, close > SMA 50",AVAX-USD,out,2022-09-30,2026-10-02,-3.693,35.477,0.068,-49.949,17.35,148,4.008
Volatility breakout + trend,"Vol breakout k=0.5, close > SMA 50",AVAX-USD,post_paper,2025-04-01,2026-10-02,-3.765,30.776,0.026,-32.61,17.818,62,1.506
Volatility breakout,Vol breakout k=0.7,BTC-USD,in,2016-07-19,2021-12-31,91.746,33.93,2.084,-23.429,27.51,432,5.454
Volatility breakout,Vol breakout k=0.7,BTC-USD,out,2022-01-01,2026-10-02,11.795,22.808,0.601,-26.26,28.859,397,4.753
Volatility breakout,Vol breakout k=0.7,BTC-USD,post_paper,2025-04-01,2026-10-02,5.915,17.502,0.415,-16.65,28.364,128,1.506
Volatility breakout,Vol breakout k=0.7,ETH-USD,in,2017-05-18,2021-12-31,173.89,41.358,2.636,-17.529,26.229,355,4.624
Volatility breakout,Vol breakout k=0.7,ETH-USD,out,2022-01-01,2026-10-02,14.869,30.663,0.601,-32.425,28.917,391,4.753
Volatility breakout,Vol breakout k=0.7,ETH-USD,post_paper,2025-04-01,2026-10-02,46.417,32.836,1.318,-19.693,29.273,127,1.506
Volatility breakout,Vol breakout k=0.7,LTC-USD,in,2017-08-17,2021-12-31,86.478,52.453,1.435,-43.507,26.345,335,4.375
Volatility breakout,Vol breakout k=0.7,LTC-USD,out,2022-01-01,2026-10-02,-11.557,34.974,-0.174,-71.248,26.786,366,4.753
Volatility breakout,Vol breakout k=0.7,LTC-USD,post_paper,2025-04-01,2026-10-02,-29.911,34.62,-0.839,-55.034,26.182,111,1.506
Volatility breakout,Vol breakout k=0.7,BCH-USD,in,2018-12-20,2021-12-31,110.043,59.788,1.512,-34.635,26.264,238,3.034
Volatility breakout,Vol breakout k=0.7,BCH-USD,out,2022-01-01,2026-10-02,15.376,44.472,0.523,-52.042,27.88,381,4.753
Volatility breakout,Vol breakout k=0.7,BCH-USD,post_paper,2025-04-01,2026-10-02,42.687,37.144,1.134,-27.536,28.727,125,1.506
Volatility breakout,Vol breakout k=0.7,LINK-USD,in,2020-06-26,2021-12-31,51.538,50.196,1.076,-32.515,28.52,125,1.517
Volatility breakout,Vol breakout k=0.7,LINK-USD,out,2022-01-01,2026-10-02,22.73,35.828,0.744,-41.405,28.399,386,4.753
Volatility breakout,Vol breakout k=0.7,LINK-USD,post_paper,2025-04-01,2026-10-02,59.841,30.248,1.698,-20.661,28.727,118,1.506
Volatility breakout,Vol breakout k=0.7,SOL-USD,out,2022-06-17,2026-10-02,26.673,38.129,0.806,-43.837,28.426,347,4.296
Volatility breakout,Vol breakout k=0.7,SOL-USD,post_paper,2025-04-01,2026-10-02,-9.803,30.053,-0.192,-34.849,28.909,124,1.506
Volatility breakout,Vol breakout k=0.7,ADA-USD,out,2022-03-18,2026-10-02,-15.624,46.767,-0.158,-59.127,27.53,336,4.545
Volatility breakout,Vol breakout k=0.7,ADA-USD,post_paper,2025-04-01,2026-10-02,-35.041,35.097,-1.051,-48.939,29.455,114,1.506
Volatility breakout,Vol breakout k=0.7,DOGE-USD,out,2022-06-03,2026-10-02,-10.711,39.627,-0.093,-61.513,28.49,343,4.334
Volatility breakout,Vol breakout k=0.7,DOGE-USD,post_paper,2025-04-01,2026-10-02,19.882,35.763,0.682,-23.012,27.455,116,1.506
Volatility breakout,Vol breakout k=0.7,AVAX-USD,out,2022-09-30,2026-10-02,-15.819,39.187,-0.244,-62.706,28.689,309,4.008
Volatility breakout,Vol breakout k=0.7,AVAX-USD,post_paper,2025-04-01,2026-10-02,-11.035,35.668,-0.151,-43.579,29.455,123,1.506
Volatility breakout + trend,"Vol breakout k=0.7, close > SMA 50",BTC-USD,in,2016-07-19,2021-12-31,57.778,26.905,1.827,-27.061,17.319,256,5.454
Volatility breakout + trend,"Vol breakout k=0.7, close > SMA 50",BTC-USD,out,2022-01-01,2026-10-02,9.368,16.191,0.633,-21.3,15.668,214,4.753
Volatility breakout + trend,"Vol breakout k=0.7, close > SMA 50",BTC-USD,post_paper,2025-04-01,2026-10-02,14.113,13.366,1.053,-7.503,15.273,70,1.506
Volatility breakout + trend,"Vol breakout k=0.7, close > SMA 50",ETH-USD,in,2017-05-18,2021-12-31,90.424,33.924,2.061,-18.371,14.683,194,4.624
Volatility breakout + trend,"Vol breakout k=0.7, close > SMA 50",ETH-USD,out,2022-01-01,2026-10-02,11.864,21.617,0.622,-20.266,14.804,201,4.753
Volatility breakout + trend,"Vol breakout k=0.7, close > SMA 50",ETH-USD,post_paper,2025-04-01,2026-10-02,37.288,28.117,1.259,-14.938,16.909,73,1.506
Volatility breakout + trend,"Vol breakout k=0.7, close > SMA 50",LTC-USD,in,2017-08-17,2021-12-31,72.098,44.569,1.425,-25.037,13.579,173,4.375
Volatility breakout + trend,"Vol breakout k=0.7, close > SMA 50",LTC-USD,out,2022-01-01,2026-10-02,-11.661,26.077,-0.339,-61.774,12.212,168,4.753
Volatility breakout + trend,"Vol breakout k=0.7, close > SMA 50",LTC-USD,post_paper,2025-04-01,2026-10-02,-23.822,28.16,-0.806,-46.837,10.545,46,1.506
Volatility breakout + trend,"Vol breakout k=0.7, close > SMA 50",BCH-USD,in,2018-12-20,2021-12-31,74.063,52.951,1.282,-37.664,13.718,122,3.034
Volatility breakout + trend,"Vol breakout k=0.7, close > SMA 50",BCH-USD,out,2022-01-01,2026-10-02,11.921,36.533,0.467,-32.398,11.406,156,4.753
Volatility breakout + trend,"Vol breakout k=0.7, close > SMA 50",BCH-USD,post_paper,2025-04-01,2026-10-02,10.675,33.403,0.461,-32.398,15.273,65,1.506
Volatility breakout + trend,"Vol breakout k=0.7, close > SMA 50",LINK-USD,in,2020-06-26,2021-12-31,48.339,41.237,1.157,-27.697,17.69,77,1.517
Volatility breakout + trend,"Vol breakout k=0.7, close > SMA 50",LINK-USD,out,2022-01-01,2026-10-02,20.08,28.178,0.782,-29.388,13.076,181,4.753
Volatility breakout + trend,"Vol breakout k=0.7, close > SMA 50",LINK-USD,post_paper,2025-04-01,2026-10-02,35.99,24.369,1.38,-29.388,14.727,60,1.506
Volatility breakout + trend,"Vol breakout k=0.7, close > SMA 50",SOL-USD,out,2022-06-17,2026-10-02,27.568,28.953,0.981,-23.503,14.532,177,4.296
Volatility breakout + trend,"Vol breakout k=0.7, close > SMA 50",SOL-USD,post_paper,2025-04-01,2026-10-02,10.816,20.774,0.596,-16.286,14.0,61,1.506
Volatility breakout + trend,"Vol breakout k=0.7, close > SMA 50",ADA-USD,out,2022-03-18,2026-10-02,-19.542,24.84,-0.752,-65.883,10.482,127,4.545
Volatility breakout + trend,"Vol breakout k=0.7, close > SMA 50",ADA-USD,post_paper,2025-04-01,2026-10-02,-32.487,25.659,-1.399,-47.874,11.091,42,1.506
Volatility breakout + trend,"Vol breakout k=0.7, close > SMA 50",DOGE-USD,out,2022-06-03,2026-10-02,-4.873,31.376,-0.009,-45.234,12.634,149,4.334
Volatility breakout + trend,"Vol breakout k=0.7, close > SMA 50",DOGE-USD,post_paper,2025-04-01,2026-10-02,8.628,26.328,0.443,-25.384,10.545,48,1.506
Volatility breakout + trend,"Vol breakout k=0.7, close > SMA 50",AVAX-USD,out,2022-09-30,2026-10-02,-16.464,31.274,-0.419,-63.379,12.91,131,4.008
Volatility breakout + trend,"Vol breakout k=0.7, close > SMA 50",AVAX-USD,post_paper,2025-04-01,2026-10-02,-12.712,27.059,-0.368,-31.413,13.455,53,1.506
RSI(2) pullback,RSI(2) < 5 above SMA 200,BTC-USD,in,2016-07-19,2021-12-31,5.483,26.142,0.335,-28.514,5.02,26,5.454
RSI(2) pullback,RSI(2) < 5 above SMA 200,BTC-USD,out,2022-01-01,2026-10-02,6.82,9.056,0.773,-9.23,3.687,19,4.753
RSI(2) pullback,RSI(2) < 5 above SMA 200,BTC-USD,post_paper,2025-04-01,2026-10-02,11.254,8.086,1.358,-3.805,4.545,8,1.506
RSI(2) pullback,RSI(2) < 5 above SMA 200,ETH-USD,in,2017-05-18,2021-12-31,3.931,27.748,0.279,-26.294,4.381,21,4.624
RSI(2) pullback,RSI(2) < 5 above SMA 200,ETH-USD,out,2022-01-01,2026-10-02,6.341,13.371,0.526,-18.524,3.341,16,4.753
RSI(2) pullback,RSI(2) < 5 above SMA 200,ETH-USD,post_paper,2025-04-01,2026-10-02,8.786,12.929,0.714,-7.904,2.0,3,1.506
RSI(2) pullback,RSI(2) < 5 above SMA 200,LTC-USD,in,2017-08-17,2021-12-31,17.647,28.237,0.717,-26.575,3.567,16,4.375
RSI(2) pullback,RSI(2) < 5 above SMA 200,LTC-USD,out,2022-01-01,2026-10-02,3.302,10.261,0.367,-16.778,2.016,9,4.753
RSI(2) pullback,RSI(2) < 5 above SMA 200,LTC-USD,post_paper,2025-04-01,2026-10-02,6.525,7.295,0.901,-3.516,1.636,2,1.506
RSI(2) pullback,RSI(2) < 5 above SMA 200,BCH-USD,in,2018-12-20,2021-12-31,1.608,34.391,0.208,-32.582,3.7,8,3.034
RSI(2) pullback,RSI(2) < 5 above SMA 200,BCH-USD,out,2022-01-01,2026-10-02,1.392,17.597,0.167,-24.595,4.551,18,4.753
RSI(2) pullback,RSI(2) < 5 above SMA 200,BCH-USD,post_paper,2025-04-01,2026-10-02,10.0,12.126,0.844,-5.554,4.364,5,1.506
RSI(2) pullback,RSI(2) < 5 above SMA 200,LINK-USD,in,2020-06-26,2021-12-31,-1.089,39.58,0.162,-30.602,5.415,7,1.517
RSI(2) pullback,RSI(2) < 5 above SMA 200,LINK-USD,out,2022-01-01,2026-10-02,2.787,13.692,0.269,-18.97,2.304,10,4.753
RSI(2) pullback,RSI(2) < 5 above SMA 200,LINK-USD,post_paper,2025-04-01,2026-10-02,4.091,9.328,0.476,-7.143,1.636,2,1.506
RSI(2) pullback,RSI(2) < 5 above SMA 200,SOL-USD,out,2022-06-17,2026-10-02,3.636,18.648,0.285,-22.486,3.697,17,4.296
RSI(2) pullback,RSI(2) < 5 above SMA 200,SOL-USD,post_paper,2025-04-01,2026-10-02,-2.465,20.006,-0.023,-17.414,3.636,4,1.506
RSI(2) pullback,RSI(2) < 5 above SMA 200,ADA-USD,out,2022-03-18,2026-10-02,4.931,15.371,0.39,-19.053,3.434,15,4.545
RSI(2) pullback,RSI(2) < 5 above SMA 200,ADA-USD,post_paper,2025-04-01,2026-10-02,2.436,9.593,0.299,-7.682,2.0,3,1.506
RSI(2) pullback,RSI(2) < 5 above SMA 200,DOGE-USD,out,2022-06-03,2026-10-02,-4.663,20.338,-0.133,-28.287,3.664,11,4.334
RSI(2) pullback,RSI(2) < 5 above SMA 200,DOGE-USD,post_paper,2025-04-01,2026-10-02,-1.207,7.75,-0.117,-7.712,1.091,1,1.506
RSI(2) pullback,RSI(2) < 5 above SMA 200,AVAX-USD,out,2022-09-30,2026-10-02,-0.645,16.504,0.044,-24.937,3.21,9,4.008
RSI(2) pullback,RSI(2) < 5 above SMA 200,AVAX-USD,post_paper,2025-04-01,2026-10-02,2.963,3.799,0.787,-1.202,0.545,1,1.506
RSI(2) pullback,RSI(2) < 10 above SMA 200,BTC-USD,in,2016-07-19,2021-12-31,5.799,31.608,0.337,-32.912,9.237,46,5.454
RSI(2) pullback,RSI(2) < 10 above SMA 200,BTC-USD,out,2022-01-01,2026-10-02,11.068,15.805,0.742,-23.179,8.525,41,4.753
RSI(2) pullback,RSI(2) < 10 above SMA 200,BTC-USD,post_paper,2025-04-01,2026-10-02,6.007,8.985,0.693,-4.138,5.818,9,1.506
RSI(2) pullback,RSI(2) < 10 above SMA 200,ETH-USD,in,2017-05-18,2021-12-31,6.935,42.972,0.374,-41.458,9.828,46,4.624
RSI(2) pullback,RSI(2) < 10 above SMA 200,ETH-USD,out,2022-01-01,2026-10-02,3.411,18.386,0.274,-21.422,7.2,33,4.753
RSI(2) pullback,RSI(2) < 10 above SMA 200,ETH-USD,post_paper,2025-04-01,2026-10-02,14.398,16.773,0.884,-8.923,4.0,8,1.506
RSI(2) pullback,RSI(2) < 10 above SMA 200,LTC-USD,in,2017-08-17,2021-12-31,-0.617,44.99,0.222,-61.555,9.387,36,4.375
RSI(2) pullback,RSI(2) < 10 above SMA 200,LTC-USD,out,2022-01-01,2026-10-02,9.871,17.017,0.638,-25.983,5.933,29,4.753
RSI(2) pullback,RSI(2) < 10 above SMA 200,LTC-USD,post_paper,2025-04-01,2026-10-02,19.704,10.518,1.761,-4.017,4.364,7,1.506
RSI(2) pullback,RSI(2) < 10 above SMA 200,BCH-USD,in,2018-12-20,2021-12-31,-4.564,43.839,0.121,-49.295,7.401,18,3.034
RSI(2) pullback,RSI(2) < 10 above SMA 200,BCH-USD,out,2022-01-01,2026-10-02,3.986,20.952,0.292,-33.452,8.583,36,4.753
RSI(2) pullback,RSI(2) < 10 above SMA 200,BCH-USD,post_paper,2025-04-01,2026-10-02,17.818,14.184,1.225,-5.554,5.273,7,1.506
RSI(2) pullback,RSI(2) < 10 above SMA 200,LINK-USD,in,2020-06-26,2021-12-31,29.622,49.976,0.759,-30.602,9.386,14,1.517
RSI(2) pullback,RSI(2) < 10 above SMA 200,LINK-USD,out,2022-01-01,2026-10-02,-4.144,18.241,-0.14,-31.972,4.551,18,4.753
RSI(2) pullback,RSI(2) < 10 above SMA 200,LINK-USD,post_paper,2025-04-01,2026-10-02,2.314,10.472,0.271,-7.705,2.0,3,1.506
RSI(2) pullback,RSI(2) < 10 above SMA 200,SOL-USD,out,2022-06-17,2026-10-02,4.474,23.645,0.303,-28.043,8.031,33,4.296
RSI(2) pullback,RSI(2) < 10 above SMA 200,SOL-USD,post_paper,2025-04-01,2026-10-02,-1.943,21.661,0.019,-17.414,4.364,6,1.506
RSI(2) pullback,RSI(2) < 10 above SMA 200,ADA-USD,out,2022-03-18,2026-10-02,-10.466,20.254,-0.443,-44.365,7.048,23,4.545
RSI(2) pullback,RSI(2) < 10 above SMA 200,ADA-USD,post_paper,2025-04-01,2026-10-02,-0.54,10.008,-0.004,-8.726,2.364,3,1.506
RSI(2) pullback,RSI(2) < 10 above SMA 200,DOGE-USD,out,2022-06-03,2026-10-02,-8.019,30.724,-0.117,-45.084,8.275,26,4.334
RSI(2) pullback,RSI(2) < 10 above SMA 200,DOGE-USD,post_paper,2025-04-01,2026-10-02,7.378,16.342,0.515,-13.308,3.091,4,1.506
RSI(2) pullback,RSI(2) < 10 above SMA 200,AVAX-USD,out,2022-09-30,2026-10-02,-3.598,23.555,-0.029,-31.357,5.396,17,4.008
RSI(2) pullback,RSI(2) < 10 above SMA 200,AVAX-USD,post_paper,2025-04-01,2026-10-02,-7.472,23.469,-0.19,-27.976,1.636,2,1.506
RSI(2) pullback,RSI(2) < 20 above SMA 200,BTC-USD,in,2016-07-19,2021-12-31,5.349,37.719,0.328,-39.761,17.771,90,5.454
RSI(2) pullback,RSI(2) < 20 above SMA 200,BTC-USD,out,2022-01-01,2026-10-02,8.19,19.03,0.508,-24.987,15.265,73,4.753
RSI(2) pullback,RSI(2) < 20 above SMA 200,BTC-USD,post_paper,2025-04-01,2026-10-02,7.8,11.159,0.728,-5.552,11.091,17,1.506
RSI(2) pullback,RSI(2) < 20 above SMA 200,ETH-USD,in,2017-05-18,2021-12-31,1.786,55.308,0.326,-67.667,17.466,76,4.624
RSI(2) pullback,RSI(2) < 20 above SMA 200,ETH-USD,out,2022-01-01,2026-10-02,6.846,24.213,0.394,-41.363,13.825,63,4.753
RSI(2) pullback,RSI(2) < 20 above SMA 200,ETH-USD,post_paper,2025-04-01,2026-10-02,18.889,21.241,0.92,-14.697,9.091,16,1.506
RSI(2) pullback,RSI(2) < 20 above SMA 200,LTC-USD,in,2017-08-17,2021-12-31,19.529,53.475,0.606,-66.585,15.207,60,4.375
RSI(2) pullback,RSI(2) < 20 above SMA 200,LTC-USD,out,2022-01-01,2026-10-02,9.315,22.193,0.513,-24.684,9.908,44,4.753
RSI(2) pullback,RSI(2) < 20 above SMA 200,LTC-USD,post_paper,2025-04-01,2026-10-02,18.227,15.392,1.163,-9.451,8.0,11,1.506
RSI(2) pullback,RSI(2) < 20 above SMA 200,BCH-USD,in,2018-12-20,2021-12-31,-8.322,49.145,0.078,-64.84,12.094,32,3.034
RSI(2) pullback,RSI(2) < 20 above SMA 200,BCH-USD,out,2022-01-01,2026-10-02,-3.535,26.6,-0.001,-50.364,15.899,62,4.753
RSI(2) pullback,RSI(2) < 20 above SMA 200,BCH-USD,post_paper,2025-04-01,2026-10-02,16.408,22.632,0.784,-18.917,12.364,18,1.506
RSI(2) pullback,RSI(2) < 20 above SMA 200,LINK-USD,in,2020-06-26,2021-12-31,38.996,74.717,0.804,-40.19,21.841,33,1.517
RSI(2) pullback,RSI(2) < 20 above SMA 200,LINK-USD,out,2022-01-01,2026-10-02,-9.762,28.712,-0.213,-59.747,11.982,43,4.753
RSI(2) pullback,RSI(2) < 20 above SMA 200,LINK-USD,post_paper,2025-04-01,2026-10-02,15.956,16.56,0.976,-12.366,6.909,10,1.506
RSI(2) pullback,RSI(2) < 20 above SMA 200,SOL-USD,out,2022-06-17,2026-10-02,-6.152,30.926,-0.05,-51.9,13.639,52,4.296
RSI(2) pullback,RSI(2) < 20 above SMA 200,SOL-USD,post_paper,2025-04-01,2026-10-02,11.144,24.022,0.56,-17.414,6.545,12,1.506
RSI(2) pullback,RSI(2) < 20 above SMA 200,ADA-USD,out,2022-03-18,2026-10-02,-12.798,25.644,-0.404,-59.575,11.566,38,4.545
RSI(2) pullback,RSI(2) < 20 above SMA 200,ADA-USD,post_paper,2025-04-01,2026-10-02,12.064,16.369,0.775,-12.227,6.182,8,1.506
RSI(2) pullback,RSI(2) < 20 above SMA 200,DOGE-USD,out,2022-06-03,2026-10-02,-13.356,34.696,-0.237,-57.164,13.013,43,4.334
RSI(2) pullback,RSI(2) < 20 above SMA 200,DOGE-USD,post_paper,2025-04-01,2026-10-02,1.493,18.44,0.171,-16.727,5.636,7,1.506
RSI(2) pullback,RSI(2) < 20 above SMA 200,AVAX-USD,out,2022-09-30,2026-10-02,-9.119,32.754,-0.121,-45.634,11.612,38,4.008
RSI(2) pullback,RSI(2) < 20 above SMA 200,AVAX-USD,post_paper,2025-04-01,2026-10-02,7.211,30.003,0.399,-31.306,4.727,8,1.506
